transaction_id,amount,merchant_category,device_change_flag,ip_change_flag,hour_of_day,user_txn_count_30d,time_since_last_txn_min,is_fraud
10996,146.85,electronics,0,0,0,15,919.2,0
5195,54.72,utilities,0,0,8,11,136.5,0
5934,99.78,grocery,0,0,21,11,184.6,0
3781,72.07,grocery,0,0,9,19,482.8,0
16446,50.99,online_retail,0,0,16,13,105.1,0
15745,51.82,fuel,0,0,6,13,39.5,0
151,93.92,grocery,0,0,21,14,38.0,0
3196,136.08,dining,0,0,19,16,188.3,0
16596,83.46,electronics,0,0,12,13,598.2,0
7135,130.09,utilities,0,0,8,13,49.7,0
13637,130.65,utilities,0,0,11,14,305.7,0
10205,54.04,electronics,0,0,6,20,454.9,0
1234,213.78,dining,0,0,20,15,364.1,0
11383,61.24,dining,0,0,8,19,50.4,0
15698,59.71,fuel,0,0,6,16,18.1,0
19820,12.23,fuel,0,0,17,14,337.9,0
716,209.27,fuel,0,1,18,14,149.9,0
16965,480.29,online_retail,0,0,15,9,44.1,1
2224,265.95,electronics,1,0,21,9,79.1,0
8296,346.79,grocery,0,0,22,13,194.0,0
2519,52.17,online_retail,0,1,9,11,451.3,0
19367,181.14,fuel,0,1,1,8,0.1,1
13669,251.8,pharmacy,0,0,22,14,650.2,0
1023,356.47,dining,0,0,18,25,174.3,0
15018,91.32,jewelry,0,0,7,15,12.0,0
9371,143.22,entertainment,0,0,7,14,110.6,0
838,55.62,fuel,0,0,13,15,606.9,0
2469,40.36,dining,0,0,10,14,664.5,0
983,87.44,dining,0,0,19,10,342.5,0
4250,53.19,travel,0,1,19,19,129.3,0
12498,58.74,pharmacy,0,1,6,20,322.5,0
6543,47.81,travel,0,1,3,9,373.8,1
15007,75.85,dining,0,0,15,11,299.3,0
6323,60.56,electronics,0,1,22,17,227.5,0
14101,98.55,entertainment,0,1,0,15,560.2,0
2062,169.2,online_retail,0,0,22,13,124.0,0
8631,127.49,electronics,1,0,14,11,40.5,0
17234,136.19,dining,0,0,22,7,690.9,0
9025,143.14,utilities,0,0,9,17,262.7,1
7622,84.5,jewelry,0,0,14,13,59.9,0
14515,101.89,fuel,0,0,6,17,287.0,0
3591,42.74,dining,0,1,19,19,166.7,0
18222,32.62,dining,0,0,13,18,876.2,0
1789,49.79,travel,0,0,13,10,1014.4,0
12554,61.04,jewelry,1,0,10,18,172.5,0
18870,116.03,jewelry,0,0,11,12,240.7,0
6261,54.04,grocery,0,0,14,9,260.3,0
1351,68.93,entertainment,0,0,0,11,1026.2,0
13870,102.99,pharmacy,0,0,10,18,305.8,0
8818,104.32,dining,0,0,4,16,492.3,0
11105,215.1,pharmacy,0,0,16,17,433.6,0
14014,68.46,dining,0,0,17,10,282.9,0
19741,87.26,online_retail,0,0,12,16,119.3,0
2753,132.96,fuel,0,1,13,18,636.3,0
2782,80.54,entertainment,0,0,10,18,854.6,0
16212,31.33,pharmacy,0,0,13,13,535.5,0
6152,71.94,fuel,1,0,21,17,626.5,0
16341,64.87,online_retail,1,0,6,17,189.5,0
1807,125.54,online_retail,0,0,11,19,124.5,0
2953,82.09,pharmacy,0,0,15,23,139.7,0
9224,919.3,grocery,0,0,4,9,5.1,1
17176,104.65,jewelry,0,0,16,17,401.7,0
10646,320.88,online_retail,0,0,17,20,142.6,0
8847,164.76,entertainment,0,0,10,13,298.1,0
3062,30.91,jewelry,0,1,14,15,573.6,0
3755,137.97,jewelry,0,0,17,12,29.8,0
6462,150.45,utilities,0,0,8,15,66.7,0
19077,358.56,grocery,0,0,6,13,1670.7,0
4689,109.08,electronics,0,0,18,14,597.5,0
11071,86.92,jewelry,0,0,8,14,374.5,0
16382,20.9,jewelry,0,1,6,12,10.3,0
10575,71.68,entertainment,0,0,7,17,227.8,0
19839,91.0,entertainment,0,0,10,14,224.5,0
2855,80.21,grocery,0,0,8,11,141.0,0
13414,113.68,utilities,0,0,9,16,87.8,0
5191,54.88,pharmacy,0,0,15,16,181.0,0
19250,216.37,utilities,0,0,12,11,458.7,0
5078,91.72,entertainment,0,1,14,14,416.2,0
17427,68.02,fuel,0,0,14,14,227.0,0
11645,64.64,dining,0,0,21,18,388.7,0
5953,52.6,entertainment,0,0,14,22,174.7,0
19777,228.64,jewelry,0,1,13,6,158.7,1
11522,182.27,entertainment,0,0,11,14,346.9,0
12984,84.34,dining,0,0,9,9,617.2,0
8109,61.74,electronics,0,0,9,17,161.6,0
819,319.6,pharmacy,0,0,5,20,1982.3,0
10034,85.11,pharmacy,0,0,13,13,326.6,0
16347,119.78,electronics,0,0,7,13,1560.0,0
8641,146.77,online_retail,0,0,5,14,301.7,0
17546,100.39,fuel,0,0,17,17,74.1,0
17399,95.42,fuel,0,0,5,14,112.2,0
843,234.55,fuel,0,0,3,15,677.2,0
11431,20.75,travel,0,1,10,14,145.9,0
19096,73.15,entertainment,0,0,11,12,1036.6,0
18449,222.98,jewelry,0,0,18,22,599.4,0
7307,128.65,entertainment,0,0,18,12,44.8,0
9338,92.99,grocery,0,0,18,14,266.7,0
19933,86.92,travel,0,0,9,13,1287.1,0
7823,133.47,electronics,0,0,6,12,332.9,0
6262,213.82,entertainment,0,1,13,12,242.7,0
9090,143.11,jewelry,0,1,6,12,416.2,0
5664,77.97,pharmacy,0,0,20,13,110.5,0
3607,30.42,jewelry,1,0,20,10,56.1,0
6745,46.31,online_retail,0,0,15,13,349.6,0
4970,96.05,utilities,0,0,19,15,465.7,0
9817,184.08,jewelry,0,0,21,14,81.9,0
4744,238.73,travel,0,1,3,13,172.7,0
7086,93.59,dining,0,0,22,18,752.5,0
16981,212.59,dining,0,1,18,12,356.5,0
19172,38.52,dining,0,1,21,14,679.3,0
7796,90.85,fuel,0,0,14,17,224.3,0
3931,297.17,entertainment,0,0,21,9,238.5,0
16024,149.65,utilities,0,0,4,14,720.3,0
11175,128.5,grocery,0,0,11,12,111.0,0
14681,85.18,fuel,0,0,8,19,43.3,0
7510,98.52,pharmacy,0,0,19,12,97.6,0
6753,76.95,electronics,0,0,10,14,128.3,0
5916,119.32,entertainment,0,0,11,16,42.2,0
11333,385.1,dining,1,0,3,8,22.1,1
5102,139.91,jewelry,0,0,11,12,111.6,1
2026,73.33,travel,0,0,13,15,193.0,0
6124,97.52,entertainment,0,0,6,13,156.7,0
17820,67.89,jewelry,1,1,4,18,608.4,0
12054,238.32,entertainment,0,0,13,8,18.4,0
6268,485.25,online_retail,0,0,7,15,160.9,0
16146,155.74,pharmacy,0,0,20,12,612.7,0
4761,66.4,entertainment,0,0,14,10,399.5,0
9787,110.23,dining,0,1,11,14,268.6,0
908,180.07,dining,0,0,10,13,149.1,0
14162,78.38,entertainment,0,0,5,10,156.7,0
16062,158.54,dining,0,0,3,16,358.0,0
2550,79.11,pharmacy,0,0,3,12,75.8,0
17440,50.11,fuel,0,0,11,14,220.1,0
8026,22.25,jewelry,0,0,21,17,303.8,0
14978,142.79,utilities,1,0,11,13,304.7,0
18029,72.17,entertainment,0,0,15,23,40.1,0
16788,345.69,dining,1,0,14,18,224.1,0
14657,85.44,jewelry,1,0,14,17,25.5,0
1665,495.53,online_retail,0,0,11,17,763.8,0
3945,106.62,entertainment,0,0,4,17,116.4,0
6524,177.09,online_retail,0,0,12,22,248.9,0
13807,25.49,jewelry,0,0,15,16,10.5,0
7908,23.63,utilities,0,0,15,13,507.9,0
1493,69.99,entertainment,0,0,7,14,445.0,0
17311,220.17,grocery,0,0,10,9,861.5,0
1873,135.04,electronics,0,0,16,11,765.1,0
15206,120.39,dining,0,0,6,17,175.8,0
16454,25.21,electronics,0,1,22,10,39.1,0
14265,170.15,grocery,0,0,18,6,656.1,0
19556,49.69,utilities,0,0,10,14,338.5,0
3698,100.62,jewelry,0,1,18,12,43.6,0
833,266.42,grocery,1,0,14,22,178.2,0
13792,52.5,online_retail,0,0,1,20,119.2,1
3368,95.4,online_retail,1,0,18,18,564.5,0
10062,22.18,entertainment,0,0,22,15,154.5,0
18789,37.77,travel,0,1,15,15,439.3,0
16200,104.41,utilities,0,0,9,11,77.3,0
7362,207.98,jewelry,0,0,14,21,110.5,0
9553,125.31,online_retail,0,0,6,21,759.8,0
16728,47.7,entertainment,0,0,15,11,115.4,0
344,16.33,jewelry,0,0,9,17,38.3,0
5108,117.82,electronics,0,0,17,11,741.5,0
17568,104.87,jewelry,0,0,5,18,57.7,0
4179,35.85,jewelry,0,0,14,12,66.0,0
19102,177.35,entertainment,0,0,7,13,196.9,0
11902,74.87,jewelry,0,0,18,11,46.5,0
14786,56.55,jewelry,0,0,9,18,185.4,0
1157,103.63,entertainment,1,0,17,14,11.6,0
4092,122.2,pharmacy,1,0,4,13,27.4,0
17209,30.69,jewelry,1,0,17,9,137.7,0
9299,41.49,jewelry,0,1,11,16,154.4,0
7409,120.28,utilities,0,1,18,12,1028.3,0
19109,52.45,entertainment,0,0,6,14,730.1,0
15919,131.68,utilities,0,1,13,12,140.5,0
14142,70.17,jewelry,0,0,9,15,1477.1,0
10124,26.02,travel,0,0,12,19,314.2,0
1270,130.44,electronics,0,0,20,14,511.1,0
11808,24.52,dining,1,0,16,11,46.2,0
2428,35.21,grocery,0,0,14,15,22.4,0
16662,33.64,utilities,0,0,14,12,526.3,0
252,123.64,grocery,0,0,16,15,232.4,0
1685,76.26,entertainment,0,0,14,9,1110.3,0
13819,50.33,pharmacy,0,0,19,18,1327.8,0
7788,224.82,electronics,0,0,3,13,676.5,0
18731,134.8,jewelry,0,1,17,13,1081.2,0
141,58.95,jewelry,0,0,11,19,447.3,0
7301,157.12,entertainment,1,1,19,14,401.9,0
12560,101.21,utilities,0,0,6,22,11.5,0
15437,144.75,pharmacy,0,1,10,15,179.1,0
16060,148.53,entertainment,0,0,22,13,681.1,0
13659,121.89,online_retail,1,0,12,14,145.8,0
11782,171.41,grocery,0,0,3,13,294.5,0
6192,194.95,utilities,0,1,22,12,65.4,0
19911,194.2,entertainment,0,1,14,17,126.5,0
17034,233.0,online_retail,1,0,14,14,112.0,0
8861,30.04,jewelry,0,0,12,12,597.3,0
18637,87.22,fuel,0,0,14,7,160.6,0
1140,67.28,jewelry,0,0,10,14,177.6,0
2396,157.53,online_retail,0,0,22,16,204.0,0
11010,99.85,grocery,0,0,20,12,29.4,0
9078,21.56,fuel,0,0,22,17,62.9,0
2177,60.16,electronics,0,0,15,11,341.2,0
17956,271.37,online_retail,0,0,14,13,29.4,0
12141,236.56,dining,0,0,1,7,15.8,1
12233,82.51,dining,0,0,21,13,446.1,0
4888,346.5,online_retail,0,0,20,12,504.9,0
18060,235.4,entertainment,0,1,1,8,46.5,1
5012,224.3,utilities,0,0,11,12,973.2,0
15038,356.36,jewelry,0,0,17,19,324.9,0
18845,41.13,online_retail,0,0,22,11,104.3,0
16574,110.51,entertainment,0,0,21,17,161.4,0
1168,165.57,pharmacy,0,0,3,10,911.6,0
2643,143.02,online_retail,0,0,8,11,325.8,0
11975,121.82,travel,1,0,4,14,324.1,0
12571,69.31,electronics,0,0,20,17,839.0,0
16587,174.51,grocery,0,0,15,9,57.1,0
17744,205.96,entertainment,1,0,16,10,30.3,0
17706,35.68,grocery,0,0,20,13,82.2,1
18555,39.39,travel,0,0,12,11,171.1,0
6472,217.76,fuel,0,0,6,19,130.2,0
16214,65.29,online_retail,0,0,10,16,55.4,0
11583,38.26,grocery,0,0,2,16,104.3,0
950,339.93,dining,0,0,18,14,588.7,0
10057,123.91,fuel,0,0,9,13,129.3,0
9281,156.72,jewelry,0,0,16,12,129.2,0
10067,146.29,pharmacy,0,0,16,8,1006.6,0
13386,77.17,electronics,0,0,16,15,151.9,0
16321,93.84,utilities,0,0,11,19,153.7,0
1955,219.88,electronics,0,0,10,12,188.2,0
13856,184.49,dining,0,0,17,13,119.3,0
1299,42.77,fuel,0,0,6,10,364.4,0
11659,30.3,online_retail,0,1,6,10,284.9,0
15405,228.9,grocery,0,0,13,16,197.5,0
627,94.62,online_retail,0,0,10,18,18.0,0
2509,56.34,online_retail,0,0,22,14,401.4,0
8819,154.59,dining,0,0,6,18,99.4,0
1751,149.82,entertainment,0,0,19,21,387.8,0
10474,115.17,utilities,0,0,10,16,276.8,0
8414,81.92,online_retail,0,0,11,13,818.1,0
3576,125.25,online_retail,0,0,19,17,144.6,0
19204,18.16,grocery,0,0,12,10,559.8,0
3027,156.22,jewelry,0,0,18,12,73.4,0
11218,121.04,entertainment,0,0,17,10,728.7,0
4055,507.81,travel,1,1,15,4,144.4,1
8450,46.27,grocery,0,0,9,11,20.4,0
84,393.44,travel,0,0,7,19,127.1,0
10245,202.6,fuel,0,0,22,14,176.2,0
13653,30.28,utilities,0,0,9,16,310.7,0
19896,199.84,utilities,0,0,14,13,442.6,0
6487,217.73,pharmacy,0,0,17,9,256.4,0
4332,47.76,jewelry,0,0,18,16,557.7,0
2180,103.17,jewelry,0,0,6,13,530.4,0
12250,134.41,travel,0,0,10,16,232.5,0
18772,161.76,online_retail,0,0,15,16,95.6,0
10021,307.43,online_retail,0,0,18,10,522.2,0
18734,40.15,fuel,1,1,1,5,4.3,1
4645,117.92,electronics,0,0,7,12,3.6,0
10352,88.5,grocery,0,1,10,12,72.6,0
16642,4.72,grocery,0,0,19,11,54.8,0
8421,45.19,utilities,0,0,21,6,902.2,0
2842,45.38,jewelry,0,0,10,16,46.3,0
6251,3.84,jewelry,0,0,5,14,559.1,0
16926,124.88,electronics,0,0,14,19,74.7,0
15798,118.9,electronics,0,0,12,14,77.6,0
13713,107.75,grocery,0,0,22,18,231.3,0
2857,119.99,pharmacy,0,0,7,12,26.7,0
15095,75.23,dining,0,0,19,24,38.1,0
9184,60.97,entertainment,0,0,20,18,185.6,0
18882,179.95,jewelry,1,0,8,21,199.7,0
6509,191.91,jewelry,0,0,3,19,125.6,0
14267,163.98,pharmacy,0,0,17,10,674.4,0
14469,66.92,online_retail,0,0,17,8,6.7,0
19312,32.4,dining,1,0,18,8,894.0,0
14400,122.02,dining,0,0,6,15,107.1,0
19698,25.3,entertainment,0,0,13,19,1123.5,0
5409,174.28,travel,0,0,13,11,64.5,0
1969,26.28,jewelry,0,0,22,11,492.5,0
15067,69.52,online_retail,0,0,14,9,843.2,0
8944,167.69,fuel,0,0,13,10,157.7,0
18351,161.79,utilities,0,0,0,18,214.0,0
19159,19.61,dining,1,0,22,11,568.4,0
17299,246.88,grocery,0,1,14,9,530.0,0
15592,172.97,pharmacy,0,0,8,22,176.3,0
5169,173.69,jewelry,1,0,2,7,40.0,1
5499,37.35,entertainment,0,0,10,13,648.3,0
9543,138.57,electronics,0,0,12,10,81.5,0
145,54.42,grocery,0,1,13,10,369.0,0
19226,163.31,online_retail,0,0,16,16,265.8,0
14201,56.48,jewelry,0,0,11,18,144.1,0
11306,38.83,entertainment,0,0,2,13,33.6,0
15402,84.07,fuel,0,0,10,9,178.6,0
3780,204.33,online_retail,0,0,19,8,334.0,0
19846,253.54,grocery,1,0,21,17,434.6,0
3527,199.4,jewelry,0,0,9,13,58.3,0
15617,158.75,pharmacy,1,0,13,11,75.3,0
154,134.44,grocery,0,0,21,15,326.1,0
11499,33.75,utilities,0,1,12,12,67.2,0
14876,108.04,entertainment,0,0,3,8,401.5,0
2209,273.25,entertainment,0,0,11,16,466.8,0
11724,115.32,online_retail,0,0,8,11,157.5,0
4412,160.12,travel,0,0,8,13,85.4,0
19587,139.33,utilities,0,0,16,14,426.1,0
575,14.89,online_retail,0,0,20,14,299.6,0
10234,278.76,entertainment,0,0,10,17,141.4,0
1107,48.44,online_retail,0,0,6,14,353.5,0
681,142.38,pharmacy,0,1,0,17,306.5,0
4520,87.77,fuel,0,0,6,18,205.0,0
1055,226.05,entertainment,0,0,8,15,334.3,0
9009,326.7,online_retail,0,0,13,16,1476.4,0
3004,74.94,jewelry,0,0,19,15,523.6,0
16316,47.71,fuel,0,0,14,12,278.7,0
19940,180.25,dining,0,0,15,19,346.0,0
4524,161.17,grocery,0,0,10,19,98.4,0
13755,37.84,travel,0,0,16,17,368.3,0
8785,59.32,pharmacy,1,0,1,22,344.5,0
7950,42.59,pharmacy,1,0,20,11,40.9,0
12329,111.07,entertainment,0,0,6,14,204.8,0
16863,132.66,travel,0,0,21,19,819.0,0
1274,88.18,electronics,0,0,15,12,441.2,0
1280,34.3,electronics,0,0,14,10,752.3,0
3393,164.89,travel,0,0,21,9,29.5,0
15063,44.71,utilities,0,0,17,15,865.4,0
14635,189.51,entertainment,0,0,7,13,158.6,0
11007,119.66,grocery,0,0,20,10,217.6,0
13788,121.53,jewelry,0,0,9,11,1230.7,0
16893,122.13,grocery,1,0,20,9,2064.6,0
2164,118.42,jewelry,0,0,1,13,146.0,0
15590,43.5,electronics,0,0,18,16,383.1,0
15510,39.26,jewelry,0,1,22,15,2084.0,0
16359,74.74,electronics,0,0,10,17,482.1,0
14357,43.63,electronics,0,0,22,11,54.1,0
4952,29.67,electronics,0,0,7,15,875.2,1
14448,47.51,utilities,0,0,22,15,72.3,0
1693,120.9,entertainment,1,0,16,13,182.9,0
201,75.73,entertainment,0,0,14,15,422.2,0
11209,202.25,utilities,0,0,2,4,51.8,1
5243,73.33,dining,0,0,13,20,977.1,0
13762,14.79,travel,0,0,19,9,214.7,0
16769,39.98,entertainment,0,0,7,13,258.0,0
3873,194.41,travel,1,0,16,4,17.7,1
4696,58.28,utilities,0,0,18,10,234.0,0
8322,117.15,grocery,0,0,6,12,89.3,0
3716,41.49,fuel,0,0,22,12,429.4,0
1209,188.22,travel,0,0,21,10,393.5,0
16599,91.87,online_retail,0,0,19,12,166.5,0
10985,209.54,dining,0,0,14,14,151.8,0
19583,96.52,online_retail,0,0,17,17,408.0,0
11412,40.22,travel,0,0,10,6,558.5,0
16975,29.91,utilities,0,1,14,9,564.7,0
2195,191.35,utilities,0,0,20,14,394.3,0
17824,12.64,grocery,0,0,6,14,439.7,0
19224,135.41,dining,0,0,10,8,305.7,0
16339,25.37,electronics,1,0,21,9,303.0,0
4726,39.4,electronics,1,0,15,17,494.7,0
17648,27.68,utilities,0,0,18,14,56.3,0
7986,83.37,fuel,0,0,8,8,435.1,0
8948,209.65,online_retail,0,0,14,15,619.1,0
9081,91.2,entertainment,0,0,13,16,63.7,0
17475,42.69,online_retail,0,0,19,19,3.4,0
11441,105.36,utilities,1,0,17,16,205.5,0
6659,165.95,pharmacy,0,0,20,14,12.0,0
9050,399.17,dining,0,0,17,14,439.6,0
4090,508.71,pharmacy,1,0,3,5,176.7,1
18660,28.71,pharmacy,0,0,14,17,81.1,0
12953,386.61,electronics,0,0,3,11,334.3,0
5567,199.88,entertainment,0,0,5,10,154.3,0
18986,44.94,fuel,0,0,12,14,8.4,0
16173,128.08,utilities,0,0,22,16,49.2,0
19350,105.92,entertainment,0,0,12,9,123.4,0
11377,122.6,electronics,0,0,10,16,79.1,0
12332,144.16,electronics,0,0,22,18,358.1,0
14453,80.11,online_retail,0,0,6,13,963.8,0
10851,163.23,utilities,0,0,16,9,184.3,0
18277,200.89,grocery,0,0,17,14,485.1,0
6243,142.77,fuel,0,0,9,20,560.3,0
14487,418.36,jewelry,0,0,21,22,221.5,0
15329,117.94,pharmacy,0,0,7,16,52.0,0
3987,32.89,utilities,0,1,13,7,13.0,0
16515,62.88,grocery,0,1,15,13,490.9,0
3601,92.96,travel,0,0,19,14,101.3,0
6319,205.18,dining,1,0,13,15,169.6,0
17405,39.68,electronics,0,0,20,8,3.8,0
19073,262.1,grocery,0,0,12,13,30.1,0
13922,46.96,travel,1,0,13,11,257.2,0
13487,95.47,fuel,0,0,21,14,102.3,0
1413,58.85,jewelry,0,0,3,14,126.6,0
8229,123.42,grocery,0,0,9,7,650.8,0
12846,150.68,jewelry,0,0,16,13,305.4,0
12885,85.57,electronics,0,0,19,7,95.4,0
12269,168.25,travel,0,0,18,14,122.1,0
15058,209.56,pharmacy,0,0,7,18,82.5,0
2879,53.16,grocery,0,0,9,8,20.0,0
7449,230.38,entertainment,0,1,12,15,712.2,0
242,88.51,utilities,0,0,21,11,1020.1,0
13017,75.11,pharmacy,1,0,8,13,215.8,0
15607,78.54,pharmacy,0,0,17,14,708.7,0
19489,116.28,travel,0,0,18,13,109.3,0
4707,71.31,dining,0,0,19,25,23.1,0
11137,43.53,fuel,1,0,5,18,16.3,0
17920,55.17,pharmacy,0,0,10,15,70.4,0
13381,258.57,online_retail,1,0,12,13,333.3,0
11722,194.83,fuel,0,0,16,15,99.4,0
13796,53.79,electronics,1,0,10,13,1581.3,0
11862,222.16,pharmacy,1,0,10,8,7.3,1
14563,176.53,entertainment,0,0,8,16,1256.5,0
5599,177.25,utilities,0,1,8,11,524.3,0
5181,32.22,utilities,0,0,14,11,564.1,0
18070,282.72,travel,0,0,20,13,193.0,0
19715,98.59,jewelry,0,0,6,18,834.0,0
2266,86.78,grocery,0,0,12,7,543.3,0
7964,108.94,dining,0,0,15,10,165.2,0
954,95.36,dining,0,0,13,16,392.9,0
3224,295.91,online_retail,0,0,8,20,395.3,0
12212,60.0,grocery,0,1,6,15,189.9,0
6722,71.52,fuel,0,0,2,15,945.5,0
6955,268.82,dining,1,0,18,17,6.5,0
14082,35.55,travel,0,0,22,16,613.9,0
6956,268.08,grocery,0,0,20,13,196.2,0
9688,100.28,entertainment,0,0,14,20,77.7,0
5314,196.99,electronics,0,0,6,16,1722.8,0
7710,61.59,pharmacy,0,0,17,14,706.2,0
7472,158.36,fuel,0,0,11,16,490.6,0
8390,31.36,pharmacy,0,0,17,15,411.1,0
18669,248.35,grocery,0,0,11,11,392.2,0
16220,124.07,entertainment,0,0,19,16,1586.0,0
9372,88.46,electronics,0,0,7,20,492.5,0
16317,165.85,fuel,0,0,20,14,122.4,0
18912,130.82,online_retail,1,1,10,12,980.1,0
7170,49.71,fuel,0,0,10,20,471.9,0
19288,71.89,utilities,0,0,9,20,31.5,0
9970,232.76,grocery,0,1,7,11,26.0,0
9811,118.88,utilities,0,0,17,11,274.4,0
192,73.9,pharmacy,1,0,21,16,78.4,0
8302,80.68,fuel,0,1,8,9,161.4,0
3115,84.26,utilities,1,0,8,9,229.1,0
13380,113.6,travel,0,0,12,10,202.1,0
12516,67.99,online_retail,0,0,11,14,131.4,0
11977,75.42,electronics,0,0,11,12,214.7,0
10834,134.29,pharmacy,0,1,15,10,110.2,0
5868,76.78,travel,0,1,16,16,89.7,0
16259,262.39,dining,1,1,15,16,510.1,0
17966,380.1,travel,0,0,0,8,181.2,1
13803,24.08,fuel,0,1,10,13,143.1,0
17995,24.01,utilities,0,0,22,13,455.6,0
5441,178.03,fuel,1,0,16,20,222.0,0
10598,96.3,electronics,0,0,6,11,146.8,0
5363,111.44,jewelry,1,0,14,21,314.2,0
919,105.52,utilities,1,0,6,12,14.5,0
11900,75.73,travel,1,1,16,17,282.4,0
17468,52.48,online_retail,0,0,1,23,375.5,0
8943,213.57,dining,0,0,16,18,925.6,0
16467,37.43,online_retail,0,1,8,16,539.6,0
18987,130.09,travel,0,0,22,12,303.6,0
10313,245.86,fuel,0,0,7,9,176.7,0
13826,103.49,travel,0,0,17,26,439.1,0
13007,79.11,fuel,0,0,15,11,256.2,0
13949,58.31,entertainment,0,0,14,8,48.0,0
144,51.45,entertainment,0,0,7,12,107.7,0
12872,60.66,entertainment,0,0,9,16,25.7,0
18031,80.85,online_retail,1,1,8,21,147.2,1
5690,91.57,dining,1,0,14,10,172.1,0
18531,78.03,pharmacy,0,0,18,9,114.6,0
7008,527.28,entertainment,1,0,3,11,153.5,1
14853,112.69,online_retail,0,0,8,13,481.3,0
8356,91.02,travel,0,0,4,7,305.0,0
6311,149.37,pharmacy,0,0,18,10,17.7,0
7187,87.97,travel,1,0,10,15,0.3,1
13088,71.81,fuel,0,0,16,17,129.2,0
5227,81.33,fuel,0,0,13,13,1168.7,0
17841,205.91,travel,0,0,14,13,676.5,0
10557,168.4,travel,1,1,20,17,634.0,0
1798,105.14,online_retail,0,0,7,15,444.4,0
2204,74.33,pharmacy,0,0,15,12,1382.4,0
19423,163.14,pharmacy,0,0,10,12,38.5,0
7641,71.69,entertainment,0,0,19,16,121.8,0
11151,63.44,entertainment,0,1,6,15,234.0,0
2895,16.25,entertainment,0,0,21,14,517.2,0
2292,137.73,entertainment,0,1,12,23,230.1,0
14619,180.26,fuel,0,0,19,10,397.8,0
8023,151.13,dining,0,0,13,17,148.9,0
14662,121.34,jewelry,0,0,22,12,51.6,0
822,92.79,jewelry,0,0,21,11,705.7,0
19494,106.67,entertainment,1,1,1,22,532.5,0
15819,113.16,travel,0,0,14,17,144.7,0
9494,80.82,pharmacy,1,0,18,21,350.3,0
9520,47.2,electronics,0,0,3,10,229.0,0
14582,45.96,dining,1,0,7,13,625.1,0
12083,151.31,online_retail,0,0,19,15,330.4,0
4463,66.04,jewelry,0,0,20,10,525.3,0
643,491.11,pharmacy,0,0,21,14,371.1,0
18019,6.55,travel,0,0,11,11,820.7,0
12331,146.05,fuel,0,0,13,11,40.8,0
8747,315.65,entertainment,0,0,18,13,364.6,0
1332,105.03,fuel,0,0,15,16,76.1,0
8078,128.94,utilities,0,0,11,9,250.1,0
10007,33.1,online_retail,0,0,22,13,486.2,0
4993,176.61,pharmacy,0,0,7,16,11.7,0
599,106.08,online_retail,0,0,16,11,78.9,0
2514,66.96,entertainment,0,0,16,14,350.6,0
2182,27.6,entertainment,0,0,14,19,23.1,0
9395,228.84,travel,0,0,20,15,487.4,0
10160,74.11,pharmacy,0,0,19,14,361.4,0
11990,114.19,dining,0,0,14,17,217.6,0
19145,39.46,grocery,0,1,13,13,517.4,0
17318,160.22,dining,0,0,15,17,204.2,0
1151,75.99,pharmacy,0,0,22,16,160.8,0
13738,23.81,travel,0,0,7,8,1021.1,0
16858,66.14,jewelry,0,0,12,14,58.5,0
17491,170.33,jewelry,0,0,11,14,610.9,0
18362,64.63,entertainment,0,0,7,19,142.9,0
19653,224.93,pharmacy,0,0,12,14,70.2,0
2378,104.39,utilities,0,0,21,15,180.4,0
8533,51.52,travel,0,1,16,13,249.1,0
10222,100.93,grocery,0,0,12,14,81.0,0
3998,66.72,travel,0,0,6,13,52.8,0
2621,104.3,travel,0,1,2,17,254.6,0
5083,95.73,travel,0,1,13,17,122.2,0
5212,82.29,entertainment,0,1,8,7,334.6,0
2629,215.42,utilities,1,0,21,14,181.6,0
3538,185.99,utilities,0,0,16,9,8.3,0
4151,27.62,entertainment,0,0,8,16,20.3,0
14026,52.91,pharmacy,0,0,16,21,316.2,0
13313,139.42,dining,0,0,11,16,19.3,0
3307,127.16,pharmacy,0,0,20,16,328.8,0
12809,44.05,entertainment,0,0,9,19,0.3,0
13406,78.93,jewelry,0,0,6,11,523.6,0
3617,152.13,online_retail,0,0,11,13,79.9,0
8062,97.92,fuel,0,0,15,17,94.9,0
10430,18.9,grocery,0,0,18,13,687.1,0
9678,131.44,entertainment,0,0,20,12,96.1,0
1817,13.26,electronics,1,0,17,12,489.9,0
2406,168.95,dining,0,0,11,15,160.9,0
4298,120.81,pharmacy,0,0,2,15,88.0,0
4738,153.56,utilities,0,0,0,25,5.6,0
15458,152.1,online_retail,1,0,11,12,39.9,0
7045,9.85,online_retail,0,0,14,12,852.7,0
2250,73.26,entertainment,0,0,4,16,406.3,0
14408,23.81,online_retail,0,0,17,20,950.5,0
17640,77.9,dining,0,1,14,13,111.2,0
19579,51.88,travel,0,0,16,11,146.9,0
19256,100.55,utilities,0,0,17,16,157.5,0
17483,69.58,dining,0,1,22,11,122.9,0
4219,242.39,dining,1,0,14,13,171.6,0
18917,74.19,grocery,0,1,20,16,340.8,0
11260,145.96,pharmacy,0,0,0,12,704.1,0
1510,201.73,utilities,0,0,14,8,95.5,0
18333,144.32,dining,0,0,9,9,190.3,0
11511,17.23,utilities,1,0,6,10,455.5,0
16033,123.54,pharmacy,0,1,19,8,165.3,0
4980,272.23,pharmacy,0,0,4,2,32.8,1
1921,103.54,dining,0,0,17,10,224.3,0
9790,56.08,entertainment,0,0,16,14,818.4,0
6278,34.28,utilities,0,0,22,16,95.7,0
2457,121.16,travel,1,0,8,16,45.5,0
18841,127.53,grocery,0,0,15,16,137.9,0
2288,58.41,pharmacy,1,1,12,15,2.2,0
11736,268.54,jewelry,0,0,6,15,33.8,0
17513,164.8,fuel,0,1,8,7,53.3,0
16791,236.67,dining,0,0,1,13,621.9,0
3247,12.22,travel,0,0,17,15,6.5,0
114,260.02,entertainment,1,1,5,8,57.1,1
9385,138.88,electronics,0,0,20,12,221.8,0
3306,117.3,travel,0,0,17,16,618.7,0
1515,89.72,grocery,1,0,9,11,505.6,0
4985,54.98,dining,0,0,13,13,595.4,0
10445,58.15,electronics,1,0,20,16,70.1,0
13984,74.55,dining,0,0,18,11,220.0,0
5613,53.54,electronics,0,0,14,14,825.2,0
18529,41.32,grocery,0,1,17,14,455.8,0
1888,141.45,fuel,0,0,14,10,96.9,0
7549,194.13,fuel,0,0,4,18,487.8,0
15266,109.16,fuel,0,1,6,17,1180.0,0
7451,202.57,pharmacy,0,0,11,15,147.4,0
5825,102.13,dining,0,0,12,23,16.4,0
19644,49.46,utilities,0,0,8,11,938.5,0
5753,309.69,entertainment,1,0,10,3,370.0,0
19019,229.92,fuel,0,0,17,17,587.6,0
15091,203.88,dining,0,0,12,21,212.4,0
11770,44.37,entertainment,0,0,7,13,250.6,0
10972,38.35,dining,0,0,22,17,669.9,0
10162,4.19,jewelry,0,0,12,14,40.8,0
17037,105.41,pharmacy,0,0,17,11,30.5,0
3666,144.72,grocery,0,0,19,12,787.8,0
16064,69.1,travel,0,1,16,14,154.1,0
8091,117.65,utilities,0,1,9,13,18.2,0
8899,35.24,utilities,0,1,13,13,124.8,0
10905,254.36,grocery,0,0,16,18,64.6,0
10123,91.28,utilities,1,0,6,7,179.7,0
9948,100.09,fuel,0,0,8,14,295.1,0
2504,110.0,jewelry,0,0,10,15,184.5,0
11648,231.57,entertainment,1,0,6,10,343.9,0
1222,111.38,fuel,0,0,8,17,246.1,0
9651,85.03,grocery,0,1,21,16,845.8,0
18212,213.31,grocery,0,0,0,10,561.2,0
16057,158.32,online_retail,0,0,9,11,244.1,0
933,50.17,electronics,0,0,22,21,26.8,0
11931,191.8,jewelry,0,0,6,14,157.6,0
18747,106.78,pharmacy,0,0,8,10,352.2,0
16778,90.82,electronics,0,0,18,16,1216.4,0
19877,313.58,electronics,0,0,5,5,22.6,1
7257,138.87,travel,0,0,8,7,491.8,0
8983,51.38,fuel,0,0,6,11,93.0,0
12079,51.78,utilities,0,0,18,17,296.6,0
1129,46.78,dining,0,0,16,16,312.3,0
10426,43.2,pharmacy,0,0,9,15,708.4,0
16966,16.63,pharmacy,0,0,16,10,1275.9,0
8841,53.88,dining,0,1,18,20,177.3,0
13039,31.38,grocery,0,1,15,13,96.2,0
18236,140.72,utilities,0,0,17,14,722.7,0
18038,43.97,electronics,0,0,18,17,301.4,0
18238,187.76,jewelry,0,0,13,21,141.2,0
14436,45.04,grocery,0,0,3,16,615.0,0
18742,55.73,jewelry,0,0,13,14,307.7,0
19444,44.72,utilities,0,0,13,14,262.7,0
18881,142.89,grocery,1,0,20,14,219.0,0
3058,209.83,dining,0,0,18,15,84.8,0
8130,87.74,entertainment,0,0,18,13,243.8,0
18100,304.94,pharmacy,0,0,14,13,576.1,0
8162,153.35,pharmacy,0,0,2,17,320.7,0
9759,183.34,utilities,0,1,9,24,511.2,0
2678,179.71,travel,1,0,14,15,144.3,0
9397,86.33,entertainment,0,1,19,11,82.6,0
12633,50.87,online_retail,1,0,21,16,148.5,0
4380,52.98,travel,0,0,10,13,340.2,0
9094,345.86,dining,1,1,2,9,3.8,1
16840,29.4,pharmacy,0,0,7,18,108.1,0
5173,343.01,jewelry,0,1,14,9,17.0,1
12062,46.94,grocery,1,1,16,9,87.7,0
9491,99.54,pharmacy,0,0,15,17,21.6,0
12082,20.64,grocery,0,0,19,14,807.6,0
2142,106.93,utilities,0,0,8,9,152.0,0
5684,94.12,grocery,0,1,15,10,86.6,0
7598,58.11,travel,0,0,19,19,824.5,0
7421,70.08,electronics,1,0,14,11,733.9,0
10708,642.65,jewelry,0,0,21,6,147.2,1
3222,302.3,travel,1,1,19,12,156.5,0
8403,151.36,online_retail,0,0,11,12,477.7,0
5924,24.4,fuel,0,0,14,10,419.4,0
19520,84.71,entertainment,0,0,20,10,661.1,0
11058,52.48,utilities,0,0,18,14,60.3,0
6447,229.17,electronics,0,0,12,13,188.3,0
4383,41.66,pharmacy,0,0,16,13,300.7,0
386,61.35,travel,0,0,9,21,90.3,0
10680,99.02,entertainment,0,0,18,19,483.3,0
1544,92.48,travel,0,0,20,15,365.5,0
19097,18.91,travel,0,0,7,20,265.6,0
6341,97.42,entertainment,0,0,8,16,129.2,0
3845,90.64,electronics,0,0,18,11,229.4,0
8364,69.85,dining,0,0,7,11,2.8,0
2305,110.11,jewelry,0,0,16,14,276.8,0
16507,184.52,fuel,0,0,19,12,525.5,0
4331,86.28,pharmacy,0,0,7,14,628.6,0
9646,107.92,fuel,0,0,16,12,434.7,0
9802,172.96,online_retail,0,0,12,16,830.1,0
8762,70.99,utilities,0,0,10,17,84.7,0
15967,64.67,jewelry,0,0,5,14,96.5,0
80,101.56,electronics,0,0,19,12,354.1,0
11512,73.17,electronics,0,0,7,9,244.9,0
3842,154.09,pharmacy,0,0,10,10,35.0,0
13982,103.88,dining,0,0,12,15,135.6,0
3311,330.09,pharmacy,0,1,1,8,138.1,1
19989,58.73,dining,0,0,6,8,1279.6,0
5397,38.6,entertainment,0,0,10,13,376.3,0
3119,85.4,pharmacy,0,0,6,13,817.8,0
4512,181.22,dining,1,0,0,25,426.3,0
8285,10.41,travel,0,0,15,14,177.7,0
15013,152.38,jewelry,0,1,15,14,125.8,0
462,82.41,jewelry,0,0,6,13,452.2,0
17581,43.04,entertainment,0,0,9,16,550.5,0
8709,111.47,utilities,0,0,12,16,386.8,0
18436,56.31,travel,0,0,11,20,11.5,0
9656,116.23,travel,0,0,6,20,1026.1,0
7984,34.43,pharmacy,0,0,2,12,20.7,0
3252,305.21,grocery,0,1,17,21,579.5,0
6938,57.87,utilities,0,0,17,13,72.6,0
11765,166.38,online_retail,0,0,22,11,7.0,0
8856,67.83,pharmacy,1,0,22,13,176.2,0
9989,32.59,fuel,1,1,12,14,509.4,0
614,108.66,dining,0,0,16,15,702.6,0
13501,148.25,pharmacy,0,0,7,15,70.1,0
15943,34.73,jewelry,0,0,18,13,992.9,0
6028,93.7,online_retail,1,1,7,21,317.0,0
276,36.06,fuel,0,1,14,7,40.2,0
12923,34.83,online_retail,0,0,19,21,102.1,0
11148,77.14,online_retail,0,1,8,11,591.0,0
11501,233.94,jewelry,0,0,12,14,59.7,0
13276,4.32,entertainment,0,0,13,12,512.1,0
2172,100.85,jewelry,0,0,7,11,774.6,0
17070,87.62,grocery,0,0,8,12,418.8,0
4039,51.45,online_retail,0,0,8,15,446.8,0
5072,5.49,travel,0,0,21,16,234.1,0
1556,75.45,grocery,0,0,18,14,1066.3,0
17749,69.15,electronics,0,0,15,11,458.8,0
8952,95.65,grocery,0,0,7,15,230.4,0
14615,221.14,utilities,0,0,15,15,1519.1,0
14889,84.79,online_retail,0,0,17,17,351.3,0
17768,75.76,jewelry,0,0,21,8,246.0,0
10805,85.81,electronics,0,0,15,10,896.5,0
6069,33.48,electronics,0,0,3,13,277.4,0
9801,227.95,fuel,1,0,8,13,232.0,0
7914,81.02,pharmacy,0,0,18,10,219.2,0
7668,136.59,fuel,0,0,9,14,301.2,0
9110,63.16,entertainment,0,0,15,14,388.4,0
11281,129.76,online_retail,0,0,20,10,492.0,0
3597,47.94,online_retail,0,0,18,12,49.1,0
14826,55.93,dining,0,0,12,12,283.4,0
10301,136.64,utilities,0,1,7,10,65.5,0
4799,201.35,utilities,0,1,14,19,235.4,0
12632,35.19,grocery,0,1,15,17,1.9,0
14860,78.39,dining,0,0,15,20,148.8,0
7976,320.4,dining,0,0,3,16,310.3,0
3940,142.71,grocery,1,0,16,23,284.1,0
12364,26.51,travel,1,0,9,15,33.5,0
2820,56.21,dining,0,0,7,18,342.3,0
9664,110.44,electronics,0,0,9,7,44.1,0
7970,86.35,entertainment,0,0,14,17,260.3,0
13590,259.64,utilities,0,0,10,15,38.1,0
5688,39.57,dining,1,0,0,17,23.4,0
4256,44.3,dining,0,0,9,11,1045.0,0
12407,169.09,utilities,0,0,16,14,306.2,0
9303,164.63,pharmacy,0,1,7,10,157.3,0
12761,72.46,utilities,0,0,19,9,372.1,0
5294,152.17,online_retail,0,0,11,17,162.7,0
17268,23.0,dining,0,0,20,18,590.5,0
15655,128.49,entertainment,0,0,12,22,116.6,0
4948,32.27,fuel,0,1,21,18,684.8,0
8732,213.28,utilities,0,0,9,10,128.7,0
17684,22.68,fuel,0,0,14,17,559.6,0
19205,158.03,jewelry,1,0,22,25,1651.2,0
11871,31.92,pharmacy,1,0,13,14,9.5,0
16093,105.67,entertainment,0,0,6,13,219.6,0
2677,64.44,dining,0,0,2,12,219.5,0
379,10.58,travel,0,0,13,17,93.6,0
6974,88.58,electronics,1,1,10,18,137.2,0
5379,141.71,online_retail,0,0,6,22,990.8,0
5200,57.96,dining,0,0,10,17,108.0,1
1661,126.7,fuel,0,0,7,17,762.3,0
12488,110.12,travel,0,0,18,19,16.1,0
2454,108.01,fuel,0,0,14,15,217.3,0
5577,94.99,entertainment,0,0,22,10,1059.1,0
3142,36.89,entertainment,0,0,14,6,450.7,0
4563,121.91,electronics,0,0,20,11,36.3,0
19886,76.98,pharmacy,0,0,21,16,310.9,0
13402,221.65,dining,0,0,5,15,172.4,0
7633,52.83,utilities,0,0,21,14,974.7,0
16978,35.17,electronics,0,0,20,13,680.8,0
860,54.65,utilities,0,0,17,16,574.5,0
13933,111.17,grocery,1,0,14,17,992.6,0
19486,208.22,utilities,0,0,19,15,89.2,0
2912,112.2,entertainment,0,0,19,9,249.0,0
17144,189.31,online_retail,0,0,16,16,1154.0,0
11897,36.11,entertainment,0,0,6,15,77.2,0
11905,155.12,electronics,0,0,14,12,265.7,0
13614,57.03,fuel,0,0,8,11,234.7,0
6117,125.52,grocery,0,0,7,11,118.1,0
10809,42.56,jewelry,0,0,14,12,830.4,0
10559,189.64,electronics,0,0,14,18,348.8,0
18929,103.53,online_retail,0,0,18,13,130.6,0
15488,57.97,grocery,0,0,4,13,365.4,0
19284,108.06,entertainment,0,0,8,13,1025.8,0
3141,78.12,jewelry,1,0,15,15,328.2,0
9702,111.53,travel,1,1,22,10,136.2,0
14198,111.97,grocery,1,0,18,17,148.4,0
7980,216.69,utilities,0,0,6,17,221.6,0
2443,23.63,grocery,0,0,13,13,742.2,0
15708,123.4,dining,0,0,2,17,308.2,0
845,152.92,fuel,0,0,2,17,10.0,0
17385,84.93,grocery,0,0,6,13,263.3,0
9019,152.48,entertainment,0,0,0,12,372.4,0
319,108.98,electronics,0,0,22,11,790.5,0
3272,94.9,fuel,0,1,14,22,186.5,0
363,149.67,entertainment,0,0,12,14,227.9,0
12068,132.14,online_retail,0,0,8,21,19.2,1
19994,132.4,pharmacy,0,1,10,12,203.0,0
19907,140.15,entertainment,0,1,6,11,191.7,0
4973,64.82,dining,0,0,18,16,110.3,0
15284,180.71,utilities,0,0,21,12,99.6,0
2372,20.41,dining,0,0,1,16,89.1,0
19221,95.54,pharmacy,1,0,16,15,576.5,0
19648,82.31,fuel,0,0,13,7,443.6,0
14266,137.46,pharmacy,1,0,9,7,51.8,0
2397,178.68,utilities,0,1,22,16,635.3,0
417,107.6,grocery,0,0,20,17,24.4,0
3113,120.55,jewelry,0,1,12,10,62.1,0
17084,46.85,jewelry,1,0,21,17,697.7,0
15212,16.78,electronics,0,1,12,15,293.8,0
15371,364.79,dining,0,0,22,10,496.1,0
6613,302.29,travel,0,1,22,17,398.3,0
11914,129.34,jewelry,1,0,15,14,58.1,0
19232,101.69,electronics,0,0,19,7,931.4,0
17741,117.55,electronics,0,0,11,17,432.3,0
12061,119.76,fuel,0,1,21,12,264.6,0
17798,187.98,dining,0,0,22,13,596.1,0
2983,70.05,dining,0,0,11,16,853.6,0
9331,140.27,jewelry,1,0,9,15,710.5,0
18615,168.37,entertainment,0,0,9,15,493.7,0
1842,29.2,dining,1,1,12,21,1044.6,0
19733,91.84,utilities,1,0,20,16,43.7,0
2570,196.15,jewelry,0,1,15,18,242.0,0
9511,149.5,travel,0,1,7,11,42.7,0
19009,58.58,online_retail,0,0,15,14,17.4,0
10628,202.83,dining,0,0,14,12,626.2,0
12148,69.9,entertainment,0,0,14,18,598.0,1
7672,79.8,jewelry,1,0,17,12,269.1,0
14651,137.72,fuel,1,0,13,7,468.4,0
5686,227.86,pharmacy,0,0,7,11,42.3,0
3587,189.55,jewelry,0,0,5,11,917.5,0
1111,193.41,entertainment,0,0,12,17,117.2,0
2809,216.59,electronics,0,1,20,16,448.5,0
13008,150.9,fuel,0,0,7,15,74.9,0
4174,77.04,pharmacy,0,0,16,10,3.0,0
981,225.16,travel,0,0,9,17,701.3,0
5958,323.77,electronics,0,1,8,8,840.1,0
13343,313.35,dining,0,0,14,14,66.9,0
702,28.94,travel,0,0,22,18,208.5,0
5609,232.02,entertainment,0,1,6,17,1277.7,0
4668,177.26,travel,0,0,15,20,496.8,1
2781,267.36,grocery,0,0,8,12,116.0,0
2483,90.48,electronics,0,0,20,15,160.4,0
9238,55.45,pharmacy,0,0,11,11,72.5,0
4686,64.1,online_retail,0,0,11,21,1039.4,0
1143,30.31,utilities,0,0,15,18,791.9,0
13106,262.48,travel,0,0,0,13,239.7,0
3648,113.23,pharmacy,0,0,12,16,184.6,0
326,86.32,fuel,0,1,10,17,332.5,0
2762,23.4,entertainment,0,0,17,9,117.1,0
7134,40.54,jewelry,0,0,17,20,262.5,0
17512,60.55,dining,0,0,8,11,106.9,0
16971,47.83,pharmacy,0,0,19,12,448.4,0
11700,82.57,entertainment,1,0,13,13,709.1,0
1906,110.45,pharmacy,0,0,22,11,112.3,0
13057,113.82,utilities,0,0,11,9,220.9,0
10664,26.1,entertainment,0,0,13,22,142.7,0
13145,286.51,pharmacy,0,0,16,10,1261.7,0
8630,234.47,entertainment,0,0,2,10,129.9,0
4192,98.99,electronics,1,0,6,13,1086.4,0
2275,99.4,utilities,0,0,12,19,482.6,0
10872,90.03,electronics,0,0,14,18,194.9,0
8027,190.71,utilities,0,0,2,18,1003.0,0
18345,118.33,utilities,0,0,13,7,33.0,0
3191,13.92,travel,0,0,20,7,444.6,0
19231,56.63,pharmacy,0,1,19,16,1620.4,0
4884,166.93,entertainment,0,0,19,7,252.5,0
6799,186.57,grocery,0,1,19,16,323.0,0
8911,72.0,fuel,0,0,6,8,362.5,0
46,160.39,utilities,1,0,5,4,345.7,1
7346,78.51,dining,0,0,16,18,38.2,0
5427,17.05,electronics,0,0,15,14,357.2,0
19746,141.65,travel,0,0,22,13,1022.6,0
13460,41.16,online_retail,0,0,11,9,1062.5,0
2572,39.69,electronics,0,0,22,9,123.7,0
17819,172.25,fuel,0,0,20,11,227.6,0
16297,192.44,online_retail,1,0,17,13,243.7,0
5028,141.09,dining,0,1,6,13,49.0,0
6526,242.21,entertainment,0,0,15,13,1605.3,0
17980,55.15,electronics,0,1,15,11,112.2,0
17500,143.36,entertainment,0,1,19,13,550.7,0
12975,33.41,online_retail,0,0,2,10,746.8,0
16954,221.61,fuel,0,0,19,19,1397.2,0
19695,91.06,online_retail,1,0,11,10,731.5,0
13233,33.35,entertainment,0,0,6,12,364.9,0
3380,100.46,travel,0,0,13,13,182.3,0
14167,85.29,utilities,0,0,11,13,1554.0,0
12166,118.04,fuel,0,1,14,15,1583.7,0
17083,170.28,electronics,0,0,14,19,126.6,0
8253,163.49,pharmacy,1,0,16,12,1102.5,0
11933,209.34,entertainment,0,0,14,18,105.9,0
943,209.66,travel,1,0,14,16,518.7,0
2064,29.66,dining,0,0,20,18,81.9,0
14396,138.76,fuel,0,0,11,12,355.5,0
17806,109.27,online_retail,0,1,19,10,858.1,0
353,147.35,entertainment,0,0,10,18,984.0,0
15176,80.04,grocery,0,1,13,15,139.3,0
6929,52.39,online_retail,0,1,8,12,188.0,0
2981,156.97,electronics,0,0,8,15,1498.3,1
15350,163.28,utilities,0,0,17,15,100.7,0
18047,53.94,utilities,0,0,5,14,1122.4,0
8839,182.15,jewelry,0,0,14,7,69.7,0
3886,284.05,online_retail,0,0,16,16,4.0,0
5145,60.37,entertainment,0,0,19,7,303.1,0
11295,113.64,fuel,0,0,19,6,5.5,0
3360,601.75,grocery,0,0,18,6,85.5,1
19129,92.95,fuel,0,0,21,13,597.7,0
2109,100.58,electronics,0,1,17,13,906.8,0
19194,32.46,travel,1,0,18,9,97.1,0
9794,74.03,travel,0,1,15,10,395.6,0
4353,126.82,dining,0,0,18,13,59.6,0
8052,30.17,utilities,0,0,10,11,307.2,0
10005,45.81,dining,0,0,14,13,588.2,0
19682,170.32,fuel,0,0,22,20,164.9,0
10484,67.34,jewelry,1,0,10,14,205.1,0
2703,102.83,electronics,0,0,13,19,1058.2,0
7329,107.51,jewelry,0,0,6,11,826.9,0
19828,174.89,online_retail,1,0,22,15,111.7,0
4887,133.59,grocery,1,1,14,20,102.9,0
15375,51.2,grocery,0,1,6,14,58.4,0
6754,104.19,pharmacy,0,0,14,14,379.1,0
3571,164.48,dining,0,0,11,22,22.9,0
14684,68.62,utilities,0,0,3,16,99.8,0
14972,45.31,pharmacy,0,0,15,13,530.1,0
1621,307.27,dining,0,0,18,11,336.3,0
7328,44.1,jewelry,0,0,19,16,1096.4,0
5611,133.42,jewelry,0,0,16,15,50.3,0
10157,137.01,pharmacy,0,0,11,8,186.9,0
2466,141.75,fuel,0,0,8,8,79.9,0
6991,310.21,electronics,0,0,20,15,352.2,0
3656,111.15,electronics,0,0,9,11,112.4,0
3901,50.79,dining,0,0,6,10,671.7,0
5731,99.7,grocery,0,0,6,13,214.2,0
13111,265.83,travel,0,0,7,19,223.2,0
2684,16.48,jewelry,0,0,6,13,109.8,0
10498,373.87,grocery,0,1,5,8,94.1,1
10361,154.37,utilities,0,0,16,13,78.8,0
13905,118.29,pharmacy,0,0,15,21,895.7,0
10716,182.33,travel,0,0,14,20,213.6,0
15759,163.11,electronics,1,0,16,12,153.8,0
16488,158.39,travel,0,0,15,17,242.9,0
18491,190.01,grocery,0,0,13,15,52.6,0
15624,178.64,entertainment,0,0,18,12,329.7,0
14752,48.37,travel,1,0,3,18,754.4,0
9186,129.12,utilities,1,0,10,19,684.9,0
11394,101.16,dining,0,0,20,16,189.1,0
7790,133.52,fuel,0,0,11,16,789.8,0
6093,36.18,jewelry,0,0,12,18,306.1,0
16065,523.69,electronics,0,0,2,5,11.1,1
7023,97.5,jewelry,0,0,8,17,103.1,0
18098,76.66,electronics,0,0,20,8,135.3,0
8823,77.08,grocery,0,0,7,22,1530.1,0
11324,140.9,grocery,0,0,12,13,19.3,0
7981,79.04,electronics,0,0,22,14,223.1,0
794,68.1,jewelry,0,0,20,14,164.3,0
17537,114.1,online_retail,0,0,20,13,450.9,0
9998,30.79,dining,0,0,19,11,46.8,0
4676,390.41,online_retail,0,0,21,14,164.9,0
10167,169.45,grocery,1,0,8,13,157.5,0
1170,323.7,jewelry,0,0,7,14,1272.4,0
2948,190.06,online_retail,1,0,2,11,30.6,0
11298,194.7,pharmacy,0,0,9,19,9.1,0
2567,80.61,entertainment,0,1,14,13,42.8,0
260,32.65,entertainment,0,0,21,10,713.4,0
19183,39.92,pharmacy,0,0,18,14,168.9,0
2763,111.8,dining,0,0,18,21,71.3,0
10248,54.73,online_retail,0,0,21,13,528.7,0
246,187.64,pharmacy,0,1,0,7,31.7,1
16567,149.72,electronics,0,1,12,27,283.7,0
12473,182.6,grocery,0,1,17,6,630.5,0
18545,135.12,dining,0,0,11,10,569.4,0
17308,109.81,dining,0,0,20,15,97.2,0
10190,120.82,dining,0,0,6,9,884.9,1
8876,153.54,jewelry,0,0,9,25,5.4,0
16846,1.1,grocery,0,1,9,12,147.0,0
541,18.89,fuel,0,0,11,15,69.9,0
8249,8.56,fuel,0,0,19,11,174.4,0
3171,63.5,pharmacy,0,0,22,12,194.2,0
9047,61.63,utilities,0,1,13,13,79.3,0
10514,103.57,travel,0,0,14,12,1108.7,0
979,34.46,fuel,1,0,18,14,229.7,0
9347,4.52,electronics,1,1,10,16,1233.4,0
5141,105.94,grocery,0,0,5,15,269.1,0
6054,137.65,pharmacy,0,0,10,18,116.8,0
10609,339.52,electronics,1,1,15,9,178.5,1
12277,180.5,fuel,0,1,1,6,21.8,1
4576,44.62,entertainment,0,0,22,14,601.5,0
15426,110.53,travel,0,0,8,17,1029.0,0
8501,102.49,online_retail,0,0,19,7,222.2,0
19386,67.94,grocery,0,0,15,22,111.1,0
988,36.19,travel,1,0,9,21,746.5,0
17116,63.25,utilities,0,1,17,12,157.2,0
13579,227.1,electronics,0,0,7,12,347.9,0
7591,129.0,jewelry,0,0,14,12,240.6,0
13663,189.79,jewelry,0,0,15,17,612.7,0
10753,158.47,grocery,0,0,10,12,236.7,0
8609,46.36,entertainment,0,0,14,13,160.6,0
10583,181.52,travel,0,0,5,6,14.9,1
16881,125.66,fuel,1,0,20,20,252.3,0
11716,144.61,entertainment,0,1,10,20,465.9,0
4025,108.09,travel,0,0,15,19,263.3,0
7940,69.79,utilities,0,0,17,17,475.6,0
11093,203.82,fuel,1,0,13,16,914.2,0
5767,67.69,fuel,0,0,9,17,616.9,0
16866,66.91,pharmacy,0,0,16,12,1757.7,0
10958,148.57,pharmacy,0,0,22,16,354.6,0
17977,91.88,entertainment,0,0,13,15,521.0,0
18435,54.67,pharmacy,1,0,15,14,64.6,0
12490,224.66,fuel,0,0,12,16,74.6,0
17453,80.26,online_retail,0,0,13,14,36.5,0
14959,316.59,electronics,1,1,17,14,50.1,0
14877,58.2,grocery,0,1,4,14,549.2,0
2033,13.87,travel,0,1,6,8,177.2,0
16591,32.57,travel,1,0,20,11,732.6,0
4776,90.09,pharmacy,0,0,11,9,125.0,0
18393,41.84,electronics,0,0,20,12,208.0,0
12112,214.97,utilities,0,0,12,13,530.4,0
13203,44.82,pharmacy,0,0,4,14,96.9,0
5032,110.57,online_retail,0,0,22,9,278.9,0
8905,93.67,fuel,0,0,14,9,195.6,0
6564,100.91,utilities,0,0,5,18,228.5,0
12173,41.51,travel,0,0,11,10,45.2,0
876,129.71,utilities,0,0,19,13,215.6,0
14569,73.6,grocery,0,0,20,18,97.8,0
18668,168.95,grocery,0,0,22,12,339.5,0
15422,63.57,online_retail,0,0,20,14,574.9,0
2897,154.84,utilities,0,0,19,17,23.0,0
11074,145.32,pharmacy,0,0,18,14,665.1,0
5209,59.35,fuel,0,0,8,18,284.6,0
3285,140.13,online_retail,0,0,19,14,412.5,0
9329,81.34,utilities,0,0,7,10,253.8,0
12271,169.32,dining,0,1,12,12,1813.0,0
17532,62.67,entertainment,0,0,8,13,49.1,0
658,155.03,utilities,1,0,8,18,122.3,0
15787,46.26,utilities,0,0,11,13,288.6,0
1174,49.74,jewelry,0,1,6,18,406.1,0
10880,355.11,travel,0,1,15,9,561.7,0
3966,94.86,jewelry,1,0,6,14,146.0,0
10904,71.14,pharmacy,0,1,22,14,128.9,0
4648,230.18,travel,0,0,7,12,403.0,0
10959,195.33,jewelry,0,0,7,16,208.2,0
14179,64.26,fuel,0,1,9,11,276.1,0
2730,50.05,jewelry,0,0,15,12,64.4,0
16419,492.2,travel,1,1,2,5,8.0,1
18171,167.7,travel,0,0,18,14,117.5,0
6854,158.67,fuel,0,0,21,11,280.9,0
12008,31.17,fuel,0,1,6,15,244.6,0
6514,174.39,pharmacy,0,0,8,17,79.9,0
1456,169.84,fuel,0,0,19,14,171.0,0
12297,103.71,entertainment,0,0,6,13,89.0,0
19909,137.93,electronics,0,1,3,15,42.7,0
4290,209.29,travel,0,0,19,16,59.3,0
2136,21.8,dining,1,1,13,9,73.5,0
7479,74.61,grocery,0,0,18,15,598.8,0
11047,52.03,travel,0,0,9,19,144.6,0
128,57.13,electronics,0,0,16,15,814.6,0
18684,183.66,jewelry,0,0,20,19,528.3,0
18055,130.72,online_retail,0,0,11,10,79.1,0
5386,73.41,fuel,1,0,5,20,144.1,0
1952,50.49,entertainment,0,0,10,9,247.7,0
19596,45.03,jewelry,0,1,21,8,440.2,0
18035,76.78,fuel,0,1,17,15,32.3,0
13883,158.79,grocery,1,0,22,18,628.0,0
3473,44.45,online_retail,0,0,16,19,17.0,0
5390,42.13,grocery,0,0,13,16,1769.4,0
3050,148.47,electronics,0,0,18,12,94.0,0
4557,35.46,online_retail,0,0,19,13,422.4,0
13092,105.31,travel,0,1,7,13,356.2,0
7637,242.0,utilities,0,0,6,10,362.0,0
8079,101.79,electronics,0,0,9,19,57.3,0
18865,110.77,utilities,0,1,18,18,506.3,0
14036,124.43,online_retail,0,0,10,17,170.7,0
3709,38.25,jewelry,0,0,22,13,32.0,0
13857,121.44,online_retail,0,0,0,8,938.6,0
4117,25.68,utilities,0,0,20,10,490.3,0
16542,128.33,online_retail,0,0,21,21,454.0,0
1945,95.93,online_retail,0,0,13,12,307.1,0
2766,45.06,dining,0,0,15,17,376.9,0
9996,51.61,fuel,1,0,0,17,67.8,0
11915,266.38,dining,0,0,18,13,1157.9,0
2985,256.64,pharmacy,0,0,12,19,28.7,0
5310,33.02,grocery,0,1,8,14,441.8,0
15762,159.38,pharmacy,0,0,2,16,8.3,0
11334,104.27,jewelry,0,0,21,18,154.4,0
8133,277.1,online_retail,0,1,8,14,329.1,0
13306,293.98,grocery,0,0,9,15,8.0,0
1750,116.77,pharmacy,0,1,14,13,17.5,0
7290,121.56,fuel,0,0,21,18,14.7,0
6502,80.77,electronics,0,0,15,14,480.0,0
10422,56.4,fuel,0,0,22,16,298.2,0
19647,117.63,utilities,0,0,7,19,858.6,0
10449,154.0,electronics,0,0,10,10,100.0,0
6006,416.81,online_retail,1,0,3,9,29.4,1
15196,139.07,electronics,0,0,13,9,127.9,0
7389,105.25,grocery,0,0,9,16,146.7,0
6751,165.94,utilities,0,1,14,8,35.6,0
12333,40.89,online_retail,0,0,5,16,310.3,0
9635,20.03,electronics,0,0,13,18,595.6,0
10106,65.82,online_retail,0,0,19,10,80.6,0
447,82.8,jewelry,0,0,14,18,113.1,0
13172,133.67,entertainment,0,0,7,10,2239.0,0
19827,119.95,entertainment,0,0,15,16,1508.9,0
10328,49.91,online_retail,0,0,9,15,439.0,0
13747,233.34,online_retail,0,0,6,13,51.7,0
16953,48.54,pharmacy,0,0,7,7,148.3,0
15164,167.12,pharmacy,0,0,22,15,489.1,0
8477,19.53,fuel,0,0,18,7,74.7,0
18607,6.51,online_retail,0,0,10,11,915.8,0
1475,218.04,electronics,0,0,8,12,335.2,0
16266,527.41,travel,0,1,3,9,181.9,1
2074,74.38,utilities,0,0,19,15,219.6,0
734,66.89,fuel,0,0,18,12,560.6,0
14620,49.96,grocery,0,0,18,14,537.9,1
10207,96.04,pharmacy,0,0,9,15,8.8,0
4448,27.63,grocery,0,1,19,17,14.7,0
19450,54.74,pharmacy,0,0,19,11,1425.8,0
12521,192.7,travel,0,0,12,9,61.4,0
14150,242.95,utilities,0,0,13,15,651.9,0
16192,168.1,electronics,0,0,19,20,579.4,0
5528,436.75,travel,0,1,18,17,858.4,0
6100,115.23,entertainment,0,0,11,14,466.9,0
18576,26.42,travel,1,0,18,17,16.7,0
10639,31.15,jewelry,1,0,11,16,72.6,0
10446,97.73,electronics,0,1,9,9,673.5,0
9183,20.3,dining,0,0,9,12,35.9,0
18423,128.12,pharmacy,0,0,20,9,839.7,0
18480,72.68,dining,0,0,3,12,1031.7,1
13470,74.47,travel,0,0,16,17,71.3,0
10759,59.43,entertainment,0,0,14,8,2.5,0
8434,175.02,electronics,0,0,16,4,123.8,1
8549,111.4,pharmacy,0,0,16,13,59.8,0
2320,39.4,online_retail,0,0,19,10,89.5,0
15793,207.08,entertainment,0,1,10,12,356.2,0
15347,187.14,travel,0,0,19,7,2406.5,0
15651,17.49,jewelry,0,0,14,16,376.4,0
15219,136.54,pharmacy,1,0,4,12,486.6,0
10287,140.52,dining,0,0,7,21,96.6,0
18334,102.41,pharmacy,1,1,8,24,564.6,0
10095,49.88,utilities,0,0,12,15,47.3,0
18997,110.14,online_retail,0,0,12,17,370.8,0
3502,194.81,pharmacy,0,0,16,20,324.5,0
6072,51.32,travel,0,0,10,21,194.5,0
4066,57.16,dining,0,0,4,20,109.2,0
18089,268.39,electronics,0,0,0,9,17.0,1
13903,86.1,utilities,0,0,5,12,899.9,0
5781,249.86,entertainment,0,0,13,13,110.0,0
5215,79.4,online_retail,0,0,20,16,166.0,0
9504,198.41,electronics,0,0,8,14,247.1,0
19257,89.84,fuel,0,0,14,15,8.1,0
14110,93.86,entertainment,0,1,3,17,152.9,0
18223,60.47,fuel,0,1,9,13,645.3,0
5866,274.0,travel,0,0,5,18,899.7,0
6800,118.17,dining,1,0,11,12,717.8,0
3042,46.14,jewelry,1,0,5,12,19.1,0
18526,323.28,jewelry,1,0,8,7,152.9,0
18712,24.25,travel,0,1,14,15,101.6,0
15357,76.9,entertainment,0,0,21,12,120.8,0
635,81.88,fuel,0,0,12,20,319.9,0
3008,72.54,travel,0,0,10,11,6.1,0
4199,69.72,grocery,0,0,8,13,74.9,0
3305,133.71,dining,0,0,10,7,47.6,0
13897,223.35,online_retail,0,0,14,24,11.9,0
18778,175.24,jewelry,0,0,9,16,442.5,0
8295,56.05,grocery,0,0,16,12,121.7,0
2655,114.82,electronics,0,1,14,22,126.1,0
1420,9.38,jewelry,0,0,8,19,229.6,0
16571,54.76,travel,0,0,7,9,36.9,0
14175,27.03,grocery,1,0,21,9,265.7,0
3385,156.05,fuel,0,0,20,13,164.6,0
10255,311.21,travel,0,0,6,13,133.9,0
13199,203.13,pharmacy,0,0,0,13,348.8,0
17040,118.6,travel,0,0,17,17,644.8,0
15609,46.42,utilities,0,0,14,18,263.4,0
14273,84.27,pharmacy,0,0,12,14,121.5,0
4467,195.34,travel,1,0,12,16,705.8,0
19834,55.89,online_retail,0,0,19,15,0.4,0
11032,71.93,jewelry,0,0,8,17,386.4,0
2622,88.46,online_retail,0,0,15,10,359.4,0
15308,115.0,fuel,0,1,18,18,544.4,0
3657,105.51,dining,0,0,20,20,447.6,0
1070,87.71,fuel,1,1,11,14,192.6,1
13932,109.33,jewelry,0,0,13,16,234.6,0
12685,102.03,jewelry,0,0,14,11,130.2,0
6996,38.98,utilities,0,0,12,14,11.1,0
14280,58.02,fuel,0,1,5,19,562.1,0
15372,141.05,utilities,0,0,7,12,71.0,0
12737,41.08,travel,0,0,7,10,74.7,0
15666,73.88,utilities,0,0,13,17,1028.6,0
9744,20.73,utilities,0,0,9,16,30.8,0
19971,244.34,pharmacy,0,0,8,18,165.2,0
5620,101.28,entertainment,0,0,15,15,621.8,0
19502,58.85,utilities,0,0,17,13,76.3,0
2701,116.85,grocery,0,0,2,13,12.8,0
15792,47.02,entertainment,0,0,20,12,186.4,0
17507,87.94,grocery,0,0,19,12,572.8,0
9460,146.58,dining,0,0,10,19,187.3,0
14555,129.58,grocery,1,0,21,9,680.2,0
8804,184.44,pharmacy,0,0,19,8,523.7,0
9845,30.08,utilities,0,0,6,18,389.3,0
9133,65.5,utilities,1,0,7,15,556.9,0
15147,75.18,jewelry,1,0,7,7,263.3,0
6522,138.33,fuel,0,0,9,19,106.5,0
9958,64.88,fuel,0,0,6,13,28.0,0
4246,74.0,pharmacy,0,0,22,11,111.1,0
19761,87.54,entertainment,0,0,13,13,184.7,0
15495,81.68,pharmacy,0,1,11,11,319.4,0
2368,103.13,grocery,0,0,12,14,71.2,0
8496,126.12,fuel,0,0,8,11,508.4,0
9232,44.54,grocery,0,0,16,18,20.3,0
6589,84.63,electronics,0,0,6,13,647.7,0
13341,123.49,fuel,0,0,13,8,195.3,0
6549,108.24,pharmacy,0,0,9,7,618.2,0
10053,417.35,electronics,0,0,1,4,27.3,1
17786,55.01,online_retail,1,0,18,18,397.1,0
11594,194.61,electronics,1,0,6,10,18.8,1
10344,113.65,travel,0,0,14,16,794.9,0
3336,100.56,pharmacy,0,0,6,21,1573.0,0
4121,233.13,dining,0,0,12,12,125.8,0
2776,200.59,entertainment,0,0,20,15,373.5,0
11577,55.19,utilities,1,0,22,14,510.9,0
8730,89.28,grocery,0,0,14,17,755.7,0
16520,147.58,grocery,0,0,7,10,272.6,0
5839,82.27,fuel,1,0,21,18,75.5,0
13087,51.42,jewelry,0,0,13,12,660.4,0
2847,100.32,entertainment,0,0,9,14,100.1,0
15497,48.35,pharmacy,0,0,0,16,75.0,0
19726,79.64,online_retail,0,0,10,13,318.3,0
4481,165.29,pharmacy,0,0,22,11,607.9,0
2931,80.97,electronics,0,0,13,17,53.2,0
17853,39.38,jewelry,0,0,21,16,644.7,0
17158,110.2,grocery,0,0,3,10,286.2,0
9026,150.62,grocery,1,0,16,13,567.7,0
7724,49.2,utilities,0,0,22,22,114.7,0
6682,111.12,utilities,0,1,6,20,847.3,0
17119,130.59,fuel,0,0,17,17,288.7,0
7262,85.47,pharmacy,0,0,7,14,182.2,0
19155,399.81,fuel,0,1,21,23,181.2,0
8652,108.29,dining,0,0,9,19,706.0,0
2350,121.9,utilities,0,0,22,13,129.9,0
18925,103.34,fuel,0,0,12,16,133.2,0
3434,18.92,utilities,1,1,18,16,173.4,0
3805,161.84,grocery,0,0,20,10,420.5,0
18910,197.84,grocery,0,0,12,22,296.3,0
11387,189.27,travel,0,0,12,17,292.7,0
3302,170.45,dining,0,0,19,13,118.1,0
14412,73.77,jewelry,0,0,7,11,138.3,0
6574,102.48,online_retail,0,0,16,7,91.4,0
4492,133.21,electronics,0,1,7,19,468.0,0
8343,181.86,online_retail,0,1,4,12,610.7,0
11986,80.93,electronics,0,0,12,12,387.9,0
9490,244.39,travel,0,0,7,16,125.2,0
12491,25.2,jewelry,0,0,19,10,316.8,0
5381,113.11,dining,0,1,22,14,310.2,0
4161,45.54,grocery,0,0,14,14,105.4,0
17111,163.31,online_retail,0,0,0,9,120.6,0
6905,93.82,online_retail,0,0,13,20,985.3,0
12353,406.94,electronics,0,1,2,4,348.2,1
15171,140.34,utilities,0,0,20,15,229.9,0
12193,12.35,electronics,0,0,7,13,120.0,0
2992,84.85,dining,0,0,15,26,162.8,0
7952,143.96,entertainment,1,0,22,12,34.7,0
8463,66.72,jewelry,0,0,21,20,211.5,1
2640,70.31,entertainment,0,0,13,13,206.6,0
8099,59.47,grocery,0,0,15,14,33.5,0
7702,158.42,electronics,0,0,18,15,255.8,0
3560,20.93,utilities,0,0,12,11,539.4,0
197,79.04,jewelry,0,1,14,17,285.8,0
15318,242.84,jewelry,0,0,8,11,357.6,0
8231,98.34,entertainment,0,1,14,15,128.8,0
16400,193.08,entertainment,0,0,13,17,385.2,0
2168,373.66,online_retail,0,0,17,12,1789.8,0
4892,221.65,dining,0,1,18,15,121.7,0
1825,91.22,online_retail,0,0,13,21,282.3,0
11938,187.08,dining,0,1,9,15,10.0,0
1739,184.49,grocery,0,0,22,8,791.6,0
9366,38.73,online_retail,0,0,17,12,358.6,0
11685,80.73,entertainment,0,0,19,12,296.5,0
10348,81.36,pharmacy,0,1,13,18,651.8,0
7744,63.92,utilities,0,0,2,14,240.0,0
10870,158.72,entertainment,0,0,22,16,897.4,0
1181,22.63,travel,0,0,14,15,122.4,0
11533,114.51,utilities,0,0,19,10,10.3,0
11312,483.28,pharmacy,0,0,13,14,213.1,0
3804,121.93,fuel,0,0,16,9,124.3,0
19507,82.23,jewelry,1,0,19,15,361.4,0
18863,80.48,pharmacy,0,0,16,17,388.3,0
2710,186.66,travel,1,0,20,13,454.8,0
10219,56.04,grocery,0,0,11,16,781.9,0
5629,76.47,utilities,0,0,17,16,992.4,0
12286,155.4,travel,0,0,22,9,52.2,0
2901,175.03,jewelry,0,0,19,15,390.1,0
17797,128.36,entertainment,0,1,3,13,363.3,0
11001,67.61,dining,0,0,16,21,76.8,0
12581,151.57,fuel,0,1,15,14,1058.4,0
9793,88.69,jewelry,0,1,22,16,186.8,0
6228,129.36,electronics,0,0,9,9,145.0,0
5064,116.07,electronics,0,0,21,15,390.4,0
19694,174.19,electronics,0,0,17,16,59.6,0
8753,32.77,grocery,0,0,9,12,269.8,0
9690,379.17,pharmacy,0,0,10,13,310.9,0
904,51.87,travel,0,1,9,12,11.5,0
5359,179.21,grocery,0,0,17,9,60.0,0
7606,98.0,grocery,0,0,19,9,148.7,0
13356,133.4,fuel,0,0,13,14,1101.2,0
18344,163.69,electronics,0,0,13,9,500.6,0
13514,71.16,travel,0,0,0,17,353.9,0
14982,57.39,fuel,0,0,7,19,405.9,0
14119,31.3,travel,0,0,11,17,1113.0,0
5695,107.62,jewelry,1,0,9,11,234.5,0
5417,109.06,travel,0,1,16,9,669.0,0
5885,60.33,grocery,0,0,0,10,202.9,0
6939,89.83,travel,0,0,5,17,311.7,0
8072,178.0,utilities,1,0,9,7,239.0,0
11663,45.69,fuel,1,0,13,17,301.8,0
19950,203.23,fuel,0,0,20,21,176.4,0
17074,107.05,pharmacy,0,0,8,16,776.6,0
18454,308.2,travel,0,1,10,13,194.1,0
4682,196.58,pharmacy,0,0,13,15,117.3,0
16097,255.99,fuel,0,1,19,7,1202.7,0
10971,186.06,pharmacy,0,1,13,15,1357.7,0
6230,73.85,utilities,0,0,14,9,653.1,0
12021,93.32,utilities,0,0,6,9,953.3,0
14451,24.94,electronics,1,0,18,18,89.6,0
15675,159.91,online_retail,0,0,12,17,11.8,0
15536,107.03,electronics,0,0,7,18,914.7,0
10135,55.54,grocery,1,0,11,11,776.0,0
15748,44.99,entertainment,0,1,7,13,406.7,0
15201,171.11,jewelry,0,0,13,15,843.4,0
15741,61.87,pharmacy,0,1,14,18,224.7,0
13971,248.01,utilities,0,0,16,13,191.0,0
18397,142.37,dining,0,0,14,13,2447.0,0
12681,185.51,grocery,0,0,13,19,19.2,0
3689,30.84,jewelry,0,0,6,16,468.7,0
4791,136.6,dining,0,0,16,18,20.6,0
7597,134.92,travel,1,0,19,18,295.2,0
8789,14.47,entertainment,1,0,12,17,542.2,0
17199,168.41,fuel,0,0,20,11,207.1,0
4820,187.09,fuel,0,0,18,18,213.1,0
15029,12.02,grocery,0,0,22,16,620.1,0
15658,45.42,entertainment,0,0,7,14,264.5,0
15574,31.83,fuel,0,0,20,16,152.2,0
10049,60.53,dining,0,0,18,11,64.4,0
9776,266.32,jewelry,0,0,13,12,11.8,0
4663,95.3,electronics,0,0,6,11,253.1,0
11801,128.44,fuel,1,0,6,15,5.7,0
10875,50.62,fuel,1,0,16,14,188.5,0
18587,134.78,jewelry,0,0,21,13,106.5,0
5098,70.75,pharmacy,0,0,8,19,87.8,0
10888,19.17,entertainment,1,0,11,17,33.0,0
19410,58.14,pharmacy,0,0,11,14,851.1,0
14473,26.14,dining,0,1,4,19,167.9,0
2666,65.76,utilities,0,0,3,14,514.1,0
17113,343.28,jewelry,1,0,4,4,127.3,0
19865,263.99,travel,0,0,20,14,124.1,0
3125,198.45,fuel,0,0,6,11,1059.2,0
7536,55.73,online_retail,0,0,22,16,991.2,0
19749,204.45,online_retail,0,0,15,12,23.0,0
18288,112.0,jewelry,1,0,18,9,463.9,0
4071,45.55,grocery,0,0,22,17,228.3,0
7514,23.95,electronics,0,0,4,14,142.0,0
19328,100.9,travel,0,1,22,11,467.2,0
10619,117.55,entertainment,0,0,17,17,151.1,0
9757,95.09,dining,0,0,15,17,556.7,0
13764,32.41,grocery,0,0,6,12,244.4,0
3674,128.49,online_retail,0,0,20,15,745.9,0
3267,30.02,fuel,0,0,20,9,228.3,0
10000,82.88,utilities,0,0,15,8,302.5,0
609,74.71,electronics,0,0,14,12,132.1,0
872,44.06,electronics,0,0,7,11,548.7,0
5206,155.23,fuel,0,0,16,15,243.4,0
6132,104.24,jewelry,0,0,12,16,283.1,0
10555,195.66,electronics,0,0,15,15,607.2,0
17769,44.06,jewelry,0,0,17,12,212.1,0
15669,141.95,pharmacy,0,0,22,7,154.7,0
4035,68.61,pharmacy,0,0,19,14,224.1,0
456,75.04,online_retail,0,0,22,15,223.3,0
17549,90.86,fuel,0,1,15,13,317.4,0
12939,95.86,online_retail,0,0,10,10,289.1,0
11008,105.64,online_retail,0,0,7,15,527.9,0
10532,97.19,pharmacy,0,0,11,13,424.1,0
10456,79.8,jewelry,1,0,3,16,39.7,0
11133,61.89,pharmacy,0,1,13,10,191.1,0
15749,52.97,utilities,0,0,9,14,80.7,0
15615,70.78,travel,0,0,18,23,643.2,0
12489,59.96,dining,0,1,12,8,114.0,0
14274,64.69,utilities,0,0,22,9,146.0,0
11719,176.59,entertainment,0,0,22,19,74.2,0
18507,57.81,utilities,0,0,19,23,837.7,0
711,211.06,online_retail,0,0,14,16,160.6,0
15785,54.94,fuel,0,0,17,6,370.6,0
14806,22.33,grocery,0,0,8,21,317.2,0
7057,252.16,fuel,0,0,15,16,1565.4,0
15757,117.42,pharmacy,0,0,8,8,135.9,0
2900,303.2,utilities,0,0,21,16,36.9,0
7881,121.37,travel,0,0,19,9,287.7,0
3758,103.53,pharmacy,0,0,8,10,889.1,0
4628,29.48,entertainment,0,0,18,12,3.4,0
7284,46.42,grocery,0,1,12,8,466.3,1
15631,213.57,online_retail,0,0,11,18,241.9,0
11365,78.98,travel,0,0,9,14,198.2,0
19735,33.2,jewelry,0,0,9,14,273.9,0
13913,98.8,fuel,0,0,16,10,655.8,0
5699,35.14,online_retail,0,0,3,11,541.1,0
10644,148.79,pharmacy,0,0,18,11,68.0,0
15184,136.35,fuel,0,0,7,14,228.7,0
11222,73.01,travel,0,0,0,15,209.0,1
16805,50.88,online_retail,0,0,6,11,272.7,0
4523,131.07,electronics,0,0,18,17,408.2,0
1489,162.07,fuel,0,0,20,16,232.2,0
603,529.78,dining,0,0,15,13,72.1,0
1973,144.08,fuel,1,0,17,12,104.8,0
6746,105.49,utilities,0,0,19,15,277.7,1
2352,200.28,electronics,0,0,11,16,881.2,0
4351,177.68,entertainment,0,0,16,20,112.8,0
7541,262.03,entertainment,1,0,18,13,218.1,0
19470,43.13,travel,0,0,14,21,438.2,0
13757,203.75,jewelry,0,0,16,13,594.1,0
4921,119.98,utilities,0,0,9,18,262.5,0
6670,78.51,entertainment,0,0,9,13,433.2,0
14205,119.17,grocery,0,0,17,11,221.1,0
8955,97.06,dining,0,0,18,16,8.2,0
13098,151.22,travel,0,1,12,8,383.0,0
18370,40.14,jewelry,0,1,10,14,37.2,0
9900,91.04,electronics,0,0,17,15,85.5,0
8970,235.48,jewelry,0,0,18,18,261.8,0
18192,117.64,electronics,0,0,20,17,251.0,0
16443,68.77,dining,0,0,8,18,1294.4,0
9034,79.6,fuel,1,0,17,16,77.3,0
14315,48.2,online_retail,0,0,15,9,592.2,0
7482,69.63,pharmacy,0,0,6,15,144.1,0
17596,62.73,online_retail,1,0,20,12,152.7,0
850,178.65,electronics,0,0,7,11,723.7,0
3379,119.92,electronics,1,0,19,22,432.2,0
9594,387.67,travel,0,1,1,10,34.1,1
13909,39.11,utilities,1,0,9,19,166.1,0
4758,57.27,pharmacy,0,0,21,15,352.9,0
3293,215.93,dining,0,0,18,9,928.0,0
12785,62.96,travel,0,0,15,14,195.4,0
5817,88.5,electronics,0,0,0,17,237.7,0
1019,66.77,grocery,0,1,21,16,723.6,0
6492,35.58,entertainment,0,0,15,19,198.9,0
5027,248.9,dining,0,1,11,15,62.3,0
5703,209.27,travel,0,0,13,19,478.6,0
17313,173.02,pharmacy,0,1,20,12,313.5,0
18561,16.47,electronics,0,0,17,18,232.0,0
2593,94.58,online_retail,0,0,15,16,31.9,0
1394,183.05,fuel,0,0,21,15,271.3,0
13417,60.87,dining,0,0,20,20,34.3,0
12237,45.5,dining,0,1,12,11,386.3,0
16609,163.59,jewelry,0,0,12,19,769.9,0
7682,33.76,fuel,0,0,15,13,321.4,0
19962,217.1,pharmacy,0,0,21,26,184.1,0
7298,158.12,entertainment,0,0,16,17,185.6,0
8445,61.78,jewelry,0,0,7,20,185.4,0
12039,248.51,electronics,0,0,20,10,244.1,0
12170,181.54,fuel,0,0,20,15,81.0,0
19044,68.99,online_retail,0,1,11,21,40.9,0
6110,50.84,pharmacy,0,1,16,20,610.8,0
9112,74.28,travel,0,1,2,14,132.6,0
12194,250.59,entertainment,0,0,9,15,266.8,0
8739,149.22,utilities,0,0,19,13,719.6,0
17067,101.44,fuel,0,0,16,11,47.5,0
18798,11.27,pharmacy,0,0,19,16,73.4,0
11673,92.98,entertainment,0,0,12,15,191.0,0
1356,93.52,electronics,0,0,15,9,242.3,0
12455,85.81,grocery,0,0,6,18,49.3,0
1052,117.01,electronics,1,0,10,11,8.5,0
13155,30.39,electronics,0,0,13,10,61.5,0
15339,33.96,entertainment,0,0,21,12,1013.0,0
9830,74.49,grocery,0,0,16,18,719.0,0
12827,185.39,fuel,0,0,22,14,379.9,0
13591,72.71,grocery,0,0,8,15,0.4,0
6044,88.16,entertainment,0,0,13,9,73.2,0
5831,32.05,electronics,1,0,19,19,350.6,0
7729,307.27,electronics,0,0,17,20,165.4,0
16037,72.81,pharmacy,0,0,10,18,167.1,0
12446,49.48,grocery,0,0,22,19,2.8,0
19573,92.16,electronics,0,0,6,14,183.1,0
7243,87.2,travel,0,0,9,12,948.8,0
5303,101.23,electronics,0,0,10,14,205.7,0
18623,88.42,jewelry,0,0,15,13,115.7,0
3287,36.56,pharmacy,1,0,4,4,115.5,1
11172,68.42,electronics,0,1,15,23,136.7,0
10429,99.45,jewelry,0,0,13,15,252.7,0
14137,300.82,utilities,0,1,5,5,26.0,1
15099,135.55,pharmacy,0,0,11,12,1091.7,0
5979,95.73,utilities,0,0,18,16,993.5,0
8608,19.78,pharmacy,0,0,8,15,890.3,0
17275,12.84,dining,0,0,9,9,338.0,0
1073,283.43,utilities,0,0,8,23,860.7,0
3484,197.56,grocery,0,1,12,11,711.9,0
4872,597.86,dining,1,0,10,15,189.5,0
11385,23.89,dining,0,0,7,16,227.3,0
10720,91.78,utilities,0,0,10,16,36.9,0
6545,241.88,pharmacy,0,0,8,14,12.2,0
5588,181.46,travel,0,0,12,20,246.8,0
14222,231.06,utilities,0,1,19,13,236.5,0
1152,56.99,electronics,0,1,22,12,509.8,0
6451,256.11,online_retail,0,1,22,7,406.9,0
9181,44.84,grocery,0,0,6,16,15.6,0
6329,129.89,electronics,0,0,3,16,201.1,0
8250,113.84,fuel,0,0,9,15,803.0,0
8632,31.1,travel,0,1,8,8,123.1,0
19119,190.71,dining,0,0,8,15,529.9,0
867,84.8,electronics,0,0,15,14,298.3,0
13983,168.2,dining,0,0,16,18,30.6,0
6533,76.47,jewelry,0,0,8,15,180.3,0
6194,117.55,online_retail,0,0,7,14,41.5,0
8475,47.52,utilities,0,0,19,15,72.4,0
974,121.47,pharmacy,0,1,22,12,2.2,0
9403,112.33,electronics,0,0,10,17,80.1,0
73,159.98,entertainment,0,0,4,7,160.6,0
17834,111.66,online_retail,1,0,11,9,213.6,0
3887,140.17,pharmacy,1,0,14,21,311.3,0
5087,46.02,dining,0,0,5,16,134.1,0
12349,68.08,grocery,0,0,6,6,716.3,0
13441,44.67,electronics,1,0,11,21,239.7,0
3703,124.99,electronics,1,0,12,16,589.3,0
12214,345.28,electronics,0,1,9,3,14.0,1
6284,263.96,electronics,0,0,12,13,238.1,0
10978,74.83,fuel,0,0,14,19,245.8,0
13271,67.15,dining,0,0,21,21,91.3,0
12906,113.81,grocery,1,1,7,20,912.5,0
13955,38.43,jewelry,0,0,9,15,373.3,0
4419,76.45,pharmacy,0,0,19,19,77.7,0
7873,151.78,utilities,0,0,6,17,253.1,0
13673,133.54,entertainment,0,0,22,13,1352.4,0
8255,98.88,jewelry,0,0,18,14,554.9,0
2508,129.47,dining,0,0,13,10,119.2,0
4284,25.67,pharmacy,0,0,16,11,497.7,0
9049,108.93,entertainment,0,0,18,13,310.8,0
11954,34.65,online_retail,0,0,15,22,234.5,0
8512,204.67,utilities,0,0,20,14,297.1,0
6528,178.11,electronics,0,0,15,17,274.6,0
4653,3.07,dining,0,0,1,16,223.8,1
16612,114.66,online_retail,0,0,19,15,46.1,0
1072,152.68,electronics,0,0,6,10,163.2,0
13630,108.87,entertainment,0,0,14,18,573.3,0
703,47.48,jewelry,0,0,21,15,89.4,0
15898,146.63,utilities,0,0,9,6,178.9,0
7375,26.23,dining,0,1,9,18,188.7,0
12072,85.16,travel,0,0,16,19,243.4,0
15381,65.94,utilities,0,0,19,12,1035.1,0
18005,36.87,grocery,0,0,9,16,560.7,0
17368,48.8,online_retail,0,1,21,11,366.9,0
10489,34.41,pharmacy,0,0,21,22,390.1,0
17938,69.62,entertainment,0,1,18,16,745.1,0
14081,88.94,online_retail,0,0,18,12,183.9,0
10747,398.08,pharmacy,0,0,10,13,121.4,0
6076,147.33,dining,0,0,14,20,981.2,0
7611,74.78,electronics,0,0,20,15,163.6,0
19636,81.26,entertainment,0,0,7,12,110.6,0
12808,102.22,online_retail,0,0,21,9,276.5,0
5312,181.5,pharmacy,0,0,12,11,313.2,0
2576,73.39,pharmacy,0,0,1,12,25.3,0
16370,248.1,electronics,0,0,4,14,201.3,0
14713,27.78,travel,0,0,11,16,517.9,0
14913,145.83,entertainment,0,1,9,16,533.4,0
13151,90.68,electronics,0,0,9,12,328.2,0
8297,273.31,pharmacy,0,0,18,19,130.7,0
450,53.79,dining,0,0,6,11,1368.1,0
18335,87.22,entertainment,0,0,14,16,411.0,0
17414,21.41,travel,0,0,11,12,122.7,0
15416,76.73,travel,0,0,18,18,341.7,0
15320,42.87,jewelry,0,1,14,9,513.3,0
9089,51.4,jewelry,0,0,6,8,24.8,0
9853,171.3,pharmacy,0,1,18,13,340.6,0
13062,78.04,utilities,0,0,15,20,482.7,0
4756,139.28,pharmacy,0,0,10,16,36.0,0
1352,140.28,utilities,0,0,8,25,764.1,0
9479,187.46,fuel,1,1,12,14,783.4,0
5056,289.56,electronics,0,0,17,11,147.2,0
4445,121.7,pharmacy,0,0,15,25,102.3,0
11834,142.09,grocery,0,0,8,10,431.6,0
12471,140.6,grocery,0,0,16,13,382.7,0
14425,107.28,pharmacy,0,0,13,19,113.5,0
14276,182.32,fuel,0,0,7,7,40.0,0
15072,125.76,grocery,0,0,7,12,395.3,0
16063,13.4,grocery,0,1,8,18,478.9,0
30,20.7,dining,0,0,6,14,335.0,0
8509,147.3,travel,0,0,2,8,97.9,0
1874,30.41,utilities,0,0,6,15,452.2,0
19932,205.79,utilities,0,0,9,15,71.0,0
13650,128.92,grocery,1,0,15,14,281.7,0
11110,99.01,travel,0,0,17,12,11.4,0
16460,71.58,travel,0,0,10,17,474.9,0
13649,101.48,electronics,1,1,19,4,58.2,0
16243,124.5,entertainment,0,1,12,18,236.1,0
1507,122.73,electronics,0,1,7,14,729.5,0
11702,63.64,electronics,0,0,15,8,153.3,0
15577,57.93,entertainment,0,0,6,11,7.2,1
8055,46.39,electronics,0,0,19,16,85.9,0
6652,55.13,electronics,0,0,17,13,39.3,0
5296,89.53,dining,0,0,7,13,50.5,0
11886,152.52,electronics,0,0,7,10,86.9,0
10887,83.2,utilities,0,0,1,15,474.4,0
12393,310.62,travel,0,0,13,19,171.2,0
10299,52.06,dining,0,0,8,17,93.0,0
3749,191.67,utilities,0,0,16,14,31.9,0
17237,35.31,entertainment,0,0,6,9,82.0,0
7136,317.59,dining,0,0,7,16,531.9,0
6676,57.9,grocery,0,0,12,17,86.3,0
928,46.57,travel,0,0,21,5,80.5,0
4451,125.71,electronics,0,0,13,17,410.7,0
9938,85.24,fuel,0,1,9,14,467.6,0
3355,56.3,grocery,0,1,8,11,238.1,0
8935,41.67,dining,0,0,15,11,1320.6,0
2588,31.79,dining,0,0,11,4,26.2,0
15379,84.94,jewelry,0,1,14,16,897.9,0
1112,11.77,dining,1,0,12,15,397.8,0
8651,141.69,utilities,0,0,11,17,350.3,0
7648,125.94,travel,0,0,11,15,38.4,0
5967,86.28,travel,0,0,16,10,232.9,0
14171,77.7,travel,0,0,14,13,32.2,0
19910,143.26,electronics,1,0,11,11,643.9,0
12058,72.73,fuel,0,0,16,15,4.8,0
18304,103.29,travel,0,0,2,12,243.4,0
14500,80.56,fuel,0,0,14,21,267.0,0
10928,185.63,utilities,0,0,10,18,307.0,0
19686,148.06,fuel,0,0,22,16,92.8,0
9468,274.89,fuel,0,0,20,13,226.3,0
14576,66.86,jewelry,0,0,11,17,96.3,0
7483,144.44,entertainment,0,0,10,17,34.1,0
12085,126.35,jewelry,0,0,18,17,586.2,0
3986,83.11,entertainment,0,0,18,9,430.6,0
19591,46.03,electronics,0,1,16,22,1.1,0
17206,25.09,pharmacy,1,0,12,11,2.0,0
12169,142.4,electronics,0,0,8,12,441.0,0
2377,26.69,dining,0,0,3,11,374.3,0
19747,12.02,jewelry,0,0,11,14,337.3,0
13766,49.59,online_retail,0,0,20,11,287.0,0
17674,149.74,pharmacy,0,0,10,17,261.5,0
3590,150.08,jewelry,0,0,18,12,540.3,0
3112,169.55,online_retail,0,0,8,13,131.5,0
14697,105.92,pharmacy,0,0,18,17,98.8,0
6858,251.5,online_retail,0,0,17,15,35.8,0
14102,115.39,online_retail,0,0,7,20,357.1,0
9086,41.61,jewelry,0,0,9,13,503.4,0
3541,13.57,online_retail,0,0,9,14,212.1,0
5816,206.75,utilities,0,0,18,16,185.3,0
5204,69.97,electronics,0,0,16,13,8.3,0
1333,98.88,pharmacy,0,0,6,16,387.1,0
9968,166.56,jewelry,0,0,17,15,399.4,0
6633,109.65,electronics,1,0,11,14,365.6,0
16765,12.29,grocery,0,1,5,14,19.8,0
17601,52.79,travel,0,0,3,12,209.1,0
13237,222.99,grocery,1,0,7,14,333.3,0
17574,92.74,pharmacy,0,0,12,16,2.3,0
12582,45.74,fuel,0,1,16,14,30.8,0
2711,17.34,grocery,0,0,20,16,1607.3,0
15165,48.13,entertainment,1,1,19,15,613.7,0
3194,46.97,fuel,0,0,4,10,973.7,0
13365,45.0,entertainment,0,0,10,18,355.2,0
11127,136.52,jewelry,0,0,0,6,26.6,1
10893,56.29,utilities,0,1,12,12,2131.6,0
5884,93.25,electronics,1,1,8,15,70.1,0
178,242.59,travel,0,0,2,7,4.1,1
905,155.2,fuel,1,0,16,22,243.2,0
9057,124.55,fuel,0,0,21,15,203.3,0
9700,163.5,online_retail,0,0,9,15,13.6,0
19564,128.49,entertainment,0,0,15,20,83.1,0
19193,64.05,electronics,0,0,10,8,176.2,0
19422,168.01,pharmacy,0,0,19,18,238.4,0
10081,20.0,online_retail,1,0,16,20,334.4,0
16804,164.71,travel,0,0,9,15,332.0,0
19075,169.73,grocery,1,0,16,11,222.3,0
17005,65.27,travel,0,0,17,6,272.0,0
15645,180.88,online_retail,1,0,9,16,218.8,0
15514,191.1,entertainment,0,0,21,12,691.2,0
507,113.67,grocery,0,0,20,17,113.2,0
6602,66.91,jewelry,0,0,20,16,1142.2,0
17258,150.47,travel,0,0,19,15,817.4,0
13016,62.68,entertainment,0,0,19,16,98.7,0
9028,244.26,fuel,0,1,22,12,14.4,0
3683,202.22,dining,0,0,16,10,85.2,0
4762,147.1,online_retail,0,1,11,12,179.5,0
15118,109.34,online_retail,0,1,18,12,70.8,0
14301,246.65,electronics,0,0,18,18,4.9,0
16053,214.09,jewelry,0,0,15,8,1127.2,0
12386,183.58,entertainment,1,0,15,7,31.2,1
17435,44.28,utilities,0,0,9,18,501.1,0
5233,116.88,pharmacy,0,1,18,16,60.0,0
7078,193.8,jewelry,1,0,8,15,899.5,0
16506,58.83,travel,0,0,11,16,671.9,0
102,181.38,electronics,0,0,21,19,213.5,0
17226,21.41,travel,0,0,12,19,198.5,0
9414,145.75,grocery,0,1,3,15,85.8,0
12840,145.87,online_retail,0,0,8,11,1607.6,0
11858,47.73,dining,0,0,21,14,51.0,0
6696,35.21,electronics,0,0,0,15,62.7,0
4045,73.39,online_retail,0,0,14,14,875.6,1
49,248.17,dining,0,0,6,13,229.7,0
19542,24.63,electronics,0,0,22,19,4.8,0
16841,236.12,travel,0,0,13,14,75.1,0
19787,134.7,jewelry,0,0,17,12,802.7,0
6104,37.99,utilities,0,0,21,16,80.0,0
3697,98.38,jewelry,1,0,5,12,318.7,0
4242,45.44,entertainment,0,0,12,8,16.6,0
18593,242.33,pharmacy,0,0,15,15,37.2,0
6798,131.81,electronics,0,0,1,22,470.7,0
4237,32.18,travel,0,0,14,16,61.9,0
9254,60.09,pharmacy,0,1,7,13,28.8,0
8311,28.37,fuel,0,0,5,9,158.0,0
3227,50.74,fuel,0,0,13,12,198.3,0
14349,61.58,fuel,0,0,20,4,1010.9,0
461,151.74,entertainment,0,0,21,15,1549.4,0
14517,383.03,electronics,1,1,1,5,28.8,1
9192,200.34,fuel,1,0,22,23,656.0,0
17998,49.69,utilities,0,0,19,9,989.6,0
14128,19.89,entertainment,0,1,15,14,319.7,0
11546,65.33,dining,0,0,18,17,17.9,0
4264,253.12,pharmacy,0,0,14,17,59.8,0
9313,106.26,utilities,0,0,7,7,41.6,1
16234,33.08,grocery,0,0,14,17,0.3,0
2972,146.21,entertainment,0,0,13,13,505.5,0
13531,63.59,entertainment,0,1,0,15,193.0,0
1755,46.59,travel,0,1,18,14,422.1,0
15627,279.2,grocery,1,0,8,11,814.6,0
902,26.46,travel,0,0,1,16,471.0,0
4487,129.92,jewelry,0,0,6,13,407.2,0
3278,83.16,travel,0,0,10,17,278.2,0
1889,76.15,fuel,0,1,20,18,134.5,0
1224,9.62,entertainment,0,0,4,10,409.6,0
14363,293.4,entertainment,0,0,10,21,413.1,0
9052,88.83,grocery,0,0,21,22,587.3,0
18923,92.32,entertainment,0,0,13,5,484.2,0
10009,70.89,electronics,0,0,19,9,154.5,0
18114,128.83,pharmacy,1,1,15,13,201.3,0
6339,37.68,travel,0,0,6,15,79.2,1
9818,136.09,dining,0,1,8,16,1099.2,0
2735,65.89,grocery,0,0,22,8,144.8,0
4416,150.55,travel,0,0,9,12,561.3,0
18231,174.82,dining,0,0,16,20,768.2,0
9358,87.26,fuel,1,0,10,8,645.7,0
19748,87.15,grocery,0,0,8,10,226.9,0
12755,43.47,grocery,0,0,6,11,489.3,0
7888,41.76,entertainment,0,0,21,17,84.0,0
3067,139.11,electronics,0,0,17,18,257.8,0
19394,106.26,dining,0,0,15,14,10.0,0
4656,61.96,fuel,0,0,21,12,244.7,0
15907,113.65,grocery,0,0,20,11,1346.2,0
10054,160.51,pharmacy,0,0,20,7,454.9,0
9245,72.26,online_retail,1,1,18,15,367.1,0
11525,75.95,pharmacy,0,0,11,13,208.4,0
4446,333.97,grocery,0,0,4,5,42.4,1
7164,67.74,fuel,0,0,21,12,407.4,0
13050,116.83,jewelry,0,0,10,21,119.8,0
12672,245.21,utilities,0,0,11,15,112.9,0
1312,93.88,dining,0,0,6,20,745.8,0
6150,186.03,utilities,0,0,11,18,11.8,0
12060,87.65,grocery,0,0,11,14,397.3,0
2723,62.5,jewelry,0,0,18,11,332.6,0
11762,83.14,jewelry,0,1,21,9,405.4,0
958,465.61,online_retail,1,0,0,9,143.7,1
18503,121.31,fuel,0,0,0,17,165.0,0
17467,193.97,utilities,0,0,20,15,294.1,0
11221,15.52,fuel,0,0,11,13,134.6,0
13800,117.74,pharmacy,0,0,13,12,365.2,0
8689,108.47,entertainment,0,0,14,14,254.4,0
8741,168.57,fuel,0,0,19,10,377.1,0
3545,86.75,jewelry,0,0,7,14,179.9,0
2058,544.51,online_retail,0,0,5,8,25.2,1
5256,162.63,travel,0,0,11,11,85.6,0
7034,114.97,jewelry,0,0,12,15,54.3,0
19171,83.12,utilities,0,0,15,20,13.9,0
19616,278.75,dining,1,0,11,16,28.9,0
17770,66.74,grocery,0,0,17,13,301.2,0
2178,22.74,travel,0,0,8,18,81.6,0
9725,134.28,fuel,0,0,20,13,124.7,0
13315,40.65,jewelry,0,1,14,12,113.8,0
3828,41.81,entertainment,0,0,19,17,255.3,0
12104,75.89,pharmacy,0,0,11,13,89.7,0
4304,63.0,pharmacy,0,0,3,12,244.1,0
3043,283.95,pharmacy,0,1,11,10,545.3,0
7492,16.4,electronics,0,0,20,12,66.9,0
12381,77.96,electronics,0,0,9,14,53.1,0
7898,35.05,jewelry,0,0,18,7,23.2,0
19216,148.26,fuel,0,0,13,14,63.9,0
13910,121.66,utilities,0,0,21,12,24.0,0
9226,244.63,entertainment,0,0,18,17,69.0,0
11810,73.39,travel,1,0,21,18,539.7,0
1506,92.93,jewelry,0,0,18,7,247.8,0
9296,118.42,electronics,0,0,10,13,407.2,0
15005,132.17,pharmacy,1,0,5,15,664.7,0
13367,246.22,grocery,0,0,7,12,100.0,0
2839,142.92,online_retail,0,0,12,17,798.3,0
14611,98.6,travel,0,0,13,13,367.3,0
10084,68.85,jewelry,0,0,12,14,1611.2,0
13532,200.82,fuel,0,0,6,17,380.1,0
11517,122.6,dining,0,0,12,15,457.6,0
177,141.02,dining,0,0,9,18,217.1,0
13446,59.28,utilities,0,1,21,17,778.2,0
8805,61.21,electronics,0,1,4,19,280.5,0
6675,165.29,travel,0,0,8,12,267.7,0
14086,357.14,fuel,0,0,18,13,122.0,0
8538,39.14,dining,1,0,13,14,74.8,0
10527,145.01,entertainment,0,0,15,14,248.1,0
2183,165.45,entertainment,0,0,18,11,833.8,0
11246,51.0,grocery,0,0,12,7,435.3,0
19607,193.69,dining,0,0,17,15,814.2,0
3977,151.31,entertainment,0,0,12,14,1132.6,0
4396,18.86,pharmacy,0,0,22,17,87.5,0
18145,47.68,jewelry,0,0,12,18,61.4,0
4390,77.54,online_retail,0,0,17,10,74.7,0
16485,94.1,travel,0,0,1,11,52.4,0
19206,41.41,electronics,0,0,22,13,37.4,0
13093,135.1,travel,0,1,14,13,277.9,0
15606,268.46,fuel,0,0,8,18,662.8,0
12453,259.91,travel,0,1,4,7,217.9,1
8357,36.46,jewelry,0,0,15,15,604.3,0
16436,233.54,electronics,0,0,10,11,9.2,0
10885,121.92,grocery,0,0,6,16,520.7,0
8990,228.92,travel,0,1,9,18,364.2,0
6134,35.68,travel,0,0,0,20,381.9,0
101,199.98,travel,0,0,14,16,87.6,0
17907,243.83,jewelry,0,0,20,17,92.0,0
8369,160.13,fuel,0,0,13,11,27.4,0
7314,188.79,grocery,0,0,12,16,169.5,0
1123,165.84,fuel,0,0,11,14,467.9,0
4728,169.45,utilities,0,0,7,7,815.4,0
4561,115.29,electronics,0,0,6,15,150.9,0
3388,160.77,entertainment,0,0,15,12,257.4,0
1434,102.28,pharmacy,0,1,21,9,8.4,0
1497,107.28,jewelry,0,0,7,4,530.8,0
6578,235.02,grocery,0,1,14,3,61.3,1
17215,89.68,fuel,0,0,8,19,24.5,0
14829,175.76,pharmacy,0,0,8,15,124.0,0
15313,132.35,pharmacy,0,0,13,19,52.1,0
2617,58.57,dining,0,0,16,16,367.7,0
8836,209.43,online_retail,0,1,13,10,130.6,0
17317,62.05,dining,0,0,21,17,1418.9,0
2041,85.27,electronics,0,1,9,17,1262.5,0
18142,52.43,dining,0,0,8,12,78.3,0
10960,103.47,pharmacy,0,0,20,11,194.9,0
10596,224.37,online_retail,1,1,16,8,5.4,1
13252,75.55,jewelry,0,0,11,14,135.4,0
6910,313.17,grocery,0,0,7,5,11.4,1
10942,81.79,online_retail,0,1,17,16,1041.4,0
5278,148.23,utilities,0,0,14,14,182.5,0
132,69.48,grocery,0,1,20,18,713.1,0
9500,139.54,entertainment,0,0,19,11,124.1,0
3053,134.7,jewelry,0,0,22,24,67.4,0
503,114.8,pharmacy,0,0,21,17,775.7,0
7643,358.55,grocery,0,0,7,16,487.9,0
12408,66.88,jewelry,0,0,6,17,798.2,0
5844,178.93,dining,0,0,11,14,191.5,0
5241,189.98,fuel,0,0,4,12,151.9,0
1340,122.56,grocery,0,0,3,13,71.3,0
13812,10.18,electronics,0,0,10,7,653.7,0
8108,86.35,fuel,0,0,17,20,295.8,1
7758,73.31,entertainment,0,0,14,12,532.6,0
1463,138.33,electronics,0,0,8,14,139.3,0
13202,82.65,dining,0,1,10,14,250.8,0
18948,206.41,electronics,1,1,3,11,65.6,1
12973,126.87,entertainment,0,0,13,15,68.2,0
13303,154.97,online_retail,0,0,21,17,585.6,0
15496,190.48,electronics,0,1,6,12,941.3,0
1675,285.08,online_retail,0,1,17,12,104.7,0
13287,108.48,grocery,0,0,17,9,188.5,0
3414,72.39,utilities,0,0,8,18,311.9,0
18753,131.79,online_retail,0,0,8,14,945.8,0
1184,466.96,dining,0,0,15,11,155.1,0
12052,114.29,pharmacy,0,0,10,19,33.2,0
5871,110.56,jewelry,0,0,7,11,49.5,0
8742,20.45,electronics,0,0,19,16,16.3,0
5088,30.39,online_retail,0,0,13,13,295.8,0
12188,50.14,grocery,0,0,17,15,120.6,0
19005,110.7,online_retail,1,0,12,13,407.8,0
8084,213.18,electronics,0,0,7,12,57.3,0
2023,114.32,pharmacy,0,0,18,13,209.1,0
16333,54.49,online_retail,0,0,9,14,932.4,0
1353,310.13,electronics,0,0,9,14,6.3,0
10994,135.89,electronics,0,0,7,10,242.8,0
2480,120.19,electronics,0,0,22,21,836.9,0
9944,24.72,online_retail,0,0,10,11,105.8,0
10383,33.01,jewelry,0,1,16,18,279.5,0
3364,8.82,electronics,0,0,18,7,227.1,0
5526,77.22,jewelry,0,0,15,13,22.6,0
2244,174.11,utilities,0,0,4,15,347.2,0
4880,87.46,fuel,1,0,20,14,30.8,0
17997,258.9,grocery,0,0,16,13,25.0,0
4579,64.14,utilities,0,0,13,12,729.2,0
16100,163.72,grocery,0,0,8,17,367.2,0
2400,82.72,dining,0,0,20,11,448.2,0
8068,80.62,entertainment,0,0,22,7,224.6,0
4559,55.27,entertainment,0,1,22,21,710.5,1
12990,51.11,pharmacy,0,0,18,13,198.9,0
2688,51.43,entertainment,0,0,10,13,159.1,0
1710,97.52,online_retail,0,0,22,21,468.7,0
14450,110.5,online_retail,1,0,17,12,294.5,0
18139,46.44,utilities,0,0,16,12,973.4,0
15106,40.28,online_retail,0,1,17,10,656.4,0
808,52.62,travel,0,0,22,14,184.7,0
18149,84.9,entertainment,1,0,20,15,72.5,0
2654,88.81,electronics,0,0,16,24,478.7,0
485,48.05,online_retail,0,0,17,13,246.0,0
15249,84.06,travel,0,0,16,14,435.4,0
4781,116.13,jewelry,0,0,6,7,117.0,0
15443,28.74,travel,0,0,20,19,224.4,0
12611,163.87,online_retail,0,0,8,10,37.5,0
11492,42.81,dining,0,0,17,12,137.0,0
1832,160.15,utilities,0,0,15,16,31.1,0
15602,123.31,dining,0,0,14,17,91.0,0
10544,123.08,fuel,0,0,5,9,58.2,0
11266,176.14,pharmacy,0,0,8,16,50.3,0
1632,96.8,pharmacy,0,0,22,9,75.7,0
19537,35.52,dining,0,0,6,14,713.2,0
226,104.96,fuel,0,0,9,20,150.8,0
8969,181.38,electronics,0,0,8,8,332.4,0
5785,194.67,entertainment,0,0,10,17,241.7,0
13451,53.57,dining,0,0,2,15,42.5,0
8757,88.52,dining,0,0,14,9,131.5,0
14311,219.22,travel,0,0,21,15,17.7,0
3236,74.43,pharmacy,0,0,5,16,789.9,0
5478,315.19,entertainment,0,0,10,17,67.5,0
14202,175.16,pharmacy,0,0,8,13,1279.3,0
9126,14.5,electronics,1,0,10,13,180.0,0
13063,96.6,utilities,0,0,17,10,324.5,0
1259,138.82,dining,0,0,9,12,535.2,0
19465,95.5,online_retail,1,1,11,8,121.6,0
16360,91.31,dining,0,0,20,25,91.6,0
10830,118.05,grocery,0,0,17,20,623.9,0
7153,145.57,electronics,0,0,12,17,31.4,0
12313,51.53,pharmacy,0,0,9,10,25.1,0
12688,27.57,dining,0,0,22,10,308.6,0
1629,194.55,fuel,0,0,13,17,52.6,0
17223,109.17,travel,0,1,12,9,222.2,0
18667,371.61,online_retail,0,0,20,10,471.1,0
19571,257.58,grocery,0,0,12,18,444.5,0
11470,247.99,utilities,0,0,6,18,50.5,0
2153,20.18,online_retail,0,1,17,8,302.9,0
18024,74.28,online_retail,0,0,8,19,77.4,0
18485,110.84,online_retail,1,0,11,10,395.1,0
7381,177.19,travel,0,0,11,18,70.1,0
7357,23.55,pharmacy,0,0,22,23,418.9,0
531,132.73,online_retail,1,0,18,23,193.0,0
1323,193.27,utilities,0,0,18,16,232.7,0
5255,122.14,entertainment,0,1,8,11,82.7,0
14139,167.11,utilities,0,0,14,13,287.3,0
8922,254.54,electronics,0,0,17,11,27.5,0
2814,236.26,entertainment,0,0,12,16,389.2,0
12261,72.18,travel,0,0,6,13,423.3,0
8081,192.66,jewelry,0,0,16,16,106.1,0
8149,110.12,online_retail,0,0,10,15,157.6,0
10981,10.85,electronics,0,0,13,13,152.9,0
15530,48.24,electronics,0,0,11,10,83.6,0
17259,161.09,fuel,0,0,11,13,844.0,0
11590,49.93,online_retail,0,0,10,18,208.2,1
16963,184.7,travel,0,0,13,9,89.7,0
10096,18.69,entertainment,0,0,15,19,284.9,0
3019,81.16,travel,0,1,14,13,19.5,0
3995,77.39,pharmacy,0,0,14,11,227.9,0
12391,252.49,online_retail,0,0,21,15,97.0,0
10117,163.58,entertainment,1,0,20,9,43.3,0
14538,126.61,entertainment,1,0,0,17,497.3,0
887,143.1,electronics,0,0,7,17,641.4,0
18359,25.18,dining,0,0,16,8,178.4,0
1343,35.48,pharmacy,1,0,3,11,248.4,0
7285,126.38,travel,0,1,18,19,739.0,0
2117,109.45,travel,0,0,10,13,67.7,0
9442,284.15,dining,0,0,21,14,467.4,0
5084,173.26,dining,0,0,18,9,291.9,0
6265,137.18,fuel,0,0,14,22,691.8,0
5490,109.45,entertainment,0,1,16,13,546.1,0
9007,11.73,travel,0,1,7,13,168.7,0
2093,102.21,utilities,0,0,9,15,502.1,0
7574,83.3,grocery,0,0,21,15,775.3,0
18078,141.95,utilities,0,0,18,12,598.1,0
4143,239.98,entertainment,0,0,16,13,189.7,0
19780,31.06,online_retail,0,0,22,18,375.6,0
1995,189.9,electronics,0,0,15,9,113.4,0
3815,271.94,fuel,0,0,16,13,250.2,0
2874,47.07,travel,0,0,22,19,43.7,0
6805,51.29,grocery,0,0,18,13,453.6,0
19738,369.25,entertainment,0,0,20,12,126.8,0
1529,268.36,entertainment,0,0,11,18,5.5,0
10515,173.15,fuel,0,1,11,11,461.7,0
13516,206.67,pharmacy,0,0,11,9,97.3,0
9942,29.17,jewelry,0,0,22,17,475.3,0
18023,18.86,dining,0,0,22,10,308.0,0
16894,135.42,fuel,0,0,13,15,398.8,0
17586,111.46,entertainment,0,0,19,10,532.5,0
4895,10.58,jewelry,0,0,19,12,410.0,0
15938,152.78,dining,0,0,22,16,113.8,0
3662,136.43,online_retail,1,1,8,13,48.4,0
19375,121.74,online_retail,1,0,1,19,338.1,0
4425,131.72,utilities,0,1,20,13,136.8,0
4172,25.76,online_retail,0,0,15,10,364.1,0
9885,66.68,jewelry,0,0,17,15,182.2,0
6098,37.19,travel,0,0,22,10,190.5,0
6635,176.68,travel,0,0,6,11,994.0,0
13542,135.68,jewelry,0,0,18,19,38.0,0
9253,105.31,utilities,0,0,9,20,275.2,0
16943,82.92,fuel,0,0,6,9,405.8,0
9098,203.99,jewelry,0,0,16,20,426.5,0
13655,36.85,online_retail,0,0,6,13,228.5,0
11438,128.85,pharmacy,0,0,12,16,394.5,0
18928,205.63,entertainment,0,0,10,18,620.0,0
3566,153.48,travel,0,0,8,11,217.7,0
48,130.47,electronics,0,0,18,16,128.6,0
18889,56.79,travel,0,0,12,15,443.2,0
5896,186.79,fuel,0,0,11,15,680.9,0
17404,158.47,entertainment,0,0,17,11,1154.5,0
2797,91.81,entertainment,0,0,22,9,145.1,0
15600,44.21,dining,0,1,20,16,347.1,0
10761,104.84,utilities,1,0,20,14,3.3,0
17876,62.14,travel,0,0,4,16,557.0,0
7455,192.68,jewelry,0,0,13,8,135.4,0
16179,80.31,utilities,0,0,21,9,157.9,0
2145,40.67,fuel,0,0,2,18,732.0,0
16252,216.54,online_retail,0,0,8,8,261.6,0
8769,208.99,grocery,0,0,5,9,628.4,0
7151,141.05,grocery,0,1,5,5,124.1,1
17692,77.75,utilities,0,0,22,13,227.7,0
11485,28.02,dining,0,0,7,16,118.1,0
14745,186.15,travel,0,0,22,11,677.9,0
6902,162.16,dining,0,0,21,10,299.6,0
7537,85.69,entertainment,1,0,9,5,21.4,0
17771,164.41,online_retail,0,1,11,13,193.5,0
7179,118.39,online_retail,0,0,7,22,290.6,0
654,21.1,jewelry,0,0,16,11,525.6,1
16517,96.46,electronics,0,0,9,6,118.2,0
16589,194.38,dining,0,0,9,14,163.6,0
5217,59.2,entertainment,0,0,12,12,472.4,0
8736,27.07,electronics,0,0,6,19,394.3,0
106,75.79,grocery,0,1,9,15,60.6,0
17847,150.06,entertainment,0,0,18,5,302.9,0
5980,315.34,utilities,0,0,11,13,960.6,0
5282,74.41,grocery,0,0,16,11,4.9,0
11622,101.74,jewelry,0,0,13,9,933.8,0
8159,213.08,fuel,0,0,16,12,929.6,0
6861,163.07,travel,0,0,13,13,901.9,0
2513,288.8,electronics,0,0,1,22,120.2,0
19062,54.76,entertainment,1,0,19,11,1050.6,0
12814,60.52,entertainment,0,1,2,12,321.1,0
7025,107.77,dining,0,0,15,23,550.6,0
4810,69.93,pharmacy,0,0,6,16,680.5,0
8934,223.46,fuel,1,0,4,7,7.8,1
18606,149.59,dining,0,1,11,9,1161.3,0
19934,106.78,dining,1,1,19,12,140.1,0
15559,256.41,entertainment,0,0,22,13,377.6,0
19751,140.22,grocery,0,0,21,11,73.6,0
18900,53.65,dining,0,1,6,15,893.3,0
4173,116.43,fuel,0,0,16,12,460.2,0
6821,341.89,electronics,0,0,21,20,22.3,0
16402,207.3,jewelry,1,1,17,9,84.1,0
7147,147.72,dining,0,0,21,21,482.1,0
11694,154.65,jewelry,0,0,6,13,498.3,0
7260,110.55,pharmacy,0,0,21,15,88.1,0
14233,47.88,entertainment,0,0,18,17,77.9,0
6644,204.57,pharmacy,0,0,18,11,309.3,0
714,220.06,entertainment,0,0,16,18,20.2,0
3773,106.05,electronics,0,0,8,13,417.6,0
3003,55.54,grocery,0,0,22,9,460.7,0
13067,63.02,dining,0,0,6,17,310.1,0
15557,101.94,grocery,0,0,17,15,783.9,0
7432,107.41,fuel,0,1,18,15,271.5,0
17038,66.07,entertainment,0,0,12,18,613.4,0
139,91.17,dining,0,0,8,13,151.4,0
2426,63.4,utilities,1,0,12,15,42.8,0
17292,75.58,entertainment,0,0,14,12,984.2,0
17693,54.15,jewelry,0,0,8,17,222.8,0
5510,206.92,electronics,0,0,21,18,49.8,0
18126,217.97,travel,0,0,16,11,262.3,0
19730,133.77,utilities,0,0,17,18,93.2,0
9760,112.33,utilities,0,0,22,10,116.6,0
7768,64.2,online_retail,0,0,17,16,171.5,0
17098,69.54,grocery,0,1,17,17,956.9,0
15945,315.75,pharmacy,1,0,18,18,1954.9,0
18461,66.61,utilities,0,1,12,18,43.2,0
15478,100.62,utilities,1,0,6,9,142.7,0
17637,96.82,electronics,0,0,13,9,275.0,0
4454,150.27,fuel,0,0,20,13,469.1,0
4197,105.49,pharmacy,1,1,22,12,699.0,0
6979,65.1,jewelry,0,0,21,13,25.8,0
8277,40.5,fuel,0,0,4,16,547.0,0
16330,114.49,fuel,0,0,18,18,426.3,0
6981,90.82,electronics,0,0,13,12,252.0,0
17621,62.92,online_retail,1,0,7,20,71.5,0
14707,59.56,jewelry,0,0,15,13,290.3,0
15435,124.41,utilities,0,1,14,11,262.6,0
14665,164.62,fuel,0,1,17,10,71.5,0
12684,100.97,dining,0,0,19,14,363.9,0
67,83.36,entertainment,0,0,1,12,834.5,0
3542,79.79,entertainment,0,0,21,13,747.8,0
11496,132.98,electronics,0,0,15,17,177.2,0
10679,2.78,online_retail,0,0,6,23,568.7,0
6579,117.34,entertainment,0,1,21,13,414.5,0
11907,73.09,jewelry,1,0,13,11,130.5,0
8834,157.89,fuel,0,0,8,7,740.5,0
9756,18.09,jewelry,0,1,21,11,182.8,0
9689,245.81,pharmacy,0,0,6,13,207.2,0
14558,142.56,travel,0,1,22,15,578.7,0
7379,64.82,pharmacy,0,0,17,11,382.4,0
15222,90.38,dining,0,0,9,16,348.1,0
34,85.56,utilities,0,0,9,15,298.0,0
18092,28.95,electronics,0,0,2,12,1032.0,0
15434,261.29,dining,0,0,11,10,310.1,0
17117,89.35,travel,0,1,12,15,594.7,0
9171,188.22,utilities,0,0,6,17,1112.1,0
8154,10.36,entertainment,0,0,16,11,276.8,0
18339,106.61,electronics,0,0,11,14,116.6,0
15705,149.09,utilities,0,1,19,22,480.0,0
1567,213.05,jewelry,0,0,17,10,305.5,0
11188,133.9,utilities,0,0,15,8,286.0,0
13388,103.59,jewelry,0,0,19,12,33.7,0
8525,56.73,pharmacy,0,0,20,17,177.2,0
17472,72.61,dining,0,0,13,25,52.1,0
15856,349.73,jewelry,0,0,14,12,276.2,0
4054,82.64,electronics,1,0,18,14,68.1,0
7443,302.94,entertainment,0,1,22,14,943.1,0
18817,51.21,fuel,0,0,18,15,720.9,0
15805,51.06,travel,0,1,13,13,282.7,0
14304,220.28,entertainment,0,0,18,20,110.0,0
5837,32.86,electronics,0,0,6,13,74.1,0
1981,157.5,grocery,1,1,2,12,158.7,0
424,92.68,grocery,0,0,9,10,521.9,0
7100,112.06,travel,0,0,16,17,438.6,0
15202,69.19,electronics,0,0,2,15,45.3,0
10204,107.98,pharmacy,0,0,17,13,441.8,0
1699,92.48,electronics,0,0,13,12,351.3,0
6474,41.27,dining,0,0,11,10,78.8,0
16074,243.51,electronics,0,0,14,18,126.1,0
8522,77.95,electronics,0,0,20,18,466.3,0
8222,107.1,pharmacy,1,0,6,17,75.3,0
6752,117.63,grocery,0,0,16,14,89.5,0
4632,40.15,dining,0,0,16,7,75.1,0
4638,37.78,dining,0,0,21,12,96.3,0
16709,149.77,jewelry,0,0,18,13,216.3,0
13937,110.96,utilities,0,1,22,11,228.2,0
11165,25.78,fuel,0,1,9,20,203.5,0
9822,97.71,entertainment,0,0,16,16,9.9,0
5636,127.68,utilities,0,0,19,13,186.3,0
18564,151.68,online_retail,0,0,20,13,252.9,0
15994,48.76,dining,0,0,10,12,282.5,0
8276,5.44,fuel,0,0,8,13,130.8,0
4088,43.4,electronics,1,0,7,10,299.3,0
18243,166.28,jewelry,0,0,18,10,162.5,0
4974,41.49,online_retail,0,0,14,18,11.6,0
4910,182.42,entertainment,0,0,22,15,661.2,0
9629,19.23,utilities,0,0,14,7,2364.3,0
736,100.31,fuel,0,0,22,17,234.8,0
7584,74.15,fuel,0,1,7,17,131.2,0
2786,50.9,travel,0,0,6,6,103.2,1
2429,204.3,jewelry,0,0,16,19,19.7,0
16861,68.84,travel,0,0,9,13,54.7,0
7230,409.19,fuel,0,1,11,16,559.1,0
2464,95.93,dining,0,0,21,8,1286.1,0
18979,140.08,electronics,0,0,19,9,19.9,0
11307,69.83,grocery,0,0,3,16,237.0,0
16435,181.74,fuel,0,0,21,15,623.2,0
14063,62.76,travel,0,1,17,15,160.9,0
10319,65.65,electronics,1,0,9,20,1031.3,0
798,161.22,travel,1,0,12,12,0.8,0
5005,26.8,pharmacy,0,0,18,16,687.7,0
10988,64.77,utilities,0,1,20,11,14.2,0
381,147.0,online_retail,0,0,17,14,49.7,0
13733,227.68,travel,0,0,6,14,20.6,0
6029,145.18,grocery,0,0,9,13,507.2,0
16006,36.42,travel,0,0,22,16,187.2,0
14366,194.34,pharmacy,0,0,7,16,561.0,0
3930,226.77,online_retail,0,0,7,16,120.4,0
8903,262.35,grocery,0,0,10,11,121.0,0
6932,54.2,jewelry,1,0,11,25,99.3,0
3592,36.06,electronics,1,0,10,13,142.0,0
6911,151.3,online_retail,0,0,7,13,81.4,0
19657,94.88,travel,0,0,16,13,27.1,0
17054,28.81,pharmacy,0,0,15,8,1221.3,0
16581,87.37,grocery,0,0,19,14,600.5,0
7681,63.6,travel,0,0,2,14,327.0,0
12118,111.02,travel,0,0,22,14,762.3,0
14182,38.05,grocery,0,0,7,14,890.6,0
3907,39.59,online_retail,0,1,16,13,347.1,0
9580,217.34,fuel,0,0,12,20,741.9,0
11636,141.17,pharmacy,0,0,17,7,328.2,0
3330,54.29,fuel,0,0,17,10,157.6,1
8519,24.01,dining,0,1,21,18,27.2,0
17242,163.91,jewelry,0,0,8,14,73.4,0
14447,109.34,entertainment,0,0,7,14,115.4,0
6269,153.92,grocery,0,0,11,15,157.0,0
16838,176.11,pharmacy,0,0,11,14,59.2,0
2239,51.44,grocery,0,0,9,11,4.4,0
3208,70.63,jewelry,0,0,6,13,1536.8,0
13347,81.48,dining,0,0,7,13,22.1,0
15131,76.4,pharmacy,0,0,22,15,538.5,0
18893,50.87,fuel,0,0,9,15,140.9,0
17338,142.52,entertainment,0,0,9,17,682.5,0
1466,59.66,fuel,1,0,12,14,536.0,0
2222,124.93,online_retail,0,0,22,16,43.1,0
8022,69.46,electronics,0,0,0,11,717.9,0
9649,64.71,online_retail,0,0,7,15,51.6,0
12613,93.76,fuel,0,0,18,10,800.7,0
10814,116.77,electronics,0,0,9,12,41.1,0
11740,52.3,dining,0,0,9,10,139.6,0
6569,252.66,travel,0,1,14,6,119.5,1
5652,61.28,fuel,0,1,9,22,33.7,0
11361,164.39,pharmacy,0,0,14,19,300.0,0
9710,7.81,electronics,0,0,22,10,296.6,0
2314,23.6,jewelry,0,0,18,12,126.0,0
3761,202.01,pharmacy,0,0,17,16,32.9,1
9505,49.14,pharmacy,0,0,10,10,81.1,0
4362,151.06,online_retail,0,0,7,13,454.8,0
10591,44.64,entertainment,0,0,10,6,14.1,0
4716,130.75,entertainment,0,0,0,10,68.1,0
4287,218.14,fuel,0,1,14,15,391.5,0
18535,95.83,grocery,0,0,19,13,199.7,0
5832,76.85,utilities,0,0,17,11,398.0,0
6845,249.1,entertainment,0,0,8,16,1318.3,0
10865,139.55,entertainment,0,1,6,12,84.4,0
17339,111.2,utilities,0,0,8,14,1678.1,0
19255,127.41,travel,0,0,20,13,992.6,0
4474,70.27,online_retail,0,0,1,10,200.7,0
10036,54.44,travel,0,0,16,15,316.3,0
5945,191.27,utilities,0,0,7,14,22.6,0
6774,58.08,jewelry,0,0,22,15,44.5,0
19833,119.35,online_retail,0,0,19,15,329.4,0
9027,43.75,utilities,0,0,22,18,226.4,0
16294,119.54,electronics,0,0,9,15,222.5,0
2950,245.97,electronics,0,0,17,13,12.6,0
1103,128.35,dining,1,0,17,11,120.5,0
13241,149.0,fuel,0,0,8,12,1132.9,0
4564,156.2,entertainment,0,0,1,8,105.8,0
2112,52.11,dining,0,0,17,7,255.7,0
5581,20.62,entertainment,1,0,10,7,425.2,0
8381,34.74,jewelry,0,0,15,11,511.0,0
9891,134.72,dining,0,0,2,14,256.1,0
19273,143.26,online_retail,0,0,9,12,234.2,0
9002,72.19,jewelry,0,0,6,25,529.5,0
18586,93.14,fuel,0,0,21,13,3.9,0
18598,161.49,jewelry,0,0,16,17,197.7,0
8593,47.03,electronics,0,0,17,10,229.3,0
14485,196.19,travel,0,0,10,21,87.5,0
10546,44.34,jewelry,0,0,20,12,1069.3,0
1491,167.69,grocery,0,0,19,14,1525.2,0
4774,304.74,travel,0,0,20,11,207.1,0
15315,124.51,jewelry,0,0,7,14,54.2,0
2253,149.66,utilities,0,0,7,24,1194.7,1
6532,205.42,grocery,0,0,22,18,812.7,0
7699,87.56,dining,1,0,15,7,75.5,0
18113,125.14,online_retail,1,0,15,13,100.0,0
13524,120.38,entertainment,1,0,8,12,449.2,0
8611,182.62,dining,0,0,1,17,570.4,0
15880,135.11,jewelry,0,0,21,13,1082.3,0
2590,143.15,jewelry,0,0,9,4,66.0,1
13329,73.83,travel,0,1,20,16,25.8,0
12485,100.04,dining,0,0,7,14,353.6,0
3628,147.6,dining,0,0,5,14,341.8,0
3835,199.23,fuel,1,0,18,14,272.0,0
16343,43.5,utilities,1,0,6,19,5.6,0
3074,416.91,grocery,0,0,13,20,23.0,0
7070,39.91,grocery,1,0,22,10,958.0,0
11173,204.49,online_retail,0,1,13,15,2.1,0
7439,61.84,dining,0,0,8,13,451.3,0
8218,36.48,electronics,0,0,4,19,77.5,0
11751,249.7,grocery,0,0,18,18,383.1,1
19464,56.74,dining,0,0,6,16,198.6,0
4530,41.67,pharmacy,0,0,15,10,672.3,0
2040,176.85,online_retail,0,0,4,20,166.8,0
15712,232.38,jewelry,0,0,19,14,30.8,0
19859,137.18,pharmacy,0,0,19,19,354.5,0
10657,81.51,fuel,0,0,7,17,214.6,0
13370,146.98,jewelry,0,0,7,13,82.1,0
5225,55.14,travel,0,0,9,8,2.7,0
8058,92.06,travel,0,1,17,18,234.6,0
17651,104.64,online_retail,0,0,19,14,1319.3,0
4220,52.43,dining,0,0,13,11,93.4,0
3641,53.18,entertainment,0,1,8,14,484.6,0
1458,70.89,pharmacy,0,0,9,13,5.7,0
16870,355.4,utilities,0,0,1,15,8.9,0
7373,60.62,jewelry,0,0,20,13,99.9,0
8892,69.26,utilities,0,0,18,10,116.8,0
12492,50.58,jewelry,0,0,8,12,40.9,0
4846,153.84,grocery,0,0,6,21,59.3,0
6967,124.0,dining,0,1,17,10,69.2,0
4029,71.46,travel,0,0,1,14,230.1,0
16972,83.38,utilities,0,1,2,8,28.0,1
5140,103.25,utilities,0,0,3,11,102.5,1
19617,114.19,electronics,0,0,15,7,4.3,0
15480,103.81,dining,0,0,12,16,85.0,0
16771,285.0,travel,0,0,12,15,6.8,0
7174,49.32,fuel,0,0,16,14,290.3,0
18657,31.75,utilities,0,0,18,9,91.0,0
3814,93.14,grocery,0,0,16,9,109.4,0
3669,231.78,jewelry,0,0,21,14,366.8,0
14106,18.17,utilities,0,1,6,17,19.2,0
17728,142.63,dining,0,0,7,21,143.7,0
13774,45.42,entertainment,0,0,5,13,99.4,0
6619,484.92,travel,1,0,17,6,12.3,1
17804,50.87,pharmacy,0,0,12,7,72.0,0
14432,118.76,jewelry,0,0,18,18,96.0,0
10841,107.78,utilities,0,1,3,17,126.1,0
9685,244.67,grocery,0,0,14,16,159.0,0
13840,39.91,grocery,0,0,2,13,300.6,0
13925,107.73,dining,0,0,14,19,435.6,0
12246,252.24,utilities,0,0,7,12,556.9,0
11550,127.99,jewelry,0,0,22,7,515.5,0
16960,156.21,fuel,0,1,16,15,169.8,0
1200,202.25,travel,0,0,22,16,310.2,1
698,27.36,fuel,1,0,12,13,1066.9,0
11011,134.78,travel,0,0,9,9,39.4,0
17992,143.14,grocery,0,0,6,19,459.0,0
4562,119.51,travel,0,0,9,10,11.1,0
16132,188.72,dining,0,0,20,11,505.4,0
11435,30.51,online_retail,0,0,14,14,442.7,0
8425,381.65,utilities,0,0,1,8,5.1,1
17328,39.36,pharmacy,0,0,11,13,738.3,0
15603,141.68,online_retail,0,0,22,16,2.7,0
18318,226.8,fuel,0,0,8,11,321.8,0
1603,91.02,pharmacy,0,1,10,16,20.6,0
15681,17.65,fuel,0,0,9,14,34.3,0
17110,95.28,utilities,0,0,12,18,446.0,0
10750,115.48,grocery,0,0,9,7,462.0,0
12534,312.96,entertainment,0,0,16,17,69.9,0
12705,230.96,pharmacy,0,1,17,15,202.9,0
8772,110.04,entertainment,0,0,11,17,449.5,0
14350,165.15,online_retail,0,0,11,12,656.0,0
19957,87.23,utilities,1,0,6,20,34.2,0
13020,117.45,online_retail,0,0,15,17,164.6,0
5218,99.72,jewelry,0,0,1,16,8.9,0
17691,65.71,utilities,0,0,17,18,613.6,0
16661,119.88,online_retail,0,0,1,12,81.4,0
14097,344.93,fuel,0,0,7,20,745.2,0
11021,149.51,fuel,0,0,17,14,113.3,0
8783,271.55,online_retail,0,0,20,6,979.9,0
14424,86.94,online_retail,0,0,7,12,85.6,0
6560,222.2,pharmacy,0,0,13,13,13.2,0
13006,156.42,fuel,0,0,9,9,33.1,0
19120,124.25,grocery,1,0,6,11,293.9,0
6316,99.83,travel,1,0,4,13,512.5,0
2278,189.72,grocery,1,1,22,14,11.3,0
1748,115.28,grocery,0,1,16,13,27.4,0
13603,118.66,travel,1,0,21,13,259.3,1
13278,43.16,dining,0,0,20,20,106.4,0
17810,85.15,jewelry,0,0,6,15,396.5,0
4324,107.56,dining,0,1,17,13,6.3,0
12468,73.9,electronics,0,0,17,13,34.3,0
2827,188.37,fuel,1,0,10,13,963.5,0
17605,80.63,fuel,0,0,14,17,76.1,0
2867,73.74,electronics,0,0,19,9,250.9,0
1549,154.55,dining,0,0,19,11,114.2,0
14715,96.19,jewelry,0,0,21,19,452.7,0
13592,61.96,electronics,0,0,17,12,331.1,0
16705,70.76,jewelry,0,0,10,23,315.9,1
14244,226.59,grocery,0,1,19,12,404.4,0
10257,110.29,electronics,0,0,10,15,242.8,0
10939,333.86,pharmacy,0,0,15,11,402.1,0
13962,103.4,electronics,0,0,6,13,481.8,0
15986,142.7,online_retail,0,1,13,11,78.9,0
2085,78.56,jewelry,1,0,6,14,367.9,0
8371,130.88,grocery,0,0,15,11,72.8,0
12185,45.11,dining,1,0,22,11,559.5,0
6763,81.37,travel,0,0,1,22,45.5,0
15210,13.66,grocery,0,1,14,16,328.9,0
14384,95.42,dining,0,0,6,22,513.7,0
18683,34.29,jewelry,0,0,14,20,1205.0,0
16300,58.94,fuel,0,0,18,19,354.2,0
8439,127.31,travel,0,0,9,14,395.9,0
14322,76.53,grocery,0,0,8,17,330.3,0
4388,128.46,online_retail,0,0,15,18,515.0,0
7197,26.51,utilities,1,0,17,14,111.4,0
9676,61.26,online_retail,0,0,7,15,288.9,0
952,20.54,utilities,0,0,12,10,299.6,0
19270,173.71,online_retail,0,0,16,8,393.8,0
15885,78.38,fuel,0,0,15,13,68.8,0
13998,100.36,utilities,1,1,16,22,196.8,0
16094,155.55,grocery,0,0,16,15,1221.0,0
14785,17.4,online_retail,0,0,20,11,17.6,0
3217,47.45,travel,0,0,14,6,637.6,0
5677,86.07,online_retail,0,0,20,10,213.6,0
6797,133.06,online_retail,0,0,14,9,23.4,0
18628,142.64,jewelry,0,0,6,13,124.1,0
14368,278.25,online_retail,1,0,13,10,100.3,0
5298,130.0,dining,0,0,11,14,60.8,0
11410,184.86,travel,0,0,16,11,204.6,0
1562,38.08,online_retail,0,0,12,18,565.3,0
17224,198.97,travel,1,0,7,8,37.8,0
9819,71.68,fuel,1,0,18,15,567.4,0
1457,101.01,jewelry,0,0,14,14,396.7,0
7556,150.58,dining,0,1,9,15,80.8,0
355,71.71,entertainment,1,0,18,17,72.5,0
3069,148.84,electronics,0,0,14,9,14.1,0
17114,214.26,jewelry,0,0,0,10,141.0,0
12568,179.56,electronics,0,0,21,9,690.4,0
15541,75.76,travel,1,0,17,18,378.7,0
14219,206.71,travel,0,0,11,18,458.3,0
5416,114.38,jewelry,0,0,22,10,409.0,0
16092,111.74,jewelry,0,0,14,14,211.0,0
9437,163.0,online_retail,0,0,5,14,3.7,0
18862,138.02,travel,0,0,11,13,953.5,0
14221,8.98,travel,0,0,20,11,598.7,0
4368,118.95,travel,0,0,14,11,417.0,0
17558,194.0,travel,0,0,8,16,4.7,1
14288,251.18,entertainment,1,0,8,14,144.0,0
15840,33.66,jewelry,0,0,16,11,11.3,0
15553,79.57,pharmacy,0,1,10,14,439.5,0
19667,183.05,entertainment,0,0,6,8,923.2,0
14426,49.82,dining,0,0,21,14,279.0,0
10406,271.52,grocery,0,0,13,14,7.1,0
10395,115.31,electronics,0,0,19,16,918.6,0
19606,57.92,online_retail,0,0,20,10,74.4,0
296,88.61,pharmacy,0,0,7,16,714.1,0
5563,176.21,grocery,0,0,14,14,295.9,0
1141,116.62,fuel,0,0,8,10,1019.8,0
12836,67.82,jewelry,1,0,3,9,11.3,0
19492,135.05,jewelry,0,0,10,14,621.9,0
15305,13.52,pharmacy,0,0,19,13,335.2,0
6759,93.68,travel,0,0,15,19,93.5,0
10387,48.09,online_retail,0,0,21,18,67.4,0
17976,196.39,utilities,0,0,5,7,83.6,1
8638,109.84,grocery,0,0,15,15,249.1,0
19689,117.54,travel,0,0,17,20,805.0,0
3052,181.84,entertainment,0,0,10,14,729.7,0
2039,142.89,grocery,0,1,0,12,108.9,0
9509,142.04,pharmacy,0,0,12,15,1004.2,0
10492,135.22,dining,0,1,7,10,199.9,0
8350,122.86,grocery,1,0,15,14,34.8,0
957,124.07,dining,0,0,19,18,94.4,0
879,251.16,electronics,0,1,10,3,44.4,1
14717,112.9,pharmacy,0,0,19,14,590.4,0
13535,18.5,dining,0,0,11,22,111.0,0
10249,115.19,grocery,0,0,11,10,33.2,0
1078,95.01,pharmacy,0,0,22,14,134.7,0
5534,121.72,grocery,0,1,16,17,208.7,0
15862,99.79,utilities,0,0,10,23,311.7,0
2882,88.51,online_retail,1,0,10,15,24.0,0
14230,175.29,dining,0,1,15,8,204.0,0
17895,85.93,electronics,1,0,15,11,240.7,0
3172,62.91,jewelry,0,0,18,13,156.6,0
4878,74.03,online_retail,0,0,19,15,524.9,0
12120,98.3,dining,0,0,13,13,431.5,0
4499,125.22,electronics,0,0,12,22,628.0,0
851,35.83,grocery,0,0,5,12,451.7,0
17940,44.32,fuel,0,1,17,11,99.8,0
8591,136.92,dining,0,0,22,10,625.7,0
13771,119.91,travel,0,1,17,18,283.5,0
12537,92.05,grocery,0,0,6,21,355.8,0
1788,174.11,fuel,0,0,20,12,314.9,0
14120,254.86,online_retail,0,0,13,14,24.2,0
2718,59.11,grocery,0,0,8,13,157.7,0
4813,71.01,fuel,0,0,18,19,154.9,0
11692,241.6,electronics,0,0,4,19,889.0,0
18500,226.5,entertainment,0,0,8,19,817.3,0
2167,304.98,pharmacy,0,0,13,12,805.8,0
7803,55.8,pharmacy,1,1,20,10,587.7,0
5986,230.66,electronics,0,1,0,6,62.8,1
3771,35.72,dining,0,0,2,15,588.1,0
852,137.65,fuel,0,1,11,13,171.0,0
9825,128.45,electronics,0,0,21,13,81.9,0
5733,105.8,pharmacy,0,0,9,16,649.7,0
17874,160.63,fuel,0,1,15,18,68.5,0
15814,43.81,online_retail,0,0,21,16,143.8,0
1124,82.1,pharmacy,1,0,16,16,176.0,0
19588,76.36,utilities,0,0,16,8,42.0,0
6287,111.04,jewelry,0,0,13,16,57.7,0
17519,55.33,travel,1,0,18,11,326.9,0
4848,16.31,electronics,0,1,20,11,6.1,0
14135,66.69,pharmacy,1,1,16,10,690.7,0
15670,176.88,entertainment,0,0,7,12,12.2,0
877,98.22,fuel,0,0,16,14,417.8,0
5965,139.35,electronics,0,0,4,12,27.5,1
14255,57.94,dining,0,0,9,14,612.9,0
16281,88.54,travel,0,1,9,16,134.3,0
13189,215.35,utilities,1,0,19,17,908.1,0
6246,145.62,electronics,0,0,9,11,604.3,0
18250,26.93,fuel,0,0,11,15,707.3,0
13581,18.51,fuel,0,0,7,12,932.8,0
9517,152.03,fuel,0,0,16,17,157.5,0
5004,183.78,fuel,0,1,0,15,85.9,0
5481,31.79,utilities,0,0,2,14,1.9,0
13787,103.3,utilities,0,0,18,19,1371.0,0
13547,90.4,dining,0,0,8,10,56.5,0
7036,272.97,pharmacy,0,0,21,10,182.5,0
12768,79.64,grocery,0,0,10,14,208.6,0
1372,84.94,fuel,0,1,22,20,552.0,0
10068,18.34,electronics,0,0,20,11,131.4,0
14602,67.59,grocery,0,0,0,26,86.6,0
18602,159.72,grocery,0,0,14,16,990.4,0
3868,87.19,electronics,0,0,18,20,267.4,0
18479,86.99,grocery,0,1,5,11,41.8,0
5931,70.51,grocery,0,0,9,17,411.9,0
9692,173.08,grocery,0,0,10,18,259.9,0
3138,386.68,travel,0,1,9,19,487.0,0
2503,39.42,travel,1,0,22,13,19.0,0
15440,95.24,dining,0,0,10,14,313.2,0
2260,130.0,grocery,0,0,8,11,604.2,0
16998,104.8,dining,0,0,19,12,404.7,0
9103,62.31,fuel,0,0,8,15,57.2,0
17578,168.56,utilities,0,0,12,12,541.8,0
3143,109.31,grocery,0,0,7,13,21.0,0
1736,87.04,dining,0,0,6,9,24.3,0
13621,290.74,fuel,0,0,12,13,1301.1,0
341,90.26,travel,0,0,10,22,140.7,0
16915,96.93,online_retail,0,0,21,15,10.9,0
753,52.6,travel,0,0,9,14,281.1,0
8412,31.0,grocery,0,0,16,17,574.5,1
12018,61.6,entertainment,0,0,9,10,55.0,0
7998,111.96,online_retail,0,0,16,9,496.6,0
19398,189.72,entertainment,1,0,14,16,142.7,0
8688,50.05,travel,0,0,10,14,202.0,0
13072,180.06,online_retail,0,1,9,16,702.6,0
5259,162.64,utilities,0,0,18,20,18.1,0
4462,39.73,grocery,0,0,16,17,465.2,0
9483,75.65,fuel,0,1,21,17,192.4,0
16780,153.53,electronics,0,0,18,12,181.0,0
6199,49.44,entertainment,0,0,8,14,34.7,0
14405,97.39,grocery,0,0,10,21,18.8,0
2161,178.28,entertainment,0,0,8,8,583.5,0
16676,58.91,travel,0,0,6,15,563.9,0
12890,98.16,jewelry,0,0,8,14,169.7,0
15188,119.02,utilities,0,0,15,9,90.4,0
9173,34.57,entertainment,1,0,2,21,316.1,0
8248,62.94,dining,0,0,6,10,358.8,0
19341,52.18,online_retail,0,0,4,12,216.1,0
7812,83.0,entertainment,0,0,22,9,552.6,0
12919,75.23,online_retail,0,0,11,13,1081.5,0
13519,57.86,fuel,0,0,11,17,131.5,0
17524,100.5,grocery,0,0,14,16,317.0,0
3732,100.45,dining,0,0,12,13,442.2,0
14506,67.88,entertainment,0,0,16,19,124.0,0
19054,286.83,electronics,0,1,3,6,61.2,1
2611,89.47,utilities,0,0,15,15,223.3,0
9252,29.89,fuel,0,0,18,8,746.6,0
19913,162.93,grocery,0,0,3,7,59.1,0
2408,155.96,utilities,0,0,10,12,31.8,0
14846,72.01,entertainment,0,0,9,11,40.2,1
13246,196.58,travel,0,0,15,13,255.9,0
2829,88.22,fuel,1,0,13,16,359.3,1
19266,33.8,online_retail,0,0,16,17,676.6,0
6258,196.46,travel,0,0,20,12,348.6,0
5575,107.92,travel,0,0,14,17,280.6,0
15920,61.54,jewelry,0,0,21,15,230.4,0
1350,12.98,online_retail,0,0,8,11,789.6,0
7208,155.59,travel,0,0,14,11,1253.3,0
19538,238.76,dining,0,0,13,11,151.6,0
11654,33.59,entertainment,0,0,20,15,213.3,0
8339,251.79,electronics,0,0,2,6,108.4,1
14376,52.19,dining,0,0,12,11,744.2,0
10397,178.0,dining,0,0,17,14,184.6,0
10185,24.53,dining,0,0,14,12,53.0,0
7727,108.02,travel,0,0,12,13,336.3,0
6214,197.55,dining,0,1,10,4,9.4,1
8726,23.39,pharmacy,0,1,11,16,14.4,0
5070,113.06,fuel,0,0,0,6,259.9,0
2785,102.24,grocery,0,0,13,26,128.0,0
12630,208.1,online_retail,0,1,19,16,19.3,0
1767,28.41,utilities,0,0,8,17,577.9,1
18691,102.22,electronics,0,0,19,21,70.3,0
15304,116.95,pharmacy,0,0,17,12,77.7,0
11039,97.31,electronics,0,0,7,15,238.6,0
15917,160.65,pharmacy,0,0,14,17,235.9,0
11434,196.63,fuel,0,1,19,12,418.8,0
11514,82.06,jewelry,0,1,20,13,237.8,0
6306,72.61,pharmacy,0,0,21,18,165.8,0
4759,60.77,jewelry,0,0,14,12,1087.8,0
4275,15.47,fuel,0,0,8,18,683.9,0
18340,254.15,fuel,1,0,11,14,505.7,0
18504,45.27,grocery,0,0,15,17,149.5,0
17731,135.64,jewelry,0,0,19,17,269.5,0
11012,44.74,utilities,0,0,17,12,135.5,0
1384,20.84,dining,0,0,8,12,852.8,0
6539,92.37,grocery,1,0,17,12,212.3,0
16613,175.89,dining,0,0,18,13,366.8,0
4854,96.28,pharmacy,0,0,16,16,8.2,1
9975,38.52,pharmacy,0,0,7,15,242.3,0
13244,115.79,electronics,0,0,18,12,740.1,0
7368,231.14,jewelry,1,0,13,10,150.2,0
14100,203.26,travel,0,1,8,22,158.2,0
8576,156.28,entertainment,0,0,3,10,356.1,0
366,190.95,travel,0,0,14,13,357.5,0
7931,74.01,pharmacy,0,0,14,17,163.1,0
19349,62.62,fuel,0,0,0,16,703.3,0
11497,16.29,jewelry,0,0,7,8,206.1,0
13454,143.32,dining,0,0,19,10,24.1,0
14572,168.8,entertainment,0,0,17,14,203.3,0
12982,503.45,grocery,1,0,2,6,1.3,1
17540,72.29,online_retail,0,0,10,8,2000.7,0
6191,17.57,pharmacy,0,0,15,16,473.9,0
9949,50.95,fuel,0,0,8,17,109.1,0
13636,241.14,utilities,0,0,8,13,125.7,0
15613,51.3,travel,0,0,2,7,1005.6,0
16314,61.88,dining,0,0,22,16,776.5,0
4393,160.72,dining,0,0,16,17,239.4,0
8269,90.75,electronics,0,0,20,13,63.2,0
10360,129.91,dining,0,0,4,18,1116.9,0
14728,55.23,pharmacy,0,1,21,15,43.7,0
16379,22.93,pharmacy,0,0,11,16,1057.3,0
9588,38.42,jewelry,0,0,2,11,2017.1,0
8459,194.07,utilities,0,0,21,14,576.1,0
1029,268.41,travel,1,1,20,7,91.5,1
17333,130.51,travel,0,0,18,9,101.7,0
19034,31.0,fuel,0,0,7,11,96.3,0
7994,229.99,travel,0,0,18,18,749.2,0
9575,76.34,utilities,0,0,19,16,598.2,0
16123,71.58,electronics,0,0,16,11,65.2,0
15077,130.03,electronics,0,0,8,16,30.9,0
19756,106.54,pharmacy,0,0,14,7,36.7,0
2850,24.25,entertainment,0,0,17,13,197.4,0
5552,110.6,electronics,0,0,21,15,235.1,0
19769,12.07,dining,1,0,6,13,1026.3,0
13266,61.29,fuel,0,0,13,22,99.5,0
3248,37.96,entertainment,0,1,16,15,8.5,0
12416,340.44,dining,0,1,12,11,553.5,0
16626,22.98,jewelry,0,0,6,14,945.3,0
12463,122.92,online_retail,0,0,0,9,51.4,0
5272,70.32,travel,0,0,6,15,188.0,1
12622,91.47,electronics,1,1,22,9,176.2,0
15493,51.3,grocery,1,0,14,22,0.0,0
9888,17.58,online_retail,0,0,19,10,34.4,0
3737,81.55,pharmacy,0,0,6,17,958.1,0
13891,145.18,pharmacy,0,0,13,12,77.5,0
15314,106.1,entertainment,0,0,12,16,192.4,0
19810,230.41,entertainment,0,0,14,22,404.0,0
19079,106.1,online_retail,0,1,17,15,1216.6,0
3558,204.82,dining,0,0,8,11,814.3,0
13717,87.03,entertainment,0,0,16,13,22.1,0
11015,110.24,online_retail,1,0,21,12,689.2,0
5693,72.65,pharmacy,0,0,16,18,243.1,0
3257,28.0,grocery,0,0,19,10,101.9,0
19037,50.06,grocery,0,0,22,14,117.7,0
552,141.23,entertainment,0,0,19,10,23.5,0
5410,92.54,entertainment,0,0,15,13,111.2,0
15466,56.11,pharmacy,0,0,19,15,212.2,0
7731,136.85,jewelry,0,1,0,19,170.0,0
15223,91.04,utilities,0,1,15,15,157.4,0
7718,25.26,grocery,0,0,9,10,143.4,0
12036,97.85,travel,0,0,8,15,197.2,0
12238,58.21,travel,0,0,5,15,531.4,0
7066,48.99,utilities,0,1,18,12,3.4,0
9721,194.48,entertainment,0,1,3,16,208.3,0
2714,63.24,electronics,0,0,3,15,621.5,0
3404,176.61,utilities,1,0,0,7,51.3,0
2011,47.7,online_retail,0,0,7,16,930.7,0
16624,90.88,entertainment,0,0,9,9,284.0,0
10709,17.79,electronics,0,0,13,13,132.3,0
12108,75.46,dining,0,0,22,14,454.4,0
13110,115.9,utilities,0,0,11,17,36.8,0
11272,173.85,pharmacy,0,0,22,21,1662.4,0
11932,354.59,online_retail,0,1,19,14,142.5,0
17393,35.99,entertainment,0,0,21,24,106.0,0
15247,52.92,fuel,0,0,22,13,288.8,0
2281,122.64,online_retail,0,0,11,8,8.5,0
9061,103.89,entertainment,0,0,16,9,180.9,0
14840,85.65,utilities,0,1,13,16,222.7,0
7696,16.26,utilities,0,0,6,18,8.3,0
19287,86.08,jewelry,0,0,7,13,616.5,0
6185,163.76,entertainment,0,0,7,12,286.9,0
398,66.34,electronics,0,1,6,15,455.8,1
1252,32.55,electronics,0,0,7,18,163.2,0
534,358.04,travel,0,0,18,15,22.0,0
9140,97.81,online_retail,1,0,16,15,478.2,0
8803,96.94,utilities,0,0,17,17,130.8,0
2413,193.78,online_retail,0,0,9,14,281.0,0
3329,188.99,dining,0,1,8,7,109.9,0
14990,101.23,pharmacy,0,1,21,14,166.3,0
2259,62.03,jewelry,0,0,11,18,7.3,0
14984,82.69,entertainment,0,0,18,13,28.8,0
19778,58.89,online_retail,0,0,4,21,1994.9,0
18557,142.72,dining,0,0,14,11,91.6,0
10818,131.96,fuel,1,0,22,13,425.0,0
14037,155.88,utilities,0,0,3,16,1227.8,0
17745,129.28,utilities,0,0,1,14,924.2,0
2318,53.17,pharmacy,0,0,10,17,621.6,0
18289,290.09,entertainment,0,0,10,15,558.1,0
10371,184.27,dining,0,1,20,16,183.7,0
1346,171.24,dining,0,0,7,19,468.8,0
13715,110.05,online_retail,0,1,2,19,340.8,0
19562,206.17,utilities,0,0,15,15,141.0,0
9384,281.26,dining,1,0,12,7,13.1,1
19927,106.26,dining,0,0,12,11,440.2,0
7223,176.21,grocery,0,1,1,12,208.4,0
11626,104.57,pharmacy,0,1,0,13,212.9,0
19703,178.91,utilities,0,1,3,7,55.8,1
7365,70.59,travel,0,0,17,7,97.2,0
5922,62.91,online_retail,0,1,7,14,317.1,0
1605,186.51,online_retail,0,1,15,11,482.3,0
4080,182.25,electronics,0,0,18,21,131.3,0
11254,93.81,jewelry,0,0,15,11,356.4,0
4236,91.42,grocery,0,0,11,8,238.4,0
6616,36.23,travel,0,0,10,19,244.6,0
14061,131.63,travel,0,0,16,12,248.5,0
14003,100.19,electronics,0,1,2,14,206.1,0
8710,121.8,entertainment,0,0,9,14,263.5,0
14330,78.59,pharmacy,0,0,4,7,341.5,0
3006,66.25,travel,1,0,9,7,516.2,0
17683,70.56,entertainment,0,0,7,10,158.9,0
15648,64.89,utilities,0,0,12,16,24.1,0
2903,33.55,travel,0,0,19,17,179.3,0
9788,44.01,grocery,0,0,12,16,368.8,0
8642,61.52,pharmacy,0,0,4,11,512.5,0
14045,36.87,dining,0,0,10,7,2084.6,0
1954,75.23,electronics,0,0,4,9,152.0,0
19355,13.92,travel,0,0,22,18,67.8,0
3365,69.85,grocery,0,0,21,19,1204.5,0
9309,139.56,entertainment,0,0,10,20,90.4,0
13608,275.26,utilities,1,0,19,18,89.0,0
7426,71.7,online_retail,1,0,16,8,283.2,0
8587,157.67,entertainment,0,0,5,16,404.0,0
391,169.69,dining,0,0,21,12,88.1,0
18838,29.95,jewelry,0,0,18,13,422.3,0
4213,131.29,jewelry,1,0,16,14,386.9,0
17151,91.13,pharmacy,0,1,14,9,745.3,0
12946,47.01,online_retail,0,1,16,21,646.1,0
17002,97.41,electronics,0,0,18,18,87.8,0
2272,51.77,utilities,1,0,6,18,34.0,0
8661,47.39,utilities,0,0,7,13,495.5,0
9182,156.83,entertainment,0,0,19,9,365.5,0
4239,83.92,grocery,0,0,9,17,102.9,0
11378,306.6,jewelry,1,0,10,17,526.3,0
1883,306.07,grocery,0,0,17,16,253.5,0
19147,143.02,jewelry,0,0,17,10,236.3,0
17978,78.58,electronics,1,0,8,16,11.7,0
13012,162.62,entertainment,0,0,8,12,370.7,0
12913,42.07,fuel,0,0,21,16,229.6,0
2564,103.88,fuel,0,0,2,20,1684.9,0
9427,173.86,travel,0,0,18,20,9.2,0
166,52.47,online_retail,0,0,20,8,141.3,0
11242,296.12,entertainment,0,0,19,11,288.3,0
14370,42.48,electronics,0,0,10,12,347.5,0
5203,53.26,utilities,0,0,16,16,368.9,0
9109,99.67,jewelry,0,0,13,16,287.9,0
8103,174.18,dining,1,0,12,7,700.8,1
15746,221.99,electronics,0,1,7,20,121.5,0
7677,83.56,fuel,0,0,13,9,1391.4,0
19771,80.77,jewelry,0,0,9,13,69.5,0
18890,110.67,jewelry,0,0,6,8,135.3,0
15985,91.95,grocery,0,0,21,8,8.5,0
3111,47.0,utilities,0,0,8,11,402.7,0
10528,188.71,travel,0,0,15,14,98.4,0
8230,87.76,travel,0,0,12,17,390.4,0
13666,178.34,pharmacy,0,0,22,13,135.3,0
1365,139.31,online_retail,0,0,13,13,516.8,0
7752,67.14,entertainment,0,0,6,7,172.0,0
15776,76.61,online_retail,0,0,12,19,14.5,0
13810,77.32,travel,1,0,11,23,757.7,0
4058,87.69,fuel,0,0,8,14,45.0,1
9129,62.92,jewelry,0,0,7,15,492.2,0
8008,308.44,electronics,0,1,11,9,71.5,1
11437,75.54,electronics,0,1,21,16,534.7,0
4725,248.98,utilities,0,0,3,21,61.2,0
9399,80.83,entertainment,0,0,13,16,5.3,0
9105,60.59,fuel,1,0,21,12,184.0,0
17000,60.5,entertainment,0,0,8,20,1032.6,0
12266,120.58,grocery,0,0,14,11,210.9,0
9663,95.1,fuel,0,1,2,12,1298.4,0
1742,14.41,entertainment,0,0,0,9,274.1,0
16459,35.51,utilities,1,0,12,14,483.9,0
3518,172.36,online_retail,0,0,22,9,246.3,0
9912,106.78,grocery,1,0,14,16,28.0,0
6604,69.81,utilities,0,0,16,11,187.2,0
12070,229.14,grocery,0,0,10,12,435.2,0
1848,32.57,grocery,0,0,9,17,323.6,0
15414,75.66,travel,0,0,15,12,845.2,0
10565,97.3,entertainment,0,0,11,16,268.8,0
14251,117.08,entertainment,0,0,4,9,1237.5,0
16438,43.72,online_retail,0,0,6,17,500.0,0
3310,204.28,fuel,0,0,18,15,51.4,0
13884,32.25,jewelry,0,0,1,11,33.6,0
3007,174.04,electronics,0,1,10,21,432.3,0
94,195.47,electronics,0,0,18,15,432.4,0
17336,72.58,online_retail,0,0,9,11,852.2,0
5137,92.73,utilities,0,0,8,17,721.8,0
3466,14.22,entertainment,0,0,18,15,10.6,0
19433,214.56,grocery,0,0,1,13,367.4,0
14753,199.09,travel,0,0,11,13,675.8,0
18269,19.43,online_retail,0,0,7,18,148.9,0
5762,143.45,grocery,0,0,20,13,36.7,0
11053,394.41,grocery,0,0,2,4,65.6,1
2299,47.1,electronics,0,0,17,18,167.0,0
17872,60.03,grocery,0,0,14,13,1868.6,0
5843,60.05,online_retail,0,0,12,12,475.8,0
5437,157.49,jewelry,0,0,10,18,495.6,0
16465,37.49,entertainment,0,0,7,11,415.4,0
11325,74.42,jewelry,0,0,9,9,50.9,0
7588,83.65,utilities,0,0,15,18,198.7,0
5418,50.07,entertainment,0,0,21,13,199.2,0
9769,90.93,electronics,0,0,18,17,237.5,0
2810,192.64,jewelry,1,0,6,20,1033.3,0
10696,67.16,travel,0,1,22,6,113.6,0
14046,25.58,entertainment,0,0,9,15,70.7,0
15114,77.13,jewelry,0,0,9,10,799.4,0
14815,17.06,utilities,0,1,10,12,569.4,0
16707,35.63,pharmacy,0,0,9,24,224.5,0
16039,188.6,fuel,0,0,13,15,1069.0,0
9051,74.8,pharmacy,1,0,11,10,594.6,0
10144,144.94,electronics,0,0,8,17,40.3,0
1472,49.72,entertainment,0,1,6,11,293.0,0
8714,100.06,travel,0,0,8,17,29.6,0
2866,264.99,entertainment,0,0,7,21,648.5,0
1550,44.36,dining,0,0,7,16,195.0,0
9874,155.87,grocery,1,0,20,14,710.3,0
7550,200.28,online_retail,0,0,13,10,441.3,0
13342,250.43,utilities,0,0,5,12,2624.0,0
19180,18.42,pharmacy,0,0,11,15,355.9,0
9361,119.01,pharmacy,0,0,19,10,139.3,0
11026,184.1,utilities,0,0,20,11,726.6,0
4543,109.49,pharmacy,0,0,20,19,585.8,0
1627,28.23,electronics,0,0,19,19,358.3,0
4507,72.69,jewelry,0,0,11,13,1.7,0
4271,64.68,utilities,0,0,10,14,1755.7,0
10280,65.23,fuel,0,0,11,9,155.0,0
13602,57.31,jewelry,1,0,19,16,160.6,0
2604,156.94,grocery,0,0,11,11,176.2,0
12792,58.82,jewelry,0,0,22,12,432.0,0
1715,255.78,electronics,0,0,18,13,27.1,0
18448,153.79,electronics,0,1,6,5,188.2,0
6120,27.77,grocery,0,0,18,22,149.3,0
1034,53.17,grocery,0,0,9,14,30.1,0
13742,97.65,travel,0,0,12,16,252.3,0
19727,136.59,fuel,0,1,14,10,521.8,0
14112,35.07,electronics,0,0,12,18,311.1,0
115,169.17,utilities,0,0,16,19,45.8,0
17429,262.31,fuel,0,1,11,15,764.5,0
15927,83.56,travel,0,1,7,9,429.9,0
19635,207.19,dining,0,0,18,18,365.4,0
13317,210.14,entertainment,0,0,12,11,85.2,0
1535,118.4,entertainment,0,0,13,12,679.5,0
15556,124.4,fuel,0,0,8,16,71.3,0
18162,283.27,utilities,0,0,6,20,115.8,0
6467,77.01,travel,0,0,21,14,549.3,0
6704,124.68,dining,0,0,6,8,654.7,0
11415,78.44,online_retail,0,1,19,15,355.3,0
2495,133.92,grocery,0,1,11,21,277.2,0
16942,103.07,pharmacy,0,0,14,16,390.9,0
14548,210.61,fuel,0,0,17,12,278.1,0
15177,33.02,jewelry,0,0,22,20,394.2,0
18556,46.25,fuel,0,0,17,16,187.2,0
12970,100.29,grocery,0,0,10,13,634.2,0
9037,115.92,utilities,0,1,13,8,13.8,0
18631,79.05,online_retail,0,1,10,14,1.0,0
2420,48.65,travel,0,0,3,14,786.6,0
17066,195.27,electronics,0,0,15,17,104.4,0
14062,53.94,pharmacy,0,0,1,16,92.1,0
12139,16.24,utilities,1,1,11,15,22.2,0
7456,71.23,electronics,0,1,14,11,323.8,0
4617,40.19,utilities,0,0,7,23,485.4,0
2461,83.29,electronics,0,0,14,9,354.8,0
18973,266.62,jewelry,0,1,7,17,38.1,0
10899,137.94,online_retail,0,0,11,16,822.6,0
6127,137.72,entertainment,0,0,17,9,201.0,0
19799,100.59,fuel,0,0,22,16,27.8,0
314,158.51,dining,0,0,0,10,150.3,0
7248,46.58,online_retail,0,0,17,13,222.6,0
11887,55.94,entertainment,0,0,8,11,12.0,0
1255,114.63,pharmacy,0,0,12,18,316.4,0
13400,197.32,electronics,0,0,16,11,270.7,0
18992,166.59,fuel,0,0,7,13,240.0,0
4643,67.93,dining,0,0,5,12,921.5,0
14597,320.37,jewelry,0,0,19,11,243.6,0
14269,164.91,travel,0,0,20,13,175.8,0
15455,42.96,electronics,0,0,9,9,636.2,0
7347,56.87,electronics,0,0,9,18,81.0,0
4156,36.03,entertainment,0,0,9,13,86.9,0
4223,27.34,fuel,0,0,14,5,604.0,0
1401,176.35,travel,0,0,9,17,243.4,0
4958,88.53,jewelry,0,0,18,21,298.5,0
6285,207.0,grocery,0,0,0,12,78.8,0
15277,68.03,utilities,0,1,21,11,387.7,0
14040,15.21,jewelry,0,0,22,20,708.4,0
11633,113.84,electronics,1,0,22,14,73.5,0
14747,17.51,entertainment,0,0,13,12,57.7,0
7691,218.03,travel,0,0,13,16,180.3,0
16005,226.43,travel,0,0,22,16,162.4,0
18713,104.95,electronics,0,1,21,16,142.3,0
15922,374.1,jewelry,1,0,4,5,75.8,1
13847,132.67,electronics,0,0,16,17,197.3,0
5172,75.03,electronics,0,0,22,11,95.9,0
7612,124.11,dining,0,0,21,12,856.5,0
8532,74.18,grocery,0,0,12,13,98.3,0
4615,200.83,pharmacy,0,1,22,14,315.1,0
9739,167.35,utilities,0,0,16,10,224.9,0
19953,64.36,online_retail,0,0,10,18,837.1,0
54,130.07,electronics,0,0,21,15,572.3,0
5250,272.06,online_retail,0,0,12,14,80.0,0
15817,320.98,electronics,0,0,9,11,211.5,0
10417,146.69,travel,0,0,16,13,313.0,0
11545,150.27,grocery,0,0,12,20,618.8,0
10856,358.93,travel,1,1,0,4,22.5,1
17915,175.6,entertainment,0,0,17,8,1180.3,0
19170,65.13,utilities,0,0,16,20,519.8,0
19965,270.33,online_retail,0,0,4,14,731.5,0
16882,33.46,electronics,0,1,0,14,270.3,0
5334,279.82,online_retail,0,0,18,9,654.6,0
3593,190.19,utilities,0,1,14,17,171.9,0
15101,155.53,electronics,0,0,13,14,60.2,0
19664,86.85,utilities,0,0,20,11,675.3,0
12167,139.58,entertainment,0,0,22,13,9.8,0
8082,40.46,fuel,0,0,14,12,137.7,0
19392,64.36,pharmacy,0,0,9,10,1199.1,0
15523,35.94,pharmacy,0,0,20,22,151.9,0
127,66.39,travel,0,0,21,16,118.2,0
13105,113.58,grocery,0,0,13,15,88.1,0
13059,85.35,dining,0,0,12,15,331.9,0
4263,43.38,pharmacy,1,0,18,13,267.2,0
18792,51.31,utilities,0,0,6,12,22.6,0
12539,165.09,pharmacy,0,0,6,21,1082.9,0
19713,134.96,electronics,0,0,16,12,161.1,0
2119,64.13,dining,0,0,15,23,68.0,0
10477,187.15,fuel,0,0,14,17,48.9,0
12296,312.47,jewelry,0,0,15,11,68.6,0
4593,228.44,jewelry,0,0,21,16,934.7,0
1691,31.28,pharmacy,0,0,11,13,403.8,0
5877,203.76,electronics,0,0,11,11,1094.0,0
9150,286.28,fuel,0,0,12,17,111.3,0
15096,102.28,utilities,0,0,12,20,815.0,0
7097,157.14,online_retail,0,0,15,9,653.0,0
10409,119.13,grocery,0,0,18,11,1540.7,0
3219,9.12,travel,0,0,16,11,889.7,0
784,105.87,online_retail,0,0,20,15,429.1,0
18204,259.89,dining,0,1,13,8,73.2,1
17029,181.58,jewelry,0,0,21,12,281.5,0
15970,97.56,utilities,0,0,12,8,69.1,0
256,50.51,utilities,0,0,22,12,691.2,0
12719,95.05,entertainment,0,1,6,9,803.8,0
18559,64.7,dining,0,0,6,10,534.6,0
18717,137.19,online_retail,0,0,15,12,122.1,0
5166,139.21,fuel,1,0,9,19,383.3,0
18690,221.16,grocery,0,0,10,20,11.5,0
4978,97.57,travel,0,0,20,22,506.4,0
5851,215.52,pharmacy,0,0,14,16,194.5,0
4598,195.2,electronics,0,0,5,15,38.8,0
18632,115.38,jewelry,0,0,3,13,333.5,0
13958,104.8,fuel,0,0,13,18,142.6,0
19311,20.36,utilities,1,0,10,14,102.9,1
17366,95.75,dining,0,0,17,15,167.9,0
17758,76.7,electronics,0,1,18,14,1005.0,0
4589,99.02,online_retail,0,0,10,14,1220.3,0
10448,181.62,entertainment,0,0,15,10,762.2,0
14360,457.27,travel,0,1,0,14,82.4,0
8338,362.3,travel,0,0,9,17,523.0,0
369,304.77,fuel,0,0,3,9,72.3,1
7791,58.25,utilities,1,0,10,14,140.7,0
2234,156.27,jewelry,1,0,7,14,419.5,0
17044,122.23,fuel,0,0,21,12,404.8,0
18570,132.27,online_retail,0,0,15,11,156.6,0
10461,135.98,grocery,0,0,10,15,112.6,0
11572,23.56,travel,0,1,3,13,64.4,0
14308,267.67,utilities,0,0,22,15,592.3,0
16496,77.96,travel,0,0,13,13,476.8,0
4883,58.75,online_retail,0,0,10,11,302.8,0
1219,20.47,grocery,1,0,16,17,17.3,0
6950,25.57,utilities,1,1,21,14,120.9,0
4222,105.38,jewelry,0,0,8,19,11.9,0
18700,171.13,pharmacy,0,0,19,7,364.3,1
16290,45.57,dining,1,1,22,17,329.5,0
5951,54.76,jewelry,0,0,12,14,245.3,0
15057,81.73,online_retail,0,0,4,13,42.1,0
3412,185.65,jewelry,1,0,13,16,93.4,0
1033,60.64,dining,0,1,21,17,10.9,0
19917,22.13,travel,1,0,16,12,48.5,0
11232,251.71,online_retail,1,0,1,7,36.4,0
11892,77.85,dining,0,0,13,12,216.1,0
4210,98.77,pharmacy,0,0,15,13,33.5,0
5307,148.64,online_retail,0,0,11,13,5.8,0
7740,91.3,entertainment,0,0,22,22,563.7,0
11957,195.75,jewelry,0,0,17,14,178.7,0
2542,143.74,electronics,0,1,9,16,629.0,0
19265,155.46,fuel,0,0,11,15,445.1,0
10003,134.62,electronics,0,1,10,13,660.6,0
10045,20.01,jewelry,0,0,9,15,1037.1,0
9120,171.04,electronics,0,0,15,13,261.6,0
17650,146.77,pharmacy,0,0,11,14,236.1,0
9048,94.93,utilities,0,0,13,10,77.3,0
9582,102.11,grocery,0,0,3,12,582.9,0
14242,53.41,electronics,1,0,14,8,92.3,0
3347,72.95,grocery,0,1,16,15,3.3,0
7757,34.72,entertainment,0,0,20,11,1023.2,0
12888,23.75,electronics,0,1,15,22,48.7,0
14259,134.52,dining,0,0,9,14,410.1,0
3332,54.63,travel,0,0,10,10,44.4,0
14381,58.95,dining,1,0,22,8,481.6,0
7048,178.03,fuel,0,1,19,17,58.0,0
15674,128.95,pharmacy,1,1,17,13,1265.4,0
1213,109.98,entertainment,0,0,7,23,181.8,0
7972,165.8,fuel,0,1,9,9,406.6,0
5706,44.48,jewelry,1,0,9,14,107.0,0
18087,167.5,online_retail,0,0,10,12,513.2,0
17072,161.6,fuel,0,1,16,14,44.5,0
12960,253.69,jewelry,0,0,8,16,241.4,0
16222,97.87,grocery,0,0,10,11,531.6,0
3859,40.98,pharmacy,1,0,10,13,233.5,0
12586,63.89,pharmacy,0,0,9,24,5.6,0
8125,59.43,utilities,1,0,20,15,62.6,0
13021,39.95,pharmacy,0,0,16,24,708.1,0
14410,108.64,utilities,0,1,11,18,526.1,0
6658,53.21,pharmacy,0,1,17,19,131.5,0
7018,140.65,travel,0,0,20,11,352.1,0
4031,22.75,pharmacy,0,0,9,17,75.4,0
16248,54.09,online_retail,1,0,17,19,480.2,0
14805,73.39,grocery,0,0,16,13,10.4,0
5224,38.93,entertainment,0,0,17,13,92.6,0
8225,141.75,dining,0,0,10,22,293.3,0
18307,34.3,online_retail,0,0,15,19,81.8,0
4438,178.19,dining,0,0,6,13,195.4,0
7053,72.78,pharmacy,0,0,7,12,483.6,0
4581,282.08,pharmacy,0,1,8,14,67.5,0
4177,74.98,grocery,0,1,20,14,593.3,0
11197,188.25,utilities,0,0,9,12,53.2,0
11130,237.95,travel,0,0,12,6,66.5,1
6877,78.02,grocery,0,0,16,14,1156.0,0
11419,90.08,utilities,1,0,12,16,210.8,0
16445,62.59,fuel,0,0,6,9,2123.1,0
14594,125.08,pharmacy,1,0,10,16,84.6,0
12042,17.67,electronics,0,0,10,15,54.7,0
18936,95.45,pharmacy,1,0,11,17,302.4,0
15886,370.54,pharmacy,0,0,17,13,519.6,0
3926,12.88,utilities,0,0,14,13,90.7,0
4160,34.42,travel,0,0,10,16,191.5,0
15859,313.43,electronics,0,0,3,16,376.5,0
4127,17.19,entertainment,0,0,22,12,297.5,0
9327,204.46,dining,0,0,20,15,443.0,0
11775,227.08,travel,0,1,22,17,275.5,0
10554,176.65,electronics,1,0,21,9,140.5,0
13326,305.32,grocery,0,1,9,13,34.8,0
18804,195.24,electronics,1,1,0,14,1542.8,0
4347,113.58,pharmacy,0,1,8,11,713.1,0
17403,44.02,online_retail,0,0,14,9,278.3,0
9382,145.27,fuel,0,1,9,13,181.7,0
13243,252.59,utilities,0,0,5,10,15.9,0
477,373.0,utilities,0,0,15,12,82.0,0
15518,393.86,utilities,0,0,16,15,310.4,0
12071,45.06,pharmacy,0,0,7,9,304.9,0
5317,169.16,electronics,0,0,20,13,40.0,0
18195,93.16,grocery,1,1,6,14,998.0,0
19337,53.53,utilities,0,0,13,16,1554.7,0
8973,186.57,jewelry,0,1,10,15,135.9,0
13845,59.82,fuel,0,0,9,8,513.4,0
14711,34.6,fuel,0,0,22,18,130.8,0
941,543.76,travel,1,1,0,5,81.4,1
16522,167.86,online_retail,0,1,7,16,375.4,0
1731,356.9,fuel,0,1,21,12,74.1,0
8396,354.51,entertainment,0,0,17,16,348.6,0
11075,129.61,grocery,0,0,18,20,512.9,0
8011,136.9,utilities,0,0,5,14,73.6,0
11835,111.1,dining,0,0,18,21,87.3,0
209,355.16,utilities,0,0,12,4,87.7,0
15662,60.38,pharmacy,1,0,19,18,67.6,0
16464,426.92,travel,0,0,20,13,347.3,0
4365,105.35,grocery,0,1,19,14,142.4,0
8752,74.75,entertainment,0,0,9,12,220.9,0
1698,21.45,dining,0,0,13,14,129.0,0
11433,48.74,fuel,0,0,7,18,172.2,0
11283,100.15,online_retail,1,1,17,13,1162.9,0
9660,44.85,utilities,0,0,17,15,330.7,1
18290,137.0,travel,1,0,22,15,241.5,0
5315,173.65,pharmacy,0,0,6,9,191.2,0
10745,83.47,travel,0,1,9,17,142.3,0
6404,295.73,dining,1,1,5,6,18.0,1
14160,46.76,entertainment,0,1,14,14,780.2,0
4,309.88,electronics,0,0,22,14,473.5,0
535,250.68,pharmacy,1,0,11,14,99.4,0
11219,26.18,entertainment,0,0,13,15,736.2,0
6660,46.3,utilities,0,0,13,12,213.9,0
14107,110.21,utilities,0,0,11,10,28.2,0
1376,99.46,online_retail,0,0,18,18,411.1,0
13745,135.0,online_retail,0,1,20,12,652.7,0
13142,91.89,jewelry,0,0,7,11,194.1,0
15476,45.55,online_retail,1,0,13,7,159.9,0
17990,130.26,travel,0,0,11,8,231.2,0
16575,206.54,pharmacy,0,0,22,16,567.3,0
18110,31.2,travel,0,0,12,20,24.2,0
17274,40.87,pharmacy,0,0,8,14,12.4,0
10903,86.89,online_retail,0,0,22,15,319.2,0
13987,107.51,pharmacy,0,0,14,11,111.4,0
15348,27.68,dining,0,0,14,13,961.1,0
12181,77.43,grocery,0,0,6,12,282.7,0
18705,82.17,grocery,0,1,6,18,571.4,0
6145,113.33,travel,0,0,18,17,184.7,0
12191,24.11,grocery,0,0,2,14,728.1,0
5735,115.28,online_retail,0,0,14,17,63.0,1
10813,142.21,entertainment,0,0,18,13,133.8,0
9436,195.61,grocery,0,0,15,15,191.9,0
7910,44.57,dining,1,1,13,14,577.8,0
17220,67.51,utilities,0,0,12,10,65.4,0
2864,47.22,online_retail,0,0,2,13,211.7,0
5648,57.89,grocery,0,0,12,7,689.0,0
12615,49.97,pharmacy,0,0,19,12,422.4,0
19740,202.71,online_retail,0,0,12,13,36.4,0
13920,172.83,grocery,0,0,7,18,802.8,0
15045,150.19,utilities,0,0,10,12,73.5,0
18254,170.13,travel,1,0,9,9,49.9,0
18123,163.42,pharmacy,0,0,22,12,266.0,0
12442,204.6,utilities,0,0,7,11,382.6,0
14249,154.99,utilities,0,1,9,13,336.1,0
6405,107.81,entertainment,0,0,19,19,291.3,0
16680,48.04,pharmacy,1,0,16,12,197.1,0
19500,119.28,online_retail,0,0,9,20,47.9,0
16930,156.58,pharmacy,0,0,13,22,168.6,0
6333,291.9,fuel,0,1,8,14,1500.9,0
16075,451.63,electronics,0,0,18,12,170.8,0
1297,148.15,electronics,1,0,14,17,1.6,0
3618,7.93,electronics,0,0,16,23,362.6,0
7906,138.2,entertainment,0,0,18,12,187.8,0
10645,157.32,dining,0,0,20,26,26.7,0
19898,252.23,dining,1,0,13,14,23.5,0
14258,104.8,pharmacy,1,0,19,11,76.2,0
17671,176.39,online_retail,0,0,12,16,347.8,0
19716,116.24,fuel,0,0,13,8,888.3,0
4404,100.96,travel,1,0,6,10,95.3,0
17352,122.21,jewelry,1,1,22,13,560.8,0
18733,163.62,fuel,0,0,15,11,100.9,0
18030,145.21,entertainment,0,0,7,12,356.3,0
7922,177.62,electronics,0,0,8,13,419.5,0
5901,81.91,electronics,0,0,17,18,401.0,0
17969,72.11,entertainment,0,1,0,11,52.6,0
5459,55.14,utilities,0,0,11,10,37.6,0
4736,51.45,utilities,0,0,19,8,206.3,0
6648,118.6,dining,0,1,19,19,33.5,0
11019,43.41,pharmacy,0,0,21,12,14.2,0
2656,73.87,dining,0,0,0,13,417.1,0
8759,123.72,jewelry,0,0,8,10,133.8,0
10547,82.8,entertainment,0,0,11,12,7.3,0
19347,94.78,fuel,0,1,11,11,267.7,0
18773,194.98,electronics,1,1,2,5,94.5,1
6161,305.0,dining,1,0,21,16,688.8,0
2603,72.21,grocery,0,0,9,6,245.2,0
3909,67.19,online_retail,0,0,11,16,73.7,0
14004,114.62,grocery,0,0,15,15,13.2,0
11069,95.51,utilities,0,0,21,18,1.6,0
1946,152.33,electronics,0,0,16,12,127.0,0
9310,230.52,online_retail,0,0,15,17,113.1,0
13972,140.02,fuel,0,0,6,15,358.9,0
4690,205.91,dining,0,1,18,9,299.5,0
17365,70.83,fuel,0,0,18,21,385.6,0
5572,156.39,fuel,0,0,21,11,112.0,0
8902,90.46,pharmacy,0,1,20,9,82.3,0
9284,43.26,utilities,0,0,20,10,223.2,0
18620,41.52,utilities,0,0,21,12,480.2,0
18292,77.76,utilities,0,0,16,13,748.8,0
7749,154.44,travel,0,1,7,12,262.7,0
8345,152.82,entertainment,1,0,11,16,314.0,0
4596,53.16,dining,0,0,8,11,655.7,0
895,124.61,travel,0,0,8,13,67.9,0
14871,62.97,online_retail,0,0,22,11,296.9,0
18981,43.77,utilities,0,0,12,17,293.9,0
9551,15.43,electronics,0,0,16,12,469.4,0
3776,258.28,online_retail,0,0,12,16,185.5,0
2271,179.76,online_retail,0,0,15,10,1000.4,0
9784,62.64,pharmacy,0,0,7,11,206.1,0
15492,210.51,dining,0,0,9,16,60.3,0
12614,74.76,pharmacy,0,0,12,16,550.9,0
19863,67.88,utilities,0,0,12,11,663.3,0
10689,213.21,utilities,1,0,18,15,251.4,0
12413,31.53,dining,0,0,8,16,454.9,0
17842,84.57,pharmacy,0,0,15,16,1917.6,0
7122,522.1,grocery,0,0,12,21,3.3,0
9768,61.32,utilities,0,1,12,13,86.4,0
2805,228.27,online_retail,0,0,7,18,14.1,0
7583,368.76,utilities,0,0,19,12,430.5,0
9159,46.78,electronics,0,0,19,11,305.0,0
14628,183.96,jewelry,0,0,6,13,339.4,0
17218,13.18,grocery,0,1,9,12,96.1,0
3170,80.51,travel,0,1,14,7,440.8,0
13690,194.36,entertainment,0,0,11,14,857.5,0
8767,7.51,pharmacy,0,0,14,15,178.6,0
11253,66.74,grocery,0,0,17,11,629.3,0
1397,56.25,online_retail,0,0,19,12,24.7,0
17729,84.62,online_retail,0,0,19,11,612.2,0
18119,265.15,fuel,0,0,7,4,306.3,0
5649,86.8,utilities,0,1,22,15,338.5,0
19431,103.18,travel,0,0,12,6,5.5,0
3025,181.41,utilities,1,0,8,15,97.7,0
5454,165.57,online_retail,0,0,16,18,1034.3,0
5947,154.89,fuel,0,0,18,19,324.8,0
6942,36.71,online_retail,0,0,17,16,22.6,0
3693,137.81,travel,0,0,6,11,35.1,0
5300,193.68,grocery,1,0,16,14,1527.0,0
9344,87.86,jewelry,0,0,6,9,345.7,0
18801,79.15,grocery,0,0,17,16,318.9,0
19090,100.18,pharmacy,0,0,11,9,89.7,0
5736,26.07,jewelry,0,0,22,9,313.4,0
10175,40.71,travel,0,0,7,21,137.2,0
11551,201.93,entertainment,0,0,6,10,109.6,0
7798,22.97,dining,0,1,6,11,114.5,0
18896,126.19,dining,0,0,16,13,13.6,0
3337,303.89,fuel,0,1,4,9,735.2,0
13656,58.19,fuel,0,0,11,20,1111.0,0
8368,379.64,online_retail,1,0,15,17,146.9,0
16480,13.83,fuel,0,0,12,14,17.7,0
1326,60.89,pharmacy,0,1,19,12,361.3,0
8309,31.69,electronics,0,0,18,14,563.8,0
18282,82.01,dining,0,0,7,17,118.7,0
7669,125.93,dining,0,0,9,17,369.1,0
11693,82.85,entertainment,0,0,9,11,420.5,1
1309,157.04,electronics,0,0,3,14,83.6,0
5389,99.0,fuel,0,0,6,11,122.5,0
14067,131.61,travel,0,0,6,11,421.5,0
13724,398.95,pharmacy,0,0,18,14,991.2,0
8547,5.77,grocery,0,0,11,10,51.8,0
11223,204.03,fuel,0,0,10,6,106.6,0
11169,233.36,grocery,0,0,11,9,17.7,0
11424,126.37,pharmacy,0,0,7,16,50.7,0
8616,71.1,electronics,0,0,18,15,344.5,0
5431,76.61,travel,0,0,22,18,73.7,0
17816,26.6,online_retail,0,0,13,13,922.4,0
1460,68.81,pharmacy,0,0,22,16,1354.4,0
4968,75.72,entertainment,0,0,14,14,16.0,0
17898,155.97,travel,0,0,21,20,233.5,0
8152,85.15,grocery,0,0,9,14,280.6,0
7253,32.71,pharmacy,1,0,17,17,497.1,0
12620,68.36,entertainment,0,0,17,20,757.5,0
13026,233.01,pharmacy,0,0,19,17,214.1,0
13953,577.11,fuel,1,1,1,6,26.6,1
16319,183.46,electronics,0,0,17,12,603.3,0
6757,67.14,dining,0,0,11,14,39.2,0
11827,50.63,jewelry,1,0,19,12,190.7,0
16491,95.04,utilities,0,0,22,6,374.9,0
10485,137.75,fuel,0,1,9,15,305.9,0
17319,56.58,pharmacy,0,1,6,13,236.4,0
539,283.03,online_retail,0,0,19,21,622.8,0
15992,168.41,electronics,0,0,19,11,356.9,0
17873,85.12,online_retail,0,0,16,14,472.7,0
7782,125.76,pharmacy,0,0,18,15,1.5,0
4189,276.78,electronics,0,0,16,19,773.9,0
5899,172.69,grocery,1,0,0,15,321.4,1
12248,93.26,jewelry,0,0,15,12,665.7,0
14710,76.68,entertainment,0,1,11,16,57.1,0
12907,29.79,fuel,1,0,17,19,109.1,0
11537,91.41,fuel,0,0,15,14,581.9,0
6314,69.37,pharmacy,0,1,6,13,44.2,0
11380,179.13,pharmacy,0,0,17,14,183.9,0
14361,228.36,utilities,0,0,18,19,36.7,0
4200,103.18,grocery,0,0,19,18,1084.7,0
6478,45.8,utilities,1,0,12,17,61.9,0
6252,86.76,jewelry,0,0,15,16,412.3,0
12881,94.14,pharmacy,0,0,16,9,523.2,0
16899,117.03,fuel,0,0,6,15,450.6,0
4693,295.87,entertainment,0,0,16,13,191.4,0
3973,72.82,online_retail,0,0,21,10,394.7,0
920,103.4,electronics,0,0,2,19,50.3,0
16208,47.09,grocery,0,0,18,10,1064.9,0
1088,107.49,travel,1,0,7,21,5.0,0
19928,195.42,jewelry,0,0,18,17,900.1,0
11733,134.04,electronics,1,1,19,15,250.5,0
967,56.11,dining,0,0,22,12,10.8,0
6250,8.58,grocery,0,0,4,15,2.9,0
3843,31.32,fuel,0,0,14,7,499.5,0
18843,101.26,jewelry,0,0,7,16,214.5,0
14773,83.75,dining,0,0,22,22,183.2,0
17991,219.09,pharmacy,0,1,1,4,5.0,1
3855,57.03,dining,1,0,19,12,199.1,0
17309,86.32,online_retail,0,1,21,10,325.5,0
218,315.55,travel,0,0,20,19,754.4,0
613,30.52,travel,0,1,19,15,278.7,0
4751,96.52,fuel,0,0,11,17,1.6,0
18774,54.44,grocery,0,0,13,18,448.3,0
17369,266.58,dining,0,0,16,13,24.7,0
2128,50.52,dining,0,1,11,7,486.4,0
14018,53.78,jewelry,0,0,21,14,334.0,0
17766,126.19,jewelry,0,0,11,9,108.1,0
8430,173.97,online_retail,0,0,7,19,263.8,0
14690,20.29,online_retail,0,0,0,17,213.6,0
19067,377.24,electronics,0,1,9,8,25.5,1
5014,73.33,jewelry,0,0,6,12,237.0,0
8763,51.27,electronics,0,0,18,16,161.2,0
17322,84.2,entertainment,0,1,13,4,33.5,0
11698,58.42,pharmacy,0,0,14,16,45.4,0
10452,133.77,dining,0,0,22,9,112.3,0
769,153.67,dining,0,0,22,14,56.3,0
5192,66.92,travel,0,1,10,10,1547.4,0
5015,125.47,grocery,0,1,4,6,18.2,1
16392,157.55,entertainment,0,0,4,5,16.1,1
13546,83.0,fuel,0,0,17,8,351.8,0
3980,182.8,entertainment,0,0,18,15,1689.9,0
7183,24.25,pharmacy,0,0,3,12,396.9,0
5162,41.21,utilities,1,0,19,10,1937.7,0
1246,133.15,entertainment,0,1,11,10,373.1,0
14692,245.56,dining,0,1,20,10,281.5,0
2362,95.01,jewelry,0,0,14,15,8.5,0
15638,132.07,dining,0,0,14,14,203.2,0
3613,64.89,dining,0,0,16,18,147.5,0
2381,138.75,dining,0,0,8,14,629.5,0
3382,67.21,dining,0,1,16,18,516.6,0
18006,112.34,online_retail,0,0,3,14,421.9,0
6099,95.5,dining,0,1,17,18,228.2,0
5338,100.6,dining,0,0,9,21,34.7,0
9211,83.77,utilities,0,0,11,11,37.8,0
3321,265.43,electronics,0,0,12,13,7.4,0
19359,47.36,electronics,0,0,11,15,361.1,0
3362,101.3,dining,0,0,22,14,28.8,0
12478,32.63,electronics,0,1,9,11,283.0,0
10803,20.49,electronics,0,0,7,21,78.6,0
1792,318.82,fuel,1,0,18,15,617.7,0
17302,429.27,electronics,1,0,8,10,20.9,1
2127,206.86,electronics,1,0,14,14,68.4,0
931,242.57,grocery,1,0,18,13,54.0,0
19230,62.41,jewelry,0,0,22,13,590.0,0
2366,73.45,electronics,0,0,22,14,891.8,0
8980,57.89,online_retail,0,1,16,18,216.1,0
602,385.57,utilities,1,1,5,7,40.8,1
1349,248.42,grocery,0,0,2,12,77.0,0
2143,62.73,travel,1,0,22,12,555.1,0
13368,65.51,travel,0,0,20,5,132.4,0
14733,48.76,jewelry,1,0,19,11,256.0,0
8375,244.56,utilities,0,0,17,13,155.7,0
1402,20.18,jewelry,0,0,14,21,1032.2,0
18279,12.01,entertainment,0,0,5,7,12.4,0
3917,198.47,entertainment,0,0,4,9,1376.6,0
75,79.79,entertainment,1,0,8,15,465.9,0
5074,79.64,utilities,1,1,13,13,368.7,0
8171,113.78,entertainment,1,0,10,15,65.9,0
16056,92.33,travel,0,0,16,15,24.4,0
16298,118.16,online_retail,0,0,4,16,472.3,0
388,190.76,electronics,0,1,22,14,202.1,0
6420,105.81,fuel,0,0,17,22,352.1,0
3426,102.05,travel,0,0,8,17,259.1,0
14131,115.91,jewelry,0,0,7,13,99.9,0
18184,41.76,electronics,0,0,13,18,829.4,0
5873,134.5,pharmacy,0,1,19,15,95.0,0
17205,241.13,electronics,0,0,7,14,828.5,0
17104,98.38,online_retail,0,1,16,14,554.3,0
6889,28.66,entertainment,0,0,15,15,304.4,0
1443,73.1,electronics,0,0,19,15,85.2,0
641,66.75,dining,0,0,17,16,668.3,0
500,216.24,jewelry,0,0,14,16,265.9,0
11217,50.38,fuel,0,1,14,23,226.7,0
12720,51.88,entertainment,0,0,0,8,17.1,0
12527,87.14,grocery,0,0,14,10,210.0,0
14367,125.22,travel,0,0,19,19,75.2,0
18795,65.63,online_retail,0,0,13,19,263.7,0
18755,46.25,jewelry,0,0,3,11,425.4,0
997,244.16,entertainment,0,1,9,11,191.2,0
10867,123.02,grocery,0,0,18,12,887.6,0
17925,98.61,entertainment,0,0,21,20,723.6,0
17715,188.73,jewelry,0,0,12,9,63.8,0
5845,193.76,fuel,0,0,21,13,213.6,0
18241,153.95,dining,0,0,20,15,170.2,0
7814,101.71,grocery,0,0,10,8,95.1,0
4830,109.61,pharmacy,0,0,12,13,303.1,0
17881,115.58,entertainment,0,0,15,15,236.5,0
16204,52.11,travel,0,0,3,10,49.0,0
3708,82.85,entertainment,0,0,20,10,271.8,0
6646,129.0,electronics,0,0,21,11,127.9,0
6936,51.17,jewelry,0,0,18,12,378.9,0
6784,120.59,electronics,0,0,19,17,1056.5,0
5891,153.57,travel,0,0,16,9,167.9,0
9675,53.07,fuel,0,0,14,11,388.2,0
14458,142.55,online_retail,1,0,2,8,111.9,0
4723,27.44,jewelry,0,0,16,12,288.3,0
8449,6.61,pharmacy,0,0,9,26,921.9,0
3736,69.0,grocery,0,0,13,21,132.9,0
726,73.18,grocery,0,0,15,16,273.2,0
5171,112.44,entertainment,0,0,14,16,104.8,0
15690,42.63,grocery,0,0,14,20,82.9,0
14574,423.35,jewelry,0,0,6,19,167.4,0
9320,30.98,entertainment,0,1,14,12,4.9,0
2737,57.51,jewelry,0,1,16,12,692.4,0
9484,246.51,dining,0,1,20,12,160.3,0
19093,93.1,travel,0,0,7,14,41.5,0
3533,94.63,online_retail,0,0,14,21,117.3,0
9537,32.57,dining,0,0,0,10,137.9,0
13391,116.66,entertainment,0,0,2,15,514.0,0
10512,154.38,electronics,0,0,8,12,135.2,0
18915,96.97,utilities,0,0,10,11,597.9,0
8725,76.16,travel,0,0,6,14,841.4,0
19850,98.68,utilities,0,0,2,21,170.9,0
14462,79.15,dining,0,0,13,18,112.0,0
1600,77.44,pharmacy,1,0,9,7,915.4,0
19505,267.59,dining,0,0,7,9,73.7,0
11436,86.68,grocery,0,0,21,15,128.1,0
15788,128.23,electronics,0,0,19,11,212.4,0
12288,95.31,utilities,0,0,15,18,71.1,0
12076,66.75,utilities,0,0,10,9,15.6,0
5594,52.76,fuel,0,1,9,14,60.6,0
4436,133.64,pharmacy,0,0,17,11,124.4,0
17682,95.04,dining,0,0,22,8,509.7,0
12920,4.44,pharmacy,0,0,21,13,122.7,0
212,173.87,electronics,0,0,9,8,483.6,0
862,25.45,online_retail,0,0,11,14,144.7,0
4175,159.88,utilities,0,0,10,21,83.8,0
3283,112.55,dining,0,0,21,16,6.1,0
9231,57.05,travel,1,0,22,14,542.1,0
19652,293.17,pharmacy,1,0,0,8,26.2,1
3744,82.23,travel,1,0,11,17,47.5,0
1375,152.06,electronics,0,0,10,9,513.4,0
12379,43.2,electronics,0,1,12,16,23.5,0
9145,215.33,online_retail,0,0,5,11,486.9,0
12717,76.61,dining,0,1,15,16,20.9,0
19930,199.41,travel,1,0,18,20,306.4,0
6641,119.76,entertainment,0,0,13,18,335.4,0
13407,115.17,fuel,1,1,19,3,57.8,1
16041,54.06,jewelry,0,0,8,14,476.5,1
2007,102.86,jewelry,0,0,22,18,500.8,0
1465,67.33,utilities,0,0,13,10,22.7,0
7559,140.94,electronics,0,0,12,9,186.4,0
4026,109.26,grocery,0,1,9,16,405.8,0
14440,113.89,electronics,1,0,19,10,2.9,0
16309,56.06,jewelry,0,0,11,18,535.4,0
3589,100.43,online_retail,0,0,11,16,21.7,0
16111,99.82,fuel,0,0,13,11,1155.1,0
12702,98.13,jewelry,0,1,7,14,7.4,0
15398,96.63,electronics,0,0,8,12,681.3,0
12998,51.52,pharmacy,0,0,21,15,379.8,0
12526,80.56,grocery,0,0,13,17,4.3,0
14659,16.14,entertainment,0,0,18,13,241.8,0
19628,37.29,online_retail,0,0,13,18,4.5,0
6895,75.59,dining,0,1,1,11,631.4,0
3203,234.83,pharmacy,0,0,14,21,471.8,0
7308,173.54,jewelry,0,1,6,14,1030.2,0
1923,120.39,electronics,0,0,19,11,51.1,0
292,42.44,utilities,0,0,7,16,241.5,0
19845,166.64,jewelry,0,0,10,11,464.3,0
19412,99.55,jewelry,1,0,1,11,120.0,0
5029,96.61,dining,0,1,2,10,460.1,0
6452,234.85,travel,0,0,7,16,139.0,0
16102,456.75,pharmacy,0,1,19,7,163.1,1
76,69.26,grocery,1,1,13,9,172.6,0
6144,50.66,jewelry,0,0,10,12,717.6,0
17754,318.8,jewelry,0,0,13,19,206.4,0
15837,50.64,travel,0,0,16,14,540.6,0
10191,75.49,pharmacy,0,0,16,10,51.0,0
18680,28.66,jewelry,0,0,22,13,375.0,0
119,90.04,travel,0,1,10,11,110.8,0
18709,87.91,pharmacy,1,1,7,12,97.9,0
14673,65.34,jewelry,0,0,22,19,30.2,0
8340,95.51,pharmacy,0,0,17,16,84.4,0
6203,134.45,entertainment,0,0,10,22,1082.7,0
2553,186.33,jewelry,0,0,4,17,140.6,0
4912,151.8,dining,0,0,10,6,485.7,0
6894,275.16,fuel,0,0,20,13,672.7,0
2618,50.61,jewelry,0,0,18,14,199.3,0
449,279.18,online_retail,0,1,10,17,375.6,0
10026,16.92,online_retail,1,0,16,13,164.7,0
4235,140.75,fuel,0,0,22,15,403.1,0
17802,95.88,travel,0,0,6,17,65.4,0
3344,128.49,jewelry,0,1,22,17,12.0,0
6239,48.65,travel,0,0,11,11,411.6,0
2100,59.27,dining,0,1,9,16,371.8,0
3145,108.72,dining,0,0,16,13,1256.1,0
1568,68.89,jewelry,0,0,17,17,318.7,0
14457,120.0,jewelry,1,0,16,14,249.1,0
9054,66.13,jewelry,0,0,8,16,270.6,0
10558,161.66,fuel,0,0,18,10,39.6,0
15036,16.02,fuel,0,0,21,14,48.9,0
8596,52.22,entertainment,0,0,17,7,242.1,0
14904,27.99,fuel,0,0,17,10,66.4,0
16260,191.17,electronics,0,0,11,9,1035.7,0
11236,71.33,online_retail,0,0,6,16,458.3,0
12341,447.32,fuel,0,1,19,16,54.0,0
17162,89.82,utilities,0,0,11,17,113.2,0
3250,21.28,utilities,0,0,17,12,96.7,0
18530,43.14,entertainment,0,0,1,15,17.0,0
8686,203.84,utilities,0,0,12,11,250.9,0
13319,222.8,jewelry,0,0,20,12,107.2,0
15030,290.51,online_retail,0,0,21,13,31.3,0
12356,126.87,dining,0,0,7,14,343.9,0
18364,61.13,pharmacy,0,0,13,10,332.5,0
12859,61.05,utilities,0,1,21,15,1284.2,0
7748,70.49,travel,0,0,6,13,62.2,0
7695,144.08,jewelry,0,0,14,14,257.8,0
12839,386.27,utilities,0,1,1,5,92.0,1
8317,131.88,fuel,0,0,18,14,579.9,0
1533,325.3,online_retail,0,0,21,13,62.5,0
12032,36.41,pharmacy,0,0,15,9,469.2,0
10945,239.96,jewelry,0,0,10,15,54.8,0
12264,64.03,entertainment,0,0,22,12,243.7,0
10462,121.65,entertainment,0,0,18,13,263.2,0
14977,61.57,electronics,1,0,7,17,42.0,0
13969,8.37,travel,0,0,11,15,605.2,0
10170,83.37,entertainment,0,0,15,15,791.7,0
1679,44.62,utilities,0,0,10,8,665.6,0
11638,79.9,travel,0,0,1,10,185.3,0
12268,65.64,dining,0,0,21,12,464.4,0
12900,51.3,grocery,0,1,3,15,538.2,0
3871,51.62,online_retail,0,0,7,10,1130.3,0
10147,86.53,utilities,0,0,9,19,863.1,0
3808,95.04,dining,0,0,0,13,1587.2,0
18914,52.23,jewelry,1,0,20,13,311.6,0
9084,102.74,online_retail,1,0,20,9,217.2,0
1300,166.57,online_retail,0,0,21,13,416.0,0
12599,41.49,online_retail,0,0,7,22,58.6,0
10018,128.99,utilities,0,0,17,10,835.9,0
15842,148.87,entertainment,1,1,14,20,66.1,0
17420,31.12,electronics,1,0,8,18,17.1,0
10399,98.98,entertainment,0,0,16,18,232.5,0
9032,80.55,online_retail,0,0,22,17,377.7,0
10274,33.95,travel,0,0,16,15,141.3,0
19461,77.39,travel,0,0,17,17,489.9,0
8117,62.83,travel,1,0,17,24,181.4,0
6471,47.31,travel,0,0,10,12,77.8,0
10156,105.47,electronics,0,0,12,16,998.1,0
13721,77.19,entertainment,0,0,21,14,470.7,0
1263,54.82,grocery,0,0,8,11,49.5,0
2494,54.66,electronics,0,0,12,9,76.1,0
7730,309.44,utilities,0,0,20,13,174.5,0
15016,76.18,pharmacy,0,0,19,7,34.2,0
687,132.94,entertainment,0,0,18,16,65.5,0
1536,117.14,dining,0,1,12,19,788.4,0
15044,162.02,dining,0,0,11,16,148.6,0
16636,142.64,electronics,1,0,17,12,21.8,0
7201,205.76,online_retail,0,0,11,16,749.2,0
17784,94.7,dining,0,0,9,16,779.4,0
5904,49.02,utilities,0,1,14,12,147.1,0
6701,150.14,pharmacy,0,1,14,15,37.2,0
19214,109.67,dining,0,0,13,13,1215.4,0
4342,78.74,dining,0,1,13,11,474.6,1
13631,276.21,entertainment,0,1,7,10,989.7,0
15799,65.82,online_retail,1,0,17,9,959.8,0
13235,86.68,fuel,0,0,13,15,2290.7,0
4837,117.76,dining,0,0,10,12,82.3,0
12594,92.75,utilities,0,0,18,15,700.6,0
14735,48.53,pharmacy,0,0,11,14,358.2,0
18484,62.18,utilities,0,0,15,22,347.1,0
9981,21.55,dining,0,0,11,17,332.1,0
11367,184.14,online_retail,1,0,7,16,362.0,0
2286,124.38,online_retail,0,0,9,15,461.4,0
6599,73.83,pharmacy,0,0,22,12,268.0,0
16872,38.27,electronics,0,0,7,16,399.2,0
1940,124.66,jewelry,0,0,10,16,1028.0,0
17803,207.69,jewelry,0,0,22,21,196.2,0
2732,270.73,online_retail,0,0,9,15,438.2,0
6931,30.18,pharmacy,0,0,21,17,183.5,0
10737,126.1,online_retail,0,0,7,22,837.5,0
15646,60.91,fuel,0,0,8,15,411.6,0
8443,91.47,travel,0,0,15,11,39.0,0
19317,261.01,pharmacy,1,0,15,17,278.5,0
4823,193.79,fuel,0,0,14,12,100.6,0
18097,87.82,jewelry,1,0,18,11,409.4,0
18856,161.81,electronics,0,1,21,12,367.3,0
5982,82.7,entertainment,0,0,1,12,99.6,0
9262,69.1,online_retail,0,0,6,19,162.0,0
4226,161.08,online_retail,0,0,6,25,357.1,0
13825,47.27,jewelry,0,0,12,8,730.3,0
13896,11.59,electronics,0,0,14,24,61.5,0
6843,158.55,utilities,1,0,20,19,240.6,0
19620,258.3,dining,0,0,11,16,478.9,0
19267,194.31,online_retail,0,0,11,12,121.0,0
16500,133.4,utilities,0,0,9,15,284.5,0
12896,235.55,online_retail,0,0,11,7,228.1,0
15733,94.72,fuel,0,0,15,12,91.7,0
12057,32.52,travel,0,0,15,20,270.0,0
262,211.34,online_retail,0,0,6,13,375.7,0
8467,49.4,entertainment,0,1,14,10,504.4,0
305,71.86,grocery,0,1,16,6,484.2,0
10946,169.28,online_retail,0,0,3,16,780.1,0
71,118.13,online_retail,0,0,13,12,334.7,0
13662,143.6,fuel,0,0,10,16,360.2,0
16685,194.46,fuel,0,1,14,25,424.7,0
1555,555.45,online_retail,1,0,13,4,231.2,1
5366,133.11,pharmacy,0,0,22,13,320.2,0
16390,120.22,electronics,0,0,14,12,38.2,0
1468,82.66,travel,1,1,3,13,237.6,0
15411,75.29,grocery,0,1,14,11,1481.7,0
1509,185.1,dining,0,0,16,9,437.4,0
17398,139.48,fuel,1,0,12,15,110.3,0
10221,327.97,jewelry,0,0,16,15,507.9,0
4169,61.72,grocery,0,0,8,14,423.5,0
18884,83.21,electronics,0,1,11,13,43.9,0
240,97.86,online_retail,0,1,8,13,32.9,0
14143,237.0,online_retail,1,0,7,9,244.2,0
19589,161.77,electronics,1,0,7,10,528.1,0
5444,6.24,utilities,0,0,10,12,527.6,0
11634,96.86,electronics,0,1,20,16,626.7,1
11653,174.74,grocery,0,0,2,17,27.3,0
16832,132.78,travel,0,0,22,10,203.2,0
13096,233.29,entertainment,0,0,14,13,265.7,0
8288,166.93,dining,0,0,9,14,989.0,1
15740,137.19,utilities,0,0,13,15,68.6,0
2975,31.99,utilities,0,0,22,14,525.7,0
4440,49.83,fuel,0,1,11,17,25.1,0
9233,110.01,fuel,0,0,6,13,188.5,0
2693,150.08,grocery,0,0,14,9,881.8,0
13290,75.08,online_retail,0,0,7,11,73.9,0
5862,203.94,entertainment,1,0,19,7,287.0,0
1754,382.06,entertainment,0,0,6,13,184.7,0
8329,241.83,electronics,0,0,17,13,470.5,0
8838,150.19,pharmacy,0,0,12,13,69.4,0
1317,551.07,travel,0,0,19,13,640.9,0
8811,60.18,online_retail,0,0,10,15,284.0,0
19781,180.73,entertainment,0,0,22,12,107.1,0
13190,79.12,travel,0,0,6,18,422.9,0
14949,110.49,jewelry,0,1,5,16,20.8,0
10400,390.69,pharmacy,0,0,5,9,129.2,0
11258,103.41,utilities,0,0,19,9,27.2,0
15665,173.01,fuel,0,0,11,11,653.5,0
559,160.08,electronics,1,0,22,20,114.0,0
17914,129.77,entertainment,0,1,8,15,163.4,0
5848,30.73,entertainment,1,0,14,12,27.2,0
995,216.2,pharmacy,0,0,20,13,104.1,0
8544,66.14,dining,0,0,16,8,294.0,0
11227,80.38,grocery,1,0,14,16,896.9,0
13288,131.97,electronics,0,0,11,10,624.7,0
15887,56.35,utilities,0,0,17,15,21.1,0
10564,87.74,jewelry,1,0,15,11,96.0,0
16901,48.76,jewelry,0,0,16,21,60.1,0
2203,46.68,entertainment,0,0,15,13,409.5,0
11285,125.93,fuel,0,0,13,12,259.4,0
9409,52.57,entertainment,0,0,12,12,476.6,0
17089,167.89,online_retail,0,0,21,12,769.8,0
3124,469.84,fuel,0,0,4,6,24.5,1
7716,143.3,travel,0,0,10,12,286.4,0
17498,79.34,online_retail,0,1,19,17,425.9,0
10504,13.06,jewelry,0,1,21,14,464.2,0
19048,146.83,fuel,0,0,13,17,224.9,0
13504,146.13,grocery,1,0,22,9,459.7,0
14850,163.19,entertainment,0,0,6,17,53.7,0
2389,152.66,travel,0,0,17,11,518.5,0
19262,69.78,fuel,0,0,4,15,1085.2,0
6721,100.13,travel,0,0,14,15,84.2,0
4040,142.54,grocery,0,0,15,8,57.3,0
901,145.66,online_retail,0,1,8,16,139.8,0
16257,153.16,travel,0,0,12,11,366.1,0
15042,65.77,entertainment,0,1,10,13,2.6,0
3953,57.86,jewelry,0,0,15,11,147.5,0
3214,46.86,pharmacy,0,0,6,7,148.2,0
2637,60.39,jewelry,0,1,9,17,292.1,0
61,110.08,jewelry,0,0,11,14,295.8,1
3057,59.97,utilities,0,0,8,22,103.3,0
8913,3.53,grocery,0,0,11,17,811.7,0
11092,31.94,fuel,0,0,13,16,88.7,0
6043,63.07,jewelry,0,0,10,14,478.8,0
829,70.19,utilities,1,0,20,8,229.0,0
6965,65.93,entertainment,0,0,22,13,654.7,0
16644,113.59,dining,1,0,14,12,131.0,0
7454,68.68,pharmacy,0,0,16,10,30.6,0
998,52.89,fuel,0,0,9,12,32.1,0
13640,194.78,utilities,0,0,12,10,153.6,0
1306,102.0,jewelry,1,0,5,11,310.7,0
9732,125.88,jewelry,1,0,6,17,200.7,0
15906,121.43,electronics,0,0,22,13,94.9,0
2243,75.32,jewelry,0,0,20,17,487.8,0
1010,172.11,grocery,0,0,11,9,585.5,0
15546,32.65,grocery,0,0,18,13,1014.2,0
14521,590.88,online_retail,0,0,18,16,210.1,0
1520,39.33,jewelry,0,0,13,16,460.1,0
16815,27.15,pharmacy,0,1,15,19,50.2,0
3958,139.26,grocery,0,0,5,7,55.5,0
6674,134.95,travel,0,0,11,15,570.3,0
16411,173.88,jewelry,0,0,21,16,471.1,0
13005,93.21,entertainment,0,0,21,16,771.7,0
5107,143.57,fuel,0,0,21,23,645.0,0
7864,79.88,entertainment,0,0,16,15,129.4,0
16800,68.36,jewelry,0,1,4,5,76.8,1
16108,53.79,travel,1,0,13,19,159.9,0
3453,87.08,grocery,0,0,12,13,22.6,0
8667,23.26,pharmacy,0,0,14,23,798.5,1
17570,112.78,dining,0,0,15,14,177.6,0
4825,37.08,dining,0,0,21,14,233.9,0
15833,271.95,pharmacy,0,0,13,9,12.7,0
233,123.98,dining,0,0,13,9,1224.3,0
3215,162.5,jewelry,0,0,12,20,670.6,0
6057,114.92,pharmacy,0,0,7,13,56.8,0
9107,36.97,electronics,0,1,17,19,106.7,0
11202,178.99,travel,0,0,15,16,63.2,0
3205,116.26,grocery,1,0,11,12,78.4,0
12409,85.68,dining,0,0,11,12,90.5,0
11126,188.26,utilities,0,0,7,11,548.6,0
19523,47.81,grocery,1,1,12,14,579.8,0
3816,80.3,travel,0,0,11,11,813.3,0
19278,49.0,pharmacy,0,0,21,10,43.0,0
19404,120.0,travel,0,0,6,20,511.9,0
335,171.77,dining,0,1,11,12,589.8,0
1232,258.96,utilities,1,0,13,15,4.3,0
2841,86.71,utilities,0,0,12,18,145.9,0
12867,137.81,jewelry,0,0,12,11,18.6,0
13332,221.14,entertainment,0,0,11,18,226.5,0
11792,31.92,grocery,1,0,14,17,520.3,0
9585,40.33,electronics,0,0,7,17,933.5,0
17931,14.05,entertainment,0,0,7,19,272.0,0
3454,51.1,utilities,1,0,21,12,491.4,0
9561,42.0,grocery,0,0,20,12,256.0,0
2467,55.47,pharmacy,0,0,21,21,86.2,0
1271,215.48,entertainment,0,0,10,17,597.5,0
11391,91.67,dining,0,0,7,11,8.7,0
4664,115.63,travel,0,0,22,14,291.2,0
9584,190.88,jewelry,0,0,7,11,21.9,0
8433,169.57,entertainment,0,0,20,11,71.9,0
13916,77.3,utilities,0,0,16,16,159.0,0
11421,133.46,pharmacy,0,0,16,16,230.2,0
18327,96.61,electronics,1,1,16,10,23.5,0
16951,202.36,online_retail,0,0,17,12,362.7,0
9707,152.05,pharmacy,0,0,14,9,370.0,0
19066,137.55,fuel,0,0,11,10,26.2,0
10553,208.6,grocery,0,0,10,9,1.6,0
18134,63.49,utilities,0,0,16,19,691.6,0
12116,78.8,grocery,0,0,11,16,114.8,0
13676,129.61,electronics,0,0,14,13,139.9,0
11611,235.33,entertainment,1,0,19,18,496.4,0
13401,74.42,fuel,0,0,21,19,398.7,0
7639,105.48,utilities,0,1,20,9,171.6,0
18225,97.57,electronics,0,0,21,13,351.2,0
15154,47.35,jewelry,0,1,14,10,468.6,0
7921,169.76,travel,0,0,2,12,467.4,0
19968,39.95,jewelry,0,0,9,17,33.6,0
16439,179.73,travel,1,0,10,13,535.5,0
4622,44.25,jewelry,1,0,9,9,193.9,1
14125,172.12,fuel,0,0,0,13,177.0,0
17521,125.62,pharmacy,0,0,6,14,782.6,0
6649,705.6,grocery,1,0,14,4,185.3,1
8653,79.96,jewelry,1,0,12,8,405.5,0
17686,231.02,dining,0,1,3,2,24.7,1
13515,75.7,online_retail,0,0,13,17,576.8,0
14387,100.5,travel,0,1,19,18,269.2,0
8009,219.92,electronics,0,1,12,12,9.9,0
770,36.8,entertainment,0,0,10,14,46.3,0
19015,93.29,utilities,1,1,7,5,13.9,1
12889,101.8,electronics,0,0,22,16,765.9,0
3852,80.95,electronics,0,0,10,11,163.4,0
11841,80.14,travel,0,0,14,11,325.5,0
11974,94.92,utilities,0,0,2,12,602.2,0
10217,137.24,fuel,0,0,21,13,458.0,0
6702,101.79,grocery,0,1,16,18,209.2,0
12866,85.36,pharmacy,0,0,15,14,155.0,0
18652,53.84,fuel,0,1,19,16,135.0,0
9402,62.0,fuel,1,1,20,17,25.0,0
2424,55.9,fuel,0,0,0,8,6.9,0
19413,176.39,online_retail,0,0,12,17,1549.7,0
7422,24.94,entertainment,0,0,12,15,538.8,0
13667,71.19,travel,0,0,21,15,615.5,0
1158,106.54,grocery,0,1,22,16,500.1,0
3485,175.67,fuel,0,0,19,6,966.7,0
19277,109.64,grocery,0,0,16,16,801.1,0
17989,130.21,online_retail,1,0,16,16,481.8,0
15160,116.76,pharmacy,0,0,17,19,597.0,0
5313,124.69,fuel,0,0,13,9,1.7,0
2175,231.98,grocery,0,0,3,16,85.7,0
7167,141.06,jewelry,0,0,2,6,141.4,0
14649,389.52,entertainment,1,1,19,7,11.5,1
7377,54.12,electronics,0,0,9,17,10.0,0
1161,153.55,pharmacy,0,0,11,14,85.6,0
7632,169.48,dining,0,0,3,9,176.9,0
18020,59.55,travel,0,1,15,14,554.5,0
12880,6.63,fuel,0,0,17,14,211.5,0
19460,333.63,dining,0,0,9,11,76.2,0
16185,41.46,fuel,0,0,11,19,201.8,0
11315,65.02,entertainment,1,0,2,14,1041.9,0
17736,112.21,pharmacy,0,0,21,6,469.0,0
1251,159.76,dining,0,0,0,15,208.2,0
4358,42.14,electronics,0,0,9,14,971.1,0
18963,94.81,dining,0,0,4,3,8.5,1
13168,144.17,pharmacy,0,0,7,16,109.1,0
10145,32.21,online_retail,0,0,6,14,2218.2,0
9809,50.6,entertainment,0,0,21,13,271.8,0
6817,131.4,pharmacy,0,0,13,16,80.9,0
15316,162.89,online_retail,0,1,10,16,70.8,0
18343,127.22,dining,0,1,17,16,641.4,0
10396,39.5,grocery,1,0,19,11,164.6,0
6249,190.0,jewelry,0,0,19,12,228.7,0
1810,155.48,entertainment,1,0,13,9,634.5,0
10427,41.11,electronics,0,0,6,14,39.3,0
2849,62.07,electronics,0,0,10,8,157.6,0
7839,203.3,utilities,0,1,13,12,178.3,0
14961,149.56,entertainment,0,0,9,21,919.1,0
9904,48.46,pharmacy,0,0,6,13,44.5,0
15115,149.75,travel,0,0,5,18,280.0,0
19047,411.34,fuel,0,0,12,15,211.0,0
4832,134.22,dining,0,0,7,19,1100.0,0
4989,56.75,travel,0,0,21,8,408.5,0
9475,129.51,dining,0,0,15,14,279.2,0
6860,183.63,travel,0,1,20,15,42.7,0
9068,111.98,dining,0,0,6,13,29.2,0
7457,11.89,jewelry,1,0,15,8,1043.0,1
14174,261.81,entertainment,0,0,15,12,4.3,0
3938,159.92,entertainment,0,1,8,12,1344.5,0
8194,68.18,dining,0,0,6,18,196.5,0
8497,80.45,jewelry,1,0,21,15,109.4,0
6724,38.14,utilities,0,0,14,15,22.9,0
13576,172.15,online_retail,0,0,10,18,1002.8,0
5219,286.05,jewelry,0,0,14,11,26.6,0
8895,49.67,travel,1,1,14,12,41.1,0
3954,241.54,utilities,0,0,12,10,125.2,1
7148,66.47,utilities,1,1,11,21,684.3,0
2390,67.04,jewelry,0,0,22,15,136.3,0
15151,79.4,jewelry,0,0,7,13,20.5,0
5961,167.3,pharmacy,0,0,20,21,195.4,0
19059,514.93,electronics,0,0,8,8,60.1,1
11041,158.91,jewelry,0,0,14,17,948.8,0
4875,65.75,dining,1,0,6,12,160.2,0
16286,159.82,grocery,0,0,8,17,206.9,0
16450,128.89,pharmacy,0,0,13,6,500.9,0
2951,140.77,online_retail,0,0,14,17,790.2,0
18077,106.41,grocery,0,1,22,6,1.1,1
2712,18.44,fuel,0,1,17,19,152.1,0
4251,127.36,utilities,0,0,12,11,24.3,0
7732,86.52,grocery,0,0,16,12,1003.3,0
15637,218.38,utilities,0,0,21,17,227.2,0
14750,38.04,travel,1,0,13,20,4.9,0
8918,94.38,utilities,0,1,21,14,148.3,0
13445,123.87,electronics,0,0,18,8,750.0,0
14460,63.62,utilities,1,0,15,15,1006.3,0
17465,59.28,pharmacy,0,0,15,15,549.3,0
11244,27.46,entertainment,0,1,22,20,243.1,0
3564,109.2,entertainment,0,0,12,15,134.3,0
9503,90.16,fuel,0,0,11,9,229.1,0
19619,204.34,entertainment,0,1,11,14,32.9,0
3583,181.42,dining,0,0,5,13,56.6,0
3354,36.21,fuel,0,0,12,15,1548.3,0
14944,42.24,dining,0,0,1,13,296.4,0
11134,75.87,pharmacy,0,0,16,7,329.2,0
17545,80.16,fuel,0,0,12,22,1293.6,0
10268,60.67,electronics,0,0,22,10,1017.8,0
12961,324.87,dining,1,0,22,11,33.1,1
16886,32.98,jewelry,0,0,22,12,395.7,0
7645,105.73,electronics,1,0,6,18,116.6,0
14356,20.02,dining,1,0,6,11,297.4,0
9308,150.99,pharmacy,0,0,19,21,22.2,0
110,67.82,utilities,0,0,9,10,108.1,0
3087,95.13,jewelry,0,0,15,14,39.7,0
11520,45.9,dining,0,0,18,10,238.4,0
7586,80.06,jewelry,0,0,12,15,417.8,0
2151,62.3,fuel,1,0,1,15,681.8,0
4020,33.44,travel,0,1,12,13,584.4,0
12813,159.01,dining,0,0,17,15,225.5,0
5710,177.22,entertainment,0,0,15,17,47.2,0
5625,57.31,dining,0,0,19,18,53.0,0
14601,161.17,entertainment,0,0,13,13,1068.2,0
6056,48.09,dining,0,1,16,13,1635.2,0
15023,50.77,jewelry,0,0,10,12,284.6,0
15362,74.44,online_retail,0,0,13,19,638.9,0
7836,117.79,entertainment,0,1,15,11,261.1,0
3077,126.58,travel,0,0,1,11,50.4,0
8829,242.82,grocery,0,0,22,14,210.1,0
18369,701.77,fuel,1,0,0,9,53.9,1
17229,329.51,entertainment,0,0,5,20,35.7,0
8904,130.95,entertainment,0,0,6,18,65.3,0
11566,33.96,online_retail,0,0,5,17,202.5,0
1708,25.34,entertainment,1,0,11,14,529.8,0
14844,175.53,grocery,0,0,12,18,318.4,0
19472,37.01,grocery,0,0,21,17,100.9,0
3783,135.36,fuel,0,0,10,14,56.6,0
8845,56.44,fuel,0,0,9,12,91.5,0
9747,40.51,pharmacy,0,0,6,17,163.7,0
16449,329.04,pharmacy,1,1,1,13,1400.5,0
6282,58.67,online_retail,0,0,12,15,296.1,0
5726,195.27,dining,0,1,6,12,197.7,0
7348,255.07,entertainment,0,0,13,15,456.8,0
10969,332.76,fuel,0,0,12,10,257.6,0
12762,38.07,grocery,0,0,8,11,901.5,0
19334,93.35,electronics,0,1,15,11,87.4,0
7392,101.21,online_retail,0,0,18,12,159.3,0
7143,35.01,grocery,0,0,14,11,654.8,1
3296,51.23,electronics,0,0,15,16,505.0,0
8399,51.55,fuel,0,0,17,14,37.5,0
5556,167.16,grocery,0,0,17,19,38.2,0
7512,29.48,utilities,0,0,15,10,119.9,0
1030,49.85,fuel,0,0,18,12,173.6,0
5917,62.08,grocery,0,0,20,11,363.7,0
15964,156.23,fuel,0,0,15,8,124.4,0
3818,332.88,dining,1,1,5,4,61.5,1
457,184.52,utilities,0,0,13,17,65.0,0
4153,66.97,dining,0,0,20,17,180.5,0
4069,121.1,online_retail,0,0,7,12,181.9,1
15990,85.52,grocery,0,0,15,16,247.0,0
9600,186.15,utilities,0,0,22,16,48.5,0
8993,175.3,pharmacy,0,0,20,12,185.9,0
2379,73.45,pharmacy,0,0,21,15,137.7,0
17559,87.2,travel,0,0,12,13,112.1,0
1965,306.43,travel,0,0,22,16,405.7,0
11072,123.73,online_retail,0,0,12,17,31.3,0
2363,79.33,jewelry,1,0,7,12,81.8,0
17591,121.08,travel,0,0,7,13,169.7,0
3512,452.2,grocery,0,0,0,8,225.2,1
13238,111.74,fuel,0,0,20,9,132.0,0
6723,108.7,pharmacy,0,1,18,13,481.4,0
11049,239.31,grocery,0,0,8,12,294.2,0
19326,81.83,utilities,1,0,18,8,140.0,0
805,52.89,online_retail,1,1,22,18,587.6,0
9071,170.58,travel,0,0,1,4,49.6,1
2241,199.41,grocery,1,0,8,15,344.3,0
13427,115.03,online_retail,0,1,16,17,104.7,0
13497,166.97,fuel,0,0,3,13,37.7,0
14764,97.95,fuel,0,0,8,11,337.2,0
12458,105.67,dining,0,1,17,8,174.4,0
16336,116.66,electronics,1,0,18,13,155.8,0
18373,191.37,entertainment,0,0,12,18,27.7,0
14685,125.47,online_retail,0,0,8,10,218.3,0
19852,215.99,fuel,0,0,9,11,439.6,0
17269,151.88,dining,0,0,12,17,114.5,0
8321,341.94,utilities,1,0,7,17,218.6,0
1688,132.42,pharmacy,1,0,12,12,353.4,1
7417,50.16,travel,1,0,14,18,930.6,0
12698,83.5,electronics,0,0,17,15,54.3,0
1201,37.05,grocery,0,0,21,12,917.5,0
12249,193.95,entertainment,0,1,8,16,177.4,0
5257,27.77,electronics,0,0,9,21,1191.0,0
12011,230.93,jewelry,0,0,21,17,776.6,0
10682,17.8,grocery,0,0,14,16,7.1,0
18892,152.11,pharmacy,0,0,22,18,659.9,0
15349,101.46,online_retail,0,0,12,8,111.7,0
6382,68.95,travel,1,0,7,13,226.8,0
8373,121.63,entertainment,0,0,10,17,719.8,0
9991,76.99,jewelry,0,0,20,14,421.9,0
9849,333.07,electronics,0,0,6,9,72.9,0
15810,124.94,fuel,1,0,16,13,236.9,0
782,104.45,entertainment,0,0,7,9,23.0,0
9513,113.26,jewelry,0,0,18,13,877.4,0
10169,81.95,dining,1,0,18,14,190.4,0
5559,206.62,electronics,0,0,8,16,756.3,0
14060,169.14,online_retail,1,0,6,8,30.7,0
8257,153.3,grocery,1,0,20,15,521.3,0
7871,61.11,fuel,0,0,13,10,151.0,0
10340,88.14,online_retail,0,1,6,15,1436.1,0
16996,12.91,utilities,0,0,7,12,109.3,0
1024,192.05,pharmacy,0,0,10,12,71.0,0
13688,336.63,online_retail,0,1,4,6,67.4,1
2779,77.8,jewelry,0,0,10,8,119.6,0
8036,75.23,pharmacy,0,1,2,12,59.0,0
12382,86.97,pharmacy,0,1,7,13,111.2,0
6830,95.27,travel,0,0,13,14,349.0,0
17849,142.34,electronics,0,0,20,15,126.6,0
152,75.18,fuel,0,1,8,10,214.7,0
10444,137.68,online_retail,0,0,21,9,263.2,0
9151,175.51,utilities,0,0,15,21,198.3,0
11686,56.35,pharmacy,0,0,14,14,920.7,0
14822,32.45,jewelry,0,0,17,16,406.5,0
17015,119.05,electronics,0,0,9,18,491.8,0
10763,78.13,fuel,0,1,1,8,27.7,1
18940,71.83,online_retail,0,0,7,16,1.8,0
14760,180.51,online_retail,0,0,12,9,230.5,0
18538,122.33,grocery,0,0,7,13,526.9,0
1831,187.85,electronics,0,1,19,14,45.8,0
11004,117.0,online_retail,0,1,20,15,15.1,0
19543,217.03,dining,0,0,20,17,340.2,0
16857,41.13,utilities,0,0,16,19,129.1,0
12063,96.18,pharmacy,0,0,16,7,106.9,0
13885,151.08,jewelry,0,0,17,15,176.8,0
18168,106.71,electronics,0,0,17,17,275.7,0
4877,188.68,entertainment,0,1,20,17,150.6,0
18937,66.91,jewelry,0,0,17,9,128.4,0
15252,94.74,jewelry,0,0,11,10,221.1,0
4694,94.98,online_retail,1,0,11,13,120.3,0
4904,154.3,travel,0,0,7,15,188.5,0
4008,69.55,dining,1,0,9,9,357.9,0
4697,49.79,grocery,0,0,19,15,803.7,0
1077,60.17,utilities,0,0,10,7,439.5,0
2423,144.78,utilities,0,0,8,13,866.0,0
18007,107.74,fuel,0,0,14,14,1036.8,0
13439,10.53,utilities,0,1,19,13,1070.6,0
12722,326.65,travel,0,0,0,9,69.4,0
11650,38.59,travel,0,0,19,8,281.1,0
4115,186.15,electronics,0,0,8,9,165.4,0
10158,98.65,pharmacy,0,0,5,15,446.5,0
14974,172.58,electronics,0,0,13,14,282.8,0
13756,87.95,online_retail,0,0,6,10,1546.5,0
10602,88.88,electronics,0,0,15,9,183.8,0
19969,127.4,jewelry,0,0,7,11,556.6,0
8956,40.2,entertainment,0,0,21,15,29.4,0
9003,107.22,grocery,0,0,18,11,19.1,0
2490,95.05,electronics,0,1,8,12,4.4,0
14402,116.81,electronics,0,0,10,18,580.1,0
10738,38.59,jewelry,0,0,22,17,328.4,0
11017,37.03,utilities,0,0,8,19,284.5,0
15306,259.94,jewelry,0,0,11,10,625.2,0
19613,13.64,utilities,0,0,12,13,139.5,0
14779,131.73,online_retail,1,0,22,15,25.2,0
12378,331.95,electronics,1,0,4,16,59.5,0
4845,77.22,dining,0,0,18,18,10.1,0
9248,135.11,pharmacy,0,0,16,9,446.7,0
8146,106.86,online_retail,0,1,17,11,52.3,0
2207,82.8,fuel,0,0,19,13,11.2,0
17204,33.64,dining,1,0,6,11,189.5,0
11605,9.14,online_retail,0,0,7,14,461.1,0
515,56.12,dining,0,0,7,12,107.3,0
5711,173.73,grocery,0,0,7,20,66.7,0
16819,55.8,pharmacy,0,0,11,19,27.7,0
7476,67.41,dining,0,1,14,12,368.8,0
8681,70.81,fuel,0,0,8,13,456.5,0
7765,37.61,grocery,0,0,21,8,476.7,0
11802,95.48,electronics,0,0,19,15,170.9,0
6362,822.03,jewelry,0,0,4,3,134.7,1
8100,35.06,dining,0,0,16,15,74.5,0
8508,377.68,travel,1,1,7,4,206.3,1
2045,55.84,utilities,0,0,7,14,326.1,0
3038,121.71,entertainment,0,1,20,18,290.2,0
7353,162.89,entertainment,0,0,14,17,726.4,0
4486,11.4,jewelry,0,1,11,11,296.4,0
7267,92.62,dining,0,0,6,17,906.5,0
18821,90.77,electronics,0,0,21,11,58.9,0
13843,44.27,dining,0,0,16,14,497.8,0
10279,207.89,online_retail,0,0,20,8,190.2,0
1838,23.4,travel,0,0,10,17,483.0,0
16279,42.37,dining,0,0,15,13,86.1,0
8056,57.59,online_retail,0,0,13,18,563.5,0
18852,168.77,pharmacy,0,1,18,10,224.6,0
8627,39.63,dining,0,0,4,17,644.4,0
10022,187.49,jewelry,0,0,12,9,282.3,0
4180,65.41,entertainment,0,0,16,15,75.5,0
1459,38.74,utilities,0,0,15,22,879.3,0
19590,84.23,grocery,0,1,14,13,455.8,0
9620,50.74,dining,0,1,21,19,257.7,0
11226,141.16,utilities,0,0,22,18,298.8,0
10954,87.01,dining,0,0,11,15,119.8,0
11814,29.68,grocery,0,1,7,12,98.7,0
12587,143.16,entertainment,0,0,7,16,408.9,0
15253,166.73,entertainment,0,0,17,9,294.6,0
18215,172.08,fuel,0,0,5,14,293.5,0
16934,113.52,electronics,0,0,12,13,175.8,0
14854,7.82,online_retail,0,0,11,10,229.4,0
6643,136.52,entertainment,1,0,14,14,252.7,0
15508,88.28,online_retail,0,1,0,17,11.9,0
3444,46.72,fuel,0,0,17,21,187.4,0
5802,370.29,grocery,0,0,19,12,148.6,0
1447,58.05,entertainment,0,0,18,14,9.0,0
15039,115.88,fuel,0,0,8,12,1977.1,0
11303,41.29,travel,0,1,8,12,438.2,0
14,61.88,dining,0,1,8,12,359.9,0
2229,28.54,online_retail,0,0,5,21,243.0,0
8555,175.82,travel,0,0,13,18,501.1,0
11742,28.4,dining,0,0,14,23,262.8,0
347,87.48,pharmacy,0,0,10,15,438.3,0
7129,132.07,pharmacy,0,0,19,14,56.8,0
11455,187.19,dining,1,0,7,13,488.2,0
13577,78.85,dining,0,0,21,18,100.3,0
16706,252.34,dining,0,0,8,14,372.5,0
11182,140.13,jewelry,0,0,6,15,513.9,0
7465,118.54,entertainment,0,0,22,15,640.8,0
2499,28.09,grocery,0,0,22,11,152.3,0
13817,66.35,jewelry,0,0,8,8,167.1,0
5353,118.39,dining,0,0,7,11,1230.6,0
15453,150.16,online_retail,0,0,19,12,2.1,0
2228,135.45,jewelry,0,1,4,22,127.9,0
18682,164.41,pharmacy,1,0,19,17,261.7,0
2419,66.6,travel,0,0,18,10,343.7,0
14024,228.3,dining,0,0,8,13,1012.0,0
1428,239.72,pharmacy,1,1,3,10,32.2,1
17364,89.57,online_retail,0,1,13,16,91.8,0
18206,53.23,electronics,0,0,5,17,225.9,0
9394,143.44,grocery,1,1,11,10,80.4,1
16303,85.89,fuel,0,1,21,12,36.2,0
11508,195.55,fuel,0,0,6,11,291.9,0
1185,103.05,electronics,0,0,22,11,473.0,0
3495,102.57,fuel,0,0,10,16,132.9,0
8176,63.46,utilities,1,0,15,18,305.6,0
4430,285.26,online_retail,1,0,18,18,143.9,0
17503,150.13,dining,0,0,17,14,38.7,0
6211,258.64,pharmacy,0,0,9,11,248.6,0
8492,263.31,utilities,0,0,0,17,347.6,0
8201,88.13,travel,0,0,12,19,64.7,0
17164,171.49,utilities,0,0,18,16,838.1,1
10432,214.51,jewelry,0,0,13,15,24.1,0
4191,26.05,pharmacy,0,1,14,15,336.1,0
4787,62.43,electronics,0,0,11,11,50.9,0
3581,241.53,travel,0,0,13,20,17.7,0
19070,187.82,utilities,1,0,8,10,737.2,0
19202,78.64,dining,0,0,4,16,682.3,0
2555,74.29,pharmacy,0,0,17,12,495.5,0
18572,241.3,online_retail,0,0,11,14,279.1,0
1799,166.19,dining,0,1,19,16,631.6,0
8215,144.12,jewelry,0,0,17,9,497.0,0
12796,10.54,grocery,0,0,7,18,196.0,0
17305,266.13,grocery,0,0,6,10,29.5,0
15121,276.82,electronics,0,0,16,9,133.3,0
821,167.43,dining,0,0,20,11,77.7,0
6717,71.02,grocery,0,0,8,16,8.4,0
8835,58.82,travel,0,0,10,12,40.8,0
11164,167.26,utilities,0,0,9,13,592.6,0
14420,86.05,entertainment,0,1,7,11,60.0,0
15594,190.64,entertainment,0,0,22,19,758.0,0
15931,63.33,electronics,0,0,14,10,873.0,0
17641,85.84,jewelry,0,0,13,15,20.7,0
13100,119.64,online_retail,1,0,8,14,77.8,0
511,144.58,online_retail,1,1,8,17,743.0,0
100,70.96,online_retail,0,0,7,16,624.7,0
11458,179.56,entertainment,0,0,12,8,165.2,0
12229,59.4,entertainment,0,0,16,13,41.7,0
15692,86.16,travel,0,0,14,12,2119.3,0
12929,113.42,online_retail,0,0,6,13,152.9,0
10585,55.38,jewelry,0,1,8,11,155.0,0
17575,173.28,online_retail,0,0,15,12,689.9,0
8893,257.03,electronics,0,0,8,15,734.2,0
2585,162.24,fuel,0,0,8,12,1023.4,0
11908,28.08,grocery,0,1,15,11,289.9,0
15565,107.41,travel,0,0,6,10,403.7,0
12480,251.93,travel,0,1,3,8,20.3,1
13300,308.24,online_retail,0,0,15,9,141.6,0
628,160.7,grocery,0,0,14,11,817.9,0
15066,166.59,travel,0,0,2,11,644.1,0
12999,180.64,entertainment,0,1,13,17,20.5,0
17172,77.41,fuel,0,0,8,18,130.4,0
3799,83.77,entertainment,0,0,21,10,437.2,0
8234,50.0,travel,0,0,19,10,5.7,0
6900,63.06,electronics,0,0,15,14,1544.0,0
17239,59.25,entertainment,0,0,20,15,145.7,0
9786,490.31,dining,0,0,10,7,64.7,1
11655,54.75,jewelry,0,1,20,15,11.2,0
7829,140.57,jewelry,0,0,22,14,613.1,0
19504,62.05,fuel,0,0,6,20,411.3,0
4929,85.77,fuel,1,1,19,15,592.5,0
15140,331.68,fuel,0,0,18,18,96.8,0
12515,64.84,fuel,0,0,17,13,357.6,0
14545,9.77,dining,1,0,9,14,77.8,0
1610,415.24,electronics,0,1,1,4,8.5,1
18522,147.39,grocery,0,0,22,7,385.2,0
16717,58.57,jewelry,0,1,15,11,511.7,0
17505,102.04,electronics,1,0,22,15,385.0,0
2878,127.15,travel,0,0,8,16,620.7,0
9850,54.69,fuel,0,0,6,8,120.2,0
4046,62.82,fuel,0,0,13,13,211.2,0
5436,90.03,pharmacy,0,0,10,14,703.7,0
7956,143.97,dining,0,1,19,16,915.6,0
9039,139.94,dining,1,0,6,17,93.3,0
3068,95.47,electronics,0,0,21,9,5.9,0
19633,24.27,pharmacy,1,0,22,12,331.5,0
13752,63.44,grocery,0,0,6,17,33.7,0
12590,177.53,travel,0,0,21,13,386.2,0
13517,148.32,grocery,0,0,7,16,171.6,0
13438,251.9,online_retail,1,0,11,15,128.9,0
3717,103.6,pharmacy,0,0,18,15,315.5,0
10997,369.46,dining,0,0,8,11,111.8,0
16801,23.94,fuel,0,0,18,17,107.8,0
14660,47.04,dining,0,0,20,13,131.3,0
5683,117.63,dining,0,0,17,18,211.5,0
7857,91.2,pharmacy,0,0,10,16,707.0,0
13943,77.82,pharmacy,0,0,18,12,29.6,0
10304,90.14,online_retail,0,0,20,17,230.3,0
7924,127.76,pharmacy,0,0,15,12,13.5,0
18189,165.96,utilities,0,0,11,8,12.8,0
8997,54.63,electronics,0,1,22,18,16.3,0
10828,48.79,electronics,0,0,6,8,6.9,0
15951,76.5,jewelry,0,0,20,14,204.4,0
11617,89.42,dining,0,0,21,17,294.5,0
12220,38.39,jewelry,0,0,13,13,38.2,0
17828,61.68,entertainment,0,1,18,15,496.4,0
10092,144.26,utilities,0,0,9,13,575.0,0
8076,137.04,online_retail,0,0,1,12,1688.3,0
706,62.73,pharmacy,0,0,19,14,165.6,0
17184,122.99,grocery,0,0,9,18,402.2,0
17357,23.04,fuel,0,0,19,15,379.3,0
15625,38.37,travel,0,0,20,16,128.0,0
5888,78.15,grocery,0,1,2,15,319.9,0
2729,216.88,travel,0,0,13,12,957.8,0
13286,21.31,online_retail,1,0,17,17,109.7,0
6490,160.85,electronics,0,0,15,10,462.7,0
4644,197.69,entertainment,0,0,12,11,652.6,0
7955,39.86,grocery,0,0,21,8,971.5,0
12787,189.89,pharmacy,0,0,10,18,73.1,0
14126,165.31,utilities,0,0,15,16,218.0,0
15263,176.25,online_retail,0,0,11,17,746.7,0
10563,193.71,travel,0,0,8,20,1203.2,0
4538,109.91,jewelry,0,0,9,15,151.6,0
12575,76.14,entertainment,0,0,5,19,142.2,0
1963,78.77,online_retail,0,0,10,8,473.2,0
9868,82.43,dining,0,0,8,12,768.7,0
6296,96.31,entertainment,0,0,0,13,895.5,0
6070,111.46,utilities,0,0,19,11,267.5,0
10039,146.02,entertainment,0,0,4,20,490.6,0
17958,104.06,dining,0,1,20,19,711.8,0
6954,58.04,electronics,0,0,21,6,6.1,0
3102,90.81,entertainment,0,0,15,14,796.1,0
1359,123.04,fuel,0,0,22,11,125.6,0
3,105.46,fuel,0,0,14,13,494.0,0
11106,7.38,grocery,0,0,8,13,182.0,0
4775,78.96,travel,0,0,19,17,490.0,0
4414,51.8,utilities,0,0,20,5,166.7,0
2090,61.57,pharmacy,0,0,16,14,155.5,0
17356,204.72,fuel,0,0,14,18,12.8,0
3413,117.11,grocery,0,0,8,6,199.9,0
9862,179.69,electronics,0,0,1,11,272.1,0
5728,53.12,utilities,0,0,10,12,38.2,0
3389,124.62,utilities,1,0,19,18,611.9,0
1245,119.04,pharmacy,0,0,19,8,932.3,0
15599,68.57,jewelry,1,0,18,18,49.0,0
19880,348.95,travel,0,0,2,12,418.8,0
12001,55.3,entertainment,1,0,18,13,184.8,0
6505,133.49,pharmacy,1,0,4,3,92.1,1
9636,6.87,pharmacy,0,0,9,14,7.8,0
19518,164.1,pharmacy,0,1,7,12,24.3,0
5988,71.87,online_retail,0,0,20,13,603.8,0
10930,79.76,jewelry,0,0,20,11,1056.9,0
12591,25.22,dining,0,0,19,20,46.2,0
4945,171.8,entertainment,0,0,12,19,891.3,0
8242,82.33,fuel,0,1,10,14,45.1,0
14812,93.82,utilities,0,0,17,10,1154.3,0
11880,72.67,utilities,0,0,13,9,231.6,0
14765,80.89,online_retail,0,0,22,12,177.3,0
10121,161.09,pharmacy,0,1,18,8,984.4,0
11240,32.89,grocery,0,0,13,17,1183.2,0
10977,159.51,jewelry,0,1,17,15,311.6,0
3922,131.99,online_retail,0,0,7,18,278.0,0
2554,48.45,online_retail,0,0,9,14,1160.4,0
4821,381.46,grocery,1,0,11,6,1.3,1
19467,308.53,utilities,0,1,9,6,39.1,1
14012,81.94,electronics,0,0,10,11,630.4,0
4110,54.38,electronics,0,1,14,13,492.6,0
11829,35.73,entertainment,0,0,12,10,675.7,0
3195,132.87,utilities,0,1,9,12,79.8,0
9410,94.06,utilities,0,0,7,14,139.8,0
342,104.12,pharmacy,0,0,13,16,19.8,0
10087,28.81,pharmacy,0,0,20,22,185.0,0
6611,924.69,entertainment,1,0,12,9,8.4,1
8087,86.4,fuel,0,0,22,10,227.1,0
16511,40.05,electronics,1,0,12,19,64.5,0
2213,155.67,jewelry,0,0,7,16,221.3,0
1759,13.87,jewelry,0,0,9,12,66.7,0
3201,51.27,travel,0,0,21,10,311.0,0
2268,107.33,fuel,0,0,16,13,18.7,0
9059,150.1,grocery,1,0,17,10,51.0,0
19210,62.35,fuel,0,0,12,9,110.4,0
1190,47.18,electronics,0,0,21,11,400.0,0
16617,217.78,grocery,0,0,15,15,133.9,0
820,160.85,pharmacy,0,0,5,9,1380.9,0
3884,208.33,utilities,0,0,21,12,1529.1,0
8282,65.97,pharmacy,0,0,10,13,124.5,0
917,139.63,dining,0,0,3,16,126.0,0
8063,151.12,grocery,1,0,22,5,57.2,1
10929,93.57,utilities,0,0,12,12,198.4,0
9528,204.71,dining,1,0,21,14,297.0,0
11840,102.29,dining,0,0,21,20,56.3,0
12585,188.1,utilities,0,0,11,17,178.5,0
18382,133.52,pharmacy,0,0,18,11,349.5,0
7657,52.59,fuel,0,1,19,10,23.7,0
2642,30.86,electronics,1,0,16,25,13.9,0
8698,315.69,jewelry,0,0,9,18,464.1,0
8557,74.77,online_retail,0,0,9,13,131.8,0
14775,171.68,entertainment,0,1,19,21,334.7,0
17664,93.7,entertainment,0,1,16,16,287.0,0
19631,29.53,fuel,0,0,18,12,432.3,0
15311,75.45,online_retail,0,1,14,16,58.4,0
832,50.05,online_retail,0,0,13,12,209.9,0
9590,39.4,grocery,0,0,8,7,249.7,0
18125,118.34,dining,0,1,8,21,908.2,0
9684,41.37,dining,0,0,3,14,55.5,0
11034,10.04,electronics,0,1,22,18,260.5,0
1852,156.81,online_retail,0,1,13,13,635.9,0
1553,152.3,electronics,0,1,19,14,73.9,0
7068,179.51,grocery,0,1,1,11,36.5,1
19992,22.08,grocery,0,0,11,12,430.1,0
5838,93.79,dining,0,0,7,15,6.0,0
4050,119.41,fuel,0,0,19,19,654.4,0
10225,68.43,pharmacy,0,1,13,17,520.4,0
2361,243.93,fuel,0,0,14,20,156.0,0
7760,191.59,utilities,0,0,18,14,86.9,0
18034,58.83,online_retail,0,0,1,9,50.5,0
11703,184.88,fuel,0,0,18,11,1086.2,0
5414,92.9,jewelry,0,0,10,16,110.1,0
8537,173.29,electronics,0,0,11,9,412.5,0
8461,59.72,jewelry,0,0,12,12,51.0,0
8926,49.42,jewelry,0,0,16,14,70.2,0
2623,110.46,pharmacy,0,0,22,15,422.5,0
7589,210.97,dining,0,0,7,20,430.0,0
11304,89.25,dining,0,0,7,14,1454.9,0
15616,113.73,online_retail,1,0,12,21,335.1,0
5138,100.06,utilities,0,0,3,17,165.1,0
5262,254.62,entertainment,0,0,13,13,471.9,0
3160,55.85,dining,0,0,19,17,366.5,0
6848,84.21,travel,1,0,15,14,24.4,0
10188,97.6,online_retail,0,0,16,11,545.3,0
9654,65.62,entertainment,0,0,19,18,75.1,0
16031,26.64,pharmacy,0,0,11,9,214.2,0
343,215.48,utilities,0,0,19,17,557.2,0
6051,162.43,pharmacy,0,0,18,16,340.2,0
8120,151.75,dining,0,0,18,10,335.3,0
5342,142.46,pharmacy,0,0,14,11,633.5,0
4350,101.94,pharmacy,0,0,9,13,12.4,0
18678,21.62,jewelry,0,1,5,13,4.6,0
7380,70.48,grocery,0,0,7,11,17.5,0
10455,44.48,fuel,0,0,7,19,69.4,0
2965,222.4,utilities,0,0,6,15,736.1,0
5190,178.12,online_retail,0,0,1,15,459.0,0
8039,12.97,entertainment,1,0,6,15,360.0,0
17835,16.65,dining,0,0,15,12,320.4,0
15925,186.05,entertainment,0,0,7,15,294.2,0
16557,108.86,dining,0,0,15,12,25.6,0
16519,122.22,online_retail,0,0,6,14,384.0,0
4525,133.1,entertainment,1,0,19,10,199.5,0
18826,156.98,travel,0,0,21,15,572.8,0
3803,173.49,grocery,0,0,21,15,104.0,0
4931,87.78,utilities,0,1,8,9,8.7,0
1835,64.2,utilities,1,1,11,17,234.7,0
11442,30.61,jewelry,0,0,18,21,407.3,0
9249,83.7,dining,0,0,14,15,180.2,0
4129,167.97,utilities,1,0,4,5,28.8,1
15015,15.11,jewelry,0,0,6,14,300.9,0
1524,44.27,fuel,0,1,2,12,815.7,0
10666,93.71,jewelry,0,0,21,14,293.7,0
16693,12.74,utilities,0,0,18,20,603.0,0
12151,112.15,travel,0,0,6,7,46.0,0
758,46.31,grocery,0,0,1,17,187.1,0
18626,57.97,online_retail,0,0,19,20,294.6,0
7246,53.14,online_retail,0,0,13,17,180.5,0
7149,301.11,online_retail,0,1,11,17,13.6,0
19163,103.85,online_retail,0,1,18,15,350.7,0
4382,53.68,jewelry,1,0,15,14,601.2,0
4650,58.98,online_retail,0,0,8,14,263.6,0
11177,26.67,utilities,0,0,8,24,349.2,0
6583,235.8,grocery,0,0,21,12,24.5,0
14300,149.31,electronics,0,0,15,12,299.6,0
9276,237.08,dining,0,0,16,14,591.3,0
17950,67.8,entertainment,0,0,11,17,602.9,0
2302,147.53,pharmacy,0,0,17,19,611.2,0
8740,103.34,pharmacy,0,0,8,8,59.2,0
18056,118.03,travel,0,0,7,8,815.4,0
10897,104.78,dining,0,1,13,16,537.8,0
14335,95.21,electronics,0,0,18,17,1670.4,0
12099,111.24,pharmacy,0,0,20,21,69.4,0
6083,184.38,fuel,0,0,15,13,605.6,0
7111,57.74,online_retail,0,0,14,15,326.0,0
14541,117.67,fuel,0,0,13,18,144.8,0
2578,108.97,entertainment,0,0,16,21,81.3,0
11524,138.93,jewelry,0,1,21,12,392.8,0
721,66.18,online_retail,0,0,16,16,122.8,0
19824,177.77,entertainment,0,0,14,16,589.4,0
3447,148.04,travel,1,0,3,6,6.9,1
19442,155.86,pharmacy,0,0,6,9,243.3,0
2547,67.77,grocery,0,0,19,18,255.8,0
8164,126.29,utilities,1,0,6,15,213.9,0
6842,225.83,entertainment,0,0,12,18,191.4,0
9130,107.87,online_retail,0,0,7,14,1018.8,0
529,155.72,travel,0,0,5,14,609.2,0
5907,163.23,travel,0,0,14,13,424.3,0
15295,334.72,utilities,0,0,13,16,97.2,0
2771,140.54,fuel,0,0,7,12,87.3,0
16918,774.67,utilities,0,0,5,5,153.5,1
17046,18.26,pharmacy,0,1,10,12,387.7,0
10472,118.55,dining,0,0,14,14,703.7,0
12592,50.04,jewelry,0,1,11,21,126.9,0
12125,84.91,fuel,0,0,10,14,65.2,0
13434,110.74,dining,0,0,16,13,288.4,0
2449,57.35,entertainment,0,0,15,13,1672.3,0
14510,250.59,travel,0,0,9,17,1055.1,0
11392,106.3,entertainment,0,0,11,13,15.0,0
14389,57.74,jewelry,0,0,11,11,8.5,1
8167,36.92,dining,0,0,13,10,358.2,0
3098,106.7,online_retail,0,0,6,21,221.3,0
19108,147.15,grocery,0,0,0,18,40.2,0
7544,102.25,entertainment,0,0,19,14,140.3,0
1266,167.73,travel,0,0,15,10,295.7,0
18710,63.24,fuel,0,0,15,21,54.4,0
19612,99.41,grocery,0,0,12,20,577.5,0
17174,45.03,utilities,0,0,20,16,551.7,0
18263,129.18,travel,0,0,17,12,93.1,0
14847,341.13,grocery,1,0,10,12,18.8,0
7014,167.11,electronics,0,0,9,16,263.1,0
12645,121.32,utilities,0,0,21,19,352.1,0
5580,112.87,fuel,0,0,21,20,1296.5,0
452,117.38,entertainment,0,1,19,12,61.9,0
19618,61.09,online_retail,0,0,17,16,717.4,0
4303,157.98,entertainment,0,1,19,12,481.7,0
13109,141.72,online_retail,0,0,22,22,583.8,0
13209,128.59,utilities,0,0,19,20,180.4,0
19408,46.69,electronics,0,0,21,13,10.4,0
13852,171.29,grocery,1,0,14,14,320.6,0
12967,436.79,utilities,0,0,16,11,264.3,0
14716,109.55,entertainment,1,0,16,18,61.3,0
10286,94.61,grocery,1,0,16,19,241.9,0
2581,39.61,online_retail,0,0,7,15,170.2,0
18387,101.77,entertainment,0,0,4,8,322.7,0
18111,93.7,dining,0,0,22,8,41.9,0
4517,71.98,pharmacy,0,0,18,10,371.4,0
2765,210.07,jewelry,0,0,8,19,643.6,0
2664,180.03,grocery,0,0,8,12,526.5,0
16017,61.73,jewelry,0,0,8,19,711.9,0
15858,40.89,electronics,0,0,22,11,1017.8,0
11788,717.69,pharmacy,0,0,3,3,82.1,1
2999,27.18,grocery,0,0,2,13,439.6,0
16834,57.71,electronics,0,0,9,13,151.6,0
17377,35.8,entertainment,0,0,16,20,62.8,0
6346,162.22,jewelry,0,0,13,9,465.3,0
14229,160.78,pharmacy,1,0,17,7,111.5,0
5605,49.52,online_retail,0,0,22,14,922.1,0
2960,277.98,utilities,0,0,19,9,138.1,0
15267,29.44,grocery,0,0,1,14,560.2,0
28,145.19,online_retail,0,0,0,15,345.1,0
4422,81.04,grocery,0,0,17,11,83.0,0
13239,70.69,electronics,0,0,17,17,215.9,0
589,59.47,utilities,0,0,12,13,607.1,0
774,32.19,entertainment,0,0,9,14,103.8,0
13917,184.72,electronics,0,0,6,13,375.8,0
11203,202.86,utilities,0,0,0,23,366.6,0
5590,43.62,fuel,0,1,4,11,321.1,0
13639,33.3,utilities,0,0,14,13,434.4,0
10993,84.42,fuel,0,0,10,15,339.2,0
17154,215.53,electronics,0,1,9,11,109.7,0
10962,150.39,grocery,0,0,22,5,147.3,0
11944,87.94,fuel,0,0,14,12,1026.9,0
425,64.44,fuel,0,0,13,18,8.7,0
10968,98.48,dining,0,0,16,17,1414.5,0
8720,120.59,jewelry,0,0,17,22,50.3,0
5849,152.63,dining,0,0,21,9,1158.5,0
15461,189.02,travel,0,0,12,8,269.4,0
10119,30.44,pharmacy,0,0,17,12,50.7,0
512,206.64,pharmacy,0,0,10,13,214.1,0
10779,174.54,grocery,0,0,10,12,123.9,0
4718,82.59,travel,1,1,20,17,928.5,0
25,27.75,utilities,0,0,11,10,158.3,0
14832,129.22,pharmacy,0,1,10,9,396.9,0
4079,105.17,electronics,0,1,21,14,131.9,0
5246,138.26,dining,0,0,7,15,239.0,0
17656,84.33,fuel,0,0,0,17,524.0,0
15406,186.14,electronics,0,0,10,15,593.6,0
16250,29.8,entertainment,0,1,9,15,367.2,0
5333,185.79,dining,0,0,17,14,100.4,0
3543,169.96,online_retail,0,1,20,16,349.5,0
3192,110.71,electronics,1,0,17,14,60.8,0
11463,42.45,online_retail,1,0,4,8,65.3,1
14483,91.06,online_retail,0,0,12,13,156.5,0
9243,103.56,travel,0,0,9,15,641.1,0
9711,30.69,dining,0,0,8,18,645.4,0
16917,159.7,dining,0,0,20,16,153.4,0
18610,92.86,travel,0,1,10,12,1496.9,0
269,9.54,jewelry,0,1,6,9,334.3,0
18187,19.45,jewelry,0,0,8,17,534.1,0
4856,69.27,jewelry,0,0,17,8,264.9,0
14115,46.61,grocery,0,0,16,19,823.9,0
773,226.57,pharmacy,1,0,12,20,882.5,0
17572,26.46,dining,0,0,16,10,447.4,0
4998,108.33,grocery,0,0,10,14,607.4,0
7464,123.65,electronics,0,0,15,5,601.5,0
8660,141.88,online_retail,0,0,14,12,181.2,0
3167,130.22,travel,0,0,22,11,65.7,0
6587,111.75,pharmacy,1,0,11,10,325.1,0
4138,80.35,pharmacy,0,0,19,13,355.3,0
13540,104.2,entertainment,0,0,20,12,80.9,0
13004,45.68,dining,0,0,6,7,1163.5,0
14887,62.64,pharmacy,0,0,7,16,733.9,0
712,90.63,utilities,0,0,5,12,1046.2,1
14439,139.79,electronics,0,0,16,18,37.2,0
15935,124.1,travel,0,1,13,12,549.1,0
7891,278.19,jewelry,0,0,7,16,228.2,0
12555,81.69,travel,0,0,14,9,317.0,0
2095,169.93,dining,0,0,13,13,684.1,0
1554,107.63,pharmacy,0,0,15,14,84.2,0
16814,72.76,utilities,1,0,22,15,74.1,0
2799,72.4,entertainment,1,0,22,18,10.9,0
16472,44.78,utilities,0,0,16,20,62.3,0
158,40.56,fuel,0,0,4,10,247.2,0
1389,87.4,jewelry,0,0,10,13,49.3,0
13148,128.98,pharmacy,0,0,19,21,407.4,0
12520,116.49,travel,0,0,22,18,490.1,0
4870,140.74,utilities,0,1,19,14,793.9,0
4075,139.18,entertainment,0,0,14,18,216.8,0
2047,89.57,utilities,0,0,19,14,920.9,0
18296,47.83,travel,0,0,20,11,347.2,0
4911,46.91,jewelry,0,0,5,10,249.8,0
12155,103.2,utilities,0,0,16,11,73.1,0
6090,148.06,utilities,0,0,7,21,122.8,0
3833,102.04,pharmacy,0,0,9,11,602.9,0
165,174.67,dining,0,0,19,15,10.1,0
10133,42.66,online_retail,0,0,6,13,123.9,0
15782,166.63,jewelry,0,1,8,17,676.4,0
16616,108.11,pharmacy,0,0,9,12,6.7,0
5591,161.37,dining,0,0,16,11,190.2,0
17293,28.36,jewelry,0,0,14,13,9.7,0
7776,112.52,pharmacy,0,0,15,15,1181.5,0
2862,103.18,pharmacy,0,0,17,14,21.1,0
9351,81.45,online_retail,0,0,8,8,214.2,0
9202,122.07,travel,0,0,2,20,381.2,0
15984,62.14,fuel,0,0,18,16,184.3,0
16859,53.76,jewelry,0,1,6,14,332.8,0
13038,52.25,pharmacy,0,0,14,11,542.8,1
3807,77.69,utilities,0,0,19,22,1045.7,0
16268,79.54,pharmacy,0,0,19,10,12.3,0
12771,92.78,online_retail,0,0,20,22,188.0,0
8101,14.26,utilities,0,0,0,7,199.3,0
9758,109.62,grocery,0,0,22,12,31.5,0
8794,75.29,fuel,0,1,18,23,43.0,0
15734,110.24,travel,0,0,14,17,9.7,0
13216,104.92,utilities,0,1,22,8,37.0,0
9682,301.68,grocery,0,0,8,7,174.7,0
3544,19.77,entertainment,0,0,8,13,573.5,0
7447,82.14,entertainment,0,0,20,14,2.0,0
2418,138.34,pharmacy,0,0,1,14,185.0,0
2364,58.22,electronics,1,1,17,12,24.1,0
5156,157.92,grocery,0,1,5,15,824.7,0
16518,96.9,dining,0,0,19,18,254.1,1
7996,111.2,online_retail,0,0,17,19,38.7,0
15291,73.16,pharmacy,0,0,12,5,186.6,0
17486,35.8,fuel,0,0,13,18,44.1,0
13551,247.91,dining,0,0,18,19,78.9,0
1276,28.47,fuel,0,0,10,17,162.1,0
18227,6.98,fuel,0,0,15,11,1010.1,0
9161,107.21,pharmacy,0,0,18,14,186.6,0
2081,32.18,jewelry,0,0,12,14,1360.2,0
3782,63.88,travel,0,0,8,12,154.0,0
9443,161.02,online_retail,0,0,20,19,379.4,0
13550,63.22,dining,0,0,14,15,121.2,0
1749,73.74,grocery,1,0,10,6,514.3,0
16196,103.37,online_retail,0,0,17,15,30.9,0
11062,223.51,dining,0,0,9,12,258.8,0
17743,168.4,jewelry,0,0,5,15,16.9,0
1728,94.81,travel,0,0,18,8,217.2,0
18958,56.14,entertainment,0,0,15,17,502.7,0
7420,89.39,electronics,0,0,22,17,105.3,0
17848,114.96,electronics,0,0,7,11,57.0,0
1105,142.59,utilities,1,0,18,14,129.4,0
7874,133.59,utilities,0,0,11,15,25.1,0
4431,87.42,utilities,0,0,6,18,209.5,0
13227,59.54,grocery,0,0,4,15,116.3,0
1633,394.62,fuel,1,0,21,12,335.8,0
12089,338.03,utilities,0,0,20,20,1481.2,0
4616,142.0,travel,0,1,17,15,111.1,0
12657,251.03,entertainment,0,0,7,9,417.4,0
5054,104.2,electronics,1,0,18,12,706.0,0
14801,203.32,grocery,0,0,22,12,9.2,0
12703,59.22,pharmacy,0,0,12,12,170.3,0
8457,70.4,electronics,0,1,11,10,25.9,0
10159,182.89,dining,0,0,13,12,212.2,0
12466,44.87,entertainment,0,0,7,19,173.8,0
5529,158.29,electronics,0,0,7,12,38.0,0
10085,165.51,jewelry,0,0,1,15,82.9,0
7533,110.52,pharmacy,0,0,21,9,520.4,0
8262,228.83,utilities,0,0,13,10,503.9,0
3137,87.14,grocery,0,0,16,14,68.7,0
18797,180.53,travel,0,0,8,9,90.6,0
5607,273.09,dining,1,1,1,3,45.4,1
5003,131.5,electronics,0,0,16,10,77.1,0
5092,21.41,fuel,0,0,17,15,244.6,0
15809,33.24,jewelry,1,0,12,12,592.2,0
4516,24.41,fuel,0,0,15,10,1360.2,0
18319,118.22,utilities,0,1,12,14,125.0,0
18104,157.94,dining,0,0,0,20,1033.0,0
2794,19.67,jewelry,0,1,9,8,778.9,0
16836,171.84,dining,0,0,8,10,105.9,0
7352,70.14,grocery,0,0,17,13,153.4,0
16440,60.11,utilities,0,0,10,24,590.0,0
16127,88.27,pharmacy,0,0,10,12,206.0,0
8351,131.93,electronics,0,0,20,18,128.4,0
13977,53.64,pharmacy,0,0,22,15,26.3,0
11096,313.19,grocery,1,0,6,18,642.9,0
5205,60.24,pharmacy,0,1,17,16,216.7,0
2486,81.05,utilities,0,0,8,10,393.0,0
6414,102.41,utilities,0,0,11,12,11.7,0
18777,198.89,travel,0,0,6,18,132.8,0
19363,51.65,electronics,0,0,14,15,20.4,0
4590,336.72,entertainment,0,0,14,16,131.7,0
6394,97.26,electronics,0,0,15,13,96.9,0
10379,47.56,utilities,0,0,22,18,222.0,0
8663,125.06,online_retail,0,0,18,12,712.9,0
5466,73.45,fuel,1,1,19,14,624.9,0
12837,82.7,utilities,0,0,14,13,566.4,0
19766,148.66,utilities,1,0,2,14,544.7,0
16944,53.69,jewelry,0,0,17,20,274.0,0
13502,64.89,fuel,0,0,14,24,16.2,0
15752,51.82,fuel,1,0,8,20,86.2,0
6155,57.31,pharmacy,1,0,17,22,339.4,0
5742,100.6,grocery,0,0,9,14,311.5,0
878,212.88,utilities,0,0,9,11,265.6,0
8577,56.91,grocery,0,0,14,15,180.4,0
5477,231.71,travel,1,1,2,7,55.8,1
12015,113.83,utilities,0,0,8,11,407.7,0
18508,205.4,jewelry,1,0,15,10,66.3,0
10917,141.62,travel,0,1,6,13,43.1,0
11038,59.58,fuel,1,0,19,17,560.7,0
11046,239.11,dining,0,0,13,11,63.6,0
12545,62.53,travel,0,0,10,11,705.8,0
17933,216.24,fuel,0,0,16,17,22.7,0
3950,72.87,dining,0,0,16,16,583.0,0
3731,111.65,travel,0,0,3,12,885.5,0
10767,115.17,online_retail,0,0,13,9,413.0,0
4411,99.57,travel,0,0,16,33,378.6,0
1956,136.57,fuel,0,0,18,14,778.0,0
1868,259.72,entertainment,0,0,13,12,58.3,0
10247,58.65,travel,0,0,7,13,326.8,0
4059,14.34,travel,0,0,10,14,537.6,0
13422,139.56,jewelry,0,0,6,21,322.4,0
2440,122.55,electronics,0,1,11,17,228.5,0
397,89.42,pharmacy,0,1,13,22,261.4,0
16375,227.79,entertainment,0,0,21,13,438.8,0
3187,119.87,dining,0,1,22,15,26.0,0
10294,31.5,entertainment,0,0,5,8,129.7,0
14438,90.95,dining,0,0,20,7,48.1,0
17390,82.64,travel,0,0,21,18,53.7,0
16535,62.17,online_retail,1,0,19,15,166.3,0
3746,60.86,entertainment,0,0,6,15,2.5,0
6032,12.32,electronics,0,1,7,8,938.3,0
19025,98.08,jewelry,0,0,15,13,157.1,0
3676,234.81,entertainment,0,0,16,13,4.8,0
16276,180.1,pharmacy,0,0,13,14,15.6,0
13176,132.49,electronics,0,0,19,8,269.6,0
13503,115.57,grocery,0,0,10,9,543.4,0
19516,124.6,jewelry,0,0,12,11,476.4,0
2635,62.15,fuel,0,0,21,16,260.3,0
7513,74.35,jewelry,0,0,21,16,374.8,0
15525,252.68,pharmacy,0,0,7,9,98.2,0
3630,110.07,grocery,0,0,7,14,548.1,0
17661,204.97,electronics,0,0,14,16,239.0,0
17032,124.09,pharmacy,0,0,18,9,890.0,0
10260,48.32,pharmacy,0,0,14,12,221.9,0
5211,150.72,travel,0,0,18,12,787.9,0
13222,97.0,utilities,0,0,9,19,977.4,0
16011,125.06,fuel,0,0,19,21,331.6,0
12898,42.29,grocery,1,0,7,16,129.6,0
16726,170.84,electronics,0,0,8,18,241.1,0
9867,69.33,dining,0,0,12,12,1059.5,0
11097,127.3,fuel,0,0,17,13,283.2,0
2959,36.57,pharmacy,0,0,17,7,387.7,0
9615,20.71,grocery,0,0,11,16,12.7,0
4871,346.0,online_retail,0,0,19,12,560.9,0
6277,164.93,grocery,0,0,11,15,9.6,0
17423,159.36,entertainment,0,0,7,15,16.5,0
16356,186.36,grocery,0,1,17,6,1190.6,0
10927,167.81,electronics,0,0,9,15,227.7,0
85,186.47,jewelry,0,0,18,11,189.9,0
11756,82.8,fuel,0,1,18,13,675.8,0
1188,253.81,electronics,0,0,13,18,373.6,0
2328,43.25,travel,0,0,9,5,127.5,0
17058,42.34,fuel,0,0,4,16,259.0,0
16253,33.62,travel,0,0,5,14,709.0,0
13210,412.12,pharmacy,1,1,1,7,6.9,1
10509,71.49,electronics,0,0,12,17,85.8,0
11548,33.13,travel,0,0,3,15,220.4,0
956,109.64,fuel,1,0,7,13,42.6,0
7535,69.6,electronics,0,0,9,15,88.4,0
16203,14.24,jewelry,1,0,6,10,1159.5,0
789,153.83,online_retail,0,0,17,11,110.7,0
2941,142.12,jewelry,1,1,12,12,125.9,0
4439,171.02,online_retail,0,0,14,12,387.3,0
9160,154.65,travel,0,0,11,22,84.0,0
9163,37.07,dining,0,0,1,15,129.3,0
1575,47.34,entertainment,0,0,8,8,64.7,0
14656,10.69,dining,0,0,10,11,407.8,0
5537,140.04,fuel,0,0,12,18,649.5,0
6130,92.37,grocery,0,0,13,13,1236.8,0
5373,65.44,dining,0,0,13,14,136.9,0
11591,91.05,travel,0,0,22,11,80.2,0
8065,63.51,fuel,0,0,19,16,13.7,0
3549,81.7,jewelry,0,1,16,20,430.4,0
7693,108.64,electronics,1,0,21,11,590.0,0
14941,113.75,grocery,0,0,21,14,4.5,0
13609,6.72,dining,0,0,17,16,10.3,0
16080,150.14,entertainment,0,0,15,19,228.1,0
9012,81.63,electronics,0,0,15,14,6.0,0
11831,79.44,grocery,1,0,11,20,720.5,0
18412,237.96,travel,0,0,7,18,417.4,0
12631,47.92,fuel,0,0,20,11,65.9,0
14019,186.29,electronics,0,0,14,12,492.2,0
3226,80.77,travel,0,0,11,17,135.0,0
19052,103.9,pharmacy,0,0,15,14,217.7,0
19114,61.65,utilities,0,0,10,12,1039.1,0
674,118.5,entertainment,1,0,12,11,123.0,0
3643,106.44,entertainment,0,0,0,17,510.6,0
11754,437.34,grocery,0,0,0,4,92.1,1
2816,92.14,utilities,0,0,7,10,205.4,0
7568,104.28,online_retail,0,0,15,16,47.8,0
19429,64.16,dining,0,0,16,9,443.2,0
3647,405.43,online_retail,0,0,10,12,223.5,0
13939,65.56,grocery,0,0,2,11,159.9,0
14782,621.69,grocery,0,1,2,7,28.8,1
3721,29.08,online_retail,0,1,19,14,601.3,0
6706,65.02,fuel,0,0,20,12,201.4,0
1574,17.07,fuel,0,0,18,12,23.9,0
8729,45.55,grocery,0,0,18,11,522.1,0
8966,41.25,entertainment,0,0,13,10,689.3,0
16906,158.33,jewelry,0,0,21,12,576.5,0
12452,115.58,electronics,0,0,7,16,95.2,0
9959,71.31,travel,0,0,14,14,1387.3,0
16401,110.66,fuel,0,0,3,15,144.9,0
10793,128.28,fuel,0,0,3,14,189.6,0
3017,96.61,fuel,1,0,2,10,1454.2,0
2926,50.29,fuel,0,1,11,20,797.3,0
6668,126.72,utilities,0,0,16,9,38.3,0
708,255.41,online_retail,0,0,7,22,126.9,0
13119,169.66,online_retail,0,0,9,15,932.4,0
2386,54.17,travel,0,1,21,13,64.1,0
7287,135.88,online_retail,0,0,8,9,319.9,0
17161,99.94,electronics,0,0,18,11,43.5,0
17930,100.21,utilities,0,0,22,12,777.6,0
11599,48.94,jewelry,0,0,9,12,1427.1,0
19399,43.23,pharmacy,1,0,3,11,192.8,0
5553,100.97,electronics,0,0,20,18,784.9,0
11131,21.57,fuel,0,0,19,24,188.4,0
1523,354.85,travel,0,0,15,13,10.2,0
5906,18.03,online_retail,1,0,15,18,234.4,0
143,86.95,online_retail,1,0,21,17,1212.6,0
286,255.72,pharmacy,0,0,18,12,125.1,0
1859,223.22,grocery,0,1,10,22,1335.1,0
7072,243.81,fuel,0,0,16,9,21.3,0
13084,91.3,travel,0,0,12,19,537.7,0
1626,113.84,dining,0,0,18,16,380.8,0
13610,198.9,online_retail,0,0,11,6,454.8,0
19480,255.53,entertainment,0,1,16,6,38.6,1
1737,74.54,entertainment,0,0,21,18,380.5,0
9872,150.41,pharmacy,0,0,15,19,268.8,0
14705,59.27,travel,0,0,1,14,42.8,0
15511,20.48,utilities,0,0,21,20,495.5,0
4048,77.89,entertainment,0,0,19,16,55.9,0
17129,230.31,electronics,0,0,6,10,280.2,0
3463,28.89,jewelry,0,0,8,10,554.0,0
2214,80.15,jewelry,0,0,14,18,627.2,0
19424,70.72,fuel,1,0,8,12,375.5,0
842,129.83,fuel,0,0,18,15,107.5,0
18174,221.95,grocery,1,0,6,16,117.3,0
2691,60.11,entertainment,0,0,4,13,882.7,0
7182,76.97,electronics,0,0,14,11,120.7,0
15730,21.86,grocery,0,0,14,14,316.0,0
1411,61.88,fuel,0,0,18,15,858.4,0
11036,88.66,fuel,1,0,6,14,280.2,0
4470,201.43,grocery,0,0,13,17,791.1,0
15647,268.66,grocery,0,0,22,14,80.1,0
15870,66.39,grocery,0,0,9,16,447.0,0
5771,163.95,pharmacy,0,0,22,11,295.1,0
7334,69.8,pharmacy,0,0,9,17,642.5,0
13188,247.56,grocery,0,0,8,18,1038.1,0
3147,98.07,electronics,0,0,6,14,746.1,0
4475,81.42,electronics,0,0,0,13,75.4,0
17124,186.28,entertainment,0,0,18,16,173.1,0
18075,219.14,electronics,0,0,14,13,78.9,0
5042,80.66,jewelry,0,0,10,14,269.6,0
12399,61.27,entertainment,0,0,16,15,633.9,1
4504,169.16,travel,0,0,9,11,833.5,0
18969,184.79,fuel,0,0,15,13,134.9,0
4395,94.18,online_retail,1,0,21,13,858.1,0
15449,35.01,jewelry,0,0,13,16,254.3,0
6695,153.89,pharmacy,0,1,18,16,191.2,0
11399,80.91,travel,0,0,11,8,37.1,0
7703,122.29,fuel,0,0,18,12,557.2,0
5328,128.74,electronics,0,0,11,12,553.1,0
2523,235.72,online_retail,0,0,9,10,215.2,0
6181,200.14,electronics,0,0,14,22,159.6,0
5184,212.58,fuel,1,1,9,7,46.1,0
1931,86.76,electronics,0,0,14,8,984.5,0
19797,30.38,pharmacy,1,0,9,14,100.0,0
16165,183.34,grocery,0,0,21,11,94.2,0
11780,73.68,electronics,0,0,18,12,367.9,0
11878,157.33,entertainment,0,0,9,11,766.7,1
4621,48.75,travel,1,0,7,16,28.9,0
17286,20.94,dining,0,1,1,11,336.5,0
10766,47.6,entertainment,0,0,9,18,50.5,0
19742,77.46,entertainment,0,0,12,11,98.6,0
19158,119.76,entertainment,0,0,6,16,662.4,0
12777,160.79,electronics,0,0,16,13,387.3,0
7828,189.57,electronics,0,0,16,14,123.7,0
11988,9.89,travel,0,0,6,18,752.8,0
3040,235.15,fuel,0,0,9,18,318.9,0
16813,99.63,fuel,0,0,10,15,78.6,0
12441,9.56,pharmacy,0,0,6,22,70.1,0
2790,62.02,pharmacy,0,0,7,14,804.7,0
2676,99.87,fuel,0,0,10,22,354.0,0
1304,160.65,entertainment,0,0,18,10,432.5,0
18790,227.97,grocery,0,0,8,12,298.2,0
8284,217.05,travel,0,0,12,16,624.5,0
19105,46.95,electronics,0,0,4,9,285.4,0
6449,219.93,grocery,0,0,16,13,503.0,0
6321,121.52,fuel,0,0,11,18,351.2,0
8451,39.61,fuel,0,0,18,14,209.8,0
10323,77.43,electronics,0,0,10,19,855.8,0
5016,79.7,utilities,1,0,7,12,466.0,0
12119,35.8,dining,0,0,20,23,101.2,0
1522,37.29,fuel,1,1,8,17,148.6,0
16334,135.96,fuel,0,1,20,7,130.5,0
9300,11.98,jewelry,0,0,12,13,24.6,0
4592,64.94,online_retail,0,0,10,13,145.5,0
9915,72.82,jewelry,0,0,3,12,262.9,0
13469,47.89,pharmacy,0,0,8,15,895.5,0
17526,127.03,fuel,0,1,14,19,272.0,0
267,248.81,jewelry,1,0,9,13,316.2,0
3947,56.34,grocery,0,0,9,19,246.0,0
6168,125.63,online_retail,0,0,8,12,61.1,0
16601,362.92,pharmacy,0,1,22,11,82.5,0
9013,40.82,entertainment,0,0,18,12,16.3,0
5788,32.52,online_retail,0,1,11,11,376.3,0
7975,59.75,travel,0,0,19,11,173.0,0
1179,238.1,jewelry,0,0,18,16,118.5,0
11114,99.84,entertainment,0,0,9,20,368.5,0
16054,73.79,entertainment,0,0,10,12,357.4,0
3742,196.23,travel,1,0,15,16,171.5,0
4067,123.35,dining,0,0,10,14,231.9,0
10712,112.79,fuel,0,0,12,16,138.8,0
5194,133.72,electronics,0,0,22,11,347.7,0
17391,24.88,utilities,0,0,15,10,340.6,0
3529,118.27,online_retail,0,0,13,19,482.0,0
2014,236.16,fuel,0,0,21,11,170.1,0
10306,243.77,entertainment,0,1,7,10,193.9,0
11679,207.5,utilities,0,0,22,15,59.6,0
5723,181.57,entertainment,0,0,15,12,571.4,0
803,169.39,entertainment,1,0,14,12,616.4,0
19849,144.85,jewelry,0,0,12,16,384.5,0
4927,295.08,entertainment,0,1,0,9,404.4,0
11477,19.33,grocery,1,0,8,16,295.3,0
5055,139.32,online_retail,0,0,14,18,470.2,0
19361,221.35,utilities,0,0,14,12,28.1,0
16792,9.59,fuel,0,0,6,16,553.9,0
17461,43.5,fuel,0,0,10,12,283.2,0
18967,59.8,fuel,1,0,7,16,6.7,0
11189,73.9,electronics,0,0,8,11,274.3,0
8506,23.14,utilities,0,0,22,9,30.6,0
11344,315.88,online_retail,0,0,14,15,2.4,0
4540,53.67,jewelry,0,1,18,21,1088.7,0
18736,153.35,online_retail,0,0,12,15,391.5,0
6171,20.42,entertainment,0,0,15,14,402.6,0
1747,148.54,pharmacy,0,0,16,19,67.9,0
1762,94.36,jewelry,1,1,13,10,406.0,0
17571,170.72,jewelry,0,0,13,17,306.3,0
12541,18.58,dining,0,0,19,16,1429.0,0
8077,111.4,travel,0,0,1,12,515.1,0
278,152.33,dining,0,0,20,13,111.9,0
4426,68.18,entertainment,0,0,10,11,339.6,0
2077,108.91,grocery,0,0,17,12,51.8,0
12931,134.18,electronics,0,0,8,15,54.9,0
6550,204.81,jewelry,0,0,9,16,538.7,0
6293,169.19,jewelry,0,0,12,14,201.6,0
12677,99.74,pharmacy,1,0,1,14,414.1,0
12639,150.69,jewelry,0,0,0,14,249.2,0
7854,329.17,jewelry,0,1,6,10,529.8,0
6503,118.93,travel,0,0,4,7,42.3,0
6998,242.97,grocery,0,1,0,5,8.5,1
16529,96.8,utilities,1,0,20,16,866.9,0
4321,113.66,online_retail,0,1,21,16,348.6,0
323,19.22,online_retail,0,0,11,5,339.1,0
2022,86.49,dining,0,0,17,10,893.1,0
4289,114.27,utilities,0,1,18,13,189.0,0
4916,159.75,travel,0,0,7,21,49.6,0
5464,105.11,jewelry,0,0,21,13,788.7,0
12764,111.67,fuel,0,0,13,17,74.9,0
1546,95.27,pharmacy,0,0,19,10,816.0,0
8031,88.92,grocery,0,0,22,16,180.4,0
3051,203.45,jewelry,0,0,16,9,187.3,0
18802,30.19,electronics,0,0,17,24,905.2,0
13954,16.27,electronics,0,0,16,14,355.0,0
6368,126.72,travel,0,0,11,14,838.0,0
16961,33.61,pharmacy,0,0,19,12,1145.1,0
8704,70.22,online_retail,0,0,6,10,77.9,0
16022,168.79,utilities,0,0,19,17,118.2,0
2035,207.02,online_retail,0,0,18,16,242.4,0
5350,222.47,jewelry,1,0,6,12,95.1,0
5758,351.48,grocery,0,0,20,19,482.9,0
12318,168.74,dining,0,0,15,16,426.2,0
99,67.99,entertainment,0,1,8,13,887.5,0
3139,215.95,grocery,0,0,11,6,5.6,1
12029,59.91,grocery,0,0,14,14,64.7,0
2716,89.17,electronics,0,1,19,11,512.5,0
17115,225.73,utilities,0,0,17,11,98.3,0
14966,46.86,entertainment,1,0,20,14,292.2,0
8846,127.89,pharmacy,1,0,11,10,84.3,0
6575,44.97,online_retail,1,0,12,13,61.6,0
18720,100.5,online_retail,0,0,11,7,778.7,0
18540,93.47,electronics,0,0,17,13,85.0,0
5646,90.08,online_retail,0,0,19,11,126.2,0
2869,86.31,utilities,0,0,6,14,8.9,0
14130,121.39,travel,0,1,11,5,43.9,1
9406,137.29,pharmacy,0,0,11,16,218.7,0
2343,74.7,entertainment,0,0,8,18,1007.7,0
9812,27.5,utilities,0,1,8,9,1066.9,0
4583,128.93,utilities,0,0,19,9,200.8,0
15573,136.24,pharmacy,0,0,15,15,66.4,0
13827,65.14,entertainment,0,0,14,22,66.1,0
3870,53.82,utilities,0,0,11,12,507.9,0
11585,61.46,grocery,0,0,19,15,220.6,0
12895,63.95,jewelry,0,0,8,17,20.7,0
11180,496.45,electronics,1,1,5,7,66.1,1
8198,137.94,dining,0,0,16,16,591.0,0
2812,170.85,online_retail,0,0,10,13,754.9,0
14169,113.35,dining,0,0,22,13,340.1,0
11199,32.23,online_retail,0,0,11,20,830.2,0
5428,138.65,utilities,0,0,8,17,60.8,0
11912,191.96,fuel,0,0,11,21,153.9,0
8946,54.54,grocery,0,0,7,14,65.3,0
11401,101.22,dining,0,0,7,12,230.2,0
7320,27.3,entertainment,1,0,8,15,470.8,0
1277,37.21,dining,0,0,15,10,593.6,0
2511,102.28,jewelry,0,1,6,12,452.5,0
1089,290.54,pharmacy,0,1,13,12,306.9,0
3261,93.12,grocery,0,0,16,19,430.3,0
3274,131.91,travel,0,0,18,13,1201.5,0
9330,258.98,travel,0,1,3,8,15.3,1
14039,36.44,pharmacy,0,0,20,14,379.7,0
19570,87.76,dining,0,0,14,16,270.8,0
6687,22.94,online_retail,0,0,14,7,287.1,0
13899,231.16,utilities,0,0,22,10,34.4,0
14141,169.57,dining,1,0,18,15,385.4,0
5750,217.05,pharmacy,0,0,22,11,242.4,0
7920,315.0,entertainment,0,0,6,20,118.6,0
633,116.96,grocery,0,0,10,10,35.7,0
11350,53.2,pharmacy,0,0,13,16,317.4,0
2165,212.79,grocery,0,0,22,11,860.3,0
13695,149.37,grocery,0,0,16,12,213.8,0
18871,101.47,utilities,1,0,5,8,192.2,0
11070,97.87,online_retail,0,0,11,20,367.5,0
9951,7.6,dining,0,0,19,11,513.4,0
11484,38.48,entertainment,0,0,16,15,14.3,0
11416,82.53,pharmacy,0,1,6,10,853.5,0
1322,229.96,grocery,0,0,13,8,144.3,0
14352,110.96,fuel,0,0,8,18,125.2,0
1528,93.76,electronics,0,0,21,12,23.0,0
9036,30.89,travel,0,0,1,15,260.7,0
5847,45.18,jewelry,0,0,8,13,359.3,0
136,227.63,online_retail,0,0,20,11,127.6,0
7450,62.77,jewelry,0,0,10,9,18.1,0
8821,85.76,online_retail,0,0,7,14,292.6,0
5051,107.62,fuel,0,0,8,14,165.1,0
18400,107.74,dining,1,0,3,9,203.6,0
6741,166.14,jewelry,0,0,16,25,569.7,0
18280,36.51,grocery,0,0,2,20,435.5,0
7209,160.3,grocery,0,0,16,13,379.3,0
18599,65.39,grocery,0,0,17,16,581.2,0
2393,112.85,travel,0,0,12,9,771.8,0
13616,49.58,jewelry,0,0,9,14,1444.5,0
17146,182.21,electronics,0,0,19,16,0.7,0
18426,282.26,utilities,0,0,1,13,181.5,0
12405,63.81,fuel,0,0,10,13,26.9,0
6166,82.51,dining,0,1,11,15,59.8,0
17236,364.12,online_retail,0,0,6,15,15.6,0
1328,115.09,grocery,0,0,14,12,218.2,0
2963,51.9,jewelry,0,1,6,16,79.9,0
3554,192.9,entertainment,1,1,2,6,75.9,1
8521,258.84,entertainment,0,1,14,14,61.5,0
14622,66.9,entertainment,0,0,11,15,176.7,0
18510,88.43,pharmacy,0,1,12,16,372.5,0
6726,109.08,fuel,1,0,17,19,1020.0,0
18630,231.04,electronics,0,0,9,11,3.9,0
12243,181.86,travel,1,0,0,5,65.7,1
19001,163.22,utilities,0,0,5,14,0.4,0
11529,31.4,grocery,0,0,18,13,157.2,0
10711,281.95,electronics,0,0,22,15,54.8,0
5329,37.14,electronics,0,0,15,10,286.7,0
3691,17.76,jewelry,0,0,5,17,289.3,0
15567,118.7,travel,0,0,7,10,156.2,0
4610,41.29,utilities,1,0,8,13,181.8,0
15946,278.34,grocery,0,0,6,16,35.1,0
19650,251.96,jewelry,0,0,16,8,619.6,0
4785,46.36,utilities,0,1,8,18,297.9,0
6501,86.43,travel,0,0,15,15,320.5,0
9810,42.02,travel,0,0,17,7,135.0,0
13036,404.26,entertainment,1,0,7,15,297.7,0
17085,494.16,fuel,0,0,19,16,327.6,0
9752,34.47,pharmacy,1,1,12,11,593.4,0
16892,315.1,electronics,0,1,11,4,83.3,1
18868,94.65,online_retail,0,1,16,11,295.9,0
11370,47.41,pharmacy,0,0,12,13,164.5,0
1087,159.21,entertainment,0,0,11,14,77.4,0
10398,35.29,jewelry,0,0,13,13,544.9,0
16641,131.09,entertainment,0,0,9,22,51.0,0
5480,93.16,utilities,0,0,14,16,196.5,0
1999,121.55,travel,0,0,17,17,101.1,0
3621,109.95,utilities,0,0,22,15,6.6,0
7163,161.11,fuel,0,0,13,16,259.2,0
8852,114.6,travel,0,0,11,21,350.5,0
15353,37.63,entertainment,0,0,9,19,414.1,0
16151,221.13,utilities,1,0,11,17,234.9,0
12738,78.28,electronics,0,0,8,11,103.1,0
6690,92.25,entertainment,0,1,15,14,38.2,0
538,40.41,jewelry,0,0,22,12,118.0,0
18926,100.35,electronics,0,0,7,10,22.5,1
4334,126.04,electronics,0,0,12,16,107.2,0
15428,202.57,pharmacy,1,0,16,16,499.0,0
17156,80.55,electronics,0,0,12,10,369.2,0
3596,131.08,utilities,0,0,22,10,438.1,0
18032,157.33,electronics,0,0,20,14,306.1,0
2598,79.83,grocery,0,0,9,9,185.7,0
8721,138.78,entertainment,0,0,15,18,887.6,0
14250,145.36,online_retail,0,0,10,16,294.0,0
15831,33.48,pharmacy,0,0,7,9,582.8,0
9556,89.18,fuel,1,0,6,13,320.0,0
19053,11.95,electronics,0,0,17,15,1702.8,0
2025,111.84,dining,0,0,19,17,68.8,0
15494,314.07,fuel,0,0,9,16,1551.3,0
13408,179.76,jewelry,0,0,11,20,521.0,0
16738,74.06,grocery,0,0,16,14,450.5,0
18384,101.88,pharmacy,1,0,11,22,101.4,1
19132,27.63,entertainment,0,1,6,17,28.6,0
16516,155.3,pharmacy,0,0,17,24,328.1,0
19783,76.07,entertainment,0,1,20,14,521.6,0
15109,124.12,dining,0,0,3,16,6.7,0
3577,146.69,grocery,0,1,15,18,106.9,0
17599,76.03,utilities,0,0,12,12,39.8,0
8150,136.26,entertainment,0,0,20,13,375.3,0
18629,146.78,online_retail,0,0,16,15,54.7,0
1618,7.14,online_retail,1,0,18,8,1378.2,0
8488,249.17,travel,1,0,11,13,177.8,0
5253,101.52,electronics,1,0,9,11,109.7,0
8147,35.62,dining,0,0,3,15,266.5,0
8226,55.18,online_retail,0,0,10,10,128.0,0
10032,21.42,dining,0,0,12,14,42.5,0
7452,53.36,travel,1,0,15,18,471.6,0
777,192.32,online_retail,0,0,19,11,8.4,0
11555,247.98,jewelry,0,0,0,21,219.9,0
15644,68.59,entertainment,0,0,9,15,66.2,0
1347,245.01,travel,0,1,6,18,564.4,0
8224,82.42,grocery,0,0,10,13,477.1,0
12180,135.05,utilities,0,0,19,13,2987.9,0
636,200.94,online_retail,0,0,21,10,332.5,0
16884,92.66,dining,0,0,15,17,169.9,0
3338,78.05,grocery,1,0,19,8,759.2,0
15244,82.46,pharmacy,0,0,16,12,742.0,0
2583,48.76,utilities,1,0,22,13,168.1,0
2358,139.65,jewelry,0,0,14,16,153.6,0
5465,312.81,fuel,0,0,21,10,6.1,0
1470,210.75,utilities,0,0,13,7,152.7,0
2070,69.64,grocery,0,0,14,16,55.0,0
3939,61.41,jewelry,0,0,22,13,385.5,0
15218,147.27,electronics,0,0,21,8,40.0,0
10381,239.37,jewelry,1,0,5,8,300.2,0
7545,134.82,jewelry,0,0,9,13,107.5,0
14508,34.3,pharmacy,0,0,19,16,159.1,0
12958,37.91,electronics,0,0,17,14,529.3,0
10454,53.79,utilities,0,0,11,11,98.9,0
578,161.41,dining,0,1,3,13,519.5,0
12224,171.38,jewelry,0,0,9,10,183.9,0
14343,106.17,online_retail,1,0,4,8,16.1,1
5627,9.81,electronics,0,0,11,12,22.8,0
7872,57.72,grocery,0,0,11,7,228.9,0
10717,97.74,pharmacy,0,0,12,11,202.7,0
1781,56.61,pharmacy,0,0,19,15,845.6,0
5407,150.94,online_retail,1,0,12,16,193.3,0
6406,133.85,dining,0,0,22,22,21.0,0
8731,245.26,pharmacy,1,0,14,23,291.8,0
13032,176.86,travel,0,0,3,14,510.7,0
11776,32.85,utilities,0,0,18,13,926.5,0
8214,898.3,electronics,0,0,0,7,23.5,1
6570,11.94,online_retail,0,0,10,10,229.6,0
19789,79.57,online_retail,0,0,21,11,252.5,0
7833,172.64,electronics,0,0,20,12,284.0,0
497,44.42,grocery,0,0,13,13,99.3,0
19995,345.39,online_retail,0,0,14,14,113.8,0
9289,77.52,jewelry,0,1,14,8,455.6,0
9438,102.91,electronics,0,0,10,9,520.5,0
10227,18.84,entertainment,0,0,15,15,648.3,0
12177,234.94,fuel,1,1,10,12,361.2,0
9539,165.96,utilities,1,0,19,17,435.0,0
11237,80.81,pharmacy,0,0,11,11,252.6,0
19088,63.25,entertainment,0,1,9,14,105.6,0
2652,148.73,utilities,0,0,12,18,2.3,0
3126,46.83,fuel,0,1,17,19,1140.7,0
14419,57.84,grocery,0,0,21,14,224.8,0
18728,73.29,utilities,0,0,6,15,126.3,0
17163,47.1,online_retail,0,0,8,9,6.5,0
3729,120.17,online_retail,0,0,17,18,958.7,0
6162,57.18,online_retail,1,1,15,13,234.3,0
18408,107.69,jewelry,0,0,14,13,75.1,0
7318,183.42,utilities,0,0,7,15,324.3,0
17663,207.92,grocery,0,0,14,19,154.8,0
966,54.7,electronics,0,0,8,8,118.8,0
4068,258.81,grocery,0,0,17,13,174.2,0
3817,48.05,electronics,0,1,8,12,811.5,0
2913,286.54,online_retail,0,0,6,11,311.4,0
18477,24.29,jewelry,0,0,10,10,351.6,0
1355,141.62,travel,1,0,8,13,408.2,0
16698,187.88,electronics,0,1,11,12,751.5,0
19622,132.97,jewelry,0,0,17,15,55.2,0
13009,37.02,utilities,0,0,2,7,578.8,0
810,422.4,dining,0,1,11,8,401.4,0
16190,112.82,utilities,0,0,22,17,261.6,0
17982,214.56,online_retail,0,0,1,19,15.4,0
3361,181.37,dining,0,0,12,25,240.2,0
1659,49.35,electronics,1,0,11,14,7.4,1
13393,77.17,jewelry,0,0,12,13,570.4,0
2200,124.38,online_retail,0,0,9,16,110.3,0
16633,112.92,online_retail,0,0,21,13,520.0,0
16287,2.58,grocery,0,0,19,13,57.3,0
12204,303.65,online_retail,1,0,10,5,10.6,1
5248,40.55,fuel,0,0,12,10,677.5,0
9604,42.93,pharmacy,0,0,12,9,335.5,0
2744,246.82,dining,0,0,3,17,216.1,0
10261,100.71,pharmacy,0,0,22,12,258.1,0
5957,249.63,travel,1,0,22,16,188.6,0
664,61.24,fuel,0,1,13,14,30.2,0
2493,107.98,grocery,0,0,2,15,522.3,0
5927,94.36,pharmacy,1,1,14,11,435.0,0
16116,86.06,grocery,0,0,12,12,357.2,0
8092,70.37,dining,0,1,8,13,371.5,0
18054,117.41,utilities,0,0,22,11,517.3,0
5547,33.84,grocery,0,1,10,12,53.5,0
6335,235.0,utilities,0,0,21,12,255.1,0
2526,30.66,utilities,1,0,8,21,1118.7,0
17255,62.42,online_retail,0,0,12,18,263.8,0
2683,288.02,entertainment,0,0,16,18,313.0,0
13225,120.82,grocery,1,0,10,17,316.7,0
5564,104.44,grocery,0,0,17,11,196.3,0
1044,220.2,dining,0,0,22,9,1475.3,0
1501,34.66,utilities,0,0,1,14,47.5,0
14831,120.64,entertainment,0,0,18,9,100.4,0
914,283.43,entertainment,0,0,17,14,461.7,0
5859,196.8,fuel,0,0,5,6,524.4,0
19331,31.26,jewelry,0,0,18,16,136.4,0
14739,365.06,jewelry,0,0,9,12,1268.7,0
10072,176.82,utilities,0,0,11,11,3.0,0
8292,18.54,jewelry,0,1,13,14,48.5,0
13265,52.78,grocery,1,0,6,14,78.0,0
2079,207.24,fuel,1,0,12,14,340.8,0
3079,83.9,pharmacy,0,0,14,14,162.0,0
16845,14.53,grocery,0,0,7,13,345.0,1
13318,229.87,dining,0,0,18,18,19.0,0
8404,3.54,utilities,0,0,4,17,331.9,0
6553,494.92,grocery,1,1,15,6,22.2,1
4765,191.37,jewelry,0,0,16,17,235.5,0
15962,90.39,jewelry,0,0,11,18,100.9,0
16177,29.9,dining,0,0,19,5,328.0,0
15323,41.44,pharmacy,0,0,17,10,107.7,0
14289,70.44,dining,0,0,1,17,143.6,0
7196,141.19,electronics,0,0,16,12,23.7,0
15068,41.96,dining,0,1,7,12,101.3,0
12728,167.3,jewelry,0,0,13,15,150.5,0
19169,102.61,entertainment,0,1,8,15,166.6,0
16013,511.83,pharmacy,0,0,4,7,5.2,1
5685,132.71,utilities,0,0,9,11,424.8,0
18465,159.64,dining,0,0,7,8,421.5,0
679,224.95,electronics,0,0,17,11,145.9,0
17087,82.63,jewelry,0,0,21,11,1344.6,0
2152,235.5,dining,0,0,12,17,135.6,0
16922,61.14,dining,0,0,12,14,222.8,0
1186,143.9,grocery,0,1,12,8,11.8,0
8237,38.02,jewelry,0,0,15,8,242.8,0
8599,13.76,utilities,1,0,17,17,727.1,0
2978,132.49,travel,0,0,0,14,386.5,0
14901,41.87,pharmacy,0,1,20,19,29.5,0
8776,244.84,pharmacy,1,0,17,18,46.5,0
6047,145.21,electronics,0,0,19,19,224.6,0
17165,37.22,travel,0,0,10,13,1215.3,0
14706,106.69,jewelry,0,1,16,13,186.4,0
935,83.89,electronics,0,0,10,14,302.7,0
14586,120.42,dining,0,0,6,13,23.5,0
13492,30.21,grocery,0,1,3,15,15.7,0
1433,89.17,pharmacy,0,0,20,16,610.9,0
9738,193.81,fuel,0,0,10,15,275.1,0
5515,45.09,pharmacy,1,0,22,8,15.6,1
16265,57.12,travel,0,0,6,19,611.6,0
8408,60.14,pharmacy,1,0,6,14,335.3,0
4818,101.53,grocery,0,0,5,9,378.6,0
19991,35.65,entertainment,0,0,18,16,70.6,0
18988,158.78,entertainment,0,0,16,13,37.6,0
4953,89.66,dining,0,0,10,14,3.9,0
12668,41.88,utilities,0,0,18,18,93.6,0
7030,44.74,fuel,0,0,21,9,60.0,0
12909,92.14,jewelry,1,0,8,14,630.2,0
14207,41.09,dining,0,0,15,7,500.4,0
3036,43.66,entertainment,0,0,19,17,229.0,0
77,18.33,travel,0,0,19,11,42.3,0
4942,162.14,electronics,1,0,9,11,202.0,0
14271,49.52,utilities,0,0,20,20,382.4,0
16353,86.81,pharmacy,1,0,18,13,26.0,0
4403,34.24,utilities,0,0,5,15,1226.0,0
19138,96.7,online_retail,0,0,8,14,51.4,0
8530,341.94,electronics,1,1,9,4,65.5,1
17589,37.12,utilities,0,0,17,12,1005.5,0
9092,71.26,fuel,0,0,18,8,90.1,0
11009,158.01,fuel,1,1,5,18,182.2,0
7615,29.93,grocery,1,1,14,12,817.0,0
10910,72.47,utilities,0,0,8,20,30.4,0
4472,209.75,electronics,0,0,9,15,67.4,0
17180,157.72,jewelry,0,0,14,12,233.1,0
13488,39.04,entertainment,0,0,18,18,19.5,0
11500,67.17,online_retail,0,0,6,12,155.8,0
2958,139.0,dining,0,0,9,16,45.0,0
3084,78.67,entertainment,0,0,18,20,776.8,0
11629,35.98,electronics,0,1,13,9,344.1,0
780,271.53,fuel,0,0,15,18,104.5,0
7130,50.24,entertainment,0,0,14,8,1668.6,0
18048,194.32,online_retail,0,0,9,12,662.7,0
4399,47.45,utilities,1,0,11,12,160.9,0
16551,135.39,utilities,0,0,6,12,874.9,0
15737,71.51,utilities,0,0,15,15,499.2,0
4178,315.64,travel,0,0,10,14,339.6,0
8312,39.56,jewelry,0,1,19,13,339.5,0
13993,285.54,online_retail,0,0,16,12,288.4,0
7150,38.16,entertainment,0,0,7,12,58.1,0
9898,132.77,jewelry,0,0,21,11,778.2,0
5327,239.69,entertainment,0,0,21,13,131.3,0
4909,91.15,travel,0,0,16,15,305.9,1
8869,88.34,jewelry,0,1,6,19,113.6,0
4441,138.77,fuel,0,0,19,13,90.2,0
10840,85.85,entertainment,0,0,15,17,157.3,0
1281,75.65,entertainment,1,1,14,12,581.6,0
18833,41.04,travel,0,0,11,13,1079.5,0
8812,95.63,travel,0,0,9,14,1254.2,0
10817,83.29,dining,0,0,14,12,75.6,0
14523,141.28,jewelry,0,0,14,19,523.1,0
10599,101.83,entertainment,0,0,13,13,165.7,0
19081,138.63,electronics,0,0,11,13,93.9,0
7534,44.42,online_retail,0,0,8,16,128.8,0
8860,5.23,fuel,0,0,17,19,223.7,0
16974,208.25,electronics,0,0,7,23,525.7,1
2872,122.68,pharmacy,0,0,10,23,18.6,0
14072,95.03,entertainment,0,0,19,13,213.6,0
5550,196.06,utilities,0,0,18,12,126.3,0
11413,73.02,grocery,0,0,10,17,100.4,0
13728,153.27,fuel,0,0,8,18,136.9,0
15961,133.64,fuel,0,0,2,15,579.6,0
15611,76.0,travel,0,0,21,18,623.4,0
1924,92.04,travel,0,0,14,17,1076.2,0
19646,119.36,fuel,0,0,21,11,73.7,0
1294,127.68,travel,0,1,6,8,914.3,0
16119,111.04,jewelry,0,0,14,12,1725.7,0
5586,54.91,fuel,0,0,21,9,416.5,0
2282,109.99,entertainment,0,0,10,17,179.9,0
18372,263.23,entertainment,0,0,9,10,340.6,0
15047,117.31,jewelry,0,0,21,6,993.9,0
14964,61.49,utilities,0,0,18,14,462.1,0
12366,12.69,fuel,0,0,1,15,66.1,0
12398,172.12,dining,0,0,7,19,88.2,0
925,218.02,utilities,0,1,16,12,17.3,0
1958,174.98,entertainment,0,0,18,9,59.6,0
14268,150.62,utilities,0,1,8,22,79.2,0
7213,103.71,electronics,0,0,15,11,705.6,0
2549,144.71,electronics,0,0,14,19,80.0,0
466,78.59,electronics,0,0,12,11,772.1,0
7254,138.12,jewelry,0,0,22,8,410.8,0
8750,134.88,pharmacy,0,0,18,17,367.8,0
10282,190.09,dining,0,0,13,25,202.7,0
19083,132.55,entertainment,0,0,11,12,108.5,0
9274,80.11,travel,1,0,8,13,100.7,0
1896,67.34,utilities,0,0,8,14,562.2,0
3150,97.9,dining,0,0,22,18,433.6,0
17885,29.24,fuel,0,0,20,12,37.5,0
384,68.61,fuel,0,0,7,16,205.2,0
16847,25.95,utilities,0,0,20,22,1221.7,0
4043,194.36,entertainment,0,0,11,8,120.7,0
8702,61.97,jewelry,0,0,7,15,14.5,1
3690,44.24,pharmacy,0,1,6,12,1289.4,0
10826,24.07,travel,0,0,12,18,131.6,0
4597,77.88,electronics,0,0,9,15,447.4,0
6572,139.87,utilities,0,0,15,14,390.9,0
1474,16.62,online_retail,0,0,22,5,318.3,0
15216,116.42,dining,0,0,6,7,319.0,0
10614,68.96,entertainment,0,0,12,15,1039.8,0
12781,36.13,online_retail,0,0,22,13,15.9,0
4245,123.3,online_retail,1,1,8,12,69.3,0
16223,199.58,fuel,0,0,17,11,335.0,0
8634,87.82,entertainment,0,0,21,15,488.3,0
4086,101.38,electronics,0,0,22,19,229.6,0
7855,78.89,dining,0,1,13,16,686.8,0
248,178.06,dining,1,0,11,13,311.3,0
14654,134.74,grocery,0,0,16,9,424.0,0
9715,260.58,utilities,0,0,14,15,236.0,0
19883,53.18,dining,0,1,16,9,344.0,0
16315,181.64,grocery,0,0,20,8,129.9,1
8033,191.36,pharmacy,0,0,10,15,346.7,0
13229,58.9,jewelry,0,0,16,17,399.3,0
15587,93.23,pharmacy,0,0,22,11,397.6,0
11602,107.28,electronics,0,0,10,13,131.2,0
11388,92.92,fuel,0,0,4,7,73.9,0
12201,144.24,grocery,0,0,13,12,115.9,0
9259,90.08,jewelry,0,0,22,15,817.7,0
13926,97.21,dining,1,1,17,18,253.8,0
11861,62.38,online_retail,0,0,15,17,125.0,0
10500,491.06,fuel,0,0,8,11,206.5,0
909,107.01,utilities,0,0,15,21,704.4,0
17101,75.77,dining,0,0,19,9,98.1,0
15479,86.58,fuel,0,1,6,14,112.9,0
2808,108.64,grocery,0,0,12,13,156.8,0
8815,178.7,utilities,0,0,10,19,314.3,0
18064,229.35,grocery,0,0,18,10,186.2,0
9194,167.92,jewelry,0,0,9,8,764.3,0
17262,24.15,dining,0,0,18,12,477.8,0
15286,43.93,online_retail,0,0,9,15,159.0,0
3174,86.78,pharmacy,0,0,9,12,28.7,0
11916,67.84,electronics,0,0,12,6,190.7,0
18760,252.12,fuel,0,0,21,10,938.2,0
5687,190.11,pharmacy,0,0,14,20,1037.7,0
4509,136.87,jewelry,0,0,14,19,229.5,0
4107,163.09,grocery,0,0,8,11,194.5,0
1469,17.54,utilities,0,1,19,23,635.2,0
17813,56.22,pharmacy,1,0,12,7,96.5,0
10890,113.43,utilities,1,1,10,9,587.9,0
19247,189.46,pharmacy,1,0,21,12,329.0,0
2407,110.35,fuel,0,1,12,12,4.9,0
1513,135.22,jewelry,0,0,8,16,1270.3,0
8604,201.23,grocery,1,1,14,14,595.5,0
10590,79.8,grocery,0,0,11,15,23.1,0
19215,55.18,online_retail,0,0,16,23,357.5,0
4955,175.42,grocery,0,0,6,15,1882.5,0
17610,79.95,utilities,0,1,13,19,59.9,0
9541,100.28,jewelry,0,0,9,16,487.9,0
4083,133.62,jewelry,1,1,0,7,10.6,1
9657,18.41,grocery,1,1,19,14,535.3,0
162,142.34,jewelry,0,0,21,15,30.8,0
17688,47.59,fuel,0,0,9,15,1383.9,0
14325,150.28,fuel,0,1,0,5,105.1,1
18317,410.73,pharmacy,1,1,18,11,28.6,1
4291,94.86,entertainment,0,0,7,10,395.8,0
3001,183.45,grocery,0,0,18,16,172.5,0
1452,119.85,online_retail,1,0,6,9,1495.0,0
14015,42.54,dining,0,0,15,13,48.3,0
16701,183.41,pharmacy,0,0,16,13,362.1,0
17793,116.91,fuel,0,0,21,24,416.6,0
15789,13.57,entertainment,1,0,12,14,441.2,0
11796,68.75,electronics,0,1,21,13,165.8,0
19452,151.09,utilities,0,0,20,11,27.4,0
10384,124.35,entertainment,0,1,0,12,406.7,0
14399,38.34,electronics,0,0,20,14,71.9,0
12673,68.32,online_retail,0,0,21,9,373.8,0
3528,277.06,travel,0,0,6,18,794.5,0
15892,43.93,entertainment,0,1,7,9,132.1,0
15331,120.43,electronics,1,0,18,8,146.7,0
1776,24.8,entertainment,0,1,10,14,109.8,0
18550,142.56,utilities,0,1,7,16,186.1,0
4907,166.44,jewelry,0,0,1,12,302.9,0
3064,112.18,grocery,0,0,12,6,427.4,0
7930,98.34,utilities,0,0,17,11,776.2,0
9808,35.33,pharmacy,1,0,17,16,51.6,0
11942,35.63,travel,0,0,13,11,841.5,0
7754,96.33,jewelry,0,0,16,14,35.0,0
17439,71.31,travel,0,1,11,17,1146.2,0
3880,50.73,electronics,0,1,11,17,577.1,0
16198,74.05,online_retail,0,0,15,17,93.5,0
310,443.72,pharmacy,1,1,3,7,230.6,0
15161,151.94,utilities,0,1,17,16,922.9,0
5489,186.94,entertainment,0,0,19,19,95.9,0
5721,108.46,fuel,0,0,6,11,277.1,0
12522,181.74,travel,0,0,15,14,606.1,0
19207,71.37,travel,0,0,21,13,176.2,0
10168,70.49,online_retail,0,1,6,9,556.7,0
6303,50.75,online_retail,0,0,14,19,31.3,0
5423,174.42,fuel,0,0,14,16,535.5,0
16621,172.2,grocery,0,0,18,12,8.7,0
744,48.47,jewelry,0,0,10,12,410.6,0
2681,70.35,dining,1,0,14,18,455.0,0
5897,256.06,dining,0,1,12,13,399.5,0
6671,31.27,utilities,0,1,14,16,529.0,0
17300,222.0,pharmacy,1,0,15,9,769.3,0
9512,48.98,electronics,0,0,15,15,477.9,0
12221,180.12,grocery,0,0,9,16,405.1,0
12487,229.29,pharmacy,0,0,9,27,74.0,0
19293,137.96,grocery,1,0,4,11,251.2,0
15390,34.67,fuel,1,0,21,17,60.1,0
8261,30.54,utilities,0,0,12,11,36.5,0
15995,31.48,fuel,0,0,11,11,117.7,0
6059,60.87,pharmacy,0,0,1,25,389.2,0
10718,29.4,grocery,0,1,0,14,195.8,0
1746,159.09,online_retail,1,0,20,11,653.3,0
11891,45.96,fuel,0,0,7,10,993.6,0
6937,16.56,grocery,0,0,18,14,193.0,0
8190,130.9,fuel,0,0,11,15,317.3,0
5548,70.23,grocery,1,0,8,11,253.6,0
15855,185.77,utilities,0,0,7,12,888.2,0
16606,130.96,online_retail,0,0,20,14,355.4,0
4808,237.4,electronics,0,0,21,9,89.3,0
16684,43.04,online_retail,0,0,8,16,20.4,0
3163,58.51,travel,0,0,5,11,54.6,0
10673,44.09,electronics,0,0,21,16,227.9,0
10149,105.3,electronics,0,0,7,14,423.3,0
10114,24.21,travel,0,0,13,18,974.3,0
9934,94.35,online_retail,0,0,7,13,54.8,0
5355,78.12,entertainment,1,0,16,19,31.0,0
6546,37.77,grocery,0,0,9,14,654.1,0
8446,183.12,dining,0,0,16,18,172.6,0
11381,102.18,pharmacy,0,0,11,9,70.4,0
13638,58.84,utilities,0,0,9,18,346.9,0
7378,107.24,pharmacy,1,0,16,9,434.7,0
12650,168.12,jewelry,0,1,22,7,37.1,0
14074,33.68,utilities,0,0,12,12,82.9,0
9257,128.54,online_retail,0,0,15,18,13.7,0
11498,184.58,jewelry,0,0,6,15,164.2,0
4565,173.14,grocery,0,0,7,11,332.2,0
10327,99.64,online_retail,0,0,2,18,944.4,0
18672,51.56,utilities,0,0,21,15,118.5,0
12196,21.79,jewelry,0,0,7,10,575.3,0
12860,280.93,fuel,0,0,15,14,763.1,0
1335,38.45,pharmacy,0,1,20,11,154.1,0
16816,54.3,online_retail,0,0,8,13,624.8,0
5806,46.98,dining,0,0,16,9,313.6,0
14995,128.89,travel,1,0,13,14,242.7,0
5928,235.24,pharmacy,0,0,8,10,185.7,0
8017,77.51,electronics,0,1,10,20,160.2,0
8124,46.23,grocery,1,0,22,17,185.4,0
14413,62.9,jewelry,0,0,16,10,113.5,0
17854,32.78,fuel,0,0,13,19,413.4,0
11393,50.23,entertainment,0,1,14,16,647.3,0
14236,67.64,fuel,0,0,21,19,253.5,0
7842,71.22,travel,0,0,20,25,1.2,0
3000,106.22,pharmacy,0,1,10,12,235.1,0
3712,127.46,travel,0,0,13,11,622.6,0
3687,95.34,grocery,0,0,10,16,459.5,0
6464,95.89,online_retail,0,0,9,13,224.0,0
17815,101.95,grocery,0,0,15,15,431.0,0
10734,76.44,travel,0,0,16,14,212.1,0
751,186.5,jewelry,0,0,12,17,14.5,0
17389,175.82,dining,0,0,11,20,301.6,0
12285,63.33,grocery,0,0,16,15,310.1,0
7499,268.26,pharmacy,0,0,20,10,255.8,0
7139,88.36,online_retail,0,0,14,10,206.0,0
19300,60.69,travel,0,0,12,21,205.8,0
3612,141.38,entertainment,0,0,21,14,449.6,0
16916,128.08,fuel,0,1,16,12,461.1,0
2651,50.18,fuel,0,0,16,14,41.1,0
18983,421.07,pharmacy,0,0,9,8,48.6,1
10376,62.76,pharmacy,1,0,19,12,702.0,0
7708,26.14,jewelry,0,0,10,16,112.0,0
12022,58.43,utilities,0,0,7,21,51.8,0
4231,116.31,online_retail,0,0,18,13,1429.2,1
2662,120.31,grocery,0,0,6,15,494.5,0
16988,95.73,travel,0,0,14,14,207.2,0
2446,63.57,grocery,0,0,4,10,291.1,0
6253,134.07,utilities,0,0,14,17,112.7,0
7044,82.71,dining,0,0,10,14,624.3,0
1975,75.68,travel,0,0,17,15,34.0,0
9280,146.24,utilities,0,0,13,13,148.2,0
18571,532.72,online_retail,0,0,20,5,68.3,1
16395,212.91,grocery,0,0,8,11,71.9,0
13652,56.64,grocery,0,0,19,10,784.4,0
14598,32.12,fuel,0,0,4,18,950.7,0
14117,115.85,online_retail,0,0,11,10,10.1,0
13440,14.38,entertainment,1,0,21,15,206.8,0
15229,136.98,utilities,0,0,16,16,56.6,0
311,62.7,utilities,0,0,19,20,1002.4,0
12500,55.61,grocery,1,1,10,17,60.6,0
17489,224.64,utilities,0,0,13,10,359.4,0
11186,170.47,fuel,0,1,15,21,145.4,0
10714,96.25,online_retail,0,0,22,6,212.8,0
5773,46.19,jewelry,0,0,18,15,116.2,0
18913,157.01,electronics,0,0,16,18,93.8,0
7276,65.09,online_retail,0,0,1,10,99.9,0
2911,316.29,fuel,0,0,17,18,144.8,0
304,136.74,pharmacy,0,0,18,9,23.7,0
12991,38.14,utilities,1,0,20,10,305.7,0
3140,69.16,jewelry,0,0,15,18,23.5,0
1455,172.3,electronics,0,0,22,16,463.6,0
6147,143.41,fuel,0,0,20,11,540.7,0
6412,75.33,travel,0,0,14,11,46.6,0
17910,171.12,utilities,0,0,17,16,29.9,0
2728,5.04,utilities,0,0,13,10,889.7,0
16144,116.44,pharmacy,0,0,20,14,354.3,0
11112,187.6,fuel,0,1,8,15,318.3,0
831,42.27,travel,0,1,20,15,501.8,0
16579,73.36,utilities,0,1,16,23,243.7,0
10704,368.81,fuel,1,1,12,5,54.5,1
11064,120.7,electronics,0,0,17,11,37.1,0
13611,151.77,entertainment,0,0,16,15,586.5,0
12006,136.27,electronics,1,0,8,13,45.8,0
10273,41.69,utilities,1,1,19,17,250.2,0
15325,171.58,travel,0,0,16,18,88.3,0
12706,121.53,travel,1,0,6,18,842.7,0
13289,22.4,electronics,0,0,10,14,97.0,0
18331,44.51,travel,0,0,6,17,840.1,0
3896,188.37,pharmacy,1,0,19,10,239.1,0
14149,113.87,pharmacy,0,0,17,11,755.7,0
8865,44.21,electronics,0,0,14,18,488.9,0
18670,110.66,entertainment,0,0,4,13,156.0,0
2029,157.79,entertainment,0,0,6,22,564.4,0
6927,102.29,electronics,0,0,17,15,522.6,0
13714,99.63,grocery,0,0,15,12,333.3,0
9390,157.98,utilities,0,0,12,18,363.9,0
12483,71.47,pharmacy,0,0,20,18,99.5,0
9914,115.58,pharmacy,0,0,21,21,210.9,0
9355,62.82,jewelry,0,1,21,17,202.1,0
17479,110.74,online_retail,0,0,8,9,93.6,0
13767,142.56,electronics,0,0,21,17,971.6,0
17913,103.7,dining,0,0,16,14,104.9,1
3941,179.84,online_retail,0,0,21,12,166.6,0
1217,69.77,jewelry,0,0,16,19,273.5,0
6159,156.18,jewelry,0,0,6,13,455.4,0
10804,129.88,online_retail,0,0,20,16,130.6,0
13730,120.86,pharmacy,0,0,22,16,196.3,0
18770,40.95,dining,0,1,19,17,198.8,0
15021,176.26,utilities,0,1,19,9,308.1,0
2833,81.21,travel,0,0,11,13,380.1,0
14031,293.22,grocery,0,1,19,13,271.4,0
11884,107.91,online_retail,1,0,11,14,720.3,0
16888,98.88,pharmacy,0,0,10,16,509.1,0
2091,201.88,utilities,0,0,13,21,135.4,0
16702,36.66,jewelry,0,0,8,14,293.2,0
9004,115.8,travel,0,1,18,13,174.8,0
4984,115.06,jewelry,0,1,15,14,909.3,0
19483,95.26,dining,0,0,21,8,59.3,0
584,129.94,pharmacy,0,0,11,17,43.6,0
19835,330.27,dining,0,0,10,21,602.2,0
11248,317.07,online_retail,0,0,11,11,254.2,0
1752,116.87,dining,0,0,17,16,599.4,0
3465,51.98,travel,0,0,15,18,84.0,0
5786,44.22,dining,0,0,19,15,590.4,0
10411,26.42,travel,0,0,9,16,171.0,0
5542,45.27,electronics,1,1,5,15,4.1,0
520,22.38,jewelry,0,0,3,16,496.9,0
9412,306.29,grocery,0,0,10,15,46.4,1
15875,150.36,entertainment,0,0,3,19,452.2,0
13740,117.35,utilities,0,0,11,12,90.8,0
6343,44.56,online_retail,0,0,11,13,753.7,0
5530,167.77,dining,0,0,16,11,94.1,0
6788,74.72,online_retail,0,0,6,12,97.3,0
10173,60.64,jewelry,0,0,16,16,697.4,0
5880,80.88,pharmacy,0,0,0,14,271.6,0
9647,217.14,utilities,0,0,19,14,87.0,0
1118,20.54,travel,0,0,13,17,93.8,0
11824,15.79,online_retail,0,0,12,16,791.0,0
7563,82.78,entertainment,0,0,7,16,265.0,0
5104,65.9,online_retail,1,1,2,14,757.7,0
3223,46.55,online_retail,0,0,16,14,542.8,0
19605,60.41,online_retail,0,1,16,10,61.0,0
8196,120.28,fuel,0,0,8,13,115.1,0
10785,26.82,grocery,0,0,9,9,223.5,0
12205,256.73,fuel,0,0,13,13,373.1,0
7642,423.57,travel,0,0,11,17,385.2,0
1135,66.34,grocery,0,0,21,11,433.2,0
6456,268.06,online_retail,1,0,17,15,64.6,0
11196,162.66,dining,0,0,3,16,281.1,0
19036,73.76,jewelry,0,0,9,20,486.6,1
9893,118.23,jewelry,0,0,8,9,605.4,0
15382,67.92,entertainment,1,0,20,19,658.5,0
16000,107.51,entertainment,0,1,22,13,341.3,0
7121,61.18,utilities,0,0,14,10,169.6,0
6172,71.98,utilities,0,0,19,25,174.3,0
6015,117.55,entertainment,0,0,7,13,1100.5,0
7060,17.65,fuel,0,0,9,13,143.3,0
11241,81.35,fuel,1,0,19,10,228.0,0
9755,4.71,jewelry,0,0,8,15,22.1,0
14985,218.33,fuel,0,0,2,13,773.7,0
4790,91.74,jewelry,1,0,14,15,681.8,0
3734,27.25,utilities,0,0,9,12,112.4,0
17730,60.94,dining,0,0,20,11,12.4,0
15294,165.04,online_retail,0,0,17,13,455.1,0
15180,67.66,online_retail,0,0,1,7,14.9,1
7529,115.84,jewelry,0,0,19,11,45.2,0
16172,140.19,pharmacy,0,0,10,13,295.8,0
964,206.59,travel,0,1,1,14,666.9,0
13457,27.59,electronics,0,0,13,4,662.4,0
13534,30.68,electronics,0,0,13,8,432.6,0
4479,116.93,online_retail,0,0,21,14,409.1,0
1000,91.45,dining,0,0,13,16,262.2,0
17557,176.01,utilities,0,0,2,18,1095.7,0
4063,24.08,entertainment,0,0,10,8,419.4,0
11994,195.83,pharmacy,0,0,9,13,36.0,0
10356,187.57,dining,0,0,7,15,327.3,0
14484,162.8,dining,0,0,20,19,80.5,0
1381,103.48,electronics,0,0,15,14,315.9,0
4784,26.69,utilities,0,0,18,16,287.7,0
135,85.81,pharmacy,0,0,10,12,43.4,0
9219,75.61,fuel,1,1,18,20,155.9,0
9774,97.2,entertainment,0,0,21,15,43.5,0
15155,67.05,dining,0,0,16,15,291.7,0
14566,103.14,utilities,0,0,20,13,228.6,0
1899,47.95,utilities,0,0,18,14,150.9,0
17582,177.45,dining,0,0,11,14,185.8,0
18927,115.47,pharmacy,0,0,21,11,61.6,0
1943,38.52,entertainment,0,0,6,17,511.0,0
13107,137.16,utilities,0,0,7,15,147.4,1
1138,32.69,dining,1,0,22,15,175.8,0
1235,58.63,jewelry,1,1,18,17,1175.8,0
14428,131.96,entertainment,0,0,6,13,32.3,0
9155,134.39,entertainment,1,0,16,13,1.3,0
16946,38.77,pharmacy,1,0,19,12,902.9,0
8040,61.37,grocery,0,0,21,11,130.2,0
14732,77.3,travel,0,0,14,9,535.6,0
11809,39.24,electronics,0,0,15,13,96.2,0
1717,132.43,online_retail,0,1,16,10,330.8,0
11774,46.88,online_retail,0,0,17,17,747.2,0
13242,77.0,dining,0,0,16,15,630.4,0
1282,209.78,electronics,0,0,13,11,1433.2,0
12351,22.25,utilities,0,0,22,12,5.4,0
17125,62.87,online_retail,0,0,11,13,734.6,0
3767,71.3,pharmacy,0,0,11,11,23.7,0
8758,24.73,entertainment,0,0,21,16,886.3,0
10829,67.76,entertainment,0,1,9,6,116.6,0
9821,49.08,jewelry,0,0,9,18,233.3,0
17401,58.06,electronics,0,0,20,8,255.1,0
8610,122.78,entertainment,0,0,21,15,292.7,0
1678,48.68,entertainment,0,0,21,21,155.2,0
556,389.2,travel,0,1,10,5,29.2,1
1408,224.74,travel,0,0,22,19,488.5,0
12994,128.38,travel,0,0,13,15,616.2,0
12495,124.47,entertainment,0,0,12,16,7.0,0
7299,12.22,jewelry,0,0,21,20,78.7,0
19866,29.94,utilities,0,0,21,17,71.3,0
2478,66.55,grocery,0,0,15,11,183.7,0
11918,76.84,travel,0,1,10,12,34.5,0
2935,84.06,entertainment,0,0,13,7,306.2,0
7982,35.68,travel,0,0,16,13,45.1,0
9953,47.24,jewelry,0,1,22,24,267.7,0
10620,80.43,entertainment,0,1,17,13,751.4,0
10311,53.58,pharmacy,0,0,7,12,2491.5,0
6305,57.89,electronics,0,0,18,13,230.3,0
15310,67.71,online_retail,0,0,19,12,247.3,0
4631,61.16,online_retail,0,0,7,21,1471.4,0
7988,87.14,grocery,0,1,10,9,404.3,0
14114,83.64,entertainment,0,0,11,11,287.7,0
15680,132.03,online_retail,0,0,6,15,34.7,0
7521,116.32,grocery,0,0,20,10,89.1,0
4851,71.89,jewelry,1,0,9,11,102.8,0
14865,87.59,pharmacy,0,0,7,13,1091.5,0
7509,43.45,pharmacy,0,0,10,7,187.8,0
10238,238.51,pharmacy,0,0,13,17,99.3,0
4243,85.83,electronics,0,0,17,19,526.4,0
15954,74.45,travel,0,0,17,19,226.2,0
783,257.41,online_retail,0,0,22,13,853.8,0
2251,219.47,grocery,0,0,7,12,56.0,0
16539,164.52,electronics,0,0,8,23,624.1,0
12360,77.84,dining,0,0,11,11,51.7,0
19176,135.7,online_retail,0,0,10,14,107.4,0
18782,51.67,fuel,0,0,21,8,350.0,0
11080,131.26,electronics,1,0,9,10,372.4,0
12619,62.08,grocery,0,0,18,12,97.4,0
18182,147.34,jewelry,0,1,21,12,795.5,0
1594,237.1,jewelry,0,0,19,11,616.8,0
10102,154.18,dining,0,0,22,14,844.0,0
12111,146.21,online_retail,0,0,19,22,258.8,0
19094,66.79,utilities,1,0,9,20,90.9,0
9168,79.88,grocery,0,0,1,21,343.7,0
1689,225.51,utilities,0,0,10,11,706.6,0
1480,98.44,electronics,0,0,3,17,550.1,0
8187,163.31,online_retail,1,1,16,16,90.6,0
12445,61.22,grocery,0,0,19,18,431.2,0
15108,182.34,fuel,0,0,6,17,403.1,0
10751,135.72,travel,1,0,14,17,18.3,0
9430,70.93,utilities,0,1,15,13,353.2,0
3455,63.29,utilities,0,0,7,8,91.7,0
13081,311.51,fuel,0,0,8,22,131.5,0
19627,177.98,fuel,0,1,17,16,224.2,0
16851,125.43,travel,0,0,20,15,279.5,0
10258,46.4,grocery,1,0,16,11,457.4,0
8270,161.15,fuel,0,0,17,6,80.2,0
6207,173.95,travel,1,0,1,19,315.7,0
625,36.52,jewelry,0,0,16,17,232.2,0
19181,45.37,pharmacy,0,0,20,19,112.9,0
7423,303.8,electronics,0,0,2,10,73.8,1
701,124.11,online_retail,0,0,21,18,187.7,0
8864,80.77,grocery,0,0,10,20,382.4,0
8602,164.73,entertainment,0,0,20,14,271.6,0
14055,143.65,travel,0,0,17,18,93.1,0
16042,149.98,online_retail,0,0,17,6,306.1,0
16912,175.46,grocery,0,1,12,19,317.0,0
13302,213.72,jewelry,1,0,2,11,139.8,0
930,104.0,utilities,1,0,14,11,531.2,1
16806,47.53,pharmacy,0,0,8,15,17.9,0
9831,84.9,jewelry,0,0,14,16,450.2,0
15542,26.86,jewelry,0,0,21,6,326.7,0
2173,207.76,entertainment,0,0,6,13,652.5,0
19063,133.9,travel,0,0,13,12,101.9,0
15289,41.18,travel,1,0,12,12,515.5,0
10320,127.42,electronics,0,0,6,16,335.5,0
12610,199.17,grocery,0,0,7,10,1829.0,0
10390,37.7,utilities,0,0,9,8,396.8,0
10338,288.28,dining,0,0,22,10,228.3,0
16008,206.62,pharmacy,0,0,10,13,55.1,0
7212,253.39,entertainment,0,1,16,13,262.4,0
9514,27.56,entertainment,0,0,13,21,102.4,0
3872,60.43,dining,0,0,16,15,141.9,0
7186,235.97,travel,0,0,9,16,637.2,0
9362,201.49,fuel,0,0,21,17,2653.5,0
11210,11.43,grocery,0,0,17,16,216.3,0
12262,112.28,utilities,0,1,16,12,1026.9,0
19240,163.49,electronics,0,0,10,10,538.1,0
12707,131.55,entertainment,0,0,12,17,313.3,0
15464,22.24,entertainment,0,0,14,8,161.4,0
4498,112.17,travel,1,0,12,9,573.7,0
11553,279.45,electronics,0,0,21,14,328.6,0
13372,53.55,dining,0,1,10,13,1275.1,0
4312,105.06,jewelry,0,0,13,7,92.1,0
12389,112.33,grocery,0,0,14,15,2.8,0
9988,48.46,jewelry,0,0,7,13,457.4,0
17830,167.14,travel,0,0,16,15,138.4,0
5335,163.81,utilities,0,0,7,17,200.9,0
576,154.04,grocery,0,0,12,14,459.8,0
16746,72.73,utilities,0,0,9,10,104.3,0
10164,120.1,online_retail,0,0,21,14,262.5,0
12804,83.74,travel,0,0,4,16,1772.8,0
11301,98.8,electronics,0,0,3,12,673.1,0
9897,30.15,grocery,0,0,17,25,136.7,0
1426,286.99,travel,0,1,13,16,336.9,0
1774,215.53,grocery,0,0,7,16,9.8,0
18886,31.83,entertainment,0,0,13,14,627.4,0
12905,409.93,travel,0,0,13,13,368.9,0
4795,122.1,grocery,0,0,16,21,375.3,0
257,73.47,jewelry,0,0,15,15,628.6,0
4106,120.08,grocery,1,0,11,13,353.5,0
1856,304.0,utilities,0,0,11,17,142.6,0
15914,42.14,grocery,0,0,19,22,13.0,0
7002,98.22,dining,0,0,11,16,1070.3,0
1593,94.07,online_retail,0,0,6,14,355.0,0
12016,139.81,utilities,0,0,19,15,23.3,0
5332,156.72,travel,0,1,8,15,703.1,0
8123,308.61,utilities,0,0,10,11,8.9,0
1414,5.36,utilities,0,0,20,15,64.5,0
11352,72.38,jewelry,1,1,20,9,266.3,0
19139,125.8,entertainment,0,0,10,24,82.9,0
3910,83.76,fuel,0,1,20,14,173.4,0
3381,138.0,travel,0,0,12,19,753.2,0
746,64.61,grocery,0,1,7,13,341.1,0
13710,119.68,grocery,0,0,20,20,908.7,0
17756,243.58,entertainment,0,0,18,20,666.6,0
9840,184.23,entertainment,0,1,0,13,489.5,0
14842,170.9,grocery,0,0,10,10,48.5,0
7506,14.99,entertainment,0,0,16,12,308.3,0
18693,160.45,entertainment,0,0,3,13,95.7,0
15610,130.62,utilities,0,0,2,11,194.2,0
19294,173.69,electronics,0,0,17,19,658.4,0
2220,105.5,dining,0,0,19,14,847.6,0
10986,61.71,fuel,1,0,8,11,180.1,0
5385,129.57,utilities,0,0,20,19,135.2,0
5245,9.74,utilities,0,0,10,10,127.1,0
14445,48.45,grocery,0,0,21,21,596.3,0
14134,112.61,entertainment,1,0,22,16,58.5,0
14398,36.09,travel,0,0,13,19,166.6,0
16742,170.94,travel,0,0,6,13,192.5,0
2015,43.48,entertainment,0,0,9,17,888.9,0
3271,231.81,travel,0,0,13,10,103.3,0
1486,147.34,utilities,0,0,13,16,131.2,0
1058,122.62,entertainment,0,0,19,18,1789.9,0
7172,62.0,dining,0,0,18,16,198.3,0
3701,204.72,grocery,0,0,15,19,492.9,0
15397,207.18,fuel,0,1,4,16,283.2,0
7954,276.29,fuel,0,0,22,16,355.6,0
10012,62.9,pharmacy,0,0,6,20,286.4,0
9408,217.83,fuel,0,0,21,13,140.2,0
1773,158.7,dining,0,0,16,14,550.7,0
16304,119.89,utilities,0,0,6,22,204.5,0
4531,96.24,grocery,0,0,8,18,44.0,0
18213,41.48,jewelry,0,0,22,8,1009.0,0
4986,26.32,jewelry,0,0,18,6,288.5,0
2201,190.89,fuel,0,0,20,15,445.4,0
18879,139.44,online_retail,0,0,21,8,362.5,0
15499,20.33,fuel,0,0,12,15,1014.2,0
1692,206.18,electronics,0,0,20,9,804.8,0
4757,175.3,pharmacy,0,0,10,11,89.0,1
7376,169.35,travel,0,0,4,13,474.4,0
764,191.63,fuel,0,0,13,15,87.6,0
7569,161.83,online_retail,0,0,6,11,278.1,0
11768,294.87,dining,0,0,11,19,970.0,0
2054,320.71,jewelry,0,0,8,22,1404.8,0
14118,178.02,dining,0,0,22,15,317.0,0
19702,106.52,utilities,1,0,11,22,1667.7,0
13563,100.13,fuel,0,0,21,16,470.9,0
18268,37.8,grocery,0,0,13,13,132.1,0
15246,148.4,dining,0,0,16,10,712.6,0
16141,99.18,grocery,1,1,6,16,518.8,0
8849,69.29,electronics,1,1,20,13,364.2,0
16043,52.89,dining,0,0,21,14,137.4,0
16990,108.47,travel,0,0,22,12,478.8,0
7602,31.76,utilities,0,0,8,14,292.5,0
1059,44.2,pharmacy,1,0,7,15,856.6,0
12773,49.97,jewelry,0,0,5,15,477.7,0
19233,35.87,entertainment,1,1,22,13,314.5,0
18779,333.75,electronics,0,1,14,9,62.8,0
1967,104.22,fuel,0,0,6,13,1718.5,0
11704,41.77,jewelry,0,0,7,15,604.3,0
1622,83.37,online_retail,0,1,4,8,499.9,0
11279,135.26,grocery,0,0,21,15,681.6,0
17285,113.13,electronics,0,0,7,20,1111.8,0
4346,91.43,pharmacy,0,0,14,14,330.7,0
17073,215.91,fuel,0,0,12,12,271.2,0
12693,124.78,dining,0,0,9,16,85.0,0
17432,125.27,online_retail,0,1,1,15,11.8,0
2099,158.09,utilities,0,0,20,9,248.8,0
4639,26.13,grocery,0,1,9,21,542.1,0
2489,114.8,dining,0,0,22,17,1140.7,0
14404,136.6,electronics,0,0,11,12,235.9,0
5127,149.52,entertainment,0,1,20,7,154.1,0
13801,154.89,online_retail,0,0,18,17,148.6,0
8197,107.6,jewelry,0,0,9,20,246.4,0
6115,78.7,jewelry,0,0,9,14,22.3,0
2861,289.87,jewelry,1,0,8,12,43.4,0
1081,23.61,travel,0,0,14,12,236.1,0
13420,50.97,travel,0,0,5,16,4.2,0
3085,37.44,pharmacy,0,0,19,11,227.0,0
19860,95.89,entertainment,1,0,3,17,36.3,0
1573,185.46,entertainment,0,0,11,12,151.3,0
17001,106.47,utilities,0,0,6,18,310.3,0
5956,56.63,entertainment,0,0,16,19,815.7,0
761,94.38,jewelry,0,0,21,14,194.3,0
14848,24.26,pharmacy,0,0,19,15,275.3,0
19039,69.37,grocery,0,0,16,18,133.4,0
10050,274.25,pharmacy,0,0,18,15,225.1,0
2262,62.73,online_retail,0,0,7,18,430.6,0
16565,84.17,online_retail,0,0,14,19,673.2,0
17492,197.61,jewelry,0,0,22,12,318.7,0
17394,64.87,entertainment,0,1,22,14,83.9,0
8066,97.98,fuel,0,0,12,20,378.6,0
14232,162.06,electronics,0,0,15,20,471.3,0
10041,508.92,electronics,0,1,2,8,7.0,1
10220,29.96,online_retail,1,1,16,20,161.0,0
15498,149.25,utilities,0,0,6,14,175.5,0
781,50.73,utilities,0,0,16,10,77.1,0
3769,42.51,pharmacy,0,0,15,9,85.5,0
14879,30.14,jewelry,0,1,9,16,499.6,0
19586,36.93,utilities,0,1,2,14,323.3,0
17657,143.47,pharmacy,1,0,9,17,376.0,0
12481,149.51,utilities,0,0,15,13,1407.3,0
1208,152.77,online_retail,0,0,2,11,742.0,0
12028,37.46,grocery,1,0,13,13,1399.1,0
2856,71.83,dining,0,0,10,15,526.3,0
1934,91.54,dining,0,0,10,10,211.6,0
9795,167.09,grocery,1,0,17,13,954.2,0
17419,74.21,grocery,0,0,0,15,14.9,0
5830,93.74,electronics,1,0,16,6,889.0,0
13661,109.01,travel,0,0,9,14,949.0,0
16479,33.72,grocery,0,0,0,14,11.3,0
18745,65.28,grocery,1,0,11,12,174.0,0
445,17.01,jewelry,0,0,17,17,368.9,0
13089,60.53,fuel,1,0,22,10,4.5,0
18640,34.01,online_retail,0,0,10,16,637.0,1
2369,14.65,travel,1,0,9,12,1052.1,0
9691,29.7,grocery,0,0,8,12,825.4,0
7799,46.47,entertainment,0,0,7,16,17.6,0
16807,51.7,utilities,0,0,16,14,366.7,0
10483,74.56,electronics,0,1,14,13,256.0,0
18346,116.83,entertainment,1,0,13,13,436.6,0
18381,68.63,travel,0,1,7,19,236.0,0
14342,121.74,entertainment,0,0,11,13,688.8,0
1786,163.74,entertainment,0,0,12,16,276.3,0
10702,69.42,travel,1,0,13,12,751.0,0
10963,149.72,grocery,0,0,8,10,69.4,0
3661,43.78,travel,0,0,1,12,49.6,0
3353,210.8,fuel,0,0,9,16,243.1,0
2312,68.87,pharmacy,0,0,13,9,66.5,0
17149,137.56,pharmacy,0,0,18,13,129.0,0
3159,131.46,online_retail,0,0,18,13,397.3,0
16908,261.41,utilities,0,0,9,9,576.5,0
6213,50.4,grocery,0,0,21,12,327.1,0
6347,50.34,fuel,0,0,16,12,300.4,0
8801,108.59,pharmacy,0,0,13,10,495.2,0
16318,47.21,fuel,1,0,21,22,73.5,0
7448,68.28,fuel,1,0,7,16,338.0,0
6391,44.13,pharmacy,1,0,6,8,151.8,0
14683,135.16,entertainment,0,0,16,15,296.5,0
1625,73.87,grocery,1,0,7,7,593.9,0
13634,73.57,grocery,0,1,7,7,489.5,0
11872,69.39,dining,0,0,10,14,193.4,0
439,54.78,pharmacy,0,0,7,11,710.3,0
2557,223.47,jewelry,1,0,15,19,437.8,0
14161,429.1,dining,0,1,1,10,21.0,1
4710,176.15,pharmacy,0,0,15,20,191.6,0
13996,130.41,fuel,0,0,12,15,574.5,0
2891,88.1,travel,0,0,10,12,323.8,0
13741,160.45,travel,1,0,22,11,1029.9,0
10105,135.49,utilities,0,1,2,17,431.4,0
869,126.71,dining,0,0,14,13,46.3,0
15882,219.01,utilities,1,0,19,9,315.3,0
10118,217.06,travel,0,0,22,7,57.2,1
4588,14.98,fuel,0,0,17,12,466.3,0
17250,48.2,online_retail,0,1,18,13,74.7,0
8971,143.83,grocery,0,1,6,13,1028.7,0
5388,27.6,entertainment,1,0,8,15,444.8,0
17022,122.2,entertainment,0,0,18,10,15.3,0
9237,38.02,travel,0,0,5,8,79.0,0
10111,200.41,dining,0,0,9,13,91.5,0
2395,62.2,utilities,1,0,22,16,36.4,0
13858,100.37,jewelry,0,0,8,9,296.5,0
19985,12.55,online_retail,0,0,6,16,322.2,0
19559,186.88,grocery,0,0,9,19,108.2,0
17919,230.24,fuel,0,0,1,10,306.2,0
5628,129.71,entertainment,0,1,11,17,840.7,0
12985,29.58,fuel,0,0,10,14,160.3,0
5874,165.21,grocery,0,0,7,16,157.1,0
11755,250.78,jewelry,0,1,2,9,7.0,1
19584,60.57,grocery,1,1,16,9,325.5,0
4609,97.1,dining,0,0,13,14,382.4,0
7109,84.68,electronics,0,0,9,10,263.8,0
19534,46.24,grocery,0,0,7,16,1239.6,0
7507,143.08,electronics,0,1,21,14,598.2,0
17464,347.88,fuel,0,0,22,15,261.5,0
6273,29.33,travel,0,0,8,16,402.1,0
8975,229.32,online_retail,0,0,2,11,467.8,0
3627,145.72,jewelry,0,0,10,11,11.9,0
14543,97.38,fuel,0,1,11,20,744.1,0
19540,57.63,jewelry,1,0,21,12,498.5,0
17375,63.12,jewelry,0,0,19,16,872.5,0
6276,114.67,jewelry,0,0,5,16,303.6,0
8791,64.63,entertainment,0,1,17,7,173.8,0
6119,26.71,grocery,0,0,7,15,71.5,0
13854,58.95,grocery,0,1,13,10,333.7,0
368,181.81,dining,0,1,19,9,23.4,0
10775,271.58,grocery,0,0,9,10,1476.7,0
2778,68.83,entertainment,0,1,20,12,206.7,0
17554,190.22,entertainment,0,1,21,21,1078.3,0
8447,106.44,grocery,0,0,7,19,393.2,0
7395,86.35,dining,1,0,7,10,1040.7,0
10852,198.68,utilities,0,0,22,18,312.0,0
5147,223.62,utilities,0,0,18,17,50.5,0
5275,108.61,electronics,0,0,20,10,82.4,0
14321,59.88,travel,0,0,9,12,554.2,0
7160,68.65,dining,0,0,16,15,1103.3,0
2748,41.79,travel,0,0,15,13,41.2,0
17418,264.65,fuel,0,0,17,16,150.6,0
1880,124.85,utilities,0,0,9,10,165.1,0
13509,122.75,travel,0,0,13,12,538.1,0
6229,218.45,utilities,0,0,9,21,1507.5,0
3166,149.0,dining,0,0,8,8,1519.1,0
10394,63.27,utilities,0,0,13,20,372.3,0
16296,129.41,grocery,1,0,13,11,515.0,0
4533,114.31,grocery,0,0,7,15,304.5,0
13841,72.27,dining,1,0,9,11,233.7,0
4913,73.88,dining,0,0,19,14,308.2,1
8654,131.12,online_retail,0,0,13,16,242.6,0
16660,103.28,electronics,1,0,12,12,840.1,0
12226,120.17,electronics,0,0,19,10,270.6,0
11101,309.28,jewelry,0,0,21,18,441.5,0
2301,21.12,electronics,0,0,14,18,352.9,0
5115,40.82,entertainment,0,0,12,13,200.2,0
10019,134.02,jewelry,0,0,16,17,411.1,0
9217,281.58,online_retail,0,0,12,10,592.5,0
13160,48.43,dining,0,1,9,16,24.8,0
3725,126.03,grocery,0,0,15,12,770.8,0
12114,153.14,grocery,1,0,15,20,745.0,0
2787,55.91,grocery,0,0,15,11,704.0,0
2068,73.88,online_retail,0,0,6,16,318.4,0
14482,158.87,pharmacy,0,0,15,14,201.1,0
15588,229.71,jewelry,0,0,13,25,106.1,0
16932,165.81,dining,0,1,5,13,401.9,0
8139,248.69,online_retail,0,0,19,11,263.9,0
8170,145.89,entertainment,0,0,9,22,628.9,0
2713,137.77,online_retail,0,0,13,18,618.2,0
13074,55.57,grocery,0,0,19,18,840.7,0
7127,43.06,grocery,0,0,13,9,673.4,0
3460,129.08,dining,0,0,5,4,126.0,1
18930,49.02,utilities,0,0,17,12,154.3,0
18938,185.04,electronics,0,0,19,22,122.4,0
7878,83.18,electronics,1,0,14,24,106.5,0
14787,70.01,jewelry,0,0,10,9,57.5,0
8057,75.18,pharmacy,0,0,7,15,680.9,0
7983,22.93,fuel,0,0,6,12,1263.9,0
8386,31.22,pharmacy,0,0,7,17,70.2,0
10046,59.7,electronics,0,0,12,13,229.7,0
1642,171.73,jewelry,0,0,15,16,558.4,0
14537,155.14,online_retail,0,0,17,17,275.7,0
9952,188.51,fuel,0,0,12,18,243.1,0
2441,117.12,electronics,0,0,11,17,984.8,0
4722,85.39,electronics,0,0,21,10,265.0,0
17702,72.53,electronics,0,0,11,13,246.6,0
15555,28.36,entertainment,0,0,18,19,71.8,0
12282,157.88,entertainment,0,1,13,17,337.3,0
951,11.26,electronics,0,1,10,14,771.7,0
3494,174.14,utilities,0,0,20,16,239.8,0
14075,70.35,electronics,1,0,15,8,64.6,0
4550,156.58,online_retail,0,1,22,19,529.7,0
3200,63.83,grocery,0,0,0,17,218.9,0
5566,115.26,electronics,0,0,22,14,158.6,0
6066,27.7,fuel,0,0,19,13,831.7,0
2487,88.25,jewelry,0,0,19,14,488.9,0
12321,68.67,grocery,0,0,16,14,340.2,0
18661,155.69,online_retail,0,0,9,21,44.8,0
7745,92.48,jewelry,0,0,19,21,771.4,0
8453,40.39,pharmacy,0,0,18,17,44.1,0
11144,138.31,electronics,0,0,13,12,265.3,0
1687,229.98,entertainment,1,0,18,8,482.3,0
12637,314.82,grocery,0,0,7,12,12.2,0
6645,137.16,grocery,0,0,0,21,148.9,0
4152,27.45,travel,1,0,11,17,270.2,0
1432,79.77,jewelry,0,0,22,14,168.3,0
16228,65.15,grocery,0,1,4,12,43.8,0
309,222.43,dining,0,0,9,18,373.5,0
3831,69.56,fuel,0,0,19,13,723.7,0
18433,166.47,entertainment,0,0,13,13,13.0,0
18542,128.54,jewelry,0,0,13,11,33.9,0
15278,236.87,travel,1,0,16,11,365.7,0
11289,43.89,pharmacy,0,0,10,17,45.4,0
10728,43.49,online_retail,0,1,12,10,114.5,0
16747,101.98,dining,0,0,15,15,571.4,0
7418,154.67,online_retail,0,1,15,11,307.0,0
16159,78.06,online_retail,0,0,15,17,92.2,0
13828,65.98,jewelry,0,0,6,14,624.6,0
15723,237.44,pharmacy,0,0,5,11,97.1,0
13294,58.07,dining,0,1,22,14,240.1,0
8260,28.54,entertainment,1,0,11,16,373.0,0
3425,56.46,jewelry,0,0,12,14,944.1,0
929,55.73,utilities,0,0,22,14,91.1,0
13152,106.0,pharmacy,0,0,22,13,37.8,0
13011,70.15,utilities,0,0,22,7,202.7,0
14463,93.33,online_retail,0,0,8,15,657.7,0
8837,167.42,utilities,0,0,15,14,1186.5,0
15220,43.92,utilities,0,0,21,16,246.9,0
10543,95.41,utilities,0,0,21,9,2136.5,0
10487,13.87,dining,0,0,16,14,188.2,0
6626,75.36,grocery,0,0,22,12,244.0,0
8925,31.39,jewelry,0,0,10,13,12.8,0
10343,166.73,dining,0,0,5,16,10.3,0
2957,68.8,online_retail,0,0,11,14,814.4,0
16494,118.65,jewelry,0,0,22,20,19.3,0
10497,313.29,utilities,1,0,18,5,36.5,0
9435,300.12,fuel,0,0,18,19,300.0,0
638,84.64,electronics,0,0,13,10,1149.7,0
14951,181.89,jewelry,1,1,15,16,166.7,0
12299,86.68,fuel,0,0,10,9,55.9,0
13760,297.77,fuel,0,1,0,3,8.6,1
12149,191.37,electronics,0,0,12,10,133.9,0
1371,29.68,dining,0,0,11,10,222.2,0
6980,48.23,pharmacy,0,0,6,15,491.4,1
14931,25.99,fuel,0,1,12,14,128.5,0
4276,112.96,utilities,0,0,21,27,107.0,0
13260,104.33,travel,0,0,20,15,83.1,0
16040,152.9,entertainment,0,0,15,17,177.1,0
1816,23.24,jewelry,0,0,20,16,928.8,0
1147,66.34,travel,0,0,18,14,299.8,0
2488,86.61,pharmacy,0,0,15,22,94.8,0
8227,45.04,jewelry,0,0,13,19,215.7,0
11621,42.18,electronics,0,0,13,11,237.9,0
7739,162.49,grocery,0,0,16,13,61.9,0
8432,134.36,pharmacy,0,1,14,12,173.3,0
2968,133.31,entertainment,1,0,19,17,209.3,0
15233,92.01,entertainment,0,0,19,17,1293.1,0
17141,31.36,travel,0,0,8,20,738.8,0
13702,31.43,online_retail,0,0,18,23,114.5,0
11269,58.7,online_retail,0,0,17,21,12.4,0
3522,201.57,dining,0,0,11,14,553.4,0
11728,51.86,online_retail,0,0,11,11,835.6,0
1490,231.24,electronics,1,0,13,13,723.1,0
17150,216.4,utilities,0,0,9,14,310.2,0
11181,79.0,online_retail,0,0,19,15,26.4,0
3092,185.5,fuel,0,1,21,14,58.6,0
5214,62.4,online_retail,0,0,9,13,54.2,0
19148,61.68,travel,0,0,10,15,45.3,0
13115,136.12,dining,0,0,22,13,286.8,0
19960,287.14,jewelry,0,0,17,13,169.8,0
19700,129.72,travel,0,0,16,21,35.5,0
17380,15.88,online_retail,0,0,21,11,386.4,0
9020,208.01,travel,0,0,6,13,266.3,0
13859,92.14,electronics,0,0,16,12,670.1,1
12334,79.44,online_retail,0,0,12,13,759.7,0
731,137.09,electronics,0,0,9,21,185.3,0
16864,140.75,electronics,1,0,11,14,527.2,0
3730,176.02,travel,0,0,20,18,254.0,0
19275,201.36,entertainment,0,1,13,20,137.1,0
19258,199.89,entertainment,0,0,8,14,1087.2,0
12812,131.96,online_retail,0,0,14,16,274.4,0
9097,67.05,electronics,0,0,9,21,131.6,0
9884,101.52,dining,0,0,4,8,497.0,0
14318,278.05,travel,0,0,20,22,184.7,0
5452,55.52,dining,0,0,19,15,417.7,0
4669,292.95,entertainment,0,0,11,8,15.4,0
15893,256.09,dining,0,0,3,21,397.7,0
5678,62.31,fuel,0,0,18,10,674.6,0
3002,227.53,travel,0,0,8,23,238.9,0
18136,149.68,grocery,0,0,18,19,238.0,0
4077,37.13,pharmacy,1,0,18,17,144.9,0
14923,151.54,utilities,1,1,4,3,63.1,1
16790,46.94,pharmacy,0,0,14,12,594.7,0
17287,60.96,travel,1,0,13,21,19.9,0
8556,56.77,fuel,0,0,6,20,124.4,0
14655,75.21,pharmacy,0,0,11,9,795.4,0
14217,51.54,electronics,0,0,9,18,183.4,0
18188,176.18,electronics,0,0,11,10,174.7,0
14691,118.87,travel,0,0,17,12,1300.2,0
19874,354.56,grocery,0,0,16,6,605.1,0
12171,152.83,electronics,0,0,14,12,822.3,0
15580,80.82,fuel,0,1,20,17,355.4,0
3421,38.62,dining,0,0,13,15,794.8,0
13351,80.98,grocery,0,0,8,15,347.8,0
1104,19.53,dining,0,0,22,10,1704.5,0
11119,115.64,online_retail,0,0,11,15,931.0,0
19400,110.59,online_retail,0,0,17,13,156.5,0
12653,64.61,electronics,1,0,22,16,309.7,0
6476,54.42,online_retail,0,0,22,16,801.2,0
2592,161.2,online_retail,1,0,15,16,205.9,0
4485,33.59,electronics,0,0,11,12,465.1,0
13510,33.12,online_retail,0,1,4,14,152.0,0
14283,57.32,online_retail,1,0,22,18,314.1,0
17143,138.08,online_retail,0,0,9,24,417.4,0
1047,19.28,travel,1,0,10,18,187.0,0
17777,602.62,online_retail,1,0,5,3,122.9,0
14666,77.68,grocery,1,0,22,12,624.2,0
2005,180.77,jewelry,0,0,8,17,712.6,0
16326,278.24,travel,0,0,16,14,8.6,0
7783,12.69,fuel,0,0,7,15,369.0,0
13679,37.03,fuel,0,0,20,9,59.4,0
15634,236.06,fuel,0,1,22,14,598.2,0
9166,29.2,utilities,0,0,7,14,454.6,0
4805,73.44,jewelry,0,0,11,10,102.6,0
15163,75.39,entertainment,0,0,2,15,101.4,0
1898,88.04,grocery,0,0,12,9,508.6,0
15826,110.69,electronics,0,0,10,14,933.9,0
12385,74.66,grocery,0,0,12,16,158.7,0
2670,69.44,electronics,1,0,18,15,1.9,0
16639,212.39,electronics,0,0,21,10,1026.2,0
6012,189.18,dining,0,0,9,14,1344.7,0
10464,113.29,electronics,0,0,16,12,72.7,0
5734,137.7,pharmacy,1,0,11,13,378.9,0
15551,226.6,utilities,0,1,12,12,855.4,0
3924,61.85,pharmacy,1,0,11,14,91.7,0
1262,90.3,entertainment,1,1,15,14,376.7,0
13750,77.14,travel,0,0,13,12,605.8,0
10517,185.5,online_retail,0,0,14,18,123.8,0
14778,161.27,electronics,0,0,8,12,66.2,0
12184,40.59,pharmacy,0,1,17,12,102.7,0
8376,128.57,travel,1,0,11,13,1217.2,0
6727,187.25,utilities,0,0,11,17,483.0,0
4777,454.56,fuel,0,1,12,17,114.2,0
3121,30.6,jewelry,0,0,20,15,35.1,0
11397,133.98,travel,0,0,10,16,187.5,0
6085,32.62,dining,0,0,14,12,679.0,0
11265,367.39,travel,0,0,6,11,172.0,0
11166,22.0,jewelry,0,0,6,17,1.4,0
13177,56.2,travel,0,0,15,12,1082.8,0
12910,82.2,fuel,0,1,0,17,240.6,0
8884,194.32,grocery,0,0,13,8,108.8,0
661,82.57,travel,0,1,20,12,33.3,0
18429,127.39,grocery,0,0,17,10,175.6,0
8743,115.53,online_retail,0,0,9,14,317.5,0
8043,166.58,electronics,0,0,16,10,419.1,0
8579,144.59,jewelry,0,0,7,17,295.6,0
18574,62.52,pharmacy,0,0,1,12,5.5,0
9283,201.42,travel,0,0,8,10,117.6,0
1547,114.95,grocery,0,1,5,10,1483.1,0
11113,120.17,grocery,0,0,20,15,121.6,0
8202,15.85,grocery,0,0,10,13,209.5,0
18786,64.39,dining,0,0,9,15,181.0,0
7678,27.44,jewelry,0,0,19,16,60.8,0
18639,22.17,grocery,1,0,7,11,105.6,0
8684,29.81,electronics,0,1,19,10,301.1,0
15504,50.61,entertainment,0,0,13,14,124.7,0
15053,276.5,online_retail,0,0,18,16,214.3,0
725,62.19,entertainment,0,1,10,20,26.8,0
11208,123.02,dining,0,0,8,14,414.8,0
6630,107.14,dining,0,0,17,8,432.8,0
4209,73.51,travel,0,0,5,14,121.1,0
3740,57.77,utilities,0,0,9,20,307.8,0
12795,101.15,fuel,0,0,11,11,31.8,0
13683,190.95,jewelry,0,0,6,12,792.3,0
18133,247.41,travel,0,0,21,18,40.4,0
15547,90.87,online_retail,1,0,7,19,78.5,0
732,200.84,electronics,0,0,4,16,565.8,0
313,111.14,dining,0,0,15,14,370.5,0
11725,76.53,utilities,0,0,17,13,551.0,0
6386,107.01,grocery,0,0,9,6,535.1,0
12254,206.4,grocery,0,0,5,18,255.4,0
4458,230.66,jewelry,0,0,11,15,318.5,0
17277,48.66,grocery,0,0,1,12,148.2,0
10726,101.36,dining,0,1,18,19,232.6,0
18166,424.43,utilities,0,1,22,5,106.7,1
13965,140.11,jewelry,0,0,11,14,613.8,0
3335,71.14,travel,0,1,14,17,1.9,0
581,81.95,jewelry,0,0,9,14,384.4,0
18584,32.1,jewelry,0,0,4,14,202.4,0
8303,120.34,fuel,0,0,16,11,428.7,0
325,91.14,utilities,0,0,15,17,334.4,0
13447,39.8,utilities,0,0,20,13,401.7,0
18771,53.63,online_retail,0,1,11,13,372.2,0
17954,214.13,jewelry,0,0,21,17,577.8,0
8534,285.84,grocery,0,0,7,12,123.9,0
5230,223.71,pharmacy,0,0,7,23,148.7,0
18259,24.93,dining,1,0,10,17,357.6,0
4184,248.16,entertainment,0,0,8,11,57.3,0
370,37.45,fuel,0,0,19,13,8.5,0
13162,440.98,grocery,0,0,0,12,179.2,0
4811,53.25,pharmacy,0,0,17,19,22.1,0
11104,90.12,fuel,0,0,14,18,680.1,0
19173,52.94,entertainment,0,0,10,20,148.9,0
4316,143.13,electronics,0,0,22,17,865.5,0
7747,60.44,electronics,1,1,10,8,155.6,0
8848,164.45,entertainment,0,1,1,10,970.9,0
16206,67.88,dining,0,0,13,12,79.4,0
5583,87.7,electronics,0,1,9,12,1679.7,0
9713,155.02,electronics,1,0,21,11,52.6,0
18624,125.38,grocery,0,0,17,10,779.7,0
762,72.57,entertainment,0,0,13,12,1063.7,0
9413,61.03,jewelry,0,0,14,11,58.8,0
6255,67.45,fuel,0,0,18,14,93.3,0
14674,152.39,fuel,0,1,13,13,821.3,0
16020,219.77,grocery,0,0,15,11,15.0,0
16229,202.44,travel,0,0,12,20,325.5,0
6629,127.85,entertainment,1,0,0,15,1230.7,0
3474,205.24,travel,0,0,15,9,1199.6,0
10269,128.08,fuel,0,0,19,14,99.0,0
5376,110.07,entertainment,0,0,18,16,40.4,0
1907,250.59,jewelry,0,1,16,11,65.7,1
6787,173.78,online_retail,1,0,8,15,249.7,0
11494,132.86,utilities,0,0,20,13,1305.1,0
5797,172.31,fuel,0,1,11,11,460.3,0
13182,106.38,jewelry,0,0,10,15,114.6,0
12198,125.05,entertainment,0,0,1,17,439.5,0
10262,30.34,travel,0,0,13,18,8.9,0
1241,80.99,jewelry,0,0,2,13,397.1,0
8247,138.62,electronics,0,0,20,13,1752.8,0
4282,178.28,utilities,1,0,18,13,107.9,0
19080,109.45,jewelry,0,0,22,22,14.3,1
11045,38.03,pharmacy,0,1,18,12,173.8,0
13053,97.83,grocery,0,0,20,7,89.5,0
7350,46.16,electronics,0,0,9,7,461.3,0
4379,41.45,utilities,0,1,12,13,24.5,0
5608,97.96,online_retail,0,0,22,13,159.2,0
17382,124.94,grocery,0,1,10,16,438.4,0
11763,31.63,dining,0,0,0,10,43.9,0
8947,169.91,online_retail,0,0,18,12,48.7,0
3839,9.25,fuel,0,0,9,10,388.6,0
3440,80.64,travel,0,0,18,11,146.8,0
10404,69.78,jewelry,0,0,7,6,290.3,0
1738,134.78,entertainment,1,0,0,13,768.5,0
16631,92.83,grocery,0,0,1,18,170.2,0
13552,30.89,electronics,0,0,12,14,89.6,0
10521,120.46,pharmacy,0,0,10,13,166.5,0
6011,129.09,travel,0,0,11,14,540.2,0
9918,373.79,entertainment,0,0,5,6,2.9,1
4229,90.72,jewelry,0,0,15,9,224.9,0
19496,58.93,pharmacy,0,1,18,19,617.8,0
1173,182.87,pharmacy,0,0,15,11,52.5,0
7781,13.84,pharmacy,0,1,8,20,57.4,0
12752,92.69,utilities,0,0,18,18,377.1,0
6334,223.67,utilities,0,0,12,13,290.3,0
10486,721.6,fuel,0,1,10,3,36.1,1
7226,161.98,online_retail,0,1,14,13,562.0,0
1557,100.34,grocery,0,0,6,13,687.3,0
10529,93.23,grocery,0,0,5,15,71.2,0
10608,68.37,travel,0,0,15,15,469.9,0
8491,172.39,jewelry,0,0,11,17,41.9,0
823,195.87,online_retail,0,0,14,13,711.4,0
10916,50.12,entertainment,0,0,22,13,416.0,0
12186,166.2,grocery,0,0,21,15,534.9,0
3148,80.19,entertainment,0,1,22,13,145.0,0
11864,77.9,electronics,0,0,6,16,518.1,0
9778,166.24,electronics,0,0,13,17,605.5,0
13770,97.97,electronics,0,0,6,15,208.4,0
15129,99.87,electronics,0,0,19,11,70.8,0
10618,67.2,online_retail,0,0,18,17,239.3,0
9876,135.85,jewelry,0,1,16,10,170.4,0
12411,159.26,entertainment,0,0,19,13,38.0,0
13584,65.45,online_retail,0,0,0,16,57.5,0
516,133.55,grocery,1,0,13,13,742.5,0
14021,154.76,jewelry,0,0,9,15,58.4,0
4484,127.51,pharmacy,0,0,21,16,2040.9,0
8719,125.81,online_retail,0,0,16,19,53.5,0
19737,286.33,online_retail,0,0,11,10,131.7,0
15064,39.17,utilities,0,1,8,11,500.8,0
6469,69.9,travel,1,0,6,14,294.9,0
9433,53.58,utilities,0,0,18,11,291.0,0
15640,55.44,dining,0,0,10,13,294.4,0
2263,71.84,grocery,0,0,22,7,253.7,0
2696,47.17,utilities,0,0,19,15,579.2,0
10130,92.71,electronics,0,0,14,22,294.1,0
2510,207.1,dining,1,0,14,15,24.8,0
2458,136.18,fuel,1,0,15,14,695.9,0
5846,70.68,fuel,1,0,17,14,788.8,0
5232,83.41,travel,0,0,2,11,934.8,0
713,93.69,dining,0,0,7,20,95.9,0
3029,199.93,fuel,1,0,2,10,5.8,0
7292,260.8,jewelry,0,0,8,15,355.3,0
9041,70.58,dining,0,0,19,11,779.9,0
7442,79.56,pharmacy,1,1,10,10,181.7,0
10760,199.01,utilities,0,0,13,18,755.2,0
7800,30.23,electronics,0,1,9,21,177.3,0
19531,128.15,pharmacy,0,0,12,13,720.2,0
9200,152.35,online_retail,0,1,10,15,373.2,0
6499,32.21,dining,0,0,7,19,768.9,0
7079,307.55,online_retail,0,0,6,15,16.6,0
2351,49.14,utilities,0,0,7,20,580.0,0
15866,143.7,dining,0,0,9,16,5.5,0
3324,73.62,entertainment,1,0,6,7,149.1,0
14023,93.54,electronics,0,0,12,22,77.5,0
11660,91.48,online_retail,0,1,17,19,66.0,0
9119,31.11,fuel,0,0,15,15,62.8,0
13601,29.39,electronics,0,0,8,12,76.5,0
8180,14.1,fuel,0,0,22,14,497.1,0
9603,21.51,jewelry,0,0,4,16,729.6,0
2434,101.14,utilities,0,0,10,10,345.6,0
17455,103.98,electronics,0,0,20,16,366.2,0
19548,209.0,travel,0,0,12,12,606.5,0
15288,84.59,grocery,1,0,21,18,347.0,0
13864,58.28,online_retail,0,0,16,17,815.8,0
14299,90.74,entertainment,0,0,15,13,178.2,0
6248,79.31,travel,0,0,13,19,101.3,0
10228,39.92,pharmacy,0,0,16,14,477.6,0
7926,2.92,electronics,0,0,16,16,695.5,0
14898,54.49,jewelry,0,0,7,15,235.1,0
214,157.28,online_retail,0,0,13,19,125.1,0
991,154.99,dining,0,0,7,13,43.4,0
3096,32.81,utilities,0,0,19,15,121.2,0
4658,84.82,fuel,0,0,11,15,325.6,0
15926,80.72,utilities,0,0,22,16,156.1,0
12603,58.45,utilities,0,0,9,15,358.6,0
3237,50.19,jewelry,0,0,14,21,77.3,0
5485,20.46,online_retail,0,0,13,17,6.0,0
15240,19.36,electronics,0,0,10,20,30.2,0
17843,162.07,dining,0,0,13,11,228.8,0
14379,59.25,electronics,0,0,16,17,395.3,0
18146,64.4,online_retail,0,0,7,16,1.3,0
18594,93.2,entertainment,1,0,14,11,106.6,0
16258,103.18,pharmacy,0,0,14,16,178.7,0
1656,38.12,utilities,0,0,12,23,815.2,0
6962,51.23,dining,0,0,11,9,109.6,0
10451,139.48,pharmacy,0,0,11,14,247.5,0
17047,117.65,travel,0,0,6,14,373.9,0
11837,150.62,jewelry,0,0,6,20,163.1,0
11143,239.33,online_retail,0,0,22,27,472.0,0
8140,87.24,dining,0,1,12,15,202.7,0
16564,36.11,electronics,0,0,19,21,247.1,0
4938,44.47,online_retail,0,1,17,11,708.4,0
6694,68.47,jewelry,0,0,22,13,115.9,0
18688,211.03,jewelry,0,0,9,11,18.9,0
3054,128.28,online_retail,1,0,16,12,567.3,0
1316,51.08,entertainment,0,0,17,12,40.5,0
13061,70.26,utilities,0,0,7,5,1085.0,0
7138,125.08,dining,0,0,15,11,192.7,0
4427,73.41,dining,0,0,9,9,1230.2,0
438,126.52,utilities,0,0,9,11,123.0,0
15781,60.1,utilities,0,0,14,12,119.2,0
7701,105.41,online_retail,0,0,22,13,89.3,0
14756,76.95,electronics,0,0,20,15,932.4,0
4280,271.25,pharmacy,0,1,8,4,349.2,0
13431,59.59,dining,0,1,6,2,70.2,1
6177,73.97,entertainment,0,0,13,17,220.3,0
14279,529.35,fuel,0,0,17,15,678.2,0
13480,148.2,travel,0,0,9,10,508.1,0
2427,116.7,electronics,1,1,15,19,137.0,0
12988,68.73,grocery,0,0,7,12,245.8,0
14892,101.1,online_retail,0,0,6,10,399.0,0
844,232.02,travel,0,1,12,20,698.4,0
11319,285.5,travel,0,0,10,16,345.1,0
9745,133.82,online_retail,0,0,12,14,94.8,0
6538,106.59,electronics,1,0,19,15,397.8,0
12713,78.71,fuel,0,0,12,17,102.1,0
5562,67.73,travel,0,0,5,14,64.1,0
5122,149.13,fuel,0,0,7,20,1516.0,0
554,528.65,online_retail,0,1,0,4,75.0,1
180,207.87,fuel,0,0,17,9,41.9,0
8466,22.07,utilities,0,1,7,20,23.1,0
4526,27.4,travel,0,0,11,13,4.5,0
19529,32.72,online_retail,0,0,21,14,84.9,0
1204,192.8,online_retail,0,0,8,9,53.1,0
9455,190.16,dining,0,0,12,14,25.5,0
3046,49.9,electronics,1,0,8,15,554.1,0
11600,45.51,electronics,1,0,11,15,249.8,0
14324,146.33,jewelry,0,0,21,17,225.8,1
1508,189.41,electronics,0,0,7,16,162.0,1
14743,109.73,grocery,0,0,12,14,140.1,0
2954,93.33,entertainment,0,1,20,16,63.2,0
10341,47.54,travel,0,0,13,16,174.7,0
12678,212.52,utilities,0,0,12,17,146.0,0
9146,174.95,fuel,0,1,1,18,750.9,0
10202,130.34,fuel,0,0,13,11,227.8,0
376,100.59,jewelry,0,1,7,13,403.2,0
7928,42.81,pharmacy,0,0,9,11,143.0,0
15779,87.64,jewelry,0,0,8,10,578.0,0
14005,23.48,dining,0,0,7,14,9.9,0
16810,327.62,fuel,0,0,17,17,486.7,0
16498,224.67,jewelry,0,0,22,19,134.6,0
17590,128.5,pharmacy,0,0,17,17,915.7,0
4217,346.38,entertainment,0,1,15,6,27.3,1
6870,89.8,jewelry,0,1,15,13,70.3,0
13871,38.52,dining,0,0,15,15,579.5,0
2962,138.09,fuel,1,0,17,11,558.6,0
13443,37.45,jewelry,0,1,22,19,355.0,0
5743,176.52,electronics,0,0,4,12,137.7,0
3534,71.83,grocery,0,0,15,13,277.2,0
18072,227.04,dining,0,0,9,9,324.5,0
7572,33.93,pharmacy,0,1,14,20,760.2,0
14392,105.34,fuel,0,0,13,15,348.5,0
14468,109.23,utilities,0,0,20,17,159.9,0
18534,118.96,utilities,1,0,7,10,90.9,0
12123,153.54,dining,0,0,16,17,1119.7,0
7640,12.96,online_retail,0,1,8,25,1122.9,0
779,100.05,fuel,0,0,20,13,924.9,0
3616,53.0,fuel,0,0,12,17,105.9,0
16674,79.84,travel,0,1,2,11,12.7,0
18853,67.74,pharmacy,0,1,16,16,1382.4,0
13950,51.91,electronics,0,0,22,18,346.7,0
8054,90.92,utilities,0,0,13,6,113.4,0
19519,154.31,fuel,0,0,7,11,637.8,0
5725,48.22,entertainment,0,0,9,11,112.6,0
19446,315.85,jewelry,0,0,22,18,34.2,0
10729,183.48,utilities,0,1,2,10,78.0,0
12803,38.67,pharmacy,0,0,18,13,396.0,0
8320,200.73,travel,0,0,9,21,511.3,0
4794,159.26,grocery,1,0,21,11,512.5,0
12578,80.71,travel,1,0,17,17,320.7,0
15081,22.31,grocery,0,0,14,16,246.2,0
11983,94.8,dining,0,0,20,13,341.3,0
15285,65.73,travel,0,0,10,14,316.1,0
13083,228.3,travel,0,0,18,13,661.8,0
13322,30.23,jewelry,0,0,16,15,904.2,0
5360,119.95,utilities,0,0,15,19,50.5,0
10482,117.02,dining,0,0,20,7,81.2,0
14888,4.15,online_retail,0,1,15,9,909.6,0
467,87.28,pharmacy,1,0,6,9,20.2,0
12163,91.39,jewelry,0,0,22,13,4.4,0
4944,109.81,pharmacy,0,0,11,10,449.4,0
8332,79.53,entertainment,1,0,4,24,9.3,0
2546,91.85,fuel,0,0,11,12,34.1,0
6460,130.02,jewelry,0,0,11,15,3.9,0
1915,26.1,jewelry,0,0,10,10,379.2,0
5033,119.14,grocery,0,0,6,22,176.2,0
8832,110.46,dining,0,0,18,12,661.6,0
13919,42.94,grocery,0,0,10,12,1079.2,1
11569,208.18,grocery,0,0,22,15,290.5,0
2130,104.33,online_retail,0,0,18,11,329.7,0
10812,128.36,electronics,1,0,19,14,129.5,0
5311,91.35,utilities,1,0,12,7,585.8,0
8883,188.6,grocery,0,0,21,13,762.8,0
1014,151.73,electronics,0,0,16,15,345.1,0
5926,159.48,utilities,0,0,16,17,60.0,0
17759,114.6,jewelry,0,0,15,15,219.9,0
5030,37.74,jewelry,0,0,15,15,60.1,0
11727,143.13,dining,1,0,21,11,41.0,0
320,248.86,entertainment,0,0,12,10,66.1,0
10443,41.64,pharmacy,1,1,14,12,105.4,0
9016,165.89,entertainment,0,0,20,13,850.4,0
11699,70.06,dining,0,0,18,11,507.3,0
2709,181.14,fuel,0,0,16,19,181.7,0
14032,111.26,entertainment,0,0,12,20,412.1,0
19567,110.32,travel,0,0,17,12,83.2,0
10237,210.9,online_retail,0,0,22,8,56.4,0
3631,76.62,electronics,0,0,18,10,426.8,0
19699,220.31,travel,0,0,10,16,483.5,0
12756,176.48,jewelry,0,0,17,19,184.6,0
16508,36.42,electronics,1,0,2,15,237.7,0
6924,109.89,entertainment,0,0,9,11,1695.7,0
3299,40.81,utilities,0,0,21,12,232.8,0
6435,22.22,electronics,0,0,14,16,310.3,0
2412,98.12,entertainment,0,0,11,16,248.7,0
1287,116.39,jewelry,0,0,22,8,620.0,0
14275,289.33,online_retail,0,0,10,8,63.6,0
7413,161.19,fuel,1,0,8,14,121.9,0
9106,57.39,entertainment,0,0,12,20,582.6,0
10796,69.94,jewelry,0,0,13,7,1071.1,1
2917,97.08,travel,1,0,6,13,404.9,0
12066,25.32,dining,0,0,22,15,29.3,0
18562,22.5,utilities,0,0,16,19,517.6,0
9235,36.62,travel,0,0,14,16,56.7,0
10298,79.14,online_retail,0,0,20,15,70.3,0
4355,153.06,electronics,0,0,19,12,155.9,0
3339,177.02,online_retail,0,0,13,7,14.3,1
2644,33.31,grocery,0,0,9,11,215.1,0
17145,24.84,dining,0,0,17,19,68.1,0
12573,133.79,jewelry,0,0,19,6,57.1,0
18635,73.95,pharmacy,0,0,13,16,423.0,0
12456,69.63,electronics,0,0,2,10,335.4,0
3445,202.04,entertainment,0,0,8,20,347.1,0
18082,156.58,pharmacy,0,1,21,17,60.0,0
9982,129.0,online_retail,0,0,12,12,696.6,0
5125,54.39,fuel,0,0,10,14,32.2,0
737,19.91,dining,1,0,4,10,27.8,0
8779,47.85,electronics,0,0,6,14,44.3,0
10675,107.67,jewelry,0,1,21,16,263.4,0
1992,162.39,fuel,1,0,11,15,211.1,0
16357,155.08,electronics,0,0,20,10,526.6,0
10151,80.4,electronics,0,0,15,8,8.1,0
12274,194.02,travel,0,1,21,18,390.3,0
18748,120.04,utilities,0,0,7,14,194.3,0
9878,182.48,online_retail,0,0,5,15,41.2,0
7564,139.59,utilities,0,0,14,12,973.8,0
4582,68.7,grocery,0,0,8,16,194.7,0
11689,84.52,online_retail,0,0,13,12,105.9,0
6849,19.44,utilities,0,0,0,16,1285.7,0
18216,207.94,pharmacy,0,0,14,16,422.3,0
13047,65.58,electronics,0,0,6,10,69.4,0
15282,159.79,online_retail,0,0,14,13,458.6,0
3524,107.33,utilities,0,0,22,15,196.6,0
10752,28.56,fuel,0,0,12,12,196.7,0
3418,227.38,online_retail,0,0,1,5,17.7,1
8582,27.76,jewelry,0,0,21,16,591.9,0
11817,86.73,travel,0,1,6,11,185.5,0
18033,137.11,online_retail,0,0,11,9,607.0,0
8999,67.58,travel,0,0,8,14,32.5,0
11651,155.66,fuel,0,0,17,15,16.8,0
17256,76.87,grocery,0,0,16,10,70.0,0
3952,15.29,dining,0,0,18,17,352.4,0
9198,219.43,jewelry,0,0,6,15,138.6,0
16082,115.45,entertainment,0,0,19,11,345.7,0
11539,38.45,entertainment,0,1,14,17,367.3,0
9823,309.46,dining,0,0,10,18,60.6,0
5396,64.87,electronics,0,0,9,16,1191.0,0
13201,85.58,jewelry,0,0,18,14,464.8,0
9960,98.53,fuel,0,0,20,24,191.0,0
4049,37.74,electronics,0,0,3,14,624.7,0
18328,77.4,entertainment,0,1,15,10,438.5,0
8,18.82,entertainment,0,0,14,18,391.4,0
15011,185.19,electronics,0,1,13,14,655.4,0
7963,110.54,dining,1,0,1,11,789.3,0
5784,222.23,jewelry,0,0,11,13,57.7,0
15904,51.58,utilities,0,0,22,13,57.4,0
7266,44.01,utilities,0,0,21,14,19.6,0
5063,38.75,grocery,0,0,20,14,607.8,0
17726,68.07,online_retail,0,0,7,10,172.5,0
19369,60.63,grocery,0,1,22,11,742.7,0
18677,43.75,travel,0,0,3,14,282.0,0
3764,178.63,entertainment,0,0,21,16,137.6,0
11212,37.62,travel,0,0,10,14,475.1,0
1036,90.98,entertainment,0,1,8,11,133.6,0
13353,95.76,dining,0,0,21,9,338.9,0
12563,168.46,utilities,0,0,11,16,39.3,0
15897,257.97,utilities,0,0,3,3,26.3,1
7636,71.6,travel,0,0,9,8,31.3,0
5697,126.9,grocery,0,0,21,11,19.5,0
17251,120.81,entertainment,0,0,1,17,89.8,1
7007,323.83,grocery,0,0,16,11,29.8,0
13784,188.76,pharmacy,0,0,22,13,319.2,0
3251,197.93,dining,0,0,18,14,485.0,0
4024,97.64,travel,0,1,17,13,1086.6,0
7114,301.68,travel,0,0,0,1,32.1,1
217,198.02,utilities,0,0,10,15,35.5,0
16187,210.69,fuel,0,0,7,12,666.5,0
19611,172.72,jewelry,0,0,13,18,66.6,0
9568,236.34,jewelry,0,0,8,16,524.7,0
6366,37.47,electronics,0,0,10,8,346.6,0
9560,76.22,fuel,0,0,12,10,38.2,0
5185,249.06,electronics,1,0,16,19,534.1,0
18494,78.55,entertainment,0,0,20,9,178.7,0
8658,117.43,dining,0,0,0,21,52.3,0
9387,137.86,fuel,1,0,3,6,19.2,1
8177,270.99,dining,0,1,17,11,19.5,0
15608,58.09,entertainment,0,0,11,24,507.7,0
4265,66.73,jewelry,0,0,3,12,111.0,0
13995,116.72,entertainment,0,0,6,10,475.7,0
11608,96.82,utilities,0,0,9,21,539.5,0
2185,174.59,electronics,1,0,19,7,385.4,0
12989,123.18,pharmacy,0,0,15,13,540.9,0
11536,82.72,jewelry,0,0,12,15,132.4,0
5143,163.87,dining,1,0,22,15,1136.5,0
12396,85.99,travel,0,0,2,7,237.3,0
18903,82.4,travel,0,1,22,13,893.1,0
9530,228.93,utilities,0,0,13,17,45.9,0
15929,62.79,electronics,0,1,17,17,150.4,0
12969,163.68,online_retail,1,0,15,15,1063.8,0
2505,79.03,dining,0,0,8,12,690.7,0
19524,249.48,pharmacy,0,0,2,9,195.0,1
1588,71.2,dining,0,1,12,9,117.5,0
26,96.94,jewelry,0,0,9,8,290.3,0
16096,56.34,entertainment,1,0,11,17,236.0,0
7411,24.2,entertainment,0,0,6,15,38.7,0
382,121.03,dining,0,0,18,11,81.0,0
8855,65.43,electronics,1,0,16,15,159.3,0
1139,163.69,online_retail,0,0,22,21,236.2,0
12580,86.61,grocery,0,0,13,18,24.0,0
16940,81.43,entertainment,0,0,21,12,1163.9,0
12548,57.71,travel,1,0,20,9,58.5,0
12218,88.28,electronics,0,0,9,18,76.1,0
14166,157.27,grocery,0,0,12,17,597.2,0
12654,28.45,jewelry,0,0,20,23,170.7,0
18520,192.65,grocery,0,0,13,10,19.7,0
7275,48.31,fuel,0,0,15,11,40.4,0
12474,100.02,online_retail,0,1,19,12,67.5,0
4783,166.38,grocery,0,0,17,16,233.0,0
1645,91.87,grocery,0,0,22,18,58.9,0
4505,111.31,dining,1,0,18,13,126.3,0
16244,78.6,jewelry,0,0,16,11,261.7,0
15183,69.88,dining,0,0,20,10,424.9,0
19768,95.16,utilities,0,0,14,16,397.6,0
9980,102.35,fuel,0,0,19,13,1097.4,0
9368,205.12,electronics,0,0,11,18,22.4,0
11029,161.81,pharmacy,0,0,7,14,115.2,0
9567,181.8,travel,0,0,17,15,589.5,0
18198,65.72,pharmacy,0,0,21,13,156.0,0
13339,145.4,jewelry,0,1,2,19,226.5,0
3658,134.02,online_retail,0,0,19,16,372.1,0
9426,41.85,electronics,0,1,7,19,57.8,0
19956,153.17,electronics,0,0,8,11,410.7,0
8771,121.48,utilities,0,0,11,12,143.0,0
9854,109.4,electronics,0,0,13,21,68.8,0
11889,80.16,pharmacy,0,1,12,14,367.0,0
1871,55.5,grocery,0,0,8,13,220.2,0
9536,29.17,electronics,0,0,18,13,841.0,0
17548,34.64,electronics,0,0,6,11,193.4,0
16313,133.93,online_retail,0,0,12,17,512.0,0
7084,73.19,jewelry,0,0,4,18,320.2,0
12154,102.96,travel,0,0,16,24,870.1,0
15534,192.45,online_retail,0,0,17,13,434.7,0
8885,97.29,electronics,0,0,14,12,143.7,0
3120,55.33,fuel,1,1,16,17,571.4,0
327,87.53,jewelry,0,0,18,15,295.4,0
18577,214.96,grocery,0,0,10,19,141.4,0
10578,110.27,online_retail,0,0,21,16,291.5,0
12093,110.64,entertainment,0,0,7,15,389.9,0
9626,197.86,dining,0,0,18,7,103.4,0
5829,62.79,pharmacy,0,0,16,16,21.6,0
4495,11.79,dining,0,0,6,14,75.7,0
5091,254.95,dining,0,0,18,8,282.9,1
1598,145.33,grocery,0,0,16,7,109.1,0
18663,198.09,grocery,0,0,18,15,507.6,0
19709,119.77,dining,0,0,13,16,351.2,0
11362,128.29,dining,0,0,9,11,523.1,0
2131,93.1,fuel,0,0,8,14,111.4,0
11821,135.64,grocery,0,1,14,18,994.6,0
3183,80.03,dining,0,0,6,12,54.0,0
5018,185.88,utilities,0,0,19,12,169.4,0
18787,69.66,travel,0,1,0,16,226.5,0
7990,89.89,dining,0,1,18,17,440.0,0
10136,4.21,jewelry,0,1,18,13,53.9,0
10909,128.94,dining,0,0,8,14,53.2,0
942,90.39,travel,1,0,0,14,1671.3,0
2964,151.68,electronics,0,0,10,13,231.7,0
19697,32.82,electronics,0,0,11,19,98.9,0
7538,109.39,grocery,0,0,14,16,496.1,0
410,185.1,grocery,0,1,18,11,81.3,0
6898,175.96,electronics,0,0,7,12,29.4,0
15100,53.13,pharmacy,0,0,18,8,49.0,0
18069,188.88,entertainment,0,0,12,22,152.0,0
17451,235.39,grocery,0,0,8,12,174.6,0
11968,67.0,travel,0,0,12,11,551.2,0
2877,55.81,online_retail,0,0,8,11,918.3,0
6463,32.34,dining,0,0,17,13,19.3,0
1559,139.3,travel,0,0,11,6,428.3,0
5356,98.73,jewelry,0,0,6,15,34.6,0
13703,62.98,online_retail,0,0,8,15,781.5,0
18065,88.65,fuel,1,0,6,16,100.8,0
7882,152.47,fuel,0,0,9,8,728.7,0
11561,171.39,pharmacy,1,0,7,14,296.0,0
19242,165.53,jewelry,0,0,19,19,0.9,0
2215,43.18,utilities,0,0,16,11,1182.6,0
11198,119.16,online_retail,1,0,10,15,338.0,0
8207,35.18,jewelry,0,0,20,16,744.8,0
18994,90.79,online_retail,0,0,11,12,53.1,0
17988,86.78,fuel,0,0,21,12,409.7,0
13418,146.23,fuel,0,0,19,9,98.0,0
9177,40.25,fuel,1,1,6,7,480.9,0
8407,64.78,utilities,0,0,17,9,499.2,0
15673,32.57,utilities,0,0,10,17,172.1,0
9751,266.47,utilities,0,1,6,8,73.5,0
6573,218.85,travel,0,0,13,15,3.8,0
6457,45.8,entertainment,0,1,17,16,195.5,0
19320,162.2,grocery,0,0,14,12,107.3,0
4269,185.98,dining,0,0,13,23,140.8,1
13383,74.51,fuel,0,1,10,14,193.0,0
12797,470.38,fuel,0,0,12,15,48.9,0
12056,62.53,fuel,1,0,10,13,333.9,0
6835,63.34,fuel,0,1,16,14,323.4,0
3420,102.12,dining,0,1,10,12,518.1,0
4801,109.01,utilities,0,0,20,12,30.1,0
13513,85.06,grocery,0,0,8,13,722.2,0
19855,42.98,entertainment,0,1,19,19,329.9,0
17194,192.34,entertainment,0,0,12,20,220.2,0
9650,141.68,dining,0,0,15,26,30.5,0
4599,233.77,grocery,1,0,11,15,764.7,0
953,89.15,grocery,0,0,9,11,191.9,0
19353,113.62,dining,0,0,8,16,627.2,0
3556,31.86,electronics,0,0,12,21,650.8,0
3639,113.4,entertainment,1,0,14,15,259.7,0
12873,110.81,online_retail,1,0,13,13,250.5,0
18939,50.4,grocery,0,0,20,21,30.6,0
11162,189.29,electronics,0,0,13,16,12.4,0
15660,234.16,utilities,0,0,14,10,85.8,0
8664,240.38,jewelry,0,0,10,13,375.9,0
1972,123.25,online_retail,0,1,3,12,503.5,0
18026,102.63,entertainment,0,0,7,14,1035.4,0
8034,143.53,utilities,0,0,20,19,589.5,0
8551,289.97,entertainment,0,1,17,12,330.0,0
14632,62.29,entertainment,0,0,18,11,341.2,0
2731,100.0,online_retail,0,0,9,13,314.0,0
12734,5.57,online_retail,0,0,19,12,588.6,0
13338,191.98,grocery,0,0,22,19,807.6,0
3969,145.94,electronics,0,0,10,16,634.4,0
9339,66.66,jewelry,0,0,10,19,48.1,0
14698,202.38,pharmacy,0,0,16,11,340.5,0
18528,103.3,grocery,0,0,8,13,199.3,0
18214,35.91,jewelry,0,0,10,15,434.5,0
5910,4.64,fuel,0,0,0,15,164.9,0
14313,41.62,jewelry,1,0,12,15,81.8,0
6361,37.69,pharmacy,0,0,4,19,695.6,0
13205,134.95,travel,0,0,4,12,284.4,0
3546,50.34,pharmacy,0,1,11,23,311.1,0
5261,65.7,electronics,0,0,8,13,73.0,0
5161,117.15,online_retail,1,0,1,11,13.7,0
13432,168.39,pharmacy,0,0,17,21,749.9,0
2157,54.94,jewelry,0,0,7,8,137.4,0
6869,123.6,entertainment,0,0,12,14,1173.7,0
13323,111.58,jewelry,0,0,19,11,574.8,0
17867,183.37,dining,0,0,22,10,382.1,0
16416,137.66,dining,1,0,13,13,78.6,0
13101,55.4,grocery,0,0,20,19,409.0,0
15185,69.64,fuel,0,1,18,13,723.6,1
1221,214.84,grocery,0,0,11,12,309.5,0
2700,217.32,fuel,0,0,3,14,487.4,0
7860,142.86,electronics,1,0,15,18,3.3,0
3968,50.51,utilities,0,0,15,19,1000.3,0
6683,60.17,jewelry,0,0,16,9,77.3,0
7607,27.18,travel,0,0,18,16,69.4,0
1165,62.71,grocery,0,0,8,14,726.2,0
12724,120.04,travel,1,0,12,12,14.6,0
15403,206.39,travel,0,0,6,17,790.8,0
8656,87.27,pharmacy,0,0,8,9,265.7,0
6957,156.99,grocery,0,0,15,17,555.9,0
45,93.56,jewelry,0,0,17,16,185.9,0
7063,114.7,online_retail,1,0,17,17,191.9,0
16342,262.11,grocery,0,0,18,12,305.7,0
10315,86.79,utilities,0,0,8,11,6.2,0
551,33.26,utilities,0,0,9,16,13.4,0
3801,63.43,jewelry,1,0,22,12,731.1,0
2783,51.68,pharmacy,0,0,7,15,262.5,0
18600,93.13,grocery,1,0,16,12,1183.4,0
12686,105.87,electronics,0,0,11,12,310.9,0
12617,258.26,dining,0,0,7,15,397.0,0
5254,98.82,jewelry,0,0,15,14,170.1,0
14588,87.39,travel,0,0,17,16,384.1,0
11083,84.88,online_retail,0,0,7,18,514.4,0
8437,137.75,pharmacy,0,0,8,7,768.3,0
9167,83.98,fuel,0,0,22,15,235.9,0
14734,71.54,online_retail,1,0,9,19,140.1,0
16732,56.01,fuel,0,0,17,9,30.4,0
1619,190.78,entertainment,0,1,18,14,76.1,0
2431,216.53,grocery,1,0,2,7,23.4,0
12337,22.6,fuel,0,1,8,14,370.4,0
6761,27.04,online_retail,0,0,17,16,52.4,0
15509,78.4,utilities,0,0,21,13,229.8,0
15934,85.43,entertainment,1,0,18,18,246.8,0
15687,156.51,dining,0,0,19,15,97.2,0
12589,128.31,jewelry,0,0,10,11,278.7,0
17800,286.2,dining,1,0,13,11,249.2,0
10201,37.62,online_retail,0,1,1,22,254.2,0
19724,221.32,grocery,0,0,1,16,0.6,0
5129,90.68,grocery,1,0,19,19,104.6,0
3101,27.92,travel,1,0,12,17,295.9,0
4254,134.68,electronics,1,0,18,10,357.7,0
11696,51.01,entertainment,0,0,14,18,549.2,0
10643,183.03,online_retail,0,0,4,17,242.1,0
18394,45.63,electronics,0,0,21,13,98.4,0
14568,165.1,travel,1,1,7,11,1407.7,0
7868,52.63,entertainment,0,0,7,14,167.5,0
19891,249.79,entertainment,0,1,20,17,149.4,0
5150,266.74,entertainment,0,1,4,18,843.7,0
10801,67.63,pharmacy,0,0,9,15,13.2,0
15110,161.87,travel,0,1,20,12,380.7,0
5305,72.39,utilities,0,0,7,8,380.6,0
3491,82.88,fuel,0,0,15,9,203.6,0
18899,81.5,electronics,0,0,19,8,51.4,0
2371,152.94,dining,0,0,18,14,205.2,0
1725,15.76,jewelry,0,0,8,12,17.2,0
7184,102.74,travel,0,0,13,11,64.0,0
11293,126.04,pharmacy,0,1,13,16,241.5,0
11567,185.67,fuel,0,0,9,18,227.1,0
7278,113.04,utilities,0,0,6,10,1.2,0
19654,170.23,grocery,0,0,8,11,624.2,0
1249,22.95,entertainment,0,1,13,9,33.5,0
16656,176.01,pharmacy,1,0,21,9,1177.2,0
81,138.5,jewelry,0,0,6,15,163.7,0
14272,46.09,pharmacy,0,0,14,13,843.5,0
7578,166.82,utilities,0,0,20,13,217.7,0
19794,94.77,dining,0,0,8,14,1819.3,0
6825,99.57,online_retail,0,1,17,14,203.8,0
19040,60.08,fuel,0,0,13,7,44.0,0
11329,28.84,travel,0,0,19,10,19.6,0
8420,65.45,entertainment,0,0,16,15,120.1,0
10109,119.35,online_retail,0,0,12,15,211.1,0
10305,73.48,dining,0,0,21,15,209.6,0
17811,441.75,pharmacy,1,1,0,2,125.0,1
12744,200.33,grocery,0,0,11,15,228.5,0
14838,135.32,pharmacy,0,0,16,17,54.7,0
8080,75.15,fuel,0,1,7,16,559.2,0
14827,82.34,fuel,0,1,20,19,6.7,0
15868,181.24,grocery,0,0,21,19,29.9,0
4227,34.06,travel,1,0,11,8,197.7,0
12784,161.79,online_retail,0,1,18,10,6.0,0
9487,418.84,fuel,0,1,0,8,98.3,1
17140,122.04,utilities,0,0,16,14,58.8,0
331,91.08,electronics,0,0,12,16,437.2,0
16345,107.85,dining,0,0,19,13,98.6,0
12542,87.36,dining,0,0,6,15,755.6,1
5624,174.29,pharmacy,0,0,13,15,119.0,0
2667,65.89,online_retail,0,0,10,14,163.6,0
373,173.53,grocery,0,0,20,17,102.7,0
1405,179.21,utilities,0,1,15,18,508.7,0
5170,148.0,fuel,0,1,8,16,713.8,0
16720,10.41,entertainment,1,1,14,16,361.6,0
3555,150.1,pharmacy,0,0,9,18,850.0,0
19541,49.55,jewelry,0,0,8,17,516.4,0
15774,118.21,entertainment,1,0,17,12,484.9,0
14718,103.05,electronics,0,0,7,17,144.4,0
16034,25.2,travel,0,0,8,18,41.5,0
1572,99.47,jewelry,0,1,18,18,1124.0,0
19637,96.35,jewelry,0,0,14,17,424.3,0
14016,48.02,online_retail,0,0,22,16,263.5,0
17379,85.68,entertainment,0,0,3,9,182.3,0
6024,9.84,entertainment,0,0,22,11,744.9,0
1866,146.95,online_retail,0,0,8,15,135.4,0
4012,18.6,travel,0,0,8,17,297.1,0
11057,50.9,utilities,0,0,13,19,75.8,0
3097,59.54,online_retail,0,0,10,13,44.9,0
16166,30.81,fuel,0,0,22,13,348.3,0
17183,43.65,dining,0,1,22,9,554.4,0
612,73.33,travel,0,0,6,17,140.2,0
19879,103.59,utilities,0,1,7,9,59.5,0
2726,237.94,fuel,0,0,14,10,113.4,0
179,40.56,dining,0,0,12,14,1105.6,0
2009,97.13,entertainment,1,0,17,8,204.4,0
12825,49.12,travel,0,0,6,17,408.2,0
13179,138.92,utilities,0,0,12,16,518.9,0
8972,75.0,entertainment,1,0,4,14,1464.2,0
3946,130.88,travel,0,0,18,18,1036.7,0
16655,98.08,grocery,0,0,18,14,462.3,0
623,231.94,electronics,0,0,19,18,195.1,0
11541,46.66,jewelry,0,0,21,14,770.9,0
88,76.14,fuel,0,0,19,9,217.2,0
19007,278.82,entertainment,0,0,15,17,651.9,0
8144,137.88,dining,0,0,14,17,150.6,0
14319,87.54,utilities,0,1,19,23,33.3,0
15566,42.67,entertainment,0,1,10,10,68.2,0
6796,166.75,jewelry,0,0,10,15,278.8,0
17673,169.49,fuel,0,0,13,16,501.6,0
13586,129.13,entertainment,0,0,10,12,152.8,0
17447,96.5,entertainment,0,0,10,12,739.4,0
10116,102.85,entertainment,0,0,13,22,152.8,0
129,39.81,electronics,0,0,7,10,379.6,0
19064,49.05,travel,0,0,4,10,863.1,0
10495,137.14,travel,0,1,10,11,195.7,0
13574,22.18,entertainment,0,0,18,11,315.0,0
5903,117.7,grocery,0,0,7,10,127.9,0
2323,97.23,entertainment,0,0,8,19,860.4,0
13612,129.08,grocery,0,0,19,8,15.8,0
10748,34.57,utilities,0,0,20,11,218.3,0
12726,104.39,electronics,0,0,20,16,489.6,1
16176,220.48,dining,0,0,15,11,207.0,0
2562,111.73,grocery,0,0,10,16,152.2,0
11121,84.69,jewelry,0,0,19,9,3238.7,0
8002,158.38,jewelry,0,0,13,16,834.3,0
7967,41.73,grocery,0,0,0,15,41.7,0
8051,97.57,online_retail,0,0,6,11,249.2,0
9287,95.91,utilities,0,0,20,20,883.6,0
3837,223.07,entertainment,0,0,20,18,50.2,0
2294,194.59,utilities,0,0,20,17,1858.4,0
4828,19.77,grocery,0,0,21,15,415.2,0
11013,336.32,electronics,0,1,10,14,486.2,0
1847,51.48,jewelry,1,1,11,18,276.3,0
1298,91.2,electronics,0,0,20,18,118.3,0
19685,118.46,electronics,1,0,7,9,831.9,0
4672,246.05,pharmacy,1,0,21,15,693.7,0
7909,75.34,utilities,0,1,9,15,226.6,0
1997,104.24,dining,0,0,20,24,109.2,0
2694,106.82,pharmacy,0,1,9,18,178.0,0
7222,96.22,entertainment,1,0,10,13,93.5,0
19563,130.85,online_retail,0,1,13,23,786.8,0
1450,159.59,pharmacy,0,0,22,19,336.2,0
4661,34.48,utilities,0,1,15,4,485.5,0
1790,239.85,entertainment,0,0,11,14,267.0,0
15046,32.49,utilities,1,0,6,15,803.3,0
13277,123.75,travel,1,0,0,20,236.5,0
13283,44.83,utilities,0,0,9,19,160.9,0
4809,223.32,travel,0,0,8,17,43.3,0
4853,116.7,grocery,0,0,22,15,686.8,0
5682,85.76,online_retail,0,0,19,20,267.9,0
978,80.88,travel,0,1,15,9,327.3,0
11460,132.19,dining,0,0,8,4,563.6,0
3246,30.55,jewelry,0,1,17,10,633.3,0
5856,71.54,grocery,0,0,10,10,927.5,0
3352,212.93,entertainment,1,0,14,11,115.6,0
1577,148.54,dining,0,1,15,5,64.8,1
14696,151.02,fuel,0,0,17,10,21.8,0
15182,90.65,pharmacy,0,0,10,12,177.9,0
82,86.91,pharmacy,0,0,15,15,59.7,0
5199,84.7,electronics,0,0,17,18,88.4,0
5950,189.37,online_retail,0,1,10,19,1084.5,0
11033,101.98,jewelry,0,0,22,8,303.8,0
10420,96.2,jewelry,0,0,21,10,888.2,0
11615,22.34,utilities,0,0,15,11,231.0,0
6325,145.26,entertainment,0,1,22,12,201.6,0
1872,69.76,jewelry,0,0,14,12,82.3,0
15857,68.61,fuel,0,0,20,15,288.8,0
4255,108.56,jewelry,0,0,18,21,266.8,0
18221,57.56,entertainment,0,0,21,19,385.0,0
7848,68.39,grocery,1,0,6,15,155.2,0
4323,237.13,electronics,0,0,9,9,74.0,0
3189,16.05,jewelry,0,0,17,10,291.6,0
393,127.24,grocery,0,0,20,8,63.0,0
18696,45.95,pharmacy,0,0,18,15,414.0,0
16442,106.43,fuel,0,0,17,14,506.3,0
8919,52.2,grocery,0,0,13,14,113.0,0
1867,52.7,electronics,0,0,5,17,905.8,0
7145,30.09,entertainment,0,0,1,12,9.3,0
1782,137.49,travel,1,0,18,18,48.9,0
6402,88.02,dining,0,0,6,10,124.5,0
10014,133.03,dining,0,0,20,14,226.1,0
15257,147.36,electronics,1,0,12,9,301.0,0
17870,111.19,grocery,0,0,7,18,82.3,0
8620,503.51,fuel,0,0,11,10,10.9,1
12788,24.6,fuel,0,0,11,17,259.5,0
4464,470.66,entertainment,0,0,13,15,417.3,0
8994,19.72,dining,0,0,19,13,376.5,0
2056,81.07,pharmacy,0,1,15,13,94.3,0
9806,22.29,jewelry,0,1,20,16,81.5,0
11138,135.44,online_retail,0,0,6,14,1371.8,0
18563,92.26,grocery,0,1,14,16,611.7,0
8411,181.6,jewelry,0,0,6,24,14.5,0
7013,103.39,electronics,0,0,9,15,85.0,0
8423,41.65,grocery,0,0,0,12,18.4,0
1617,59.7,electronics,0,0,19,20,134.9,0
8372,99.24,online_retail,1,0,12,10,60.3,0
1164,104.14,grocery,0,0,19,17,309.7,0
4623,572.93,grocery,1,1,4,5,110.5,1
18012,27.52,pharmacy,0,1,6,18,364.0,0
5457,79.85,pharmacy,0,0,16,17,25.4,0
3290,82.58,electronics,0,1,19,12,155.3,0
18455,32.69,utilities,0,0,20,11,634.2,0
11273,332.4,grocery,0,1,20,16,430.3,0
3510,245.95,dining,0,0,22,15,485.9,0
2315,118.47,pharmacy,1,0,16,20,180.6,0
9586,42.66,electronics,0,0,17,10,1432.8,0
6568,82.11,utilities,0,0,13,10,39.6,0
3399,213.74,online_retail,0,0,12,13,20.2,0
16593,138.16,pharmacy,0,0,3,17,236.9,0
16211,76.61,utilities,0,0,16,13,575.7,0
15839,292.07,utilities,1,0,4,5,28.2,1
7040,186.06,dining,0,0,15,6,2640.5,0
17171,115.4,online_retail,0,0,1,13,72.6,1
16240,90.8,grocery,0,0,20,14,766.5,0
8718,108.2,pharmacy,0,0,21,17,299.3,0
5516,104.85,dining,0,0,20,12,1305.7,0
10569,141.51,grocery,0,0,9,15,492.8,0
2791,302.0,entertainment,0,0,9,11,364.5,0
18185,45.68,online_retail,0,0,19,18,409.9,0
8633,96.13,utilities,0,1,12,11,747.0,0
7026,82.01,dining,0,0,18,11,196.7,0
16199,116.74,grocery,0,0,22,8,141.3,0
6789,102.26,fuel,0,0,8,14,66.2,0
2865,242.39,fuel,0,0,17,18,268.7,0
10468,154.78,fuel,0,0,17,13,1831.4,0
19436,24.0,electronics,0,0,10,9,281.2,0
19666,51.12,pharmacy,0,0,13,15,450.0,0
16249,29.78,travel,0,0,16,12,3.4,0
15369,88.91,grocery,0,0,7,18,188.0,0
5226,125.9,online_retail,0,0,4,24,165.3,0
4248,17.45,travel,0,0,5,17,143.7,0
6280,30.36,entertainment,1,0,20,13,106.1,0
10439,156.92,grocery,0,0,16,13,243.4,0
3182,144.64,fuel,0,0,21,12,50.1,0
9618,125.97,dining,1,1,6,8,2.1,1
1783,16.68,utilities,0,0,20,12,446.9,0
17100,223.69,entertainment,1,0,18,12,70.8,1
6777,90.39,utilities,1,0,3,13,401.2,0
2337,39.22,online_retail,0,0,13,26,434.4,0
3979,38.82,entertainment,0,0,14,11,1149.2,0
491,86.65,pharmacy,0,0,10,15,141.2,0
15667,53.43,dining,0,0,16,15,262.7,0
12986,162.48,jewelry,0,1,10,17,492.2,0
1643,208.63,grocery,0,0,17,12,186.4,0
7649,127.8,grocery,0,0,22,12,326.6,0
17707,71.9,fuel,0,0,21,12,884.8,0
10142,71.16,entertainment,0,0,8,16,11.4,0
2385,44.4,pharmacy,0,0,18,14,399.3,0
961,118.44,entertainment,0,0,10,12,328.7,0
19160,42.51,pharmacy,1,0,21,17,16.5,0
6007,118.45,travel,0,1,21,16,354.3,0
1290,101.35,entertainment,0,1,20,2,52.2,1
12312,76.26,online_retail,0,0,17,14,41.0,0
5406,58.48,utilities,0,0,7,20,1371.6,0
2817,260.7,entertainment,0,0,19,12,374.1,0
970,190.32,pharmacy,1,1,22,10,1053.8,0
9673,26.52,electronics,0,0,11,11,492.4,0
19335,144.01,travel,0,0,6,15,656.2,0
18165,48.89,online_retail,1,0,15,10,422.3,0
16547,166.14,travel,1,0,3,16,313.9,0
12525,66.11,pharmacy,0,0,21,18,99.6,0
8655,184.87,electronics,0,0,19,15,776.3,0
8306,118.91,travel,0,0,13,14,53.5,0
755,279.93,dining,0,0,17,10,656.8,0
9142,175.67,pharmacy,0,0,3,16,78.6,1
7410,70.73,travel,0,0,15,14,46.8,0
5879,27.18,travel,0,0,19,11,97.1,0
13860,29.66,grocery,0,0,2,13,6.9,0
15642,44.31,grocery,0,1,18,4,241.9,0
4000,106.83,travel,0,0,11,12,183.1,0
4671,76.14,dining,0,0,21,14,45.8,0
18934,117.07,pharmacy,0,0,21,15,73.0,0
6220,103.97,online_retail,0,0,13,15,85.7,0
13727,11.78,online_retail,0,0,17,18,328.1,0
16552,86.51,online_retail,0,0,12,25,310.1,0
12662,73.42,jewelry,0,0,20,8,257.0,0
11898,101.45,travel,0,0,19,14,6.0,0
4033,29.74,entertainment,0,0,14,12,253.8,0
13832,126.13,grocery,0,0,5,18,50.0,0
19376,155.15,fuel,0,0,20,14,3.8,0
9910,88.4,fuel,0,0,17,13,229.0,0
13781,93.0,travel,0,0,9,12,1.6,0
19402,27.62,utilities,0,0,17,13,707.6,0
12854,82.54,fuel,0,0,7,16,536.7,0
13150,43.65,fuel,0,1,8,13,1312.4,0
11090,45.77,online_retail,0,0,22,15,213.1,0
17999,81.69,online_retail,0,0,22,18,181.3,0
13824,293.17,pharmacy,0,0,12,8,201.4,0
680,51.68,travel,0,0,14,18,605.8,0
13565,244.96,pharmacy,0,0,8,12,306.4,0
3279,33.41,entertainment,0,0,7,21,142.6,0
18614,288.31,utilities,0,0,21,11,257.6,0
11467,146.06,electronics,1,0,11,11,130.4,0
4903,169.88,dining,0,0,3,12,2512.2,0
19552,100.34,online_retail,0,0,10,18,73.4,0
5981,225.75,online_retail,0,0,9,11,313.6,0
4612,827.57,dining,0,0,9,4,126.4,1
3061,47.96,entertainment,1,0,17,11,467.1,0
14642,96.65,travel,0,0,16,7,30.3,0
2333,174.89,dining,0,0,13,25,518.3,0
15043,91.85,online_retail,0,0,17,13,231.8,0
13055,78.88,electronics,0,0,10,11,964.6,0
15773,100.18,dining,0,0,9,11,49.8,0
8178,177.09,entertainment,1,0,12,10,465.3,0
15438,183.43,electronics,0,0,11,12,28.5,0
7338,14.24,entertainment,0,0,17,15,18.8,0
4018,30.86,grocery,0,0,16,16,618.3,0
12306,221.64,pharmacy,0,0,12,11,17.8,0
17529,165.52,utilities,0,1,4,6,90.6,1
14025,25.17,electronics,0,0,18,13,61.8,0
11677,190.88,online_retail,0,1,11,16,1783.8,0
17127,72.3,entertainment,0,1,6,14,359.0,0
13877,136.78,grocery,0,0,9,17,705.3,0
2226,117.94,utilities,1,0,5,14,576.4,0
13935,35.46,online_retail,0,0,19,18,85.5,0
7256,71.69,dining,0,0,16,19,230.9,0
6665,45.72,electronics,0,0,20,9,95.4,0
3199,108.6,entertainment,0,0,11,13,215.2,0
17530,177.36,grocery,0,0,15,12,241.7,0
1283,290.88,pharmacy,0,0,15,15,147.5,0
18324,33.04,pharmacy,0,0,16,20,250.4,0
2793,88.29,jewelry,0,1,10,9,618.3,0
15950,204.57,entertainment,0,0,14,6,528.9,0
12322,90.03,dining,0,0,13,13,2.6,0
15747,217.91,travel,0,0,20,14,17.3,0
8486,226.04,entertainment,0,0,12,10,45.3,0
6008,111.98,entertainment,1,0,15,10,1390.5,0
14027,240.89,jewelry,0,0,8,17,624.5,0
12569,135.71,travel,0,0,20,17,2175.5,0
19837,59.39,electronics,0,0,19,16,184.6,0
17821,120.36,travel,0,0,6,19,519.7,0
1437,251.95,jewelry,0,1,11,9,89.5,1
13672,116.52,travel,1,0,15,14,145.0,0
18761,53.56,online_retail,0,0,7,15,83.4,0
11139,84.1,grocery,0,0,11,16,90.1,0
2321,137.55,fuel,1,0,2,13,573.3,0
17943,39.26,travel,0,1,14,19,56.7,0
15585,52.28,fuel,0,0,15,14,240.3,0
18971,23.99,online_retail,0,0,17,13,622.9,0
9708,33.87,entertainment,0,0,13,7,210.7,0
2453,49.38,fuel,0,0,9,16,1546.1,0
4547,173.46,dining,0,1,2,3,49.3,1
8060,34.51,travel,1,0,18,4,11.1,0
10152,130.46,grocery,0,0,18,15,297.2,0
4568,162.27,entertainment,0,0,9,9,150.7,1
10140,254.73,fuel,0,0,12,14,276.2,0
4595,8.59,utilities,1,0,7,12,401.6,0
7968,51.95,fuel,0,0,18,14,1563.8,0
4301,51.22,fuel,0,1,20,18,432.2,0
14694,132.78,travel,0,0,14,9,204.8,0
7581,51.13,pharmacy,0,0,17,14,1552.4,0
16762,216.26,travel,0,1,19,22,442.7,0
11970,85.91,electronics,0,1,9,11,259.8,0
18751,60.57,pharmacy,0,0,5,11,249.1,0
5049,348.14,travel,0,0,21,15,150.4,0
5615,114.08,utilities,0,0,17,13,40.7,0
339,170.02,entertainment,0,0,9,20,374.4,0
12433,94.03,entertainment,1,1,10,5,37.8,1
225,86.44,travel,0,0,16,17,431.4,0
8933,381.12,dining,0,0,15,15,146.3,0
1050,113.56,fuel,0,0,13,8,55.4,0
7192,359.82,entertainment,0,1,5,4,234.0,1
12801,96.38,fuel,0,0,21,12,97.8,0
4489,83.52,utilities,0,1,14,9,62.9,0
2034,112.65,travel,0,0,20,13,61.6,0
14364,120.05,online_retail,0,0,0,11,174.7,0
13335,110.33,entertainment,0,0,17,16,751.9,0
17190,161.52,online_retail,0,0,12,16,104.9,0
2221,324.79,dining,1,0,0,4,8.6,1
12739,129.55,jewelry,1,0,6,10,339.6,0
13224,25.98,online_retail,1,0,13,17,279.0,0
5705,151.25,jewelry,0,0,9,13,89.2,0
16713,72.71,grocery,0,0,7,17,62.6,0
14079,74.85,jewelry,0,0,22,15,9.4,0
9450,101.79,entertainment,0,0,6,10,30.1,0
874,115.56,dining,1,0,4,19,524.1,0
14810,89.36,utilities,0,0,19,15,264.7,0
4460,128.04,electronics,0,0,16,9,825.8,0
12733,35.83,jewelry,0,0,7,13,71.3,0
14928,78.91,electronics,0,0,11,18,218.2,0
13169,136.63,fuel,0,0,6,13,743.9,0
16745,125.81,travel,0,0,6,18,242.3,0
1521,222.73,dining,0,0,22,15,286.6,0
17281,111.34,dining,0,0,6,9,18.9,0
8293,160.39,online_retail,0,1,3,16,124.9,0
8566,198.51,online_retail,1,0,14,14,36.5,0
12979,115.75,pharmacy,0,0,9,12,15.8,0
19469,194.1,jewelry,0,0,8,15,219.6,0
11815,50.72,grocery,0,0,4,16,277.7,0
9350,115.06,fuel,1,0,7,18,1513.9,0
10187,13.17,dining,0,0,15,22,546.9,0
6063,88.32,travel,1,0,22,14,346.7,0
2210,146.56,pharmacy,0,0,8,19,64.2,0
4555,327.34,online_retail,0,0,20,18,108.8,0
547,38.78,electronics,0,1,20,13,1042.7,0
5589,67.37,online_retail,0,0,16,12,625.3,0
18932,48.8,utilities,0,0,14,13,9.4,0
13010,120.69,electronics,0,0,21,10,26.3,0
10366,222.91,dining,0,0,16,20,912.2,0
3146,134.34,electronics,0,0,14,14,121.7,0
15250,134.23,utilities,0,0,13,18,8.4,0
5123,31.84,grocery,0,0,21,18,45.9,0
2106,205.66,online_retail,1,0,19,20,1.9,0
9457,30.44,fuel,0,0,21,16,470.1,0
2704,317.57,dining,0,0,17,17,251.1,0
16779,258.49,pharmacy,0,0,13,11,99.4,0
12289,133.18,entertainment,0,0,21,13,238.8,0
15795,84.27,travel,0,1,19,16,79.0,0
12432,235.12,dining,0,0,20,8,153.3,0
19128,55.45,utilities,0,0,0,8,121.6,0
4375,104.42,fuel,0,0,22,15,602.6,0
16546,255.44,fuel,0,0,5,16,319.3,0
14894,547.75,jewelry,0,0,5,7,4.9,1
13556,185.58,jewelry,1,0,1,5,58.4,1
4521,232.75,electronics,0,0,8,15,9.2,0
19449,833.01,grocery,1,0,17,7,34.7,1
9359,180.53,pharmacy,0,0,6,13,336.8,0
19440,71.15,pharmacy,0,0,7,13,382.5,0
13086,108.84,utilities,0,0,21,11,1145.8,0
10906,145.5,utilities,1,0,8,16,147.4,0
4763,73.11,jewelry,0,0,11,16,68.6,0
7157,108.6,pharmacy,0,0,15,9,19.2,0
10706,253.29,utilities,1,0,22,10,5.1,0
10979,207.24,pharmacy,0,0,6,9,118.6,0
19497,113.42,entertainment,0,0,19,13,291.3,0
10831,258.93,dining,0,0,13,16,306.9,0
283,237.93,fuel,0,1,3,15,97.6,0
2216,59.78,grocery,0,0,18,13,119.8,0
5994,194.11,pharmacy,0,0,1,18,414.4,0
12544,29.22,entertainment,0,1,12,20,122.0,0
9087,154.6,entertainment,0,0,10,11,294.2,0
7218,252.87,utilities,1,0,7,12,329.8,0
6577,98.13,pharmacy,1,1,10,14,329.4,0
18806,62.61,utilities,0,1,4,12,200.4,0
13193,149.06,entertainment,0,0,8,18,82.4,0
17985,114.59,travel,0,0,17,13,48.6,0
1370,96.7,utilities,0,0,12,8,807.6,0
15213,44.32,entertainment,0,0,16,11,134.7,0
5713,229.38,online_retail,0,0,22,18,129.5,0
17555,20.49,grocery,0,0,15,18,1393.9,0
2717,249.84,utilities,0,0,1,13,212.7,0
19512,99.19,fuel,0,0,4,12,268.7,0
4893,153.02,electronics,1,0,9,18,214.9,0
875,109.32,travel,0,0,8,16,21.8,0
9116,129.87,travel,1,0,13,16,83.9,0
6802,164.3,grocery,0,0,12,14,448.2,0
7215,35.44,jewelry,0,0,16,19,621.7,0
12871,121.16,fuel,0,0,15,15,536.3,0
12597,61.17,electronics,1,0,21,14,39.9,0
1483,64.76,dining,1,1,17,11,14.4,0
15275,36.17,entertainment,0,0,11,12,221.5,0
742,187.19,pharmacy,0,0,17,14,157.8,0
4202,60.93,pharmacy,0,0,19,13,184.7,0
5130,80.42,utilities,0,0,0,13,920.6,0
4688,37.9,pharmacy,1,0,16,12,34.4,0
1082,46.47,entertainment,0,0,11,6,113.7,0
7191,103.62,online_retail,0,0,7,9,859.5,0
5384,159.67,travel,0,0,15,14,99.2,0
5578,106.11,pharmacy,0,0,9,14,1401.4,0
19133,141.27,grocery,0,0,3,17,121.8,0
545,115.89,online_retail,0,0,20,15,161.1,0
15239,129.6,dining,0,0,2,5,1.0,1
9842,35.6,grocery,0,0,7,16,121.9,0
6769,32.67,dining,0,0,19,13,508.0,0
1032,31.12,pharmacy,1,0,12,15,391.0,0
10010,116.26,pharmacy,1,0,8,12,685.8,0
12003,156.54,jewelry,1,1,6,11,227.5,0
6562,85.04,online_retail,1,0,13,18,91.5,1
18329,103.37,dining,0,0,2,13,270.6,0
12436,67.81,entertainment,1,0,9,8,476.9,0
7618,136.13,jewelry,0,0,13,17,285.8,0
5800,176.18,jewelry,0,0,17,13,116.6,0
13040,200.08,travel,0,0,12,16,50.9,0
10912,101.58,electronics,0,0,20,19,78.4,0
10764,133.73,online_retail,0,0,17,12,521.4,0
13875,134.13,entertainment,0,0,22,20,65.9,0
13520,71.39,entertainment,0,0,19,5,52.8,0
14238,81.27,electronics,1,0,16,10,349.9,0
12509,111.77,grocery,0,1,16,13,66.2,0
18945,57.21,jewelry,0,0,8,13,182.0,0
1998,25.28,travel,0,0,0,12,218.4,0
16152,207.6,utilities,1,0,22,11,266.2,0
1418,179.3,travel,0,0,8,11,168.1,0
1236,126.55,jewelry,0,0,8,13,14.4,0
2986,122.06,online_retail,1,1,7,10,0.3,0
15939,137.62,dining,0,0,15,9,156.6,0
7402,85.96,entertainment,0,0,14,18,281.4,0
12743,86.74,dining,0,1,18,12,95.9,0
431,96.48,grocery,0,0,4,12,52.2,0
15879,177.41,grocery,0,0,14,18,725.0,0
12950,16.53,pharmacy,0,0,8,13,274.9,1
6266,93.32,electronics,0,0,9,11,343.5,0
3093,188.59,pharmacy,0,0,4,11,300.2,0
15041,94.19,pharmacy,0,0,22,12,213.0,0
7430,80.78,electronics,0,0,13,16,576.1,0
9832,258.65,jewelry,0,0,18,13,58.4,0
8859,94.66,dining,0,0,9,6,160.5,0
9096,67.83,entertainment,0,0,11,14,125.0,0
7866,227.96,pharmacy,0,0,0,13,539.8,0
11286,132.74,jewelry,0,0,18,13,621.3,0
1628,217.43,online_retail,0,1,3,19,422.7,0
7553,184.06,online_retail,1,0,17,20,471.9,0
18237,209.81,grocery,0,1,13,13,220.2,0
10730,231.2,online_retail,0,0,8,13,64.6,0
4898,143.93,jewelry,1,0,1,15,678.7,0
14140,69.62,utilities,0,0,16,21,32.2,0
14771,21.48,travel,0,0,12,18,85.1,0
6781,89.55,jewelry,0,0,9,14,231.0,0
14855,338.74,online_retail,1,1,5,9,2981.5,0
23,288.82,utilities,0,0,12,11,288.5,0
2647,86.32,utilities,0,0,15,18,400.1,0
15079,144.98,online_retail,0,0,19,18,59.5,0
16828,177.7,dining,0,0,17,11,580.3,0
11167,128.76,online_retail,0,1,19,12,300.5,0
6160,168.52,pharmacy,0,0,20,18,217.1,0
12769,89.74,jewelry,0,1,6,7,879.0,1
10660,195.16,jewelry,0,0,8,16,433.5,0
17536,147.55,jewelry,0,0,19,14,64.6,0
7700,153.95,utilities,0,1,10,13,59.4,0
1167,208.25,grocery,1,0,10,10,1193.1,0
5163,40.34,entertainment,0,0,8,10,484.8,0
4146,163.88,electronics,0,0,21,8,376.3,0
15200,177.46,grocery,0,0,4,12,186.1,0
10990,35.85,travel,0,0,22,12,14.0,0
9789,177.05,utilities,0,0,18,7,122.3,0
1211,70.67,travel,0,0,21,12,784.2,0
14001,306.91,dining,0,0,6,13,397.9,0
11528,123.65,utilities,0,0,7,13,270.8,0
5346,192.38,electronics,0,0,17,13,79.5,0
6983,127.88,fuel,0,0,11,8,1064.9,0
2679,194.09,entertainment,0,0,3,12,1779.6,0
9669,58.08,travel,0,0,15,13,75.1,0
3539,54.45,pharmacy,0,0,8,15,242.8,0
2628,59.35,travel,0,1,13,17,961.9,0
6631,21.82,fuel,1,0,19,17,51.4,0
8299,18.87,dining,0,0,8,15,372.1,0
1957,74.0,online_retail,0,0,20,8,1508.5,0
6970,22.31,pharmacy,0,0,20,16,279.8,0
1702,23.79,online_retail,0,0,21,14,98.2,0
5533,71.24,online_retail,0,0,10,19,85.0,0
9698,117.43,grocery,0,0,14,17,99.4,0
3550,131.04,electronics,0,0,18,13,381.8,0
8235,111.23,online_retail,0,0,11,6,36.1,0
420,61.91,online_retail,0,0,6,9,220.7,0
6272,91.79,pharmacy,0,0,1,17,29.8,0
14151,210.32,fuel,0,1,8,11,612.6,0
9978,201.34,jewelry,0,0,12,18,433.3,0
5820,49.69,jewelry,0,0,20,18,130.1,0
2886,74.97,dining,0,0,5,19,113.3,0
14076,24.58,travel,0,0,8,17,271.9,0
9921,123.45,jewelry,0,0,8,9,608.0,0
10798,57.67,utilities,0,0,13,13,156.7,0
11343,90.99,online_retail,0,0,12,14,828.6,0
8498,107.01,travel,0,0,20,9,33.1,0
16457,55.08,utilities,0,1,22,17,1125.8,0
9734,22.18,travel,0,0,13,5,413.6,0
17421,101.08,utilities,1,0,6,14,4.8,0
16795,162.31,fuel,1,0,13,13,117.6,0
16073,163.1,entertainment,0,1,13,6,45.5,0
12423,170.71,dining,0,1,13,20,344.8,0
11158,82.68,utilities,0,1,18,14,38.3,1
16563,187.64,travel,0,1,16,10,71.3,0
11731,138.05,jewelry,0,0,10,20,1830.5,0
11876,100.53,utilities,1,1,19,19,395.0,0
14490,148.33,dining,0,0,13,22,457.7,0
6313,56.53,entertainment,0,0,0,14,153.9,0
1726,31.15,online_retail,0,0,13,15,481.1,0
15145,51.84,dining,1,1,8,6,269.0,1
10820,139.32,grocery,0,0,11,14,486.9,0
3047,81.83,dining,0,0,6,17,544.8,0
17175,65.76,entertainment,0,0,21,14,231.3,0
19116,45.31,grocery,0,0,12,11,951.0,0
19931,42.52,online_retail,0,0,9,12,350.4,0
12965,248.57,jewelry,0,0,19,9,447.3,0
9275,69.37,travel,1,0,3,14,714.0,0
7158,47.68,fuel,0,0,12,14,73.7,0
785,122.4,utilities,0,0,19,20,345.5,0
16365,71.47,online_retail,0,0,6,12,173.7,0
13095,136.11,jewelry,0,0,19,16,383.6,0
18044,94.67,utilities,0,0,10,18,350.4,0
15391,88.97,grocery,0,0,14,15,932.1,0
11267,87.5,electronics,0,0,18,14,253.0,0
14709,180.06,travel,0,0,19,15,717.1,0
14929,166.59,travel,0,0,5,6,32.3,1
5430,146.78,travel,0,0,12,9,1187.7,0
12901,165.81,electronics,0,0,7,8,735.5,0
4131,45.95,entertainment,0,0,6,13,58.2,1
14767,264.07,utilities,0,1,19,15,841.1,0
4646,26.76,dining,0,0,19,12,600.0,0
19634,152.42,jewelry,0,0,13,14,520.0,0
1492,134.24,pharmacy,0,0,20,17,390.3,0
12256,81.46,jewelry,0,0,21,12,274.1,0
13942,77.83,online_retail,1,0,12,13,255.1,0
5377,232.16,jewelry,0,0,11,7,154.6,0
3863,99.94,travel,0,0,22,12,912.0,0
17017,146.73,travel,0,0,10,14,296.0,0
7433,112.34,utilities,1,0,17,13,48.4,0
7697,72.71,utilities,1,0,4,11,216.8,0
10982,103.69,dining,0,0,6,12,199.7,0
10115,29.6,jewelry,0,0,10,8,139.3,0
2044,58.24,dining,0,0,7,18,655.0,0
2648,31.53,dining,0,0,8,16,171.7,0
9624,137.13,electronics,0,0,11,19,379.8,0
18985,141.63,grocery,0,0,13,17,11.7,0
12671,124.26,travel,0,0,6,16,85.1,0
4742,96.09,travel,0,0,7,12,204.8,0
7856,79.7,entertainment,0,0,0,17,350.7,0
18509,55.61,entertainment,0,1,14,13,183.8,0
17833,58.44,jewelry,0,0,5,20,698.1,0
15550,151.33,jewelry,0,0,15,14,644.0,0
14470,98.72,pharmacy,1,0,18,15,178.5,0
18051,21.06,pharmacy,0,0,13,12,500.6,0
4956,38.83,jewelry,0,0,6,12,577.8,0
12710,167.73,online_retail,0,0,8,15,586.0,0
11153,157.06,grocery,0,0,21,17,365.4,0
15393,60.85,online_retail,0,0,3,11,1.5,0
11250,77.77,dining,0,0,11,16,194.8,0
13133,217.87,electronics,0,0,17,18,496.3,0
13647,68.19,travel,0,1,8,15,241.4,0
16469,82.38,dining,0,0,21,8,5.3,0
16114,61.06,utilities,0,0,18,11,429.9,0
17883,62.33,grocery,0,0,7,11,204.5,0
15055,161.16,pharmacy,0,1,2,17,33.5,0
7494,86.33,jewelry,0,0,19,18,31.7,0
12087,64.88,online_retail,0,0,16,14,25.8,0
6014,46.86,electronics,0,0,13,20,79.3,0
7818,307.39,pharmacy,0,0,21,11,108.5,0
6122,121.99,entertainment,0,0,21,11,1308.1,0
11407,291.69,travel,0,0,8,13,360.3,0
7770,88.08,electronics,0,0,7,14,53.0,0
9640,164.79,utilities,1,0,9,10,53.9,0
1080,46.58,pharmacy,0,1,20,16,81.0,0
18085,185.27,grocery,0,0,13,16,283.5,0
14912,140.43,dining,0,0,16,12,324.4,0
4659,47.5,online_retail,0,0,21,16,1213.4,0
6483,96.72,jewelry,0,0,11,13,864.4,0
10669,135.32,dining,0,0,15,22,685.1,0
14834,21.42,dining,0,0,8,17,492.6,0
19895,59.39,online_retail,0,0,17,15,447.9,0
41,94.94,jewelry,0,0,18,16,15.2,0
12652,159.05,pharmacy,0,0,13,9,106.8,0
6037,67.47,electronics,0,0,7,23,388.8,0
18488,168.41,jewelry,0,0,12,18,620.4,0
8584,249.86,grocery,0,1,22,8,83.3,0
18894,226.42,utilities,0,0,11,25,158.4,0
19806,74.14,pharmacy,0,0,0,12,394.9,0
2798,93.42,electronics,0,0,20,13,786.8,0
5383,125.0,pharmacy,0,0,14,16,185.0,0
5538,32.81,fuel,0,0,10,7,166.5,1
4240,64.18,dining,0,0,16,10,1181.4,0
138,106.5,utilities,0,0,11,10,644.1,0
7771,209.04,dining,0,0,15,13,31.8,0
558,50.23,electronics,0,0,9,19,663.5,0
8874,114.41,jewelry,0,0,10,10,422.0,0
3911,103.8,jewelry,0,0,8,12,256.2,0
1265,73.47,utilities,0,0,19,11,756.2,0
9531,119.71,jewelry,0,0,19,11,533.0,0
16658,64.95,electronics,0,0,4,10,130.8,0
9377,94.39,utilities,0,0,14,12,674.9,0
13596,153.6,electronics,0,0,9,13,233.4,0
11726,105.0,pharmacy,0,0,21,11,215.8,0
96,301.66,pharmacy,1,0,3,14,296.8,0
12987,63.24,pharmacy,0,0,21,11,99.3,0
10697,86.27,travel,0,0,18,13,698.4,0
5949,119.23,dining,0,0,17,17,391.3,0
19383,127.7,grocery,0,0,15,12,57.7,0
12708,28.08,online_retail,0,0,1,13,417.0,0
3340,60.8,travel,0,0,22,15,1548.1,0
993,78.73,pharmacy,0,0,7,14,90.6,0
16038,46.15,electronics,0,0,13,21,667.5,0
1393,6.74,grocery,0,0,8,18,834.8,0
10372,113.94,pharmacy,0,0,10,11,368.6,0
15909,281.88,pharmacy,0,0,13,12,497.6,0
16182,91.68,pharmacy,0,0,22,14,211.7,0
17788,112.04,jewelry,1,0,11,17,21.2,0
6143,30.41,utilities,0,0,12,10,159.8,0
9870,110.48,electronics,0,0,21,11,286.6,0
9138,90.56,pharmacy,0,0,16,18,109.3,0
298,47.95,entertainment,0,0,19,11,93.1,0
17264,105.19,fuel,1,0,9,17,419.4,0
11235,144.24,travel,0,0,18,10,677.3,0
10695,175.49,travel,0,0,6,16,259.1,0
15467,158.7,travel,0,0,9,13,0.6,0
4091,79.42,dining,0,0,16,12,358.9,0
5892,132.58,fuel,0,0,8,11,807.8,0
16984,461.44,pharmacy,0,0,9,14,384.0,0
494,237.69,grocery,0,1,14,15,150.5,0
5835,153.32,utilities,0,1,13,15,105.5,0
16046,29.85,grocery,0,0,10,20,266.8,0
5604,118.23,grocery,0,1,5,12,97.4,0
3024,17.06,fuel,0,0,6,12,29.0,0
6883,84.84,jewelry,0,1,12,10,176.2,0
15394,38.06,electronics,0,0,13,15,66.7,0
10816,66.3,electronics,0,0,17,16,565.6,0
9990,46.82,pharmacy,0,0,4,18,224.7,0
9667,57.35,entertainment,0,0,15,17,413.4,0
11952,101.0,fuel,0,0,12,15,620.6,0
2821,74.42,entertainment,0,0,14,14,78.3,0
18476,212.34,electronics,0,0,12,18,251.9,0
18457,93.37,travel,0,0,15,14,139.9,0
14868,19.38,fuel,0,0,16,19,162.2,0
10859,26.09,jewelry,0,0,17,7,980.3,0
790,98.25,utilities,1,0,7,17,48.2,0
9529,178.19,entertainment,0,0,8,13,41.3,0
13144,201.35,entertainment,0,1,22,5,741.6,0
13138,188.22,electronics,0,0,16,10,246.4,0
7688,100.46,online_retail,0,0,15,10,92.8,0
4544,193.39,dining,0,1,5,13,72.3,0
577,40.0,utilities,0,0,8,12,172.0,0
960,106.02,electronics,0,1,9,15,592.1,0
6410,223.58,pharmacy,0,0,16,14,486.4,0
9855,44.96,electronics,1,0,16,13,391.4,0
5872,20.49,utilities,0,0,16,14,236.5,0
13295,127.46,grocery,0,0,15,13,223.6,0
7383,131.72,jewelry,0,0,14,17,11.7,0
6756,116.59,travel,0,0,19,11,221.5,0
7603,44.49,dining,0,0,22,12,232.2,0
2565,89.8,online_retail,0,0,7,15,67.1,0
8014,88.9,travel,1,0,12,14,279.9,0
3813,147.73,online_retail,0,0,9,16,322.8,0
10941,30.78,fuel,0,0,9,11,107.0,0
12574,166.54,jewelry,0,0,11,13,1329.4,0
745,256.24,online_retail,0,0,12,17,701.1,0
7766,73.92,pharmacy,0,0,21,20,1133.6,0
14190,33.56,online_retail,1,0,7,8,169.1,0
10209,133.45,grocery,0,0,17,10,33.8,0
13806,242.9,online_retail,0,0,7,10,407.7,0
10592,80.96,entertainment,0,0,13,11,17.3,0
19140,94.84,dining,0,0,9,10,326.1,0
14605,97.81,utilities,0,0,12,18,642.4,0
12798,147.28,entertainment,0,0,13,19,403.8,0
1863,9.15,pharmacy,0,0,12,8,72.0,0
18120,163.09,electronics,1,0,12,15,522.7,0
19577,240.92,online_retail,0,0,15,13,141.7,0
8075,91.22,utilities,0,0,2,16,487.7,0
10674,72.86,utilities,0,0,21,12,631.5,0
9992,77.47,electronics,0,0,7,14,540.1,0
4371,318.45,travel,0,0,1,12,145.0,0
1244,239.17,electronics,0,0,11,13,102.4,0
7627,109.31,electronics,0,1,3,8,72.4,1
8612,60.71,electronics,1,0,16,15,211.2,0
14296,99.21,entertainment,0,0,13,15,767.7,1
3392,30.95,travel,0,0,11,11,384.0,0
16783,70.73,travel,0,1,14,10,8.3,0
8175,379.55,electronics,0,0,10,10,62.4,0
11730,51.16,pharmacy,0,0,0,22,797.1,0
13458,38.9,pharmacy,0,0,12,10,493.2,0
18256,97.98,jewelry,0,1,20,17,114.6,0
9628,205.67,fuel,0,1,20,9,175.5,0
6662,77.04,dining,0,0,18,21,199.0,0
15237,81.49,fuel,1,0,18,8,362.6,0
6377,55.54,travel,0,0,8,14,113.3,0
444,89.88,electronics,0,0,22,11,183.8,0
4740,102.0,fuel,0,0,12,10,148.2,0
12930,27.79,jewelry,0,0,18,16,159.8,1
10312,94.15,pharmacy,0,0,15,19,1048.5,0
5446,91.7,electronics,0,0,7,16,185.6,0
3568,120.34,electronics,0,0,17,14,381.3,0
9221,135.84,entertainment,0,0,18,8,115.1,0
10999,36.55,pharmacy,0,0,11,16,307.5,0
9826,169.14,utilities,0,0,4,13,61.3,0
6218,97.95,utilities,0,0,9,17,1291.6,0
17409,33.41,fuel,0,0,11,14,67.6,0
6823,36.59,pharmacy,0,1,19,13,2874.1,0
16225,356.16,dining,0,0,9,8,68.9,1
2402,212.37,grocery,0,0,12,11,187.5,0
2327,212.79,entertainment,0,0,17,20,110.3,0
11697,38.67,online_retail,0,1,10,8,279.5,0
10232,183.56,jewelry,0,1,9,12,42.9,0
694,139.25,pharmacy,0,0,14,12,196.0,0
15048,148.41,travel,1,0,10,10,115.1,0
12472,128.69,entertainment,0,0,14,16,42.7,0
2492,306.38,grocery,0,0,17,15,707.1,0
10531,174.43,electronics,1,1,19,20,249.6,0
8798,150.94,fuel,0,1,22,13,26.7,0
6810,71.82,online_retail,0,1,15,18,171.0,0
6780,151.46,electronics,0,0,12,17,195.8,0
2937,214.15,online_retail,0,0,19,13,25.4,0
16708,117.5,travel,1,0,20,14,119.0,0
1970,23.22,online_retail,0,0,12,17,200.9,0
4835,164.89,fuel,0,0,10,18,112.4,0
12972,98.7,online_retail,0,0,12,12,17.9,0
19028,183.78,entertainment,0,0,4,20,1626.4,0
11360,119.29,utilities,0,0,15,16,451.7,1
2599,75.12,dining,0,0,18,11,57.0,0
16865,77.06,jewelry,0,0,16,18,148.6,0
10176,124.4,grocery,0,0,9,14,501.2,0
8809,101.96,online_retail,0,0,18,15,227.4,0
18102,159.76,travel,0,0,7,10,134.0,0
13554,46.72,grocery,1,1,8,17,194.0,0
19373,183.52,entertainment,0,0,15,18,742.5,0
18674,241.93,grocery,0,0,21,14,527.3,0
19344,239.75,online_retail,0,0,20,15,646.8,0
7322,70.88,grocery,0,0,20,12,414.0,0
1216,148.31,jewelry,0,0,6,10,211.8,0
3377,82.96,entertainment,0,0,8,10,206.6,0
18255,115.46,fuel,0,0,9,10,84.3,0
17324,155.67,dining,0,0,20,7,112.5,0
2052,127.22,pharmacy,0,0,8,17,881.3,0
16937,41.23,dining,0,0,1,18,925.3,0
13777,221.8,fuel,0,0,11,15,773.0,0
12882,94.12,entertainment,1,0,7,14,190.5,0
12010,52.52,jewelry,1,0,13,10,50.1,0
7444,67.35,fuel,0,0,7,18,200.6,1
5514,44.06,fuel,0,1,17,9,543.7,0
1864,101.75,travel,0,0,7,17,126.8,0
16237,135.41,electronics,0,0,3,21,290.0,0
17717,108.67,entertainment,0,0,7,14,21.2,0
12007,109.79,electronics,0,0,14,10,13.1,0
7942,258.91,utilities,0,0,21,15,97.3,0
4546,223.54,electronics,1,1,10,13,482.6,0
14670,158.57,fuel,0,0,10,15,511.3,0
17170,93.48,fuel,0,0,16,11,219.7,0
19899,44.53,dining,0,0,6,11,243.4,0
14452,49.39,travel,0,0,13,14,79.8,0
12531,74.74,pharmacy,0,0,1,8,428.1,0
7351,142.69,online_retail,0,0,14,10,199.9,0
4515,178.71,utilities,0,1,17,16,488.3,0
19379,192.95,electronics,1,0,12,12,76.4,0
17696,144.27,grocery,0,0,7,19,66.6,0
13051,62.13,electronics,0,0,9,16,216.7,0
10491,31.15,electronics,0,0,6,11,379.0,0
6525,82.33,pharmacy,0,0,22,15,245.2,0
14052,280.8,entertainment,0,0,10,18,329.0,0
3334,103.56,dining,0,0,20,8,65.6,0
15806,247.52,utilities,0,1,13,14,22.2,0
18220,91.64,online_retail,0,0,12,6,314.5,0
13674,84.01,pharmacy,0,0,16,17,808.1,1
18780,43.05,electronics,1,0,9,10,388.4,0
2346,40.51,online_retail,0,0,13,17,442.7,0
19051,81.11,online_retail,0,0,13,17,543.8,0
12943,39.32,electronics,0,0,9,12,1582.7,0
345,299.88,jewelry,1,0,14,10,153.2,0
4788,136.66,online_retail,0,0,5,14,375.0,0
14507,72.3,entertainment,0,0,7,14,987.2,0
13321,26.62,entertainment,0,0,14,15,222.2,0
4724,102.18,entertainment,1,0,4,6,45.3,1
17677,190.84,dining,0,0,18,17,1623.5,0
16837,171.25,online_retail,0,0,17,11,130.5,0
7325,129.19,online_retail,0,0,21,15,177.9,0
8090,77.18,entertainment,1,0,6,12,280.3,0
4278,156.6,jewelry,0,1,14,14,291.5,0
15958,47.7,jewelry,0,0,17,12,113.5,0
17949,35.44,grocery,0,0,15,19,37.7,0
13467,127.89,dining,0,1,18,9,78.7,0
18897,69.66,jewelry,0,0,17,10,810.5,0
9286,124.31,dining,0,0,16,16,323.9,0
14466,147.1,entertainment,1,0,7,10,231.7,0
5479,88.83,jewelry,1,0,7,16,472.3,0
1330,131.78,travel,0,1,17,15,579.6,0
12484,165.33,online_retail,0,1,6,20,121.4,0
19198,7.16,dining,1,0,20,20,836.5,0
19220,24.29,grocery,0,1,18,13,60.1,0
7331,265.62,dining,0,0,19,9,322.0,0
18451,153.62,fuel,0,0,12,15,122.3,0
9501,196.29,pharmacy,0,0,21,14,339.0,0
16362,67.08,travel,0,1,10,18,176.4,0
18482,141.93,entertainment,0,0,1,9,825.9,0
14454,173.81,dining,1,1,21,12,701.1,0
16021,98.47,dining,0,0,11,12,214.0,0
13464,62.09,electronics,0,0,6,13,142.1,0
13079,103.71,online_retail,1,1,22,14,216.0,0
12368,47.52,online_retail,0,0,20,16,769.9,0
10267,116.65,travel,0,0,21,17,22.1,0
16117,50.15,travel,0,0,10,13,197.6,0
18084,98.11,dining,0,1,8,16,1180.3,0
15618,18.32,electronics,1,0,8,16,213.1,0
17964,195.77,online_retail,0,0,7,12,173.2,0
5443,225.95,pharmacy,0,0,9,17,79.9,0
3229,83.97,pharmacy,0,0,3,15,501.9,0
16945,139.9,pharmacy,0,1,6,14,266.5,0
12258,258.74,fuel,0,1,19,15,33.3,0
9587,31.11,electronics,0,0,7,27,315.6,0
10037,47.56,jewelry,1,0,19,19,192.2,0
3480,110.76,electronics,0,0,8,11,374.2,0
16010,223.98,dining,0,0,8,8,337.0,0
18887,136.0,travel,0,0,16,14,645.3,0
15671,243.95,jewelry,0,1,20,5,204.4,0
2619,186.91,online_retail,0,0,9,10,95.8,0
9866,161.24,pharmacy,0,0,12,21,315.0,0
16256,44.28,grocery,0,0,21,7,165.1,0
4928,30.53,grocery,0,0,18,16,237.9,0
11588,386.79,entertainment,0,0,5,4,18.2,1
17136,111.67,dining,0,0,8,12,152.5,0
2394,141.86,dining,0,1,20,12,9.5,0
3202,20.4,entertainment,1,1,20,14,726.1,0
18179,304.72,utilities,0,0,12,15,634.1,0
19290,144.09,travel,0,0,8,17,846.3,0
47,87.37,electronics,0,0,2,9,408.9,0
7431,372.37,online_retail,0,0,18,4,28.2,1
5301,114.39,travel,1,0,5,13,135.0,0
14851,79.0,fuel,0,0,17,16,191.9,0
1007,324.26,travel,0,1,15,15,118.6,0
14742,141.78,pharmacy,0,0,12,15,594.6,0
4455,362.37,travel,0,0,0,21,405.8,0
5560,241.18,entertainment,0,0,5,11,335.1,0
14870,80.64,dining,0,0,13,12,124.5,0
16076,25.69,jewelry,0,1,9,10,665.7,0
13974,370.69,grocery,0,1,22,9,1361.3,0
19157,172.38,electronics,0,0,21,12,770.1,0
4076,86.41,utilities,0,1,15,15,81.6,0
4113,30.61,travel,0,0,14,10,365.6,0
12933,161.51,dining,0,1,18,9,557.3,0
19603,19.47,pharmacy,0,0,14,10,57.5,0
1156,120.33,dining,0,1,16,18,129.2,0
1777,93.09,electronics,0,0,4,17,262.3,0
15214,191.15,grocery,0,0,1,15,492.2,0
18481,68.2,dining,0,0,12,19,80.3,0
17967,133.09,electronics,0,0,14,12,401.1,0
1308,5.14,travel,0,0,13,13,17.7,0
9447,56.64,entertainment,0,0,12,20,566.3,0
12822,114.14,dining,0,0,8,8,937.9,0
19621,73.55,fuel,0,1,15,13,248.0,0
15383,20.47,electronics,0,0,22,22,45.4,0
10198,62.94,pharmacy,0,0,12,10,1064.6,0
19471,229.51,fuel,0,0,5,13,237.5,0
15396,61.53,electronics,0,0,20,12,95.8,0
4359,61.83,dining,0,0,13,16,356.0,0
8708,128.56,fuel,1,0,18,22,316.1,0
4341,150.84,utilities,0,0,14,20,14.8,0
2990,110.27,grocery,0,0,15,11,312.4,0
15953,51.17,utilities,0,0,12,6,85.8,0
2625,156.58,online_retail,0,0,16,8,1357.9,0
18819,164.54,fuel,0,0,7,11,310.7,0
15084,51.91,electronics,0,0,9,11,859.0,0
19798,123.09,utilities,0,0,8,16,242.1,0
13123,3.85,grocery,0,0,11,14,485.2,0
723,101.64,electronics,0,0,14,18,66.1,0
15061,90.94,utilities,0,0,13,13,112.9,0
15913,82.85,dining,0,0,21,16,55.8,0
3990,230.15,electronics,0,0,17,8,115.5,0
14610,144.45,pharmacy,0,0,1,12,114.6,0
9697,5.45,entertainment,0,1,5,16,211.0,0
3378,61.31,dining,1,0,21,13,60.8,0
16510,141.34,jewelry,0,0,9,17,56.2,0
18552,107.98,pharmacy,1,0,18,11,56.3,0
1718,209.07,pharmacy,1,0,6,5,342.5,0
13078,129.19,grocery,1,0,22,9,637.7,0
2609,127.5,fuel,0,0,8,14,509.5,0
15319,193.17,utilities,0,0,18,13,361.7,0
12192,124.41,utilities,1,0,11,17,1152.1,0
3268,59.86,entertainment,0,0,15,16,1376.6,0
12314,58.68,pharmacy,1,0,14,14,280.6,0
18866,24.88,electronics,1,0,22,17,2295.0,0
1890,178.59,jewelry,0,0,16,9,147.3,0
1839,48.7,entertainment,0,0,15,5,16.4,1
1976,100.01,online_retail,0,0,13,12,768.4,0
10412,16.7,grocery,1,0,17,17,417.1,0
3652,87.96,online_retail,0,0,22,9,29.4,0
3458,48.18,pharmacy,0,0,18,16,245.3,0
2264,179.05,pharmacy,0,0,20,13,61.4,0
6374,56.53,dining,0,0,15,10,423.3,0
3109,69.67,utilities,0,0,11,16,540.0,0
10570,42.1,entertainment,0,0,18,15,127.1,0
1793,83.47,grocery,1,0,12,4,109.1,0
16761,66.71,jewelry,0,0,17,8,148.4,0
630,81.84,jewelry,1,0,12,17,38.7,0
5999,88.61,jewelry,0,0,22,13,342.4,0
17086,103.06,online_retail,0,0,17,7,163.7,0
6146,112.71,online_retail,0,0,20,14,138.0,0
8391,72.5,jewelry,0,0,21,9,93.8,0
10413,47.06,online_retail,0,0,1,15,461.5,0
5336,54.47,dining,0,0,20,11,316.9,0
668,222.47,fuel,0,0,21,15,355.8,0
5491,94.94,electronics,0,0,6,21,452.3,0
7736,245.96,online_retail,0,0,11,17,978.2,0
130,89.42,pharmacy,0,0,19,8,119.5,0
19358,16.27,fuel,0,0,14,19,225.4,0
9911,45.65,electronics,0,0,14,10,607.5,0
18585,130.07,pharmacy,0,1,18,15,238.4,0
6164,51.7,pharmacy,0,1,8,16,1043.0,0
11547,85.65,fuel,0,0,10,14,460.3,0
690,39.3,travel,0,0,10,9,421.5,1
1373,171.01,online_retail,0,0,6,13,10.8,0
14129,170.71,entertainment,1,0,15,23,927.0,0
18541,261.67,utilities,1,0,4,4,69.6,1
11270,63.8,grocery,0,0,19,15,112.3,0
4319,169.43,grocery,0,0,15,15,44.5,0
15427,25.77,electronics,0,0,16,15,693.1,0
1419,46.42,jewelry,0,0,19,17,199.9,0
3023,121.27,entertainment,0,1,19,19,414.6,0
15238,44.12,dining,0,0,0,16,312.5,0
13709,64.51,jewelry,0,0,8,7,192.9,0
10799,71.61,grocery,0,0,8,14,89.3,0
3750,27.64,fuel,0,0,7,14,538.4,0
18427,78.82,entertainment,1,0,7,15,1366.7,0
19508,264.7,jewelry,0,0,11,17,185.0,0
2708,206.57,entertainment,0,0,0,18,155.8,0
4389,243.58,dining,1,0,7,15,83.8,0
7849,18.33,travel,0,1,13,16,2.0,0
16186,48.68,pharmacy,0,0,8,7,206.7,0
7340,62.07,dining,0,0,12,14,22.5,0
3300,190.85,online_retail,0,0,8,12,63.9,0
17932,69.69,travel,0,1,1,18,171.7,0
12760,17.02,entertainment,1,0,19,18,783.5,0
9633,81.51,entertainment,0,0,15,17,1068.5,0
5009,102.47,fuel,0,0,10,13,108.5,0
7487,70.79,electronics,0,0,8,14,415.5,0
4749,49.92,grocery,1,1,6,15,849.3,0
1017,131.18,electronics,0,0,20,9,1610.6,0
2807,156.53,electronics,0,0,19,8,127.8,0
17877,92.37,fuel,0,0,16,12,295.8,0
15977,83.81,entertainment,0,1,21,18,469.2,0
6035,143.54,travel,0,0,6,13,811.5,0
14997,40.58,entertainment,0,0,11,12,271.5,0
5112,86.27,grocery,0,0,4,13,181.0,0
959,240.06,dining,0,0,9,12,270.7,0
2303,27.2,utilities,0,0,9,15,425.8,0
7966,83.64,grocery,0,0,15,14,268.2,0
16650,37.85,online_retail,0,0,18,12,470.1,0
122,141.06,pharmacy,0,0,19,11,600.3,0
14845,64.49,jewelry,0,0,1,9,495.7,0
18152,47.87,dining,0,0,19,12,10.6,0
6638,49.61,jewelry,0,0,9,12,205.8,0
15860,255.18,online_retail,0,0,12,12,178.8,0
10566,59.12,fuel,1,0,7,14,510.2,0
9548,176.88,grocery,0,0,4,17,456.1,0
306,33.94,online_retail,0,0,18,19,116.6,0
992,87.2,online_retail,0,1,3,9,604.0,0
16310,220.45,fuel,0,0,14,13,170.8,0
16716,77.89,grocery,0,0,9,14,48.5,0
159,60.22,electronics,0,0,17,11,685.8,0
5696,61.4,entertainment,0,0,0,11,469.3,0
7438,187.43,electronics,0,1,11,11,325.7,0
7720,199.72,utilities,0,1,11,16,54.0,0
2138,119.34,travel,0,0,6,15,227.4,0
3739,45.14,travel,0,0,13,15,582.6,0
19973,59.93,grocery,0,1,18,12,1180.3,0
6880,90.95,electronics,0,0,10,14,1173.4,0
6195,41.92,pharmacy,0,0,8,12,416.2,0
17454,91.18,online_retail,0,0,20,11,221.1,0
5810,293.35,entertainment,0,0,15,14,1037.7,0
6511,36.57,electronics,0,1,22,9,68.9,0
5539,38.04,grocery,1,0,2,15,525.0,0
2943,110.75,jewelry,1,0,15,14,28.8,0
6591,92.29,travel,1,0,10,10,43.2,0
14554,173.23,electronics,0,0,0,9,47.0,0
13275,7.68,utilities,1,0,9,15,278.5,0
10230,78.02,jewelry,0,0,10,12,77.9,0
1565,49.49,entertainment,1,0,20,17,451.1,0
13379,93.1,electronics,1,0,17,9,691.4,0
16261,60.03,fuel,0,0,14,13,49.7,0
13025,186.41,electronics,0,0,20,9,26.1,0
5165,55.49,grocery,0,0,18,21,256.4,0
7941,333.87,electronics,0,0,13,11,280.7,0
24,183.99,travel,0,0,18,16,387.8,0
9771,105.38,pharmacy,0,1,15,17,610.0,0
4601,43.41,electronics,0,0,8,14,430.0,0
3989,194.42,grocery,0,0,11,21,130.3,0
11681,107.13,fuel,0,1,19,10,123.3,0
5041,115.67,fuel,0,0,2,13,331.5,0
2924,23.65,online_retail,0,0,21,15,119.6,0
3406,234.75,grocery,0,0,3,9,242.7,0
2202,46.6,electronics,0,0,14,15,241.3,0
16050,76.49,fuel,0,0,20,13,76.7,0
10025,120.97,pharmacy,0,0,1,18,803.0,0
3493,174.06,utilities,0,1,2,16,364.2,0
4267,177.84,jewelry,0,0,12,12,846.8,0
15384,87.46,electronics,0,0,21,13,466.6,0
5413,331.35,electronics,0,0,19,6,24.8,1
2336,102.93,jewelry,0,0,11,19,806.2,0
6598,37.05,utilities,0,1,15,11,372.9,0
718,203.13,grocery,0,0,7,13,3.2,0
8460,29.41,entertainment,0,0,3,11,501.9,0
13976,99.05,electronics,0,1,20,19,202.8,0
12800,185.12,entertainment,0,1,8,23,433.7,0
17478,102.77,online_retail,0,0,20,9,376.3,0
10677,66.59,grocery,1,0,11,15,244.0,0
7081,157.35,travel,1,0,17,18,380.9,0
618,57.71,fuel,1,0,15,13,666.5,0
15751,128.51,dining,0,1,7,17,2036.5,0
2614,17.85,online_retail,1,0,12,17,586.5,0
17510,67.57,pharmacy,0,0,7,12,43.5,0
16247,40.67,jewelry,0,0,12,10,56.3,0
4760,26.6,fuel,0,0,6,14,384.9,0
19074,209.66,electronics,0,0,14,18,44.5,0
243,280.03,entertainment,0,0,14,17,1.2,0
16210,304.13,grocery,0,1,21,9,562.1,0
14727,103.67,entertainment,0,0,6,12,122.0,0
18379,12.24,pharmacy,0,0,7,18,47.4,0
15447,46.14,travel,0,0,12,20,16.7,0
2459,79.42,electronics,0,0,21,16,525.4,0
15122,102.78,utilities,1,0,15,19,580.0,0
9574,75.64,utilities,0,0,3,8,264.8,0
6620,373.41,dining,0,0,18,9,145.1,0
19893,29.2,fuel,0,0,6,17,49.3,0
18867,18.81,fuel,1,0,7,13,901.6,0
4778,66.63,fuel,0,0,19,12,215.7,0
10914,188.58,grocery,1,0,22,12,9.9,0
3735,16.54,utilities,0,0,18,8,246.2,0
15558,70.47,dining,0,1,16,14,183.7,0
4357,48.97,entertainment,0,0,3,14,442.6,0
13991,125.88,fuel,0,0,19,12,72.6,0
6223,150.32,grocery,0,0,8,8,335.0,0
9993,272.99,jewelry,1,1,8,17,216.0,0
2092,210.72,electronics,0,0,16,18,463.4,0
7937,296.51,dining,0,0,14,16,103.3,0
7210,241.59,jewelry,0,1,8,12,22.3,0
4641,6.7,utilities,0,0,9,14,840.2,0
1248,157.8,electronics,0,0,15,14,284.0,0
14346,195.98,grocery,1,0,21,17,37.4,0
18658,114.27,jewelry,0,0,14,12,50.6,0
1060,74.69,electronics,0,1,6,15,383.4,0
11811,81.17,online_retail,0,0,18,9,374.5,0
16502,418.01,dining,0,1,11,10,271.8,0
11461,160.18,dining,0,0,13,15,164.5,0
4051,105.06,grocery,1,0,21,15,215.3,0
11193,80.41,electronics,0,0,13,13,210.5,0
1612,101.61,entertainment,1,0,13,7,334.2,0
12665,51.95,pharmacy,0,0,16,15,229.2,0
15661,220.36,utilities,0,0,19,14,480.4,0
12387,259.46,utilities,0,0,13,15,777.6,0
13980,64.67,online_retail,0,0,17,11,70.5,0
15321,77.91,dining,1,0,18,14,757.1,0
13253,70.42,entertainment,0,0,6,16,518.8,0
16799,235.2,dining,0,0,22,11,207.5,0
15915,345.71,online_retail,0,0,21,10,956.7,0
2108,139.55,travel,0,0,1,14,7.6,0
16475,18.43,electronics,0,1,14,12,1244.1,0
15359,54.26,electronics,0,1,12,14,335.8,0
3405,83.22,jewelry,0,0,3,11,80.4,0
2121,190.98,electronics,0,0,7,18,114.4,0
18124,199.14,grocery,0,0,7,16,354.2,0
9148,256.58,utilities,0,0,14,12,272.5,0
2970,123.24,entertainment,0,0,14,10,402.2,0
1769,128.39,fuel,1,0,15,15,155.8,0
13929,199.41,pharmacy,0,0,7,12,1096.9,0
8559,20.15,dining,0,0,21,9,104.9,0
12503,148.71,grocery,0,0,9,7,307.7,0
13248,68.21,electronics,0,0,21,21,8.3,0
11701,23.11,travel,0,0,13,22,255.8,0
19406,34.01,grocery,0,0,8,19,174.7,0
11832,217.0,utilities,0,0,13,13,404.0,0
4750,56.61,pharmacy,0,0,10,17,187.9,0
14416,48.03,utilities,0,0,3,12,530.3,0
19890,83.59,travel,0,0,11,18,64.8,0
17941,321.94,jewelry,0,0,22,13,1360.1,0
18129,11.28,pharmacy,0,0,13,12,599.5,0
14270,24.76,grocery,0,0,19,17,384.0,0
15849,37.0,jewelry,0,0,5,10,358.0,0
17735,101.33,dining,0,0,6,5,213.1,0
19683,274.34,fuel,0,0,8,22,108.1,0
8898,65.5,grocery,1,0,19,19,300.5,0
3846,220.49,travel,0,1,16,7,568.8,0
14442,132.77,dining,0,1,12,16,98.1,0
16386,104.92,travel,0,0,9,10,103.5,0
14722,94.42,grocery,0,0,19,10,426.9,0
19536,109.88,utilities,1,0,17,9,502.9,0
1713,40.28,dining,0,0,20,16,201.1,0
10603,50.5,jewelry,0,0,15,12,1000.2,0
4198,35.33,grocery,0,0,16,7,802.2,0
9933,151.65,pharmacy,0,0,10,17,22.2,0
8588,167.59,online_retail,0,0,7,21,47.0,1
9496,105.4,grocery,1,0,10,14,46.6,0
16305,109.51,entertainment,0,0,19,16,33.5,0
19403,22.76,fuel,0,0,19,17,19.8,0
6850,107.96,electronics,0,0,16,18,110.9,0
19098,140.61,pharmacy,0,1,22,14,54.0,0
5220,66.12,travel,0,1,13,19,143.7,0
297,168.94,utilities,0,0,13,12,287.7,0
8766,34.36,fuel,1,0,15,15,592.4,0
13718,34.43,utilities,0,0,6,8,171.5,0
2843,110.24,entertainment,0,0,8,19,479.7,0
9337,41.51,pharmacy,0,0,20,7,443.7,0
6002,185.66,dining,1,0,6,16,388.9,0
15124,117.43,dining,0,0,22,13,250.1,1
1966,25.07,travel,0,0,22,18,408.3,0
19889,77.77,jewelry,0,1,7,14,522.0,0
16786,61.66,travel,0,0,9,27,438.0,0
14934,23.66,entertainment,0,0,18,18,311.3,0
7474,142.54,dining,0,0,12,19,100.9,0
17093,86.34,fuel,0,0,19,16,905.8,0
16530,66.12,jewelry,0,0,0,11,711.2,0
9610,74.11,grocery,0,0,10,25,10.5,0
8974,103.04,dining,0,1,10,15,517.5,0
15848,281.44,pharmacy,0,0,13,10,672.6,0
14022,74.8,entertainment,0,0,20,14,95.8,0
19830,177.53,electronics,0,0,21,13,477.6,0
12902,132.47,utilities,0,0,16,19,55.8,1
2659,107.89,online_retail,0,0,19,9,179.2,0
9687,69.92,utilities,0,0,19,15,259.2,0
11920,131.08,entertainment,0,0,10,12,190.2,0
7969,52.21,travel,0,0,15,19,104.9,0
4036,73.18,pharmacy,0,0,14,15,471.2,0
9777,131.4,fuel,0,0,5,6,802.1,0
2815,69.84,jewelry,0,1,8,16,50.4,0
14008,219.1,grocery,0,0,17,22,116.7,0
5330,104.79,jewelry,0,0,11,7,511.5,0
16911,90.04,travel,1,0,16,13,32.9,0
4637,46.94,utilities,0,0,5,7,486.0,0
2875,117.82,jewelry,1,0,9,12,334.8,0
6050,12.95,pharmacy,0,0,20,14,263.2,0
13479,16.01,utilities,0,0,7,19,136.3,0
18141,44.14,dining,0,0,10,13,130.8,0
15439,351.72,dining,0,0,7,12,32.3,0
7156,152.71,dining,0,0,7,11,853.4,0
2746,86.63,online_retail,0,0,16,13,659.0,0
2347,123.63,utilities,0,0,18,11,597.4,0
19228,127.21,fuel,0,1,22,24,181.4,0
10459,86.17,entertainment,0,0,16,15,243.9,0
19681,123.63,entertainment,0,0,12,17,858.8,0
464,230.47,pharmacy,0,0,18,10,24.8,0
13711,150.99,utilities,0,1,18,9,179.8,0
15997,58.11,entertainment,0,0,22,21,344.8,0
18537,45.7,online_retail,0,0,15,17,814.8,0
10388,22.3,pharmacy,0,0,6,22,19.8,0
11750,63.19,pharmacy,0,0,11,10,268.3,0
15380,37.49,utilities,0,0,22,14,674.4,0
3943,230.08,utilities,0,0,6,15,146.4,0
12833,46.37,entertainment,0,0,22,14,170.6,0
11661,149.67,utilities,0,1,20,12,362.4,0
4705,146.58,pharmacy,0,0,17,15,853.7,0
3253,79.66,utilities,0,1,10,13,1078.8,0
5132,104.46,utilities,0,1,18,17,231.2,0
1327,37.63,grocery,0,0,20,17,211.7,0
7012,97.33,grocery,1,0,11,15,559.4,0
16730,113.7,pharmacy,0,0,16,7,723.8,0
5279,268.82,utilities,1,1,17,14,202.3,0
2158,180.53,utilities,0,1,9,13,21.3,0
2444,117.9,grocery,0,1,10,13,886.9,0
1805,104.4,travel,0,0,16,13,33.4,0
13325,146.07,travel,0,0,11,14,81.3,0
396,158.35,travel,0,0,12,17,82.1,0
176,107.38,jewelry,0,0,22,18,24.1,0
10402,366.89,online_retail,0,0,15,14,147.1,0
13988,77.74,travel,0,0,0,21,38.7,0
18830,148.78,electronics,0,0,15,15,486.7,0
19785,26.55,pharmacy,0,0,16,12,482.5,0
2038,94.15,grocery,0,0,6,8,89.8,0
18181,62.54,entertainment,0,0,12,12,31.4,0
4457,21.49,dining,0,0,8,9,68.2,0
8431,104.93,fuel,0,0,17,19,175.0,0
885,77.76,pharmacy,0,1,15,16,52.5,0
17701,150.48,jewelry,1,0,11,17,1312.1,0
4843,118.94,fuel,0,0,14,17,1447.9,0
16242,91.04,electronics,0,0,9,16,225.1,0
8953,164.11,utilities,1,0,19,7,32.0,0
1720,76.98,travel,0,0,8,12,137.7,0
3866,88.5,grocery,1,0,6,14,232.4,0
6295,114.79,utilities,0,0,18,17,738.4,0
16925,57.87,electronics,0,0,5,15,113.1,0
124,322.22,pharmacy,0,0,22,11,181.7,0
16283,169.77,electronics,1,0,10,13,76.4,0
10754,341.37,travel,1,0,18,6,109.9,1
9971,99.31,dining,0,0,5,16,630.4,0
15835,138.57,electronics,1,0,6,12,33.1,0
13746,81.79,jewelry,1,0,9,10,472.5,0
15268,262.3,entertainment,0,0,21,19,212.6,0
8112,179.54,grocery,0,1,16,9,54.2,0
15116,129.16,jewelry,0,0,17,12,384.5,0
13981,100.0,entertainment,0,0,16,15,613.8,0
17271,60.57,jewelry,0,0,9,11,446.7,0
4566,132.54,electronics,1,0,2,19,21.0,0
16035,332.54,jewelry,0,0,8,21,76.5,0
10815,44.96,dining,0,0,15,18,4.9,0
9545,199.29,pharmacy,0,0,20,8,1794.0,0
5391,73.33,utilities,0,1,15,17,543.0,0
8114,92.23,fuel,0,1,7,16,158.7,0
13482,105.23,travel,0,1,9,16,358.1,0
4839,69.19,entertainment,0,0,10,23,128.8,0
7304,26.78,entertainment,0,0,7,12,298.4,0
19656,233.31,entertainment,0,1,18,12,138.2,0
15269,71.44,utilities,0,0,4,7,867.0,0
15446,171.07,travel,0,0,16,10,787.8,0
11099,87.32,travel,0,0,13,14,227.4,0
6770,200.82,utilities,0,0,9,13,238.6,0
9197,415.58,online_retail,0,0,13,19,342.2,0
15192,43.15,utilities,0,1,19,15,217.9,0
17426,134.25,fuel,1,0,19,6,151.6,0
11620,86.11,electronics,0,1,11,20,39.6,0
3786,64.87,entertainment,0,0,18,12,151.4,0
16877,79.05,fuel,0,0,15,10,131.5,0
18824,141.32,travel,0,0,19,13,397.4,0
11839,59.57,grocery,0,0,11,13,167.0,0
13348,143.43,electronics,0,0,9,8,407.2,0
14527,141.15,fuel,0,0,14,8,23.0,0
9265,103.19,utilities,0,0,14,13,155.4,0
1922,90.38,pharmacy,0,0,6,14,25.2,0
747,54.67,electronics,0,0,20,19,151.9,0
17331,185.32,electronics,0,0,16,17,87.1,0
9712,72.69,travel,1,0,4,16,20.7,0
18532,156.55,online_retail,1,0,17,19,28.2,0
4753,174.15,fuel,0,0,19,18,229.7,0
3891,79.58,electronics,0,0,10,12,452.2,0
14091,92.72,entertainment,0,0,15,9,121.9,0
12557,58.81,jewelry,0,0,3,13,296.0,0
8189,224.22,travel,0,1,21,10,206.9,0
3282,290.08,fuel,0,0,16,8,203.5,0
5704,66.84,travel,0,0,20,9,113.5,0
16654,19.33,entertainment,0,0,12,14,1272.8,0
12835,23.07,electronics,0,0,11,17,819.5,0
11115,48.76,travel,0,0,19,13,713.6,0
333,90.03,jewelry,0,0,15,14,32.4,0
4162,90.82,utilities,0,0,10,20,874.1,0
4858,271.49,dining,0,0,22,11,135.7,0
17310,144.6,fuel,0,1,5,10,378.2,0
10975,121.44,entertainment,0,0,17,12,142.9,0
4852,19.98,utilities,0,0,19,13,9.1,0
6,120.26,jewelry,0,0,22,13,240.8,0
5085,85.33,online_retail,0,0,21,15,80.3,0
18763,63.16,entertainment,0,1,6,16,390.2,0
10600,227.94,fuel,0,0,5,7,106.8,0
15659,146.97,utilities,0,0,10,12,277.6,0
14497,146.56,grocery,0,0,18,13,82.7,0
6481,46.89,utilities,0,0,13,13,407.3,0
3752,323.29,utilities,0,1,6,13,61.6,0
3951,135.86,electronics,0,0,21,10,763.4,0
6204,269.09,entertainment,0,0,16,22,114.5,0
19597,22.09,electronics,0,0,7,10,83.5,0
2001,162.45,pharmacy,1,0,14,13,510.0,0
5651,44.64,electronics,0,0,21,13,187.5,0
9064,34.17,fuel,0,0,15,11,213.9,0
6786,210.11,pharmacy,1,0,8,13,89.1,0
6593,41.0,utilities,0,0,16,8,162.9,0
7219,21.57,fuel,0,0,7,17,196.9,0
1006,27.79,electronics,0,1,9,11,8.2,0
14378,167.92,dining,0,0,17,15,75.0,0
15501,61.68,entertainment,0,0,17,20,10.5,0
13360,54.31,dining,0,1,8,10,413.4,0
6772,74.66,fuel,0,1,8,15,8.7,0
10193,74.44,online_retail,0,0,7,17,1230.1,0
16714,129.04,grocery,0,0,15,12,115.5,0
5486,124.13,utilities,1,1,0,4,32.1,1
5082,50.31,electronics,0,0,21,17,120.4,0
2692,149.04,utilities,0,0,22,17,1132.5,0
16619,57.23,online_retail,0,0,22,14,114.5,0
4032,187.16,grocery,0,0,7,11,226.5,0
11848,259.13,online_retail,0,0,12,12,290.2,0
11544,129.36,fuel,0,0,21,13,236.1,0
11753,110.66,grocery,0,0,22,12,535.3,0
6730,179.0,travel,0,0,19,15,638.8,0
3756,39.92,dining,0,0,5,13,91.6,0
4325,114.93,utilities,0,1,21,16,411.8,0
7065,21.06,online_retail,0,0,1,15,759.8,0
5568,51.77,entertainment,0,0,9,26,255.8,0
7902,184.66,dining,0,0,13,14,1301.5,0
3570,115.04,jewelry,0,0,16,15,146.9,0
795,325.57,utilities,1,0,12,4,23.5,1
6187,329.82,entertainment,0,0,18,12,1090.3,0
4654,48.84,entertainment,0,0,22,13,116.7,0
13013,46.98,dining,0,1,6,9,404.5,0
3692,37.33,travel,1,0,12,10,378.2,0
10637,138.7,jewelry,1,0,16,12,69.2,0
1196,218.93,grocery,0,0,17,15,57.2,0
10967,125.83,jewelry,0,1,14,21,89.0,0
10428,31.96,online_retail,0,0,7,10,506.0,0
791,72.27,travel,0,0,6,11,313.1,0
15460,84.9,electronics,0,0,12,18,457.2,0
13632,14.62,jewelry,0,0,19,18,864.4,0
2002,43.61,electronics,0,0,13,19,36.5,1
17908,59.58,online_retail,0,0,4,17,104.3,0
1254,71.13,entertainment,0,1,20,12,702.8,0
9419,160.86,jewelry,1,0,16,10,159.7,0
4786,247.65,fuel,0,0,14,13,475.3,0
11140,129.54,utilities,0,0,22,16,439.4,0
11420,33.54,online_retail,0,0,7,11,356.3,0
1784,81.35,fuel,1,1,13,10,11.6,0
18995,58.3,electronics,0,0,16,14,461.6,0
10272,178.58,travel,0,0,8,18,128.2,0
12584,118.55,fuel,0,0,19,9,15.0,0
3738,72.69,pharmacy,0,0,11,14,253.3,0
6775,223.5,grocery,1,1,22,8,714.1,0
6521,13.32,jewelry,0,0,9,18,423.7,0
19856,47.16,electronics,0,0,12,15,240.3,0
17354,93.5,utilities,0,1,17,9,480.6,0
7244,118.26,online_retail,0,0,14,14,207.2,0
4394,164.99,pharmacy,0,0,18,17,1515.7,0
17280,262.64,utilities,0,0,18,18,670.2,0
11718,30.53,dining,0,0,19,15,473.8,0
18788,105.0,online_retail,1,0,13,10,205.0,0
17408,123.8,pharmacy,0,0,21,10,563.3,0
9644,62.54,online_retail,0,0,11,15,230.2,0
16487,30.83,dining,1,0,19,21,211.3,0
12518,66.4,grocery,0,0,6,15,318.6,0
19313,240.89,fuel,0,1,21,24,884.8,0
13839,50.35,jewelry,0,0,19,11,721.8,0
8924,65.67,pharmacy,0,0,10,15,38.6,0
9091,105.54,dining,0,0,19,18,105.9,0
15330,55.93,travel,0,0,22,12,522.8,0
12174,209.65,pharmacy,0,0,6,17,77.9,0
13257,94.64,grocery,0,0,19,17,307.3,0
19585,113.12,travel,0,0,2,12,364.5,0
5712,95.39,dining,1,1,15,9,220.9,0
11445,256.06,jewelry,0,0,15,10,418.1,0
19532,324.32,grocery,0,0,8,15,305.5,0
14472,191.11,online_retail,0,0,13,14,729.6,1
15052,87.81,electronics,0,0,15,15,105.5,0
18211,264.23,entertainment,0,0,18,8,841.8,0
12425,122.5,electronics,0,0,17,13,923.9,0
2191,143.54,online_retail,0,0,3,11,76.8,0
8301,96.33,utilities,0,0,20,17,64.9,0
13118,36.2,dining,0,0,0,12,61.9,0
17831,138.23,utilities,0,0,1,11,155.5,0
6256,104.29,grocery,0,0,8,8,478.3,0
3186,134.09,entertainment,0,0,9,14,26.0,0
3919,55.31,entertainment,1,0,18,9,327.7,0
12074,47.28,dining,0,0,18,11,393.4,0
3798,54.2,fuel,0,0,8,15,537.3,0
4095,55.73,dining,0,0,22,15,85.1,0
11305,39.3,utilities,0,0,11,17,213.7,0
6742,286.32,travel,0,0,19,11,201.0,0
18901,112.32,grocery,0,0,4,17,201.4,0
10479,204.28,utilities,0,0,11,20,213.5,0
6312,82.76,dining,0,0,17,7,981.6,0
15028,26.47,dining,0,0,15,14,483.8,0
13975,89.34,travel,0,1,6,14,553.9,0
3848,110.16,pharmacy,0,0,10,21,364.8,0
1412,29.16,dining,0,0,14,9,193.3,0
14560,44.34,entertainment,1,1,17,17,670.5,0
14932,363.04,fuel,1,0,8,17,45.9,0
19553,40.91,dining,0,0,14,17,753.0,0
10059,19.86,jewelry,0,0,15,16,34.6,0
11331,19.51,entertainment,0,1,11,17,2050.8,0
15699,94.09,dining,0,0,15,23,327.9,0
6794,108.77,travel,0,1,22,23,314.7,0
1676,115.52,electronics,0,1,20,11,216.6,0
7552,227.01,grocery,0,0,20,13,223.9,0
15328,603.38,electronics,0,0,17,17,160.5,0
6571,36.81,utilities,0,0,7,15,427.7,0
4377,92.83,grocery,0,0,11,12,3.2,0
5610,89.22,entertainment,1,0,13,12,258.3,0
18037,48.4,online_retail,0,0,18,9,171.2,0
6477,19.68,pharmacy,0,0,11,15,156.4,0
13158,235.06,utilities,0,0,7,16,24.7,0
19549,97.19,dining,0,0,14,11,0.4,0
14761,19.52,electronics,0,0,13,13,80.9,0
9880,69.88,travel,0,0,16,9,291.5,0
7949,78.76,pharmacy,0,0,17,16,63.1,0
14211,252.29,fuel,0,0,14,11,979.3,0
8030,127.34,grocery,1,0,11,12,107.8,0
15717,175.53,pharmacy,0,0,9,8,645.6,0
10908,229.29,dining,1,0,19,24,85.3,0
3526,155.92,online_retail,0,0,1,11,83.2,0
19753,115.59,dining,0,0,22,13,74.9,0
9892,78.54,travel,0,0,21,19,514.3,0
799,17.86,entertainment,0,0,21,15,487.6,0
2060,216.99,online_retail,0,0,7,18,1123.6,0
1358,143.99,jewelry,1,0,14,15,396.4,0
11215,86.12,fuel,0,0,13,15,68.8,0
3456,15.25,grocery,0,0,13,11,133.8,0
322,31.52,utilities,1,0,17,13,28.6,0
2066,95.18,travel,0,0,9,12,153.7,0
2477,161.25,electronics,0,0,4,14,6.6,0
15309,27.69,utilities,0,0,13,17,269.3,0
7580,175.62,utilities,0,1,4,15,114.5,0
16381,192.57,online_retail,0,0,12,5,671.1,0
14459,16.89,pharmacy,0,0,5,9,247.4,0
13449,184.53,utilities,0,0,15,15,17.2,0
1581,106.67,fuel,0,0,21,12,7.7,0
18946,84.46,fuel,0,0,22,20,401.2,0
11922,27.28,dining,0,0,22,10,820.9,0
15444,51.12,travel,0,1,22,9,825.0,0
19161,126.58,utilities,0,0,4,11,565.5,0
4387,235.71,grocery,0,0,7,18,254.1,0
3210,51.24,electronics,0,0,22,16,171.2,0
4187,71.54,grocery,1,0,4,1,107.8,1
9936,102.65,fuel,0,0,9,14,362.8,0
15179,309.47,jewelry,0,0,12,15,793.3,0
1220,109.49,entertainment,0,0,6,17,680.1,0
12295,129.27,jewelry,0,0,7,14,1510.8,0
9343,100.26,jewelry,0,1,22,9,264.1,1
11964,122.26,electronics,0,0,15,14,208.1,0
4233,227.97,pharmacy,0,0,20,8,277.2,0
17374,56.29,electronics,0,0,11,23,235.1,0
14908,133.32,electronics,0,0,6,12,130.6,0
7919,100.83,utilities,0,0,11,12,6.3,0
227,89.74,online_retail,0,0,16,15,463.4,0
7566,77.64,travel,0,1,21,13,187.2,0
15676,114.18,electronics,1,0,16,14,218.8,0
6907,177.64,pharmacy,0,0,12,21,12.4,0
15001,151.78,fuel,0,0,15,10,1224.2,0
18947,32.2,grocery,0,0,9,19,253.9,0
4140,156.84,fuel,0,0,2,21,379.7,0
19818,44.99,jewelry,0,0,17,17,56.3,0
8773,236.49,dining,1,0,2,8,16.4,0
5306,195.01,dining,1,0,21,21,571.9,0
11672,86.31,entertainment,0,0,10,14,144.9,0
7412,139.99,utilities,0,0,20,15,529.8,0
2792,56.83,utilities,0,0,22,16,306.2,0
634,116.36,electronics,0,1,2,12,171.3,0
404,80.81,utilities,0,0,20,17,456.0,0
13951,76.69,pharmacy,0,1,18,17,536.2,0
2896,114.56,dining,0,0,12,12,9.3,0
10110,168.84,grocery,0,0,13,13,335.3,0
3826,100.2,online_retail,0,0,22,13,137.7,0
2104,197.06,utilities,0,0,10,16,1209.9,0
15338,39.1,grocery,0,0,6,11,163.7,0
8854,52.62,electronics,0,0,17,11,643.5,0
17619,287.24,online_retail,0,0,18,13,959.6,0
15473,105.25,travel,0,1,9,13,385.4,0
389,36.7,grocery,0,0,22,9,1859.7,0
7076,78.05,dining,0,1,9,18,352.7,0
13022,49.26,travel,1,0,4,7,114.7,1
4817,127.16,online_retail,0,0,13,17,132.1,0
9225,184.95,entertainment,0,0,18,10,235.9,0
2764,96.84,utilities,0,1,14,17,198.6,0
18699,130.07,grocery,0,1,19,9,384.9,0
5672,120.51,entertainment,0,1,6,9,0.7,0
15706,97.89,online_retail,0,1,11,8,79.8,0
13073,105.0,jewelry,1,0,17,11,104.8,0
4847,325.78,entertainment,0,0,22,14,218.8,0
4901,73.34,travel,0,1,6,22,1040.4,0
12359,215.62,jewelry,0,1,9,17,205.5,0
4518,135.14,grocery,0,0,9,18,346.7,0
17248,70.84,jewelry,0,0,6,16,35.1,0
11978,133.38,online_retail,0,0,12,8,170.2,0
12448,40.53,jewelry,0,0,10,14,68.8,0
17433,150.06,entertainment,0,0,6,22,1169.3,0
6617,111.27,electronics,0,0,11,15,3.2,0
19448,306.98,dining,0,1,17,10,63.4,0
6025,119.89,online_retail,0,1,17,15,42.3,0
14948,100.18,entertainment,0,0,20,11,839.2,0
2573,40.16,pharmacy,0,0,14,16,109.5,0
9074,94.35,electronics,0,0,9,13,305.6,0
3188,110.41,grocery,0,0,7,9,294.7,0
12200,132.99,online_retail,0,1,11,14,1156.8,0
13895,83.38,pharmacy,0,0,12,18,215.6,0
11687,41.88,electronics,1,1,7,23,173.3,0
18960,54.6,dining,1,0,15,15,507.1,0
3509,67.58,electronics,1,0,8,10,542.6,0
18551,38.51,utilities,0,0,18,19,208.1,0
5513,207.28,fuel,0,0,10,12,210.4,0
1383,104.1,entertainment,0,1,17,10,199.7,0
13902,84.04,jewelry,0,0,16,12,490.7,0
12384,86.79,fuel,0,1,15,22,1327.3,0
383,62.86,jewelry,0,0,8,13,581.3,0
3400,19.12,pharmacy,0,0,4,13,19.2,0
12078,217.06,electronics,0,1,6,20,149.7,0
32,14.32,fuel,0,1,20,14,256.9,0
17118,180.76,pharmacy,0,0,15,18,69.5,0
12782,75.76,entertainment,0,0,20,9,188.3,0
112,173.51,electronics,0,0,21,16,221.6,0
4594,190.31,fuel,0,0,22,15,45.2,0
17822,20.85,entertainment,0,0,19,15,333.8,0
12202,102.16,fuel,0,0,17,15,97.5,0
16409,40.61,fuel,1,0,15,15,633.3,0
15425,40.77,dining,0,1,22,16,1475.1,0
11951,236.15,grocery,0,0,13,15,153.2,0
8878,156.25,fuel,0,0,11,22,619.8,0
10613,70.43,jewelry,0,0,8,11,136.1,0
2801,46.35,jewelry,0,1,22,11,432.0,0
16938,71.47,grocery,0,0,22,16,196.1,0
1672,45.98,grocery,0,0,12,13,230.5,0
17713,466.03,travel,1,0,1,10,34.8,1
13324,180.64,fuel,0,0,19,14,206.1,0
16777,137.23,utilities,1,0,17,17,42.8,0
12395,71.99,entertainment,0,0,1,12,62.2,0
4037,98.75,entertainment,0,0,10,15,170.2,0
3314,85.07,utilities,0,0,5,10,60.8,0
4608,74.59,travel,0,0,8,21,56.2,0
14203,40.43,travel,1,0,6,14,47.9,0
13424,18.48,travel,0,0,12,20,334.2,0
13780,50.28,jewelry,0,0,9,19,73.0,0
10586,193.63,jewelry,0,1,12,13,745.5,0
9135,101.34,jewelry,0,0,21,18,900.4,0
5020,134.91,pharmacy,0,0,2,10,85.2,0
11624,137.0,electronics,0,0,18,14,92.2,0
18737,154.19,utilities,0,1,11,12,157.6,0
9616,196.22,travel,0,0,22,8,435.0,0
13944,110.99,electronics,0,0,16,16,193.6,0
3294,152.9,travel,0,1,17,7,510.8,0
14943,52.3,grocery,1,0,21,11,392.5,0
2736,118.64,dining,0,1,14,12,51.2,0
2331,47.5,travel,0,0,14,12,124.1,0
17668,144.77,dining,0,0,13,13,211.9,0
13938,80.15,entertainment,0,0,9,12,85.6,0
4135,259.07,entertainment,0,0,14,10,49.3,0
15209,54.63,electronics,0,0,22,9,742.5,0
13600,67.03,jewelry,0,0,9,15,40.9,0
15727,71.77,travel,0,1,13,15,343.1,0
19706,44.66,grocery,1,0,16,17,79.4,0
17480,17.18,electronics,0,0,17,9,309.9,0
4508,265.46,jewelry,0,0,10,16,28.9,0
1097,151.57,grocery,0,0,11,15,153.7,0
164,18.29,jewelry,0,1,9,11,71.4,0
3320,300.87,jewelry,0,0,21,14,62.1,0
2447,148.59,online_retail,0,0,10,19,346.4,0
8127,215.05,fuel,0,0,6,14,1258.8,0
10337,165.87,online_retail,0,0,14,14,263.9,0
19485,178.56,entertainment,0,0,17,15,395.0,0
9212,67.45,entertainment,0,0,15,9,363.7,0
5026,178.43,online_retail,0,0,10,14,279.0,0
1022,56.46,jewelry,0,0,22,15,555.6,0
9053,277.12,utilities,0,0,14,14,130.0,0
18274,52.21,online_retail,0,0,22,13,838.8,0
18232,65.81,travel,0,0,16,9,658.9,0
13284,15.16,online_retail,0,0,8,14,662.2,0
3383,101.93,pharmacy,0,0,20,17,11.1,0
17723,118.31,utilities,0,1,10,12,549.3,0
15883,40.16,dining,1,0,5,10,26.0,0
18415,95.74,dining,1,0,6,13,329.5,0
2650,101.05,utilities,0,0,14,17,469.3,0
9782,90.21,dining,0,0,9,16,730.7,0
9470,76.27,utilities,0,0,17,13,569.2,0
13844,92.1,utilities,0,0,7,21,393.3,0
1801,87.86,grocery,0,1,13,24,257.8,0
17936,30.89,electronics,0,0,21,14,329.4,0
15715,69.96,grocery,0,0,9,16,12.6,0
19966,193.85,jewelry,0,0,16,8,43.8,0
19269,77.11,dining,0,0,17,13,257.7,0
8236,263.56,travel,0,0,11,16,38.0,0
6208,70.26,jewelry,0,1,21,16,125.8,0
16349,109.55,pharmacy,0,1,6,16,370.6,0
13994,74.53,dining,0,0,18,13,856.8,0
14011,131.06,pharmacy,0,0,5,19,119.7,0
10028,125.94,dining,0,0,15,13,360.1,0
4005,162.92,electronics,0,0,8,10,71.6,0
6418,16.7,fuel,0,0,6,16,292.1,0
4432,93.1,online_retail,0,0,7,15,46.3,0
11799,26.23,dining,0,0,14,13,306.1,0
10934,54.18,entertainment,0,0,13,14,24.0,0
4196,94.82,entertainment,0,0,7,20,453.8,0
15073,178.69,electronics,0,0,21,15,558.9,0
8840,253.51,dining,0,0,10,17,224.3,0
5177,129.78,jewelry,0,0,11,8,92.0,0
15407,253.46,travel,1,0,21,11,112.8,0
17660,89.66,electronics,0,0,20,12,379.8,0
18074,44.66,jewelry,0,0,20,15,26.7,0
7137,111.26,travel,0,0,8,18,700.7,0
12430,126.08,electronics,0,0,3,13,86.3,0
8733,87.02,dining,0,0,22,20,924.6,0
727,128.08,utilities,0,0,20,17,2478.1,0
13863,126.7,utilities,1,1,8,19,293.2,0
16197,231.32,fuel,0,0,17,12,965.7,0
473,93.9,dining,0,0,4,10,279.7,0
6407,165.15,jewelry,0,0,6,18,67.8,0
3768,120.22,fuel,0,0,17,15,116.2,0
6887,14.06,online_retail,0,0,13,6,546.2,0
9349,28.74,entertainment,0,0,7,11,380.7,0
7721,181.81,entertainment,0,0,0,12,185.9,0
1093,31.57,dining,0,0,21,11,948.5,0
16466,46.85,entertainment,0,0,6,14,52.4,0
13425,30.83,online_retail,0,0,8,18,963.1,0
406,100.23,utilities,1,0,4,15,283.9,0
6885,173.57,entertainment,0,0,19,23,150.2,0
4145,63.27,jewelry,1,0,9,9,244.5,0
16205,51.89,entertainment,0,0,12,14,16.8,0
9099,84.08,online_retail,0,0,12,12,1250.9,0
3806,49.9,travel,1,1,8,15,376.4,0
12365,204.99,travel,0,0,20,13,134.1,0
17776,387.92,jewelry,0,0,8,9,9.7,0
5919,147.4,electronics,1,0,6,13,87.0,0
15336,351.6,travel,0,0,10,8,104.0,0
8000,141.97,entertainment,0,0,2,11,242.4,0
17755,127.0,utilities,0,0,4,21,202.1,0
6990,42.12,grocery,0,0,20,13,50.9,1
15374,69.26,entertainment,0,1,19,13,205.9,0
254,220.96,online_retail,0,0,9,9,288.9,0
16764,74.68,jewelry,0,0,7,15,57.4,0
1042,25.02,entertainment,0,0,10,20,198.4,0
4926,186.07,utilities,1,0,11,5,86.9,1
12043,31.41,pharmacy,0,1,14,19,845.4,0
1683,111.89,utilities,0,1,22,18,513.3,0
4247,83.1,entertainment,0,0,7,17,998.4,0
6783,94.92,grocery,0,0,15,19,212.9,0
13589,17.42,fuel,0,0,20,11,115.8,0
18840,161.39,dining,0,0,10,18,88.4,0
19993,46.5,jewelry,0,1,12,17,669.5,0
13759,56.07,utilities,0,0,16,13,301.6,0
18756,10.51,entertainment,0,0,16,16,212.5,0
5517,63.82,utilities,0,0,11,15,117.2,0
11979,40.07,grocery,0,0,19,16,510.8,0
16072,164.28,entertainment,0,0,16,9,110.7,0
12638,72.9,grocery,0,0,7,19,491.7,0
11992,128.56,dining,0,0,18,10,206.2,0
14247,12.37,travel,0,0,10,9,357.7,0
5017,89.53,pharmacy,0,0,6,16,246.2,0
6597,40.64,fuel,0,0,6,12,613.2,0
2332,34.79,dining,0,0,8,16,117.8,0
14147,83.34,pharmacy,0,0,15,14,6.9,0
2733,147.1,utilities,0,0,14,8,24.9,0
17626,213.09,pharmacy,0,0,21,14,1317.3,0
2634,355.46,utilities,0,0,10,15,51.7,0
18025,133.37,pharmacy,0,0,15,12,13.5,0
13442,280.79,entertainment,0,0,8,15,828.1,0
9215,43.2,online_retail,0,0,11,13,225.4,0
5719,146.69,grocery,0,0,7,15,108.1,0
510,170.82,fuel,0,0,13,15,120.4,0
15543,104.79,fuel,0,0,5,5,2.0,1
19362,161.34,electronics,0,0,8,14,142.1,0
11596,21.11,grocery,1,0,9,16,200.5,0
750,241.94,travel,0,0,17,15,577.9,0
14885,55.84,utilities,0,0,12,13,444.4,0
6318,124.53,electronics,0,1,13,12,3.8,0
18495,17.53,travel,0,0,8,14,526.8,0
17197,58.24,travel,0,0,9,9,393.6,0
1344,247.16,pharmacy,0,0,20,19,285.9,0
15065,72.01,dining,0,0,11,15,258.6,0
9571,76.73,electronics,0,0,9,9,202.6,0
13694,129.5,fuel,0,0,8,17,303.2,0
1875,36.28,pharmacy,0,1,12,5,333.3,0
3204,73.56,dining,0,0,13,17,142.6,0
3041,80.25,grocery,1,0,14,13,13.1,0
19021,24.57,pharmacy,0,1,22,19,359.4,0
3988,147.02,travel,0,0,8,18,60.5,0
12748,56.08,travel,0,1,20,11,322.0,0
619,74.29,electronics,0,0,3,16,449.3,0
9800,24.06,online_retail,0,0,22,19,657.5,0
10572,95.15,jewelry,0,0,10,8,148.4,0
3608,8.84,entertainment,0,0,16,11,64.9,0
18842,251.88,electronics,0,0,20,12,60.3,0
15500,59.2,utilities,0,1,5,10,372.0,0
7039,94.89,travel,0,0,13,15,112.2,0
113,70.36,electronics,0,0,2,17,251.8,0
16992,100.07,utilities,0,1,13,18,89.9,0
19338,319.04,grocery,0,0,22,14,124.7,0
17212,85.53,jewelry,0,0,11,13,1173.2,0
11195,80.62,grocery,0,0,9,10,228.4,0
2501,100.81,travel,0,0,18,17,473.7,0
1421,200.59,travel,0,1,17,16,86.3,0
5151,54.35,jewelry,0,0,20,9,24.4,0
19701,110.09,utilities,0,0,17,11,322.1,0
13125,226.8,online_retail,0,1,7,20,250.9,0
11883,201.14,online_retail,0,1,7,15,298.4,0
11589,131.47,utilities,0,0,21,8,214.1,0
3286,118.82,online_retail,1,0,8,6,11.5,0
13403,51.66,pharmacy,0,0,17,7,947.3,0
11635,181.87,dining,0,0,19,11,9.3,0
16876,40.0,pharmacy,0,0,17,11,1573.1,0
5656,210.77,entertainment,1,0,13,16,89.7,0
10771,278.18,online_retail,1,1,6,18,53.7,0
18818,193.7,dining,1,0,0,9,166.4,0
6398,138.59,utilities,0,0,19,11,291.9,0
11969,58.18,online_retail,0,0,17,21,151.9,0
258,258.73,online_retail,1,0,13,9,58.8,0
12767,210.71,fuel,0,0,10,23,152.7,0
3185,138.2,dining,0,0,20,16,490.2,0
19150,51.92,electronics,0,1,7,8,451.6,0
1690,174.72,electronics,0,0,19,9,939.6,0
16193,39.28,grocery,0,1,15,18,256.4,0
9482,97.95,dining,0,0,15,17,699.3,0
11089,127.92,grocery,0,0,16,18,422.4,0
7089,161.68,entertainment,0,0,6,11,11.9,0
16958,79.59,grocery,0,0,10,13,24.5,0
8548,20.99,entertainment,0,0,10,16,306.8,0
9986,75.83,pharmacy,0,0,11,8,76.8,0
4510,60.58,travel,0,0,9,12,140.2,0
9432,157.35,pharmacy,1,0,3,11,330.3,0
3450,64.09,dining,0,0,17,10,155.3,0
15756,107.79,online_retail,0,0,20,15,256.6,0
12628,104.56,electronics,0,0,16,7,101.6,0
5045,123.8,electronics,0,0,15,12,97.4,0
3882,32.15,pharmacy,0,0,19,18,413.0,0
11985,28.81,electronics,0,0,14,14,419.3,0
15744,37.19,electronics,0,0,2,12,345.7,0
14946,84.52,electronics,0,0,22,17,153.1,0
6995,151.54,online_retail,0,0,15,18,585.0,0
9583,276.74,entertainment,0,0,12,19,820.7,0
1979,125.73,grocery,0,0,17,18,95.8,0
1478,116.31,travel,0,0,17,16,185.0,0
3375,21.14,electronics,0,0,17,16,47.9,0
13881,25.82,electronics,0,0,17,19,457.9,0
17241,254.29,travel,1,0,17,11,375.3,0
1694,119.62,grocery,0,0,20,14,49.5,0
2672,19.19,travel,0,0,16,12,422.8,0
37,111.56,pharmacy,0,1,12,18,365.3,0
8931,210.44,grocery,1,0,11,14,347.5,0
2432,308.52,online_retail,0,0,4,6,43.7,1
259,167.08,grocery,0,0,7,13,415.2,0
11582,124.8,online_retail,0,0,7,10,771.3,0
19842,164.65,online_retail,0,0,8,13,671.3,0
11671,75.6,online_retail,0,0,17,20,75.0,0
2772,47.9,travel,0,0,19,12,879.0,0
11299,59.87,jewelry,0,0,22,18,274.9,0
12577,53.24,jewelry,0,0,7,14,80.4,0
432,221.02,online_retail,0,0,21,11,49.7,0
10064,291.59,electronics,0,0,20,15,107.9,0
16289,33.17,pharmacy,1,0,10,8,487.0,0
9666,176.25,utilities,0,0,13,15,490.6,0
1947,62.41,utilities,0,0,0,12,5.7,0
5593,191.71,fuel,1,0,10,11,239.0,0
6292,70.13,dining,1,0,18,13,143.0,0
19923,174.63,online_retail,0,0,12,7,72.2,0
1764,102.77,grocery,0,0,15,17,276.7,0
8291,202.85,online_retail,0,0,21,16,506.6,0
15368,131.81,grocery,0,0,7,15,527.0,0
4266,67.69,travel,0,0,14,11,275.3,0
13366,214.8,travel,0,0,19,19,166.3,0
14546,220.7,electronics,0,0,18,10,184.1,0
5724,248.21,pharmacy,0,0,12,13,202.7,0
13544,9.52,fuel,0,0,6,11,282.5,0
18210,181.8,utilities,0,0,16,14,428.8,0
18655,127.9,electronics,0,0,12,16,653.4,0
20,54.74,grocery,0,0,9,11,268.7,1
8473,76.07,travel,1,1,22,16,527.1,0
17011,61.14,grocery,1,0,12,12,371.8,0
18873,29.68,dining,1,0,11,16,339.7,0
10776,29.87,entertainment,0,0,10,9,3.3,0
16069,209.29,jewelry,0,0,9,12,1.5,0
18428,37.58,utilities,0,0,7,11,1286.2,0
7073,44.2,travel,0,0,11,6,561.3,0
8021,41.94,travel,0,0,4,15,957.0,0
6045,242.14,entertainment,0,0,11,11,104.0,0
15754,56.94,fuel,0,0,22,16,311.8,0
18183,78.07,grocery,0,1,8,12,99.0,0
6615,79.35,electronics,0,0,15,20,83.5,0
14695,208.73,fuel,0,1,7,8,263.9,0
17090,89.7,grocery,0,0,14,16,193.0,0
13077,39.94,pharmacy,0,0,19,16,561.7,0
19728,228.75,utilities,1,0,7,14,55.2,0
13121,139.03,online_retail,0,0,8,4,301.3,0
9046,293.34,utilities,0,0,15,15,675.7,0
4369,64.2,jewelry,0,0,10,22,57.4,0
11924,37.28,dining,0,0,6,18,73.1,0
1166,88.96,entertainment,0,0,18,9,276.6,0
1013,11.48,entertainment,0,0,19,12,227.3,0
7789,105.1,utilities,0,0,21,12,563.4,0
18266,95.84,travel,0,0,13,21,114.5,1
3575,152.44,dining,0,1,22,16,600.8,0
6022,60.09,utilities,0,0,22,16,18.0,0
395,111.46,online_retail,0,0,5,6,27.6,0
15034,42.42,online_retail,0,0,7,20,512.2,0
12244,134.08,jewelry,0,0,19,12,477.7,0
12075,120.34,jewelry,0,1,14,10,776.0,0
2920,110.66,jewelry,0,0,9,11,1559.7,0
16486,146.28,entertainment,0,0,22,17,108.3,0
10921,189.6,online_retail,0,0,14,12,233.0,0
7858,176.19,fuel,0,0,13,12,592.0,0
14762,109.31,utilities,0,0,7,12,75.9,0
13525,54.2,jewelry,0,0,0,18,421.1,0
2223,109.62,electronics,0,0,3,14,382.7,0
3154,200.98,grocery,0,1,12,10,437.9,0
16081,277.08,utilities,0,0,7,11,130.2,0
16366,40.57,travel,0,0,21,11,388.2,0
5632,121.42,grocery,0,0,12,18,352.1,0
10922,142.74,entertainment,0,0,11,13,2.6,0
16463,35.85,pharmacy,0,0,10,10,537.3,0
1987,200.08,utilities,0,0,5,18,97.5,0
14687,52.32,entertainment,0,0,18,18,44.5,0
15307,260.66,online_retail,0,0,14,19,3.6,0
63,92.68,fuel,0,0,1,19,731.0,0
1064,71.73,utilities,0,0,6,13,44.0,0
4979,67.25,jewelry,0,0,18,15,1.3,1
12328,47.69,grocery,0,0,21,11,379.3,0
11557,74.8,entertainment,0,0,21,11,94.3,0
3763,124.29,entertainment,0,0,6,11,344.4,0
13557,115.53,grocery,0,0,18,11,5.5,0
19457,76.37,electronics,0,0,17,12,1163.9,0
7090,152.08,utilities,1,1,17,14,114.9,0
15227,124.53,fuel,0,0,15,12,261.9,0
3874,77.0,electronics,0,1,6,15,13.9,0
17187,104.15,pharmacy,1,0,12,14,1547.1,0
19417,24.74,pharmacy,0,0,9,13,316.6,0
14511,19.76,entertainment,1,0,2,16,258.5,0
9242,198.4,electronics,1,0,8,27,62.5,0
18836,57.69,travel,0,0,21,10,1357.5,0
18066,76.41,electronics,1,1,19,19,369.5,0
5068,29.36,jewelry,0,0,21,9,263.1,0
11601,177.04,dining,0,0,22,16,210.9,0
274,93.9,jewelry,0,0,16,16,6.8,0
7795,106.97,utilities,0,0,22,15,62.7,0
16493,104.29,travel,0,0,13,21,30.9,0
949,210.55,electronics,0,0,8,7,2.3,0
3944,107.56,grocery,0,0,17,16,154.0,0
7385,31.49,pharmacy,0,0,14,13,331.9,0
15281,51.73,travel,1,0,8,17,5.0,0
6993,68.17,pharmacy,0,1,6,22,99.2,0
640,63.24,pharmacy,1,0,12,9,96.3,0
19223,35.2,fuel,0,1,15,18,304.9,0
7363,201.65,online_retail,0,0,17,13,280.2,0
16995,158.49,online_retail,0,0,20,20,30.0,0
15388,39.43,dining,0,0,6,18,34.9,0
5532,60.96,grocery,0,0,10,13,657.1,1
11405,83.38,utilities,0,0,16,11,1126.4,0
665,69.48,entertainment,0,0,20,16,48.8,0
15232,101.35,pharmacy,0,0,10,17,588.3,0
12270,145.9,jewelry,0,0,7,20,258.2,0
4094,128.96,fuel,0,0,22,17,301.0,0
11400,82.49,online_retail,0,0,18,12,186.7,0
16367,125.84,dining,0,0,9,14,1318.5,0
3629,267.56,travel,0,0,12,16,461.7,0
10525,89.17,travel,0,0,12,16,167.6,0
3026,68.25,fuel,0,0,19,13,515.9,0
14467,115.58,travel,0,0,20,12,1305.8,0
2479,72.19,pharmacy,0,1,11,15,121.9,0
9022,41.9,dining,0,0,15,20,577.8,0
11122,113.84,electronics,0,1,6,15,24.8,0
10252,163.05,grocery,0,0,8,11,57.1,0
19576,38.97,fuel,0,0,12,11,152.4,0
7232,134.38,dining,0,0,21,12,288.5,0
18502,90.17,fuel,1,0,8,13,126.1,0
3341,86.18,entertainment,0,0,13,8,225.5,0
9282,56.2,online_retail,0,0,18,10,400.2,0
19528,111.95,travel,0,0,10,11,51.7,0
18619,88.05,pharmacy,0,1,7,14,438.8,0
12284,14.65,entertainment,0,0,11,14,152.3,0
15187,62.94,electronics,0,0,11,20,13.4,0
4994,148.61,entertainment,0,0,15,13,83.5,0
9591,131.52,travel,0,0,11,16,73.2,0
19476,128.37,fuel,0,0,16,13,117.8,0
17748,143.45,grocery,0,1,13,15,179.4,0
8567,72.88,online_retail,0,0,8,10,346.8,0
2531,560.73,electronics,0,1,2,6,10.0,1
955,104.36,entertainment,0,0,15,18,795.2,0
3929,35.38,pharmacy,0,0,15,16,66.3,0
12536,36.09,online_retail,0,0,9,10,163.5,0
15969,29.31,fuel,0,1,21,12,1238.6,0
19598,34.81,grocery,0,0,9,13,922.8,0
10431,71.57,travel,1,0,22,23,18.2,0
9354,303.54,jewelry,0,0,21,15,46.0,0
17076,18.99,travel,0,0,15,11,1170.6,0
10770,208.58,utilities,0,0,7,14,362.6,0
9088,57.95,utilities,0,0,22,9,343.6,0
5867,26.96,grocery,0,0,6,11,498.2,0
1910,116.37,utilities,0,0,5,15,757.8,0
17912,237.24,travel,0,1,20,8,481.6,0
8271,92.24,jewelry,0,0,15,13,253.9,0
487,152.84,travel,0,0,8,9,724.9,0
3273,40.98,travel,1,0,14,15,47.8,0
12732,101.73,dining,0,0,15,12,44.1,1
185,169.75,electronics,0,1,17,20,335.0,0
7715,160.9,entertainment,0,0,20,13,19.9,0
15521,63.29,jewelry,1,0,16,11,360.4,0
16181,78.61,online_retail,0,0,6,5,43.5,0
13399,182.84,fuel,0,0,5,13,243.9,0
3178,140.12,dining,1,0,11,17,576.4,0
19848,81.26,grocery,0,0,16,16,235.6,0
15373,94.56,jewelry,0,0,20,25,23.9,0
11976,125.23,electronics,0,0,10,15,400.4,0
7133,105.58,dining,0,0,5,7,184.4,0
17198,259.33,online_retail,0,0,6,19,1295.6,0
8487,152.9,jewelry,0,0,7,6,572.0,0
16768,119.57,online_retail,0,0,17,11,117.3,0
9827,296.51,jewelry,1,0,22,14,484.0,0
15823,130.02,electronics,0,1,20,8,100.2,0
14333,113.92,online_retail,0,0,4,16,563.8,0
19182,31.97,utilities,1,0,17,10,350.1,0
17986,63.61,utilities,0,0,19,9,11.4,0
12843,289.65,fuel,0,0,6,13,207.4,0
6693,72.14,jewelry,0,0,18,20,175.8,0
2313,42.7,jewelry,0,1,19,13,232.3,0
16084,32.14,travel,0,0,7,11,600.3,0
3645,163.99,grocery,0,0,6,17,199.8,0
7675,101.98,grocery,0,0,22,16,114.4,0
6841,278.75,entertainment,0,0,14,10,153.2,0
5494,58.94,electronics,0,0,11,16,29.0,0
9735,170.51,pharmacy,0,0,5,3,23.1,1
3793,107.06,utilities,1,0,21,20,303.6,0
15832,62.54,online_retail,0,0,9,15,26.9,0
6656,68.4,electronics,1,0,17,14,734.5,0
19649,106.31,online_retail,0,0,16,21,610.2,0
12374,65.47,entertainment,0,1,12,19,933.2,0
1540,125.69,fuel,0,0,11,13,831.3,0
18888,81.3,utilities,0,0,8,13,46.0,0
15910,102.92,online_retail,0,0,14,11,73.2,0
14365,28.38,travel,0,0,15,11,987.6,0
15364,270.47,utilities,1,1,7,12,124.9,0
4675,188.67,pharmacy,0,0,16,12,1344.6,0
17539,49.31,electronics,0,0,14,14,97.4,0
16085,200.95,online_retail,0,0,9,15,227.9,0
13328,129.05,utilities,0,0,21,5,46.3,0
9917,101.93,travel,0,0,20,14,1482.4,0
9079,258.23,fuel,0,1,5,6,11.1,1
9268,104.91,fuel,0,1,13,16,177.7,0
16136,141.8,fuel,0,0,10,25,1270.0,0
1150,163.1,utilities,0,0,18,15,806.9,0
16448,101.84,travel,0,0,11,9,652.2,0
15544,72.51,entertainment,0,1,19,12,37.3,0
9325,73.52,grocery,0,0,11,14,360.0,0
8342,139.65,dining,0,1,22,18,237.8,0
16711,85.71,fuel,0,1,9,22,723.0,0
17900,98.97,travel,1,1,15,16,256.8,0
11584,86.98,jewelry,0,0,12,15,140.1,0
10757,315.96,entertainment,0,0,18,9,525.0,0
10534,177.28,utilities,0,1,20,19,722.0,0
8188,146.97,travel,0,0,21,9,158.1,0
8071,134.72,online_retail,0,0,9,17,72.1,0
8842,77.35,entertainment,1,0,22,12,14.3,0
7847,66.0,entertainment,0,0,9,9,62.0,0
1380,50.94,utilities,0,0,19,19,76.4,0
10581,156.54,pharmacy,0,0,9,15,573.9,0
4917,126.69,pharmacy,0,0,5,12,292.0,0
10746,118.66,travel,0,0,22,13,449.6,0
9565,17.39,dining,0,0,3,15,217.6,0
8265,73.07,pharmacy,0,1,6,6,43.2,0
17832,74.07,utilities,0,1,10,14,2.0,0
15711,370.05,fuel,0,0,18,13,127.7,0
14643,110.86,grocery,0,1,19,15,155.8,0
14626,34.46,utilities,0,0,14,13,247.1,0
15923,35.85,pharmacy,0,1,6,21,303.3,0
12343,195.71,pharmacy,0,0,6,12,211.7,0
11515,254.82,entertainment,0,0,20,9,111.6,0
15780,50.47,entertainment,0,0,4,13,411.2,0
15753,85.33,electronics,0,0,5,14,910.3,0
18511,98.48,grocery,0,0,9,7,71.6,0
5592,177.44,pharmacy,1,0,7,17,621.7,0
3789,76.13,utilities,0,0,14,11,66.8,0
14146,37.41,dining,0,0,8,18,121.6,0
6158,180.7,utilities,1,0,14,10,460.1,0
15035,46.26,fuel,0,0,13,12,179.2,0
2919,134.16,electronics,0,0,18,14,155.3,0
19333,47.66,fuel,0,1,10,21,352.0,0
5059,283.22,pharmacy,0,0,11,11,309.2,0
13626,293.14,fuel,0,0,20,14,155.8,0
11789,115.13,travel,0,0,10,15,17.8,0
5382,175.89,travel,0,0,16,22,137.0,0
5634,340.64,electronics,0,0,16,6,17.2,0
6286,99.56,electronics,0,0,9,17,53.9,0
4376,121.24,jewelry,0,0,6,14,264.5,0
3319,76.23,jewelry,1,0,22,14,340.7,0
17266,215.26,electronics,0,0,20,22,129.4,0
476,64.46,electronics,0,0,17,15,301.1,0
9304,85.15,fuel,0,0,6,8,427.2,0
9489,82.49,fuel,0,0,10,26,179.3,0
18229,186.34,online_retail,0,1,2,18,432.6,0
1197,139.8,entertainment,1,0,9,14,57.9,0
8131,76.18,travel,1,0,6,21,101.7,0
14477,180.98,electronics,0,0,14,16,167.5,0
18501,60.31,pharmacy,1,1,10,11,887.5,0
10146,79.28,fuel,0,0,7,13,961.8,1
1804,141.41,dining,0,0,20,17,85.5,0
9559,56.63,utilities,0,0,15,14,480.8,0
18895,184.21,jewelry,0,0,14,9,158.0,0
11371,47.21,dining,0,0,12,15,418.9,0
16499,52.56,utilities,0,0,14,14,104.5,0
19594,227.79,pharmacy,0,0,21,15,600.7,0
11238,47.56,pharmacy,0,0,9,14,339.9,0
16867,92.4,electronics,1,0,21,15,375.1,0
927,193.97,entertainment,0,0,22,14,432.1,0
18011,72.75,utilities,0,0,13,9,408.9,0
11163,68.58,grocery,0,0,10,16,280.0,0
5667,68.29,fuel,0,0,8,16,1375.7,0
1631,35.55,grocery,0,0,21,5,99.6,0
16036,57.35,entertainment,0,0,7,17,328.3,0
4493,48.68,dining,0,0,19,16,16.9,0
5960,59.12,dining,0,0,9,18,180.2,0
10970,159.6,online_retail,0,0,19,14,46.8,0
10955,38.47,online_retail,0,0,18,13,422.6,0
5146,63.77,travel,0,0,13,15,192.6,0
3387,210.8,jewelry,1,0,22,16,605.7,0
16032,107.68,fuel,0,1,6,17,476.9,0
2360,179.13,dining,0,0,22,14,544.5,0
8499,149.19,jewelry,0,0,12,11,311.8,0
3075,303.59,fuel,0,0,20,18,82.4,0
17698,237.68,jewelry,0,0,12,16,254.9,0
3760,47.95,grocery,0,0,4,15,274.9,0
12027,135.32,grocery,0,0,9,12,679.7,0
1021,43.62,fuel,0,1,9,12,142.2,0
6359,103.15,pharmacy,0,0,14,10,415.6,0
2928,51.03,pharmacy,0,0,0,13,159.5,0
16106,203.94,online_retail,0,1,22,20,35.7,0
15632,99.87,dining,0,1,21,9,477.7,0
1962,115.05,fuel,0,0,12,6,321.5,0
14344,146.23,grocery,0,0,18,18,66.2,0
16423,128.61,pharmacy,0,0,19,19,496.4,0
10943,43.94,fuel,0,0,18,21,69.8,0
6060,130.71,entertainment,0,1,13,11,647.1,0
4308,84.55,travel,0,0,11,15,574.7,0
597,175.42,online_retail,0,0,21,5,25.0,0
4214,65.44,travel,0,0,14,16,1200.0,0
12921,147.1,utilities,1,0,21,14,310.5,0
14199,73.14,electronics,1,0,21,20,669.0,0
18596,203.74,travel,0,0,12,14,0.4,0
6274,202.9,utilities,1,0,17,20,45.9,0
19236,78.95,grocery,0,0,2,18,90.0,0
2813,44.69,jewelry,0,0,10,7,353.1,0
13816,274.72,utilities,0,0,3,19,278.7,1
14210,72.76,jewelry,0,0,6,19,155.2,0
16955,182.44,entertainment,0,1,11,16,356.6,0
15853,84.33,grocery,0,0,16,11,171.0,0
12869,130.62,jewelry,0,0,1,15,512.8,0
10522,66.22,fuel,0,0,16,14,1096.6,0
13641,660.85,fuel,1,1,17,6,56.7,1
17624,202.46,dining,1,1,8,12,892.0,0
19076,127.66,grocery,1,0,16,15,823.1,0
10100,195.47,travel,0,0,9,17,228.1,0
2858,69.64,entertainment,0,0,15,10,355.1,0
6586,162.09,electronics,0,0,16,9,329.9,0
13471,90.77,grocery,0,1,18,10,505.4,0
14417,256.19,online_retail,1,1,21,19,323.9,0
8503,128.78,travel,0,0,0,19,985.5,0
15408,250.02,fuel,1,0,7,12,208.7,0
1303,99.32,pharmacy,1,0,17,13,212.3,0
15144,33.56,jewelry,0,0,8,13,71.7,0
16952,130.52,entertainment,0,0,12,14,1100.1,0
11357,21.79,travel,0,0,10,3,761.7,0
10029,179.99,utilities,0,0,11,11,81.7,0
19164,93.13,dining,0,0,17,16,834.0,0
16928,96.84,utilities,0,1,6,12,228.5,0
15326,91.97,pharmacy,0,0,4,9,631.8,0
6450,151.02,fuel,0,0,11,12,3.2,0
8252,62.8,electronics,0,0,7,11,461.6,0
3823,108.11,dining,1,0,12,18,1.6,0
6275,209.4,online_retail,0,0,16,12,129.3,0
7511,145.55,online_retail,1,0,15,15,403.4,0
16374,184.74,fuel,0,1,20,19,554.1,0
15138,69.2,utilities,1,0,14,14,406.7,0
7890,214.15,entertainment,0,0,13,11,545.8,1
6793,80.7,grocery,0,0,16,13,2.1,0
4104,31.83,fuel,0,0,17,10,52.7,0
8010,377.76,jewelry,0,1,11,16,327.4,0
4126,42.36,online_retail,0,1,21,8,17.2,0
10889,117.42,pharmacy,0,0,15,11,720.2,0
7270,496.49,online_retail,0,0,15,21,90.9,0
4918,176.64,travel,1,0,19,17,14.0,0
18271,66.88,grocery,0,0,22,12,147.7,0
72,144.71,online_retail,0,0,9,18,6.7,0
8717,231.2,online_retail,1,0,10,19,209.5,0
4295,102.92,utilities,0,0,18,16,224.2,0
15378,39.81,grocery,0,0,14,10,1705.5,0
4735,48.48,grocery,0,0,12,6,101.8,0
13376,52.41,fuel,1,0,8,9,320.9,0
3269,39.98,travel,0,0,13,17,551.6,0
17632,71.55,dining,0,0,20,14,230.3,0
6039,161.58,dining,0,0,14,13,1473.9,0
6082,59.94,entertainment,0,1,16,12,699.8,0
9950,171.85,electronics,0,0,1,17,250.3,0
12746,105.94,entertainment,0,0,20,19,263.9,0
607,134.01,jewelry,0,0,19,12,178.0,0
4572,35.3,online_retail,0,0,6,23,549.2,0
19354,73.46,utilities,0,0,18,12,119.0,0
11564,114.96,pharmacy,0,0,15,12,118.5,0
17690,14.1,jewelry,0,0,9,20,262.9,0
6647,178.46,jewelry,0,0,13,15,117.1,0
14189,209.76,jewelry,0,0,11,18,131.1,0
911,91.42,entertainment,1,0,12,15,635.4,0
8624,96.93,grocery,0,0,13,14,185.4,0
17818,59.38,online_retail,0,0,8,16,813.3,0
6017,175.42,pharmacy,0,1,20,10,540.5,0
18679,160.53,travel,0,0,13,14,345.3,0
17367,82.67,electronics,0,1,5,9,137.6,0
11606,12.94,jewelry,0,0,12,11,93.5,0
16377,71.46,entertainment,0,0,16,7,0.3,0
6299,81.62,pharmacy,0,1,16,17,276.3,0
14766,214.23,dining,0,0,12,9,14.2,0
6086,232.67,travel,0,0,6,14,134.7,0
14621,40.33,grocery,0,0,5,16,1150.1,0
11339,16.15,electronics,0,0,18,13,990.2,0
15605,35.61,entertainment,0,0,17,21,222.0,0
18864,63.1,entertainment,0,0,21,8,115.1,0
9392,96.46,entertainment,1,0,6,19,732.7,0
8945,77.52,pharmacy,0,1,19,11,809.8,0
1849,101.72,utilities,0,1,10,11,704.3,0
748,47.82,entertainment,0,0,22,16,149.4,0
7824,76.23,electronics,0,0,10,14,536.6,0
12073,82.7,entertainment,0,0,15,16,126.2,0
9010,78.17,pharmacy,0,0,18,12,104.4,0
1768,162.93,entertainment,0,0,19,15,121.9,0
5344,117.48,utilities,0,0,19,9,226.5,0
9164,46.07,utilities,0,0,10,14,151.1,0
17689,53.89,electronics,1,1,8,14,217.4,0
3477,33.24,travel,0,0,19,9,89.2,0
8868,225.73,grocery,0,0,1,12,69.1,0
10724,393.37,pharmacy,1,1,6,8,126.4,0
7391,290.78,electronics,0,1,11,12,99.4,0
5183,107.21,dining,0,0,17,18,254.4,0
3348,228.29,grocery,0,0,9,14,162.2,0
662,141.28,pharmacy,0,0,19,14,408.5,0
18829,372.39,electronics,0,1,20,3,86.3,1
10218,85.57,entertainment,0,1,11,13,302.8,0
13769,41.58,entertainment,0,1,9,12,66.7,0
1051,44.49,jewelry,0,0,19,17,942.0,0
18094,64.38,dining,0,0,3,15,269.1,0
11462,164.76,jewelry,0,0,6,14,432.9,0
17520,41.74,grocery,0,0,15,14,97.2,0
19437,161.32,travel,0,0,3,18,46.0,0
5387,172.24,fuel,1,0,18,11,3.2,0
12595,190.6,electronics,0,0,14,10,1211.6,0
11560,147.53,utilities,0,0,8,17,101.4,0
1904,129.19,online_retail,0,0,10,12,54.3,0
4288,242.64,electronics,0,0,19,13,214.7,0
19555,459.19,travel,1,1,14,13,354.1,0
7050,65.42,travel,0,0,15,24,451.9,0
18407,77.67,jewelry,0,0,20,14,724.2,0
1223,66.68,dining,0,0,10,14,140.8,0
12858,173.44,grocery,0,0,22,17,266.8,0
12031,53.01,grocery,0,0,20,8,1176.1,0
9670,14.52,utilities,1,0,17,20,194.1,0
18638,122.12,entertainment,1,0,21,18,41.1,0
7948,14.85,pharmacy,0,1,11,20,340.4,0
14866,153.34,jewelry,0,0,18,16,113.5,0
8267,102.01,jewelry,0,1,4,17,665.0,0
18414,25.24,grocery,0,0,2,14,511.1,0
12661,179.87,dining,0,1,13,12,334.9,0
10442,126.65,travel,0,0,11,21,262.6,0
17947,166.38,jewelry,0,1,16,19,656.5,0
10629,17.81,online_retail,1,0,11,12,115.0,0
7679,285.31,utilities,1,0,16,13,527.9,0
19253,142.89,jewelry,0,0,17,12,16.6,0
6169,39.54,pharmacy,0,0,17,20,586.0,0
2349,217.24,pharmacy,0,0,18,13,229.4,0
4159,90.51,online_retail,0,0,6,6,1410.1,0
10895,169.07,entertainment,0,0,12,14,91.8,0
11598,196.94,online_retail,0,1,13,13,106.0,0
19868,208.99,travel,0,0,9,16,1489.9,0
5448,147.66,fuel,0,0,10,15,23.0,0
14719,190.09,pharmacy,1,0,11,13,565.3,0
19510,158.79,jewelry,0,0,9,17,445.6,0
2417,52.5,pharmacy,0,0,6,8,118.0,0
17160,31.85,jewelry,0,0,15,12,161.8,0
3883,81.82,entertainment,0,0,6,15,19.0,0
19632,163.4,fuel,0,0,10,15,336.9,0
10071,416.43,electronics,0,0,1,6,100.0,1
18839,88.86,travel,0,0,14,13,89.5,0
10349,78.95,grocery,0,0,21,11,243.0,0
10347,170.08,pharmacy,0,1,14,19,435.7,0
19263,73.68,pharmacy,0,0,16,20,88.5,0
14253,215.47,utilities,0,1,19,13,612.0,0
3416,32.01,grocery,0,0,19,9,126.6,0
9439,39.42,dining,0,0,6,16,242.4,0
18883,324.68,entertainment,0,0,6,23,513.2,0
4894,155.03,travel,0,0,22,15,319.3,0
19248,107.82,utilities,0,0,8,18,1539.1,0
5252,48.03,fuel,0,1,16,17,164.1,0
1163,148.27,fuel,0,1,7,16,849.2,0
18762,62.35,electronics,0,0,22,15,141.8,0
2702,102.44,utilities,0,0,8,13,392.2,0
5749,246.0,online_retail,0,0,15,12,206.5,0
15297,98.98,grocery,0,0,10,16,274.7,0
8069,23.25,electronics,0,0,8,9,367.3,0
2613,36.58,travel,0,0,20,18,93.5,0
6806,29.72,travel,0,1,8,16,53.1,0
15593,328.62,dining,0,0,10,12,252.0,0
9336,83.17,electronics,0,0,4,15,80.0,0
14613,173.52,travel,0,0,17,17,1057.7,0
361,59.03,travel,0,0,20,10,464.0,0
9837,88.51,jewelry,1,0,0,16,49.0,0
16025,73.37,grocery,0,0,16,17,122.6,0
10956,131.15,travel,0,0,10,20,164.0,0
188,58.21,fuel,0,1,5,10,502.8,0
4130,106.99,travel,0,1,8,10,510.7,0
5973,73.52,electronics,0,0,17,17,471.2,0
2246,30.21,jewelry,0,1,2,19,272.2,0
5808,76.04,grocery,0,0,6,6,460.6,0
1811,98.7,entertainment,1,0,12,17,223.6,0
10240,94.61,fuel,0,0,17,19,574.4,0
1779,30.99,dining,0,0,15,11,525.4,0
8107,354.13,electronics,0,0,22,10,1620.0,0
16749,222.36,jewelry,0,0,6,14,465.0,0
6677,462.17,entertainment,0,0,1,5,2.3,1
8370,116.19,dining,0,1,9,8,94.9,0
18689,37.83,fuel,0,0,19,16,52.0,0
2602,81.28,electronics,0,0,11,17,204.4,0
18347,81.02,online_retail,0,0,8,14,101.4,0
4132,167.85,travel,0,0,12,16,204.4,0
8465,125.42,grocery,0,0,6,12,16.6,0
1599,10.35,electronics,0,0,7,19,89.7,0
9686,143.4,electronics,0,0,18,12,586.1,0
793,86.35,grocery,0,0,9,15,377.9,0
18796,145.18,electronics,0,0,13,9,123.2,0
7274,35.97,dining,0,0,13,11,101.1,1
10367,141.27,utilities,1,1,13,17,717.2,0
1063,158.64,utilities,1,1,10,13,540.3,0
19455,110.69,fuel,0,0,21,9,16.8,0
3133,51.79,entertainment,1,0,14,16,127.3,0
18982,10.78,utilities,0,0,17,8,202.0,0
14819,253.3,entertainment,0,0,0,6,43.4,1
454,148.3,dining,0,0,9,18,269.4,0
17012,114.67,online_retail,0,0,21,5,171.6,0
8817,98.1,pharmacy,0,0,22,13,491.8,0
15803,85.65,grocery,0,0,10,8,438.2,0
7055,107.95,pharmacy,0,1,16,17,413.4,0
13927,99.48,electronics,0,1,6,18,858.6,0
19687,231.8,dining,0,0,13,16,834.5,0
13049,142.88,entertainment,0,1,16,16,1174.9,0
15864,169.25,electronics,0,0,12,15,300.7,0
2450,161.02,travel,0,0,8,16,296.2,0
16030,278.63,dining,0,0,9,12,118.2,0
6857,31.14,jewelry,0,0,15,15,157.4,0
11896,44.81,electronics,0,0,16,11,302.6,0
3520,77.3,dining,0,0,14,14,373.3,0
8629,115.93,pharmacy,0,0,7,16,696.4,0
6095,101.92,travel,0,1,21,15,127.6,0
4082,258.78,entertainment,0,1,8,11,390.8,0
15522,60.92,entertainment,0,0,17,13,312.4,0
1049,82.16,electronics,1,0,7,24,90.5,0
11995,239.55,entertainment,0,1,14,14,96.8,0
74,190.19,jewelry,0,0,21,14,707.5,0
16398,19.71,online_retail,0,0,19,15,253.1,0
4699,19.16,dining,0,0,11,13,822.8,0
7985,178.4,utilities,0,0,13,17,128.2,0
1292,28.32,grocery,0,0,18,17,196.4,0
16585,115.38,jewelry,0,0,7,19,621.6,0
5371,215.35,online_retail,0,0,19,19,175.0,0
4315,136.31,utilities,0,0,21,17,104.4,0
8406,75.69,travel,0,0,16,11,337.1,0
9227,10.96,dining,0,0,12,18,1047.4,0
10853,122.42,pharmacy,1,0,10,17,761.4,0
18554,36.86,online_retail,0,0,21,9,703.7,0
16677,91.71,online_retail,1,0,16,15,409.8,0
12511,184.24,pharmacy,0,0,13,23,530.0,0
17207,164.49,fuel,0,0,0,13,507.4,0
15629,132.43,grocery,1,0,9,14,109.6,0
5357,104.13,travel,0,0,8,16,540.6,0
3821,54.38,travel,0,0,16,14,176.0,0
11787,125.0,jewelry,0,0,6,9,79.9,0
12497,49.17,travel,0,0,9,16,112.6,0
5283,33.82,dining,0,0,10,9,410.1,0
1431,143.56,travel,0,0,13,11,155.7,0
883,341.2,pharmacy,1,0,1,12,24.1,1
11616,48.68,jewelry,0,0,15,19,270.4,0
11816,47.41,grocery,0,0,18,13,127.7,0
3063,68.86,jewelry,0,0,22,10,181.3,0
14905,60.28,dining,0,0,10,16,81.8,0
2055,151.43,grocery,0,0,18,22,426.1,0
18854,36.92,fuel,0,0,7,20,13.3,0
15636,323.25,travel,1,1,13,14,586.2,0
18549,242.96,grocery,0,0,17,11,362.2,0
4535,324.75,dining,0,0,0,13,211.9,0
16088,109.7,electronics,0,0,7,16,121.3,0
17077,108.33,electronics,0,0,0,17,369.6,0
15911,39.67,travel,0,0,6,13,388.7,0
11239,269.28,grocery,0,0,10,18,47.5,0
11904,184.23,dining,0,0,6,10,131.0,0
11715,28.67,entertainment,0,1,9,21,621.3,0
78,261.01,travel,0,0,12,13,13.7,0
6871,117.75,electronics,0,0,18,14,490.8,0
2084,187.55,jewelry,0,0,21,7,8.6,0
4770,86.17,entertainment,0,0,6,17,3.7,0
8930,137.67,dining,0,0,12,12,1000.6,0
19862,120.29,online_retail,0,0,9,14,245.6,0
17466,40.24,jewelry,0,0,14,10,590.4,0
18411,34.35,fuel,0,0,16,18,1423.3,0
18311,137.16,utilities,0,1,19,14,52.6,0
863,145.48,dining,0,0,21,10,257.9,0
14777,201.06,dining,0,0,20,18,1691.7,0
15679,83.37,electronics,0,0,12,13,329.6,0
12305,122.46,utilities,0,0,17,16,392.7,0
14123,16.34,jewelry,0,1,17,9,103.5,0
19298,179.22,grocery,0,0,2,4,166.2,1
2760,243.35,travel,0,0,12,11,443.2,0
18492,270.27,jewelry,0,0,17,19,2710.9,0
7173,52.32,online_retail,0,0,6,14,70.5,0
12415,111.18,pharmacy,1,1,21,9,285.1,0
5746,224.19,travel,0,0,9,12,55.3,0
2852,73.21,travel,0,0,6,11,75.8,0
569,69.36,online_retail,1,0,14,12,12.3,0
16718,62.75,electronics,0,0,22,23,244.4,0
8032,207.28,grocery,1,0,7,14,131.5,0
18242,90.37,jewelry,0,0,13,20,654.5,0
19704,203.13,travel,0,0,20,11,377.2,0
2884,67.46,online_retail,1,0,21,16,278.6,0
13701,248.17,fuel,0,0,22,15,396.3,0
797,121.81,dining,0,0,11,14,231.1,0
14316,57.35,fuel,0,0,8,20,794.8,0
13664,73.23,utilities,0,1,22,12,751.5,0
6328,20.73,fuel,0,0,19,12,328.4,0
11147,55.77,dining,0,0,9,16,235.4,0
6552,37.58,travel,0,0,3,16,130.4,0
14858,34.07,dining,1,1,14,17,700.8,0
9859,42.17,entertainment,0,0,9,23,472.2,0
6909,79.61,travel,0,0,6,11,310.6,0
13085,153.14,online_retail,0,0,16,12,543.9,0
2569,135.32,grocery,1,0,21,13,361.1,0
10755,184.27,electronics,0,0,6,15,319.9,0
13818,247.1,fuel,0,0,13,21,539.0,0
6624,211.45,electronics,0,0,15,8,249.5,0
11340,57.66,entertainment,0,0,7,16,504.8,0
13198,30.73,jewelry,0,0,12,11,103.8,0
12627,148.25,entertainment,0,0,11,8,445.3,0
5067,146.31,utilities,0,1,12,8,68.7,0
266,368.27,electronics,0,0,10,12,210.6,0
14297,41.28,dining,0,0,8,14,123.9,0
5995,52.28,jewelry,0,0,9,14,315.4,0
239,179.1,electronics,0,1,10,13,12.6,0
16255,44.51,electronics,0,0,19,19,444.8,0
6750,29.54,grocery,0,0,8,15,519.5,0
7475,141.04,jewelry,0,0,19,16,494.0,0
18430,74.38,grocery,0,0,13,8,858.1,0
17553,184.05,online_retail,0,0,18,17,28.2,1
360,120.15,fuel,0,0,8,15,474.9,0
1284,45.3,pharmacy,0,1,9,21,73.9,0
11117,133.75,travel,0,0,8,17,440.8,0
16904,94.11,dining,0,0,14,24,30.4,0
15834,326.03,electronics,0,0,15,16,580.0,0
11123,24.64,entertainment,0,0,16,13,361.2,0
528,103.37,online_retail,1,0,6,19,6.3,0
8046,40.02,pharmacy,0,0,3,11,403.6,0
10471,229.58,jewelry,0,0,10,16,4.4,0
6336,285.23,grocery,1,1,19,9,59.9,1
2532,148.05,utilities,0,0,17,10,769.0,0
13369,47.58,grocery,1,1,10,14,266.0,0
2727,89.58,jewelry,0,0,22,12,39.7,0
19997,87.77,utilities,0,0,21,12,234.3,0
10725,104.68,electronics,0,0,10,9,1012.5,0
17152,58.09,electronics,0,1,8,14,268.2,0
14591,147.67,jewelry,0,0,13,16,486.6,0
6170,20.2,electronics,0,0,10,15,175.3,0
7834,184.05,utilities,0,0,21,17,246.5,0
1293,140.64,fuel,0,0,20,13,13.2,0
849,99.4,grocery,0,0,18,14,129.3,0
8866,127.71,travel,0,0,21,20,10.2,0
19948,45.05,fuel,0,1,3,15,391.1,0
2227,291.12,pharmacy,1,1,8,18,118.2,0
13619,160.02,utilities,0,0,16,16,305.7,0
11457,274.44,grocery,0,1,12,10,473.3,0
7916,122.97,online_retail,0,0,1,11,555.3,0
2083,85.77,utilities,0,0,18,17,818.3,0
1189,96.58,pharmacy,0,0,13,20,30.1,0
7199,136.62,pharmacy,0,1,9,13,90.0,0
8168,83.73,electronics,0,0,10,13,254.4,0
5939,57.06,grocery,0,0,12,11,1025.6,0
6807,86.43,pharmacy,0,0,19,11,264.5,0
17358,92.19,online_retail,0,0,18,12,565.1,0
1650,85.45,utilities,0,0,12,12,70.4,0
13493,75.53,online_retail,0,0,8,10,1098.3,0
15716,29.65,travel,1,0,1,9,159.9,0
15903,66.04,electronics,0,0,2,20,430.8,0
19784,64.6,online_retail,0,0,21,13,86.9,0
1160,94.96,online_retail,1,0,18,22,660.2,0
11890,20.93,fuel,0,0,6,13,1040.8,0
2125,178.56,utilities,0,0,9,7,88.7,0
2308,70.88,fuel,0,0,11,12,172.5,0
622,49.31,jewelry,0,1,20,15,25.5,0
17014,25.42,fuel,0,0,9,18,153.9,0
17099,126.86,entertainment,0,0,19,15,249.9,0
11355,36.43,jewelry,0,0,14,16,210.5,0
17826,94.35,pharmacy,0,0,9,15,80.3,0
9534,126.54,entertainment,0,0,21,10,32.5,0
13473,221.77,travel,1,1,13,15,125.3,0
15755,70.42,electronics,0,1,13,13,445.1,0
14965,67.45,utilities,0,0,10,15,80.8,0
5267,216.52,electronics,0,1,20,18,389.5,0
16378,182.22,pharmacy,0,0,21,14,290.6,0
11910,53.21,fuel,1,0,14,8,109.0,0
19370,47.44,utilities,0,0,20,15,684.4,0
15195,161.9,utilities,0,0,9,20,18.2,0
631,171.76,electronics,0,0,21,10,278.5,0
15255,70.44,jewelry,0,0,15,9,441.7,0
16849,138.13,online_retail,0,0,14,17,229.9,0
6465,31.65,dining,0,0,19,13,286.7,0
13808,278.97,travel,0,0,18,17,380.8,0
16474,72.46,entertainment,0,0,19,18,613.5,0
16561,154.91,travel,1,0,20,9,134.0,0
14971,38.34,travel,0,0,12,12,1.9,0
17415,150.75,fuel,0,1,8,23,290.1,0
6558,310.12,dining,1,0,10,18,517.8,0
9423,53.26,utilities,0,0,17,12,359.8,0
131,160.64,fuel,0,0,8,18,34.4,0
5468,85.1,travel,0,0,6,10,1097.2,0
13459,155.15,online_retail,0,1,22,16,76.0,0
8965,117.68,online_retail,0,0,11,16,86.5,0
14936,132.15,pharmacy,0,0,14,20,2356.9,0
3325,202.95,jewelry,0,1,21,16,549.8,0
5668,17.83,utilities,0,1,13,12,362.6,1
14184,68.55,fuel,0,0,9,6,1392.0,0
1128,71.64,electronics,0,1,9,14,286.4,0
6485,80.91,entertainment,0,0,22,15,90.3,0
13364,109.2,grocery,0,0,21,12,119.4,0
18634,34.67,electronics,1,0,17,17,40.5,0
17972,82.23,pharmacy,0,0,1,15,118.4,0
5764,39.35,fuel,0,0,22,16,142.5,0
13867,186.45,pharmacy,0,0,7,12,10.8,0
4626,204.81,jewelry,0,0,9,12,171.1,0
8083,36.2,entertainment,0,0,8,11,251.1,0
12234,106.48,entertainment,0,0,22,10,12.2,0
16982,282.35,online_retail,0,0,18,12,53.1,0
4433,392.05,jewelry,0,0,20,13,229.7,0
11879,46.0,dining,0,0,9,13,52.5,0
6963,102.06,utilities,0,1,4,5,63.0,1
10758,120.34,grocery,1,0,19,12,237.5,0
678,269.54,utilities,0,0,7,16,72.6,0
2918,103.42,fuel,0,0,10,22,202.7,0
15507,46.06,online_retail,0,0,13,17,78.1,0
8435,139.58,electronics,0,0,19,16,105.0,0
14933,15.59,electronics,0,1,16,16,190.6,0
11063,133.11,pharmacy,1,0,21,17,390.8,0
12035,75.35,online_retail,0,0,14,11,70.4,0
13754,19.23,dining,0,0,20,12,451.0,0
12203,131.47,dining,0,0,18,10,2.1,0
16830,172.35,pharmacy,0,0,21,20,49.4,0
17750,34.92,utilities,1,0,21,19,347.5,0
19843,37.44,jewelry,0,0,15,18,90.8,0
5352,184.8,electronics,0,0,12,20,392.4,0
13646,167.26,online_retail,0,0,21,12,263.6,0
5585,111.12,utilities,0,0,3,11,429.7,0
18276,114.06,grocery,0,0,10,19,372.4,0
8563,46.2,online_retail,0,0,16,10,510.2,0
11772,155.81,grocery,0,0,13,8,814.6,0
17347,95.07,fuel,0,0,22,9,74.5,0
9781,64.79,utilities,0,1,11,14,2842.0,0
17474,112.3,online_retail,0,0,11,19,494.5,0
17897,177.31,pharmacy,0,0,19,12,399.4,0
17751,44.52,electronics,0,0,16,13,114.0,0
5264,135.63,entertainment,0,0,14,21,364.1,0
2474,218.78,dining,0,0,13,11,231.8,0
11502,78.8,fuel,0,0,14,15,261.6,0
13555,36.39,pharmacy,1,0,22,12,165.0,0
11353,67.38,utilities,0,0,13,15,782.4,0
11443,87.36,dining,0,0,13,13,341.3,0
5597,121.07,online_retail,0,0,20,12,94.9,0
9836,157.33,fuel,0,0,8,14,131.5,0
9154,144.77,fuel,0,0,9,18,72.9,0
11194,130.3,dining,0,0,12,6,173.4,0
9348,33.82,pharmacy,0,0,5,16,1923.3,0
17128,48.48,dining,0,0,7,11,92.1,0
15014,17.22,jewelry,0,0,22,13,453.2,1
3471,100.81,grocery,0,1,21,17,220.2,0
1395,144.21,utilities,1,0,20,10,208.0,0
285,59.31,jewelry,0,1,14,15,250.1,0
6584,22.85,entertainment,0,0,15,12,203.1,0
17337,137.72,pharmacy,0,0,18,16,380.4,0
8810,26.76,online_retail,0,0,21,14,286.4,0
19721,49.49,pharmacy,0,0,7,15,501.0,0
13802,148.19,fuel,1,0,9,20,58.6,0
4882,67.86,online_retail,0,0,14,11,2336.9,0
12026,47.62,electronics,0,0,6,17,743.8,0
8455,211.48,online_retail,0,0,0,18,142.7,0
7116,50.07,electronics,0,0,19,13,365.8,0
14337,103.46,pharmacy,1,0,14,16,1180.0,0
9144,90.57,grocery,0,0,17,20,309.7,0
9477,29.32,grocery,0,0,10,9,234.0,0
7784,101.67,grocery,1,0,20,12,84.5,0
17635,108.57,fuel,0,0,12,16,19.9,0
12621,126.28,electronics,0,0,6,15,56.1,0
446,142.43,jewelry,0,1,8,18,302.3,0
8828,89.33,pharmacy,0,0,6,7,76.9,0
18590,148.88,entertainment,0,1,8,9,235.9,0
6123,81.12,dining,0,0,7,12,39.7,1
19744,37.18,grocery,1,0,7,17,755.1,0
17875,47.42,entertainment,0,0,18,13,84.4,0
6580,66.44,electronics,1,1,19,22,281.4,0
3122,139.66,travel,0,0,20,11,162.9,1
17039,243.54,dining,0,0,15,13,697.1,0
13809,54.32,entertainment,0,0,5,15,58.2,0
2582,63.03,grocery,0,0,13,7,288.0,0
19821,87.91,jewelry,0,0,7,7,993.1,0
17422,47.33,jewelry,0,0,17,15,441.0,0
18112,513.49,grocery,0,0,18,9,16.2,1
14038,124.73,online_retail,0,0,22,17,185.3,0
16991,75.0,jewelry,0,0,21,14,44.3,0
18754,88.0,jewelry,0,0,22,19,42.2,0
18775,614.01,dining,1,0,3,4,66.7,1
6508,334.9,fuel,0,0,17,13,13.0,0
11519,141.27,fuel,0,0,12,18,584.9,0
15663,137.56,entertainment,0,0,15,16,762.2,0
3585,268.29,grocery,0,0,18,13,20.0,0
14539,109.16,online_retail,0,0,7,15,127.5,0
3513,53.78,fuel,0,0,10,10,93.7,0
11939,123.85,utilities,0,0,9,11,304.6,0
16525,145.01,online_retail,0,0,3,10,278.1,0
19773,58.57,pharmacy,0,0,18,12,162.0,0
12494,429.6,online_retail,0,0,13,16,893.5,0
16109,89.41,fuel,0,0,4,15,266.5,0
15718,190.89,utilities,0,1,11,15,95.9,0
13426,40.54,grocery,0,0,9,15,227.3,0
11495,157.73,electronics,0,0,22,13,104.4,0
14156,278.26,jewelry,0,0,7,8,192.5,0
14749,252.51,travel,0,1,12,20,207.3,0
8575,147.97,entertainment,0,0,14,16,295.5,0
19022,183.9,grocery,0,0,17,16,589.2,0
16878,101.77,pharmacy,1,0,9,14,209.7,0
13686,47.98,online_retail,0,0,16,16,171.3,0
11263,131.81,dining,0,1,7,11,215.6,0
4370,222.19,entertainment,0,0,21,31,540.5,0
16167,124.82,entertainment,0,0,22,9,755.7,0
4212,127.19,jewelry,0,0,10,14,19.2,0
1861,55.2,pharmacy,0,1,9,11,472.4,0
14077,108.98,fuel,1,1,18,8,466.9,0
13001,113.56,online_retail,0,0,19,13,91.5,0
6302,47.78,online_retail,0,0,20,11,9.0,0
9728,83.48,electronics,0,0,8,13,306.6,0
15272,49.58,jewelry,0,0,19,15,23.0,0
11411,169.17,electronics,0,1,6,18,255.4,0
14302,79.25,jewelry,0,1,11,10,263.5,0
17499,83.19,jewelry,0,0,16,20,93.8,0
12412,251.27,pharmacy,0,0,17,13,184.0,0
11481,110.48,grocery,0,0,15,12,513.3,0
13873,224.69,dining,0,0,3,15,45.3,0
10790,78.46,fuel,0,1,15,17,125.2,0
1387,137.58,online_retail,0,1,19,9,1714.8,0
2115,131.23,online_retail,0,0,2,16,187.0,0
19841,314.38,entertainment,0,1,10,11,65.2,0
13494,250.38,pharmacy,0,0,9,10,418.6,0
14616,41.04,entertainment,0,0,15,18,124.5,0
15190,108.25,fuel,0,0,7,11,681.6,0
2668,153.65,jewelry,0,0,6,16,594.7,0
7204,48.13,dining,0,0,11,10,174.0,0
18299,64.73,pharmacy,0,0,15,18,52.5,0
17437,19.08,grocery,0,1,8,11,304.8,0
13753,62.06,grocery,0,0,9,12,387.5,0
2952,168.9,travel,0,0,11,17,166.4,0
5197,87.3,grocery,0,0,18,10,178.4,0
19674,210.48,entertainment,0,1,20,16,388.2,0
17780,62.63,jewelry,0,0,11,6,616.7,0
7811,116.22,fuel,0,0,16,14,227.6,0
17700,229.87,online_retail,1,0,6,6,437.3,0
3488,152.65,entertainment,0,0,14,10,149.2,0
10995,202.2,electronics,0,1,2,10,441.6,0
1464,124.89,travel,0,0,18,21,52.8,0
10362,419.0,online_retail,0,0,22,11,403.4,0
9792,65.67,entertainment,0,0,20,20,311.2,0
7787,169.09,travel,0,0,14,19,242.6,0
2010,72.21,fuel,0,0,20,12,259.8,0
13065,23.69,utilities,0,0,7,20,626.9,0
12875,49.47,fuel,0,0,2,11,365.2,0
4128,65.96,fuel,0,0,15,20,11.6,0
15395,281.19,travel,0,0,16,19,90.7,0
5527,112.0,grocery,0,0,20,14,972.6,0
7887,174.89,pharmacy,1,0,21,11,190.3,0
13429,229.91,entertainment,0,0,10,15,394.7,0
14320,156.23,entertainment,0,0,10,15,135.3,0
4168,80.82,grocery,0,0,22,8,181.8,0
600,164.69,online_retail,0,1,9,16,1233.3,0
2348,68.58,online_retail,0,0,8,16,130.0,0
5348,48.73,dining,0,1,15,16,51.5,0
8737,309.53,online_retail,0,1,18,16,282.3,0
10550,242.08,electronics,0,0,11,15,62.1,0
16592,66.03,entertainment,1,0,7,17,64.5,0
10289,102.19,grocery,1,0,9,11,676.8,0
5277,80.94,travel,0,0,8,13,90.9,0
9906,139.59,utilities,0,0,14,24,62.2,0
8754,143.27,utilities,0,0,18,12,303.8,0
13549,41.07,dining,0,0,14,14,910.4,0
19371,96.15,utilities,0,0,13,12,4.2,0
9679,9.16,entertainment,0,0,16,21,334.5,0
11859,72.47,travel,0,0,18,16,179.0,0
11318,246.18,jewelry,0,0,15,13,24.3,0
16989,185.3,grocery,0,0,5,11,416.5,0
7662,19.63,fuel,0,0,8,20,7.2,0
17732,84.82,grocery,0,0,14,11,375.1,0
16602,153.74,online_retail,0,1,15,15,454.7,0
2689,153.79,entertainment,0,0,6,11,277.3,0
18647,91.62,fuel,0,0,16,16,352.3,0
6913,51.25,grocery,0,0,10,14,376.0,0
15194,199.01,online_retail,0,0,3,7,221.0,0
12876,175.43,jewelry,0,0,11,16,414.8,0
11487,24.08,fuel,1,0,1,13,26.3,0
8286,27.99,electronics,1,0,22,15,879.4,0
19279,121.01,dining,0,0,1,14,8.2,0
16559,110.99,online_retail,0,0,10,13,128.5,0
4392,84.51,dining,0,0,2,9,309.5,0
7706,144.3,entertainment,0,0,20,8,125.0,0
12517,42.57,pharmacy,0,0,18,14,6.6,0
4603,88.53,utilities,0,0,7,21,465.7,0
9195,287.14,jewelry,0,0,13,9,313.9,0
16766,144.77,entertainment,0,0,10,9,524.6,0
8603,319.5,travel,0,0,12,12,407.5,0
13068,53.59,pharmacy,0,0,21,13,269.9,0
15083,100.67,dining,0,0,7,13,755.2,0
14816,252.89,jewelry,0,0,14,13,24.8,0
10937,85.0,fuel,0,0,22,14,1084.9,0
1532,33.52,electronics,0,0,1,16,46.1,0
17227,62.4,travel,0,0,7,16,890.1,0
16263,70.3,utilities,0,0,15,14,8.3,0
9622,187.83,pharmacy,0,0,8,11,12.3,0
2339,45.26,pharmacy,0,1,15,16,758.9,0
986,220.05,utilities,0,0,3,13,186.5,0
17620,61.46,grocery,0,0,6,13,428.8,0
6114,129.72,fuel,0,0,3,14,128.8,0
13171,276.74,dining,0,0,18,12,4.2,0
288,48.16,grocery,0,0,22,13,411.8,0
4098,65.31,grocery,0,0,16,13,192.8,0
7723,33.49,electronics,0,0,12,13,75.1,0
10884,123.33,online_retail,0,0,7,17,170.8,0
7118,339.71,travel,0,0,0,3,66.6,1
348,143.18,pharmacy,0,0,22,13,338.0,0
155,174.45,travel,0,0,3,9,60.9,0
11790,60.07,electronics,0,0,20,14,81.3,0
6365,36.99,jewelry,1,0,20,13,274.6,0
4670,128.68,jewelry,1,1,18,10,277.9,0
12230,174.94,pharmacy,1,0,13,24,3.2,0
16122,93.35,electronics,0,0,21,13,1169.8,0
12127,56.52,grocery,0,0,11,19,17.5,0
16611,209.59,online_retail,0,0,22,13,1062.9,0
8367,57.29,grocery,1,0,15,15,20.1,0
14329,54.29,utilities,0,0,17,11,290.4,0
1828,53.25,grocery,0,0,9,12,366.0,0
9761,65.62,utilities,0,0,17,12,350.8,0
5840,16.51,dining,0,0,20,11,277.1,0
6430,78.59,fuel,0,0,6,17,824.4,0
7459,121.04,grocery,0,1,16,16,413.5,0
7497,122.28,dining,0,0,15,19,186.8,0
19191,105.1,entertainment,0,0,14,17,96.6,0
13397,33.0,dining,1,0,21,9,436.3,0
6135,77.92,jewelry,0,0,22,6,432.8,0
1477,86.74,online_retail,0,0,7,14,48.7,0
1637,31.74,pharmacy,0,0,12,12,29.6,0
15854,66.0,pharmacy,0,0,12,16,1069.3,0
14947,27.52,fuel,0,0,1,15,856.0,0
5908,86.2,dining,0,0,7,11,948.2,0
11845,61.58,jewelry,0,0,13,8,553.3,0
4841,62.46,online_retail,1,0,11,14,608.5,0
9332,153.0,utilities,0,0,9,14,199.5,0
12465,99.42,utilities,0,0,18,17,23.6,0
18209,162.08,utilities,0,0,3,16,336.9,0
5434,186.56,jewelry,0,0,19,21,199.8,0
3547,85.07,travel,0,0,21,15,56.6,0
5792,62.09,online_retail,0,0,14,11,201.8,0
13651,283.86,fuel,0,0,6,14,577.8,0
17955,156.11,grocery,0,0,19,5,87.0,0
3626,117.2,entertainment,0,0,20,13,390.9,0
14939,93.08,dining,0,0,12,14,30.7,0
5745,47.68,fuel,0,1,8,7,284.6,0
5369,213.68,electronics,1,0,4,11,181.8,0
18190,175.8,jewelry,0,0,13,14,270.2,0
13042,18.04,fuel,0,0,6,19,392.2,0
18846,48.42,electronics,0,0,8,15,151.4,0
3326,95.33,entertainment,0,0,9,9,509.8,0
10233,129.78,grocery,0,0,9,18,107.9,0
15094,46.15,fuel,0,0,15,9,571.1,0
10580,12.41,travel,0,0,1,10,194.2,0
14592,111.19,utilities,0,0,15,12,376.1,0
17893,290.64,travel,0,1,0,7,52.2,1
7663,110.81,fuel,0,0,9,14,530.3,0
7977,253.92,online_retail,0,0,20,16,131.5,0
18247,183.97,grocery,0,0,19,12,92.1,0
1307,164.29,jewelry,0,0,10,6,127.5,0
6411,57.18,travel,0,0,21,11,187.5,0
6061,241.76,travel,0,0,21,13,812.6,1
11124,416.97,jewelry,0,0,13,13,479.5,0
6352,244.82,utilities,0,0,19,10,198.5,0
3011,46.69,travel,0,1,7,14,370.2,0
7003,36.88,travel,0,0,13,15,86.9,0
9478,151.3,pharmacy,0,0,18,11,589.3,0
7437,104.28,jewelry,0,0,10,8,2007.0,1
14305,46.08,grocery,0,0,15,17,142.2,0
10364,46.87,entertainment,0,1,8,27,305.7,0
13226,58.78,online_retail,1,0,15,10,1903.4,0
4706,20.4,dining,0,0,19,14,249.5,0
2551,63.47,travel,0,0,8,10,582.1,0
10416,189.03,pharmacy,0,0,13,14,53.3,0
13181,106.22,dining,0,0,17,16,20.3,0
2235,63.38,electronics,0,0,9,17,99.2,0
12505,68.82,fuel,0,0,18,16,276.4,0
14675,163.2,electronics,0,0,20,12,138.7,0
15113,61.14,entertainment,0,0,6,16,317.7,0
19515,103.31,dining,0,0,1,14,185.6,0
985,113.33,fuel,1,1,22,9,1096.4,0
5969,95.36,entertainment,0,0,10,13,350.1,0
9954,140.88,fuel,0,0,10,9,129.3,0
5399,199.81,dining,1,0,22,24,1014.2,0
19545,111.61,entertainment,0,0,19,10,915.4,0
11302,138.85,pharmacy,0,1,20,14,205.5,0
3082,97.38,travel,1,1,13,13,166.3,0
868,332.62,pharmacy,0,1,19,17,69.0,0
10947,92.94,electronics,0,0,15,12,118.8,0
17675,111.46,fuel,1,0,11,14,775.9,0
8275,6.77,entertainment,0,0,22,15,46.9,0
17021,131.04,online_retail,0,1,21,8,147.2,0
11444,186.08,fuel,0,0,15,14,700.2,0
1869,191.91,pharmacy,0,1,9,15,507.9,0
651,16.24,pharmacy,0,0,21,12,764.8,0
14278,99.63,entertainment,0,0,15,12,12.9,1
15742,56.14,pharmacy,0,0,10,15,511.7,0
5403,154.7,travel,0,0,19,14,426.6,0
8185,233.2,grocery,0,0,18,13,683.0,0
1407,99.93,pharmacy,0,0,12,9,118.0,0
6372,198.16,grocery,1,0,15,20,489.7,0
11644,119.22,travel,0,1,9,15,145.1,0
10481,43.48,pharmacy,0,0,14,11,1046.1,0
8210,74.56,jewelry,0,0,22,21,664.1,1
12014,77.17,pharmacy,0,0,12,12,150.4,0
10510,202.17,online_retail,0,0,9,14,92.9,0
3537,101.5,online_retail,0,0,16,18,376.7,0
13194,181.36,entertainment,0,0,16,8,93.4,0
17471,132.19,pharmacy,0,1,6,17,60.5,0
12418,225.3,grocery,0,0,13,18,273.3,0
10658,40.61,jewelry,1,0,22,9,960.2,0
15549,182.43,jewelry,0,0,10,11,346.5,0
15062,48.03,grocery,0,0,16,13,1251.0,0
12922,72.23,grocery,0,0,22,16,200.3,0
13687,137.08,utilities,0,0,3,11,666.2,0
2098,96.12,jewelry,0,0,18,20,457.6,0
2725,63.52,utilities,0,0,8,13,39.8,0
18642,664.13,electronics,0,0,10,16,1073.7,0
10742,176.32,online_retail,0,0,12,11,308.3,0
646,93.32,entertainment,0,0,7,13,329.2,0
3457,145.67,entertainment,0,0,13,16,153.8,0
50,194.25,entertainment,0,0,9,15,465.1,0
19196,34.54,dining,0,0,16,15,29.4,0
15248,322.11,entertainment,0,1,3,17,9.4,0
15474,75.49,jewelry,0,0,11,21,170.1,0
14071,41.23,jewelry,0,0,12,13,88.2,0
8085,99.79,travel,1,0,12,6,304.5,0
5909,150.73,electronics,0,0,15,9,380.9,0
5035,351.13,jewelry,0,0,21,13,229.0,0
17122,243.82,dining,1,1,13,17,717.4,0
6183,33.5,entertainment,0,0,7,12,226.9,0
5669,9.15,travel,1,0,20,15,721.8,0
18287,78.87,pharmacy,0,0,11,16,171.9,0
5167,107.87,grocery,0,1,6,12,317.5,0
9652,71.85,fuel,0,0,17,12,245.2,0
7557,336.72,pharmacy,0,0,21,16,151.3,0
8119,185.11,online_retail,0,0,11,14,200.0,0
15515,73.27,fuel,0,0,16,10,62.3,0
17649,74.85,jewelry,0,1,12,11,12.5,0
405,158.81,grocery,1,0,9,10,197.9,0
15974,116.13,grocery,0,0,10,15,59.5,0
10346,92.75,jewelry,0,0,15,14,197.1,0
18260,118.27,travel,0,1,22,10,510.0,0
3975,41.96,travel,0,0,20,14,679.1,0
19929,120.81,utilities,1,0,6,9,543.4,0
2646,42.84,fuel,0,0,12,10,35.6,0
4118,15.87,grocery,0,0,18,10,450.4,0
7047,104.99,entertainment,0,0,12,14,156.4,0
2196,114.75,entertainment,0,0,20,21,165.6,0
17452,186.52,travel,0,0,13,5,19.0,1
3992,106.52,electronics,0,0,13,14,1176.0,0
13129,120.05,electronics,0,0,4,13,72.2,0
8478,23.17,electronics,0,0,8,18,272.0,0
3060,29.48,pharmacy,0,0,20,19,89.4,0
670,140.6,pharmacy,0,0,21,20,326.1,0
6944,22.22,dining,0,0,17,23,598.0,0
19503,124.75,electronics,0,0,10,14,1057.7,0
14935,218.01,grocery,0,0,11,13,343.6,0
19599,25.08,dining,0,0,17,15,1211.9,0
6500,202.17,grocery,0,0,21,10,42.7,0
6879,71.17,jewelry,0,0,16,9,84.3,0
8981,44.73,travel,0,1,6,11,170.7,0
13623,43.46,fuel,0,0,0,16,85.5,0
4503,38.71,utilities,0,0,15,16,292.7,0
9270,56.93,entertainment,0,0,9,19,366.2,0
2835,137.41,utilities,1,0,12,10,179.7,0
16273,179.61,grocery,0,0,11,14,16.4,0
13587,35.34,entertainment,0,0,15,9,18.0,0
18086,173.36,jewelry,0,1,19,10,974.3,0
19692,53.08,travel,0,0,7,11,98.3,0
1673,140.21,jewelry,0,0,2,17,112.5,0
7769,107.49,electronics,0,0,7,11,7.9,0
19122,87.83,entertainment,0,0,13,13,37.5,0
3370,120.28,grocery,0,0,9,14,367.2,0
6922,160.62,electronics,1,0,21,12,342.1,0
6231,72.22,jewelry,0,0,0,11,283.2,0
19229,165.06,jewelry,1,0,9,15,612.0,0
3606,101.18,jewelry,0,0,8,16,361.7,0
7628,100.08,pharmacy,0,0,16,17,237.1,0
2909,81.11,fuel,0,0,6,16,172.4,0
10107,118.81,pharmacy,0,0,12,14,258.8,0
13628,50.93,travel,0,1,11,8,207.8,0
11987,241.19,online_retail,0,0,16,14,160.7,0
4477,106.42,jewelry,0,0,1,10,12.3,0
2527,37.9,jewelry,0,0,20,8,855.2,0
9429,276.32,dining,0,1,20,13,46.8,0
3155,75.7,travel,0,0,22,11,49.8,0
4773,78.77,utilities,0,1,10,13,1710.1,0
18861,143.52,utilities,0,0,21,16,698.9,0
12278,84.33,online_retail,0,0,12,12,636.5,0
3649,105.73,dining,1,0,21,12,305.8,0
3795,208.91,utilities,1,0,15,14,375.7,0
8909,137.44,travel,0,0,12,14,43.8,0
1950,108.77,electronics,1,0,4,7,52.4,0
6519,367.16,pharmacy,1,0,15,7,39.3,1
1534,66.8,entertainment,0,0,19,12,210.8,0
7841,283.36,electronics,0,0,22,9,1956.4,0
300,80.73,electronics,0,0,11,15,120.6,0
550,291.76,utilities,0,0,11,11,159.0,0
6363,185.59,electronics,0,0,7,8,69.2,0
17952,20.77,grocery,0,1,21,25,81.7,0
10649,93.15,fuel,0,0,13,11,100.6,0
10733,58.55,jewelry,0,0,17,15,41.3,0
14861,181.17,jewelry,1,0,10,12,1320.8,0
1134,115.64,dining,0,0,1,12,29.2,0
9042,111.94,jewelry,0,0,20,11,60.9,0
14282,56.22,pharmacy,0,0,17,21,24.9,0
915,194.06,jewelry,0,0,10,13,347.3,0
4147,56.52,travel,0,0,16,13,35.2,0
9291,112.02,jewelry,0,1,19,10,79.5,0
6699,41.59,pharmacy,0,0,12,12,122.5,0
3856,85.53,travel,0,0,9,18,115.6,0
8128,138.64,utilities,0,1,11,7,5.7,0
9716,46.79,electronics,0,0,9,14,272.3,0
3031,63.1,travel,0,0,6,11,481.8,0
6126,144.87,electronics,0,0,5,14,337.2,0
16509,194.79,entertainment,0,0,17,9,147.1,0
1461,91.13,electronics,0,0,15,9,917.6,0
14686,69.98,fuel,0,1,8,9,34.8,0
14900,183.49,fuel,0,0,7,15,239.4,0
4141,49.64,pharmacy,0,1,15,20,119.1,0
13736,118.01,entertainment,0,0,9,10,801.8,0
16131,159.02,electronics,0,0,8,14,240.0,0
17278,185.44,utilities,0,0,7,18,252.6,0
12618,68.01,utilities,0,0,20,8,22.8,0
14996,69.93,grocery,0,0,7,15,42.4,0
10713,127.87,utilities,0,0,6,15,593.2,0
18249,44.88,dining,1,0,10,16,16.8,0
2998,155.77,electronics,1,0,9,18,76.1,0
7115,263.32,pharmacy,0,0,6,12,218.4,0
14431,119.53,utilities,0,0,13,17,9.4,0
8690,72.42,electronics,0,0,18,11,385.5,0
10540,70.58,grocery,0,0,5,12,783.1,0
11330,22.65,pharmacy,0,0,21,17,90.9,0
18859,179.34,travel,0,1,4,11,604.7,0
1857,73.89,travel,0,0,15,12,368.7,0
10317,83.71,electronics,0,1,10,17,185.1,0
19983,133.84,pharmacy,0,0,15,15,752.4,0
17232,116.84,travel,0,1,14,12,253.6,0
10463,137.46,fuel,0,0,11,16,495.5,0
14617,194.96,entertainment,0,0,14,12,611.9,0
15517,41.56,online_retail,0,1,16,14,296.4,0
4902,179.67,dining,1,0,22,8,798.3,0
14204,109.04,pharmacy,0,1,9,17,164.9,0
19177,146.87,pharmacy,0,1,10,7,473.5,0
9767,105.6,utilities,0,0,19,15,5.8,0
14774,44.67,online_retail,0,0,16,13,715.5,0
150,75.03,grocery,0,0,18,15,374.2,0
12450,187.32,fuel,0,0,1,13,66.8,0
5500,507.95,electronics,0,0,18,18,473.6,0
13131,165.22,electronics,0,1,20,13,463.0,0
12383,163.77,travel,0,0,4,13,66.7,0
7038,58.94,online_retail,1,1,10,10,99.3,0
17303,196.23,pharmacy,0,0,13,17,330.7,0
5787,426.18,dining,1,0,7,13,55.1,0
5814,96.24,entertainment,0,0,8,13,741.7,0
17168,49.64,electronics,0,1,22,7,857.1,0
9434,46.06,online_retail,0,0,13,18,335.3,0
16947,186.73,dining,0,0,11,15,41.3,0
6691,119.24,electronics,0,1,10,14,69.4,0
14475,89.93,online_retail,0,0,12,11,82.2,0
19732,127.76,travel,0,0,16,16,290.7,0
12106,95.47,online_retail,0,0,16,17,134.9,0
15351,83.98,travel,1,0,17,12,17.8,0
6934,128.33,travel,0,0,22,10,31.3,0
15941,23.99,jewelry,1,0,3,18,99.9,0
39,140.19,grocery,0,0,8,17,12.9,0
3574,170.96,utilities,0,0,6,14,393.1,0
6201,60.52,entertainment,0,0,9,17,435.5,0
563,107.4,travel,0,0,21,6,125.5,1
17231,233.56,jewelry,0,0,9,12,109.7,0
4401,134.53,grocery,0,0,7,17,281.6,0
8813,148.96,online_retail,0,0,16,10,259.0,0
9913,187.1,travel,0,0,7,21,214.9,0
16772,78.46,travel,0,0,12,7,535.4,0
12870,43.65,utilities,0,1,22,19,239.4,0
5372,218.86,grocery,0,0,6,11,24.7,0
11936,81.96,entertainment,0,0,22,15,2129.8,0
12493,43.21,online_retail,0,0,18,13,1615.2,0
12709,101.66,utilities,0,0,16,13,18.4,0
19977,62.58,travel,0,1,15,15,211.2,0
13240,99.46,dining,0,0,22,14,859.0,0
3028,2.22,electronics,0,1,16,12,275.2,0
5037,123.08,online_retail,1,0,19,17,325.8,0
12350,291.05,utilities,1,0,18,21,161.2,0
14800,150.05,dining,0,0,17,8,70.4,0
11565,171.87,utilities,0,1,2,15,500.3,0
5164,183.0,entertainment,0,1,16,9,289.2,0
6434,130.44,utilities,0,0,13,10,536.1,0
13154,171.35,fuel,0,0,13,10,7.4,0
8618,22.65,dining,0,0,7,18,170.4,0
16431,165.56,pharmacy,1,0,7,9,124.7,0
12009,55.67,dining,0,0,7,15,69.6,0
8318,84.77,pharmacy,0,0,22,13,136.1,0
14441,254.89,entertainment,0,0,18,11,1145.4,0
3415,208.47,online_retail,0,0,11,12,174.1,0
18844,202.85,pharmacy,0,0,18,20,23.3,0
7761,126.51,fuel,0,0,12,9,125.7,0
19629,98.22,entertainment,1,1,14,13,400.6,0
12000,153.7,travel,0,0,7,15,71.5,0
19141,139.4,grocery,0,0,19,10,183.5,0
6952,22.17,utilities,0,0,5,21,423.0,0
4513,139.14,electronics,0,0,18,17,283.3,0
10099,152.26,electronics,0,0,7,18,519.3,0
10595,159.86,travel,0,0,22,18,102.3,0
17556,17.94,online_retail,0,0,14,14,152.6,0
2016,183.04,entertainment,1,0,7,8,57.7,0
16133,146.69,fuel,0,0,12,11,1570.5,0
14565,98.01,travel,0,0,14,20,427.8,0
3228,12.94,pharmacy,1,1,12,12,595.9,0
16536,55.3,jewelry,0,0,9,16,968.7,1
4452,150.02,pharmacy,0,0,13,9,435.5,0
7408,23.09,pharmacy,1,1,19,19,569.3,0
10891,97.41,fuel,0,0,22,18,133.5,0
12679,103.43,grocery,1,0,8,16,199.7,0
9485,98.38,jewelry,1,0,17,12,42.1,0
1109,31.17,fuel,1,0,5,13,120.0,0
6940,223.13,fuel,0,0,8,16,48.1,0
422,138.02,travel,0,1,8,10,1309.1,0
13291,150.15,jewelry,0,1,9,11,450.7,0
16238,90.81,entertainment,0,0,19,12,81.0,0
6709,278.02,electronics,0,0,16,13,43.3,0
5554,15.81,fuel,0,0,20,19,493.3,0
181,75.28,utilities,0,0,8,17,98.0,0
3411,55.9,fuel,1,0,10,6,146.3,0
19393,43.95,grocery,1,0,9,14,84.1,0
1285,114.71,pharmacy,0,0,3,17,10.9,0
10623,117.51,online_retail,0,0,19,16,104.4,0
14823,137.74,grocery,0,0,16,20,184.3,0
17598,62.96,utilities,0,0,10,12,67.0,0
8985,171.12,entertainment,1,0,22,18,110.4,0
1116,62.06,pharmacy,0,1,2,19,112.5,0
17666,92.61,utilities,0,0,8,12,44.9,0
5519,60.3,online_retail,0,0,7,23,193.9,0
2734,56.55,electronics,1,0,20,13,869.1,0
1084,19.51,travel,0,0,21,21,14.0,0
5889,56.02,jewelry,0,0,21,11,458.8,0
17927,226.47,online_retail,0,1,16,15,3.3,0
14740,273.09,pharmacy,0,0,11,13,664.0,0
12267,258.08,dining,0,0,0,17,299.7,0
6092,139.71,fuel,1,0,17,10,641.2,0
14096,105.9,online_retail,0,0,10,14,1084.6,0
14903,223.52,utilities,0,1,18,14,160.5,0
11480,217.8,jewelry,0,0,7,16,679.4,0
10129,39.52,jewelry,0,0,7,8,219.9,0
11454,210.17,dining,0,0,14,14,448.6,0
12635,41.21,travel,0,0,0,18,1295.3,0
1012,107.94,utilities,0,1,10,15,68.7,0
5543,98.06,pharmacy,0,1,14,6,386.3,0
11668,145.48,utilities,1,0,14,10,360.8,0
271,428.55,utilities,0,1,18,16,30.1,0
9506,12.09,entertainment,0,1,12,16,435.5,0
2624,40.36,travel,0,1,17,9,182.9,0
5482,104.0,utilities,0,0,22,13,333.7,0
3066,93.6,entertainment,0,0,13,12,684.4,0
3847,128.08,fuel,0,0,12,18,345.0,0
14522,120.33,dining,0,0,6,13,78.1,0
8941,198.89,grocery,0,0,11,7,185.8,0
6288,31.62,dining,0,0,22,17,388.9,0
14757,298.39,travel,0,0,17,19,32.0,0
2236,32.25,jewelry,0,0,12,14,213.4,0
6732,39.23,travel,0,0,15,13,440.5,0
6537,222.8,online_retail,0,0,12,15,11.2,0
3432,73.53,entertainment,1,0,20,16,149.7,0
11930,116.94,utilities,0,0,9,9,743.5,0
12245,184.45,travel,0,0,7,10,187.1,0
8906,19.43,jewelry,0,0,5,16,122.5,0
1045,171.77,grocery,0,1,5,3,30.3,1
19949,134.61,grocery,0,0,18,17,162.9,0
12414,67.27,grocery,1,0,2,14,303.4,0
15157,147.72,jewelry,0,0,15,15,306.6,0
6997,245.26,utilities,1,0,6,20,794.8,0
14394,84.74,online_retail,0,0,21,14,209.5,0
19539,168.19,jewelry,0,0,9,15,192.3,0
18471,149.66,pharmacy,1,0,16,7,21.5,1
17891,169.75,entertainment,0,0,10,11,162.6,0
16155,93.57,dining,0,0,6,7,2460.9,0
16784,177.91,grocery,0,0,7,18,142.5,0
10101,309.45,pharmacy,0,0,10,10,531.5,0
2279,29.99,fuel,0,0,20,18,83.1,0
5657,179.33,online_retail,0,0,18,7,125.8,0
10466,309.87,jewelry,0,0,15,14,228.5,0
16323,87.31,electronics,1,1,21,22,345.3,0
2507,128.17,jewelry,0,0,22,20,165.5,0
18452,106.72,fuel,0,0,20,20,239.7,0
9102,46.29,jewelry,0,0,10,13,119.6,0
8122,100.65,grocery,0,0,12,21,183.0,0
12477,87.36,fuel,0,0,12,19,399.4,0
3668,20.7,entertainment,0,0,9,16,141.0,0
18017,121.78,entertainment,0,0,20,14,81.8,0
17882,133.36,electronics,1,0,9,17,389.6,0
18858,106.74,dining,0,0,6,14,1357.2,0
8765,55.75,fuel,0,0,13,15,41.6,0
7128,85.64,utilities,0,0,17,19,602.2,0
7019,78.72,entertainment,0,0,7,11,633.6,0
5898,195.01,jewelry,0,0,12,14,481.2,0
8977,33.05,travel,0,0,16,16,405.0,0
19121,346.01,pharmacy,0,0,15,15,524.8,0
7271,64.18,electronics,0,1,2,19,1074.3,0
2123,197.34,electronics,0,0,3,9,609.6,0
19046,84.1,jewelry,0,0,18,15,207.9,0
16026,118.06,pharmacy,0,0,11,11,1014.3,0
13842,54.2,entertainment,0,0,22,14,786.1,0
11941,126.89,entertainment,0,0,15,16,839.5,0
8756,93.29,grocery,1,0,8,15,332.4,0
7194,66.23,fuel,0,0,12,17,404.8,0
16582,14.54,online_retail,0,0,12,13,268.4,0
2270,57.25,online_retail,0,0,6,17,44.1,1
8685,207.65,entertainment,0,0,14,10,19.1,0
12831,276.06,grocery,1,0,12,14,704.3,0
19513,249.18,fuel,0,0,8,15,192.4,0
15682,54.97,travel,0,0,18,15,9.0,0
2404,156.46,electronics,0,0,9,14,991.8,0
11025,69.84,jewelry,1,1,10,12,244.0,0
7041,102.02,jewelry,0,0,13,19,9.4,0
14839,166.27,electronics,0,0,10,12,265.9,0
19316,115.14,electronics,0,1,13,13,349.6,0
6878,275.97,travel,0,0,11,15,369.4,0
13834,246.78,dining,0,0,13,16,449.2,0
10735,93.61,entertainment,0,0,2,10,114.8,0
10035,385.88,pharmacy,1,0,18,8,477.1,0
10,25.64,dining,0,0,6,6,311.2,0
14479,52.05,electronics,0,0,17,15,59.1,0
14623,50.36,grocery,0,1,17,12,336.2,0
2401,193.05,electronics,0,0,12,12,384.8,0
5633,83.72,utilities,0,0,7,21,1230.6,0
1108,100.59,electronics,0,0,19,13,82.6,0
10229,147.73,utilities,0,0,12,18,164.2,0
12952,100.11,fuel,0,0,18,22,409.6,0
7488,27.97,jewelry,0,0,1,14,176.8,0
14486,99.44,online_retail,0,0,13,14,449.8,0
3367,94.67,utilities,1,0,22,16,741.0,0
17246,94.78,electronics,0,0,21,16,204.4,0
11593,63.0,grocery,0,0,10,13,95.5,0
18950,68.37,entertainment,0,0,8,14,355.7,0
9095,60.9,online_retail,0,0,16,9,219.6,0
10488,11.47,electronics,0,0,8,14,142.2,0
7548,92.44,pharmacy,0,0,22,15,46.3,0
3373,113.01,entertainment,1,0,10,11,228.8,0
2307,15.89,online_retail,0,0,16,15,112.3,0
18566,79.27,grocery,0,1,10,15,170.9,0
7440,34.17,dining,0,0,7,11,210.4,0
8504,95.57,fuel,0,0,11,20,69.4,0
15386,90.6,pharmacy,0,0,7,10,1207.3,0
2823,7.3,grocery,0,0,7,15,465.4,0
4337,87.08,pharmacy,0,0,16,11,356.2,0
9031,269.93,jewelry,0,0,9,15,1046.2,0
1732,279.92,entertainment,0,0,11,7,256.5,0
3685,198.86,pharmacy,0,0,21,14,148.1,0
2518,126.96,jewelry,0,0,10,16,317.1,0
9775,50.42,entertainment,0,0,8,9,175.6,1
6326,92.01,entertainment,0,0,7,24,1205.7,0
18953,184.52,travel,0,0,22,15,542.3,0
3646,63.27,grocery,1,0,5,12,79.4,0
11474,53.51,grocery,0,0,17,18,432.6,0
10743,122.75,grocery,0,0,13,13,119.8,0
5692,67.48,online_retail,0,0,15,14,656.9,0
5918,104.44,online_retail,1,0,10,17,968.6,0
2818,188.24,travel,0,0,16,14,331.9,0
3372,46.22,pharmacy,0,0,11,20,43.1,0
15896,143.24,pharmacy,0,0,16,10,270.0,0
11993,115.5,grocery,0,0,8,11,31.3,0
14634,89.25,fuel,1,0,20,13,420.0,0
17565,59.84,fuel,0,0,20,7,278.8,0
18708,63.7,jewelry,0,0,17,17,255.8,0
10672,74.0,entertainment,0,0,11,17,3.0,0
14050,201.02,fuel,0,0,15,8,8.2,1
5576,141.97,fuel,0,0,7,16,233.5,0
14549,434.72,electronics,0,0,11,12,71.6,0
3942,204.86,fuel,0,0,14,10,641.3,0
8745,59.43,fuel,0,0,17,14,769.3,0
812,155.83,grocery,0,0,2,9,452.2,0
19101,22.62,online_retail,1,0,15,14,17.9,0
2904,51.77,fuel,0,0,21,12,813.4,0
273,109.0,entertainment,1,0,21,18,394.1,0
1487,59.31,grocery,0,1,14,17,446.5,0
13349,295.02,grocery,0,0,13,10,895.2,0
15973,67.47,entertainment,0,0,7,15,895.6,0
19961,83.16,travel,0,0,11,8,157.2,0
15863,191.12,electronics,0,0,8,20,1303.9,0
11901,160.96,electronics,0,0,22,22,24.1,0
13671,173.11,pharmacy,0,0,20,12,229.6,0
5398,11.35,travel,1,0,3,8,2021.1,0
14663,112.65,pharmacy,0,0,15,11,79.1,0
148,29.73,electronics,0,0,6,10,97.4,0
8958,56.91,pharmacy,0,0,20,13,231.5,0
13485,10.81,pharmacy,0,0,17,9,198.5,0
12339,48.64,entertainment,1,0,15,19,21.6,0
17645,197.17,grocery,0,0,6,14,24.2,0
9440,466.02,dining,0,0,18,12,394.5,0
15582,145.91,online_retail,0,0,10,12,445.4,0
830,49.25,entertainment,0,0,9,10,316.4,0
12735,97.52,fuel,1,0,9,12,70.5,0
6423,73.66,online_retail,1,0,19,8,9.7,0
1037,31.6,fuel,0,0,15,20,20.1,0
142,103.53,electronics,0,0,8,17,62.5,0
4300,75.21,dining,0,0,7,10,513.8,0
9191,106.78,fuel,0,0,22,14,160.5,0
14341,191.33,utilities,0,0,9,14,374.9,0
19772,92.11,pharmacy,1,0,8,18,165.0,0
6899,101.54,pharmacy,0,0,14,16,1549.8,0
9143,98.5,jewelry,0,0,15,19,1370.1,0
899,65.8,dining,0,0,15,16,798.6,0
15356,48.93,travel,0,1,7,9,352.5,0
2906,56.42,pharmacy,0,1,14,7,29.0,0
3015,189.24,online_retail,0,0,10,21,182.9,0
12598,124.16,online_retail,0,0,12,17,68.6,0
2416,54.8,utilities,0,0,15,12,440.5,0
8940,142.76,online_retail,0,0,15,18,168.9,0
1615,94.6,jewelry,0,1,18,11,393.1,0
16337,69.48,online_retail,0,0,14,17,373.9,0
7067,176.02,jewelry,0,0,8,11,733.8,0
4792,140.99,grocery,0,0,9,12,449.4,0
1932,177.25,grocery,0,0,22,15,447.4,0
754,141.82,jewelry,0,1,7,9,276.0,0
3822,180.94,dining,0,0,17,10,39.9,0
765,123.06,jewelry,0,0,9,17,129.6,0
16470,191.7,dining,0,0,4,6,22.6,1
16848,29.43,travel,0,1,14,18,606.3,0
97,65.21,utilities,0,0,21,13,390.6,0
6084,333.6,travel,0,0,16,13,69.2,0
10780,148.77,fuel,0,0,17,18,529.8,0
5769,123.93,grocery,1,0,6,10,308.8,0
4343,65.95,utilities,0,0,13,12,775.2,0
9863,133.66,utilities,0,0,22,13,33.5,0
6692,70.28,jewelry,0,0,8,15,256.2,0
2620,58.44,jewelry,1,0,19,18,154.7,0
10244,151.18,dining,0,0,22,9,44.4,0
11758,61.88,online_retail,0,0,21,17,361.8,0
2094,63.06,electronics,0,1,20,10,559.2,0
5426,37.72,grocery,0,0,13,15,46.4,0
5759,143.17,travel,1,0,11,13,44.0,0
6728,46.52,utilities,0,0,16,14,42.5,0
14895,49.77,entertainment,0,0,11,17,124.1,1
6167,65.78,electronics,0,0,21,15,33.4,0
443,127.4,online_retail,0,0,11,16,283.8,0
107,56.3,pharmacy,0,0,19,16,86.9,0
9474,87.31,utilities,0,0,7,15,10.7,0
14835,497.64,entertainment,0,0,19,15,217.6,0
1286,67.33,entertainment,0,0,20,16,26.6,0
19643,149.18,jewelry,0,0,12,12,1890.1,0
15942,94.99,entertainment,0,0,14,20,281.4,0
18099,26.45,travel,0,0,14,13,10.1,0
17809,58.98,electronics,0,0,16,17,9.7,0
14264,148.48,utilities,0,1,13,13,163.1,0
19663,184.06,utilities,0,0,4,12,803.3,0
13959,114.11,travel,0,0,18,13,1002.2,0
4285,173.77,travel,0,0,16,17,522.0,0
14724,21.35,pharmacy,0,0,21,19,558.6,0
12868,47.33,dining,0,0,17,10,237.6,0
13297,96.49,online_retail,0,0,4,16,47.2,0
7913,39.1,travel,0,0,7,9,53.1,0
12532,132.75,fuel,0,0,18,12,230.3,0
555,92.54,jewelry,0,0,13,14,156.5,0
1829,69.52,pharmacy,0,0,6,18,1321.2,0
15713,228.45,pharmacy,0,0,17,8,52.2,1
4119,92.6,entertainment,0,0,12,15,5.1,0
17230,157.51,grocery,0,0,0,11,402.0,0
2042,59.78,dining,0,0,21,17,241.4,0
10670,85.19,dining,0,0,1,13,148.1,1
16408,53.18,utilities,0,0,3,16,87.0,0
7286,90.31,grocery,0,0,21,10,366.3,0
17497,91.51,grocery,0,0,11,7,47.4,0
7698,44.98,dining,1,0,8,12,69.6,0
15074,53.26,utilities,1,0,16,10,428.7,0
14793,105.44,pharmacy,0,0,2,12,297.3,0
12404,210.08,utilities,0,1,9,16,328.3,0
17654,169.34,fuel,0,0,9,9,103.4,0
2436,21.64,fuel,0,0,8,13,107.9,0
3342,96.21,jewelry,0,0,7,16,1211.3,0
1119,95.37,electronics,0,0,1,15,327.1,0
3893,85.11,electronics,0,0,15,13,346.6,0
8671,204.15,dining,0,0,16,21,25.4,0
11741,72.47,online_retail,0,0,12,14,411.4,0
7384,144.55,grocery,0,0,16,15,387.2,0
12102,29.67,dining,0,0,6,18,835.9,0
19812,119.4,electronics,0,0,22,19,178.1,0
7576,49.36,dining,0,0,16,10,756.3,0
65,114.7,utilities,0,0,5,14,107.2,0
17560,186.14,entertainment,0,0,12,18,61.6,0
4391,127.35,fuel,1,1,22,8,133.2,0
1438,91.83,entertainment,0,0,1,9,582.8,0
10017,19.06,dining,0,0,0,14,105.1,0
1253,132.88,electronics,0,0,6,16,1562.7,0
6004,123.95,jewelry,0,1,0,6,20.2,1
9851,108.94,dining,1,0,14,12,245.5,0
18776,56.56,electronics,0,0,21,8,769.5,0
12904,41.77,fuel,0,0,17,9,217.1,0
13654,79.51,electronics,0,0,5,16,26.7,0
17685,42.82,dining,0,0,4,14,76.8,0
13164,49.53,online_retail,0,0,19,15,108.4,1
12884,72.31,grocery,0,1,16,12,69.2,0
3719,109.97,entertainment,0,0,15,15,311.6,0
12877,271.5,travel,0,0,10,9,229.9,0
16560,225.16,electronics,0,0,6,16,107.6,0
18180,46.12,entertainment,0,0,15,10,1026.8,0
10784,120.93,jewelry,0,1,11,12,121.5,0
12222,27.59,online_retail,0,0,17,9,135.1,0
2881,162.46,electronics,0,0,16,18,359.7,0
15389,92.85,travel,0,0,8,14,52.2,0
2082,94.66,grocery,0,0,14,15,1021.8,0
4545,83.78,electronics,1,0,19,11,202.5,0
13116,90.1,dining,0,0,9,12,4.9,0
430,216.53,dining,0,1,12,12,293.5,0
8672,94.75,jewelry,0,0,2,17,699.3,0
14960,207.75,fuel,1,0,9,11,12.5,0
14056,135.22,fuel,0,0,8,12,591.2,0
10264,215.38,grocery,0,0,16,11,136.7,0
5523,94.58,pharmacy,0,0,8,12,24.8,0
17697,60.67,grocery,0,0,20,7,145.5,0
15317,96.45,fuel,1,0,7,15,187.7,0
4028,71.54,travel,0,0,9,15,310.8,0
11604,54.82,online_retail,0,0,7,16,79.1,0
9723,35.36,electronics,1,0,22,11,424.4,0
4885,37.51,fuel,0,0,7,21,66.1,0
12182,75.82,online_retail,0,0,8,18,160.3,0
17942,198.78,utilities,0,0,12,14,314.2,0
18014,34.39,travel,0,0,19,12,673.7,0
14945,203.03,utilities,0,1,14,19,93.5,0
18326,141.66,electronics,0,0,15,13,70.6,0
13166,59.43,utilities,0,0,2,16,31.4,0
4542,66.15,grocery,0,0,6,18,536.5,1
14334,207.84,grocery,0,0,14,20,499.7,0
12479,164.55,online_retail,0,0,8,21,372.3,0
585,136.33,utilities,0,0,13,11,661.5,0
11761,46.58,dining,0,0,6,21,79.2,0
6271,74.41,jewelry,0,0,21,12,72.1,0
19454,60.19,entertainment,0,0,11,16,276.8,0
572,32.22,pharmacy,0,0,11,13,202.9,0
15850,123.1,pharmacy,1,0,22,20,677.2,0
10810,120.29,dining,1,0,18,19,50.3,0
12293,62.17,jewelry,0,1,16,22,1378.0,0
4014,189.81,travel,0,1,17,13,54.9,0
451,120.73,utilities,0,1,22,12,79.4,0
5094,48.41,travel,0,0,15,12,247.7,0
7989,39.7,pharmacy,1,0,5,12,278.4,0
8238,95.29,grocery,0,0,14,18,971.3,0
11558,174.87,grocery,1,0,15,10,966.0,0
12172,190.46,utilities,1,0,19,5,35.2,0
5812,272.09,entertainment,0,0,4,15,327.4,0
8605,345.73,grocery,0,0,15,14,1485.8,0
2537,24.16,online_retail,0,0,17,14,66.6,0
16620,30.34,online_retail,1,1,19,17,172.3,0
5263,33.33,travel,0,0,6,12,456.5,0
7992,121.3,dining,0,1,20,12,505.8,0
8816,77.82,dining,0,0,7,13,407.4,0
14809,142.46,entertainment,0,0,10,13,3.5,0
8734,31.84,travel,0,1,9,10,173.7,0
4272,17.35,utilities,0,0,18,13,191.3,0
13159,73.06,fuel,0,0,20,11,254.1,0
5968,223.02,online_retail,0,0,13,12,4.9,0
4253,140.31,online_retail,0,1,18,19,474.4,0
990,17.47,online_retail,0,1,22,10,1480.8,0
2345,203.37,grocery,0,0,22,16,311.5,0
18922,169.64,dining,0,0,18,7,506.5,0
5770,187.79,entertainment,0,1,11,18,589.0,0
1485,148.54,electronics,0,0,11,15,86.3,0
524,39.38,pharmacy,0,0,16,16,51.7,0
15251,100.67,travel,0,1,6,18,373.7,0
6031,270.26,pharmacy,0,0,7,12,4.4,0
12257,29.43,entertainment,0,0,12,13,1032.0,0
16896,11.88,grocery,0,0,16,13,204.0,0
15430,8.47,online_retail,0,0,21,19,475.2,0
10827,143.31,travel,0,0,6,19,138.3,0
14609,107.25,grocery,0,0,11,14,502.7,0
7846,37.21,pharmacy,1,0,11,12,905.2,0
9701,250.31,jewelry,0,0,8,15,55.2,0
6384,181.82,dining,0,0,15,15,140.2,0
7161,90.89,utilities,0,0,9,17,363.3,0
9425,61.36,jewelry,1,0,13,13,377.5,0
11867,128.89,pharmacy,0,0,6,18,16.0,0
12348,135.31,pharmacy,0,0,9,11,338.4,0
17580,84.49,utilities,0,0,7,13,1619.1,0
6179,401.63,electronics,0,0,8,10,17.8,0
16637,116.04,pharmacy,0,0,20,9,117.7,0
19167,196.52,utilities,0,1,18,13,40.6,0
8259,68.24,travel,0,1,12,22,84.9,0
16608,107.23,fuel,0,0,21,10,848.9,0
7064,89.72,jewelry,0,0,7,12,263.1,0
5738,39.43,entertainment,0,0,9,17,213.9,0
5890,43.69,fuel,0,0,12,16,1112.6,0
249,130.96,jewelry,0,0,21,6,487.3,0
3254,99.19,online_retail,0,0,5,13,460.7,0
108,382.09,travel,0,1,12,13,73.3,0
6454,65.1,dining,0,0,6,11,243.0,0
6711,162.11,travel,0,0,15,15,128.8,0
9174,28.82,travel,0,0,15,14,177.1,0
17602,94.81,electronics,0,0,4,6,217.9,0
7185,135.2,travel,0,0,14,9,526.7,0
69,129.62,entertainment,0,0,9,11,836.2,0
17896,40.02,electronics,0,0,2,9,200.9,0
2751,366.56,pharmacy,0,0,0,5,50.2,1
2939,403.03,entertainment,0,1,8,23,400.5,0
6310,50.38,travel,0,0,13,16,225.7,0
15801,119.75,pharmacy,0,0,22,17,73.8,0
19884,108.49,online_retail,0,0,11,12,486.1,0
5976,116.82,travel,0,0,6,18,314.1,0
5630,81.99,pharmacy,0,0,18,12,340.0,0
3933,94.0,pharmacy,0,0,22,16,196.7,0
3158,171.13,jewelry,0,0,11,23,94.6,0
14502,42.0,jewelry,0,0,4,8,55.2,0
10285,210.74,jewelry,0,0,7,14,888.1,0
8850,50.72,jewelry,0,0,10,18,377.6,0
1272,65.68,grocery,1,1,22,16,30.2,0
7110,254.73,electronics,0,1,12,9,40.7,1
13849,112.04,grocery,1,0,5,13,500.0,0
11185,90.2,entertainment,0,0,7,18,232.2,0
14821,130.26,pharmacy,1,0,9,11,159.2,0
11406,102.52,dining,0,0,13,7,31.4,0
13997,308.97,fuel,1,0,19,12,1675.1,0
13506,30.8,entertainment,0,0,16,17,22.4,0
18399,52.74,utilities,0,0,13,12,85.1,0
11176,80.87,pharmacy,0,0,9,14,431.4,0
5378,50.84,dining,0,0,19,14,752.1,0
9941,120.46,travel,0,0,11,13,394.8,0
16889,11.83,travel,1,0,19,16,389.0,0
13444,175.5,utilities,0,0,17,19,594.7,0
7570,380.64,grocery,0,0,3,6,12.4,1
19100,85.65,dining,0,1,15,22,251.4,0
18337,155.25,grocery,0,0,1,12,1792.0,0
5799,110.91,grocery,0,0,17,19,915.9,0
9695,154.48,utilities,0,0,21,16,509.6,0
6852,72.45,grocery,0,1,8,13,681.5,0
18366,23.15,grocery,0,0,19,13,87.6,0
18376,138.69,electronics,0,0,22,11,330.3,1
1193,154.99,travel,0,0,17,15,471.3,0
7305,139.53,jewelry,0,0,7,17,198.2,0
11364,71.95,utilities,0,0,7,8,430.8,0
5221,23.17,fuel,0,1,7,12,283.2,0
5752,122.38,entertainment,0,0,18,18,90.0,0
17629,194.33,fuel,0,1,18,16,21.4,0
15170,62.02,online_retail,0,0,21,16,151.3,0
6353,209.74,travel,0,0,15,14,796.4,0
16782,161.45,jewelry,0,0,12,13,161.0,0
7398,48.03,jewelry,0,0,16,16,237.9,0
19209,81.28,pharmacy,0,0,19,18,722.5,0
17724,140.04,entertainment,0,0,6,16,271.4,0
14312,156.55,jewelry,0,0,20,11,291.2,0
19521,179.87,grocery,0,0,18,11,397.5,0
2543,19.55,online_retail,0,0,12,16,105.7,0
13149,25.23,travel,0,0,9,18,649.0,0
9804,106.13,fuel,0,0,13,12,731.3,0
6190,98.5,grocery,0,0,19,12,239.3,0
16095,44.84,fuel,0,0,22,18,185.7,0
290,112.0,dining,0,0,20,12,373.6,0
12044,123.32,entertainment,0,0,9,16,361.0,0
2788,132.32,travel,0,0,15,14,277.1,0
9203,63.69,grocery,0,0,13,13,525.7,0
4548,118.61,online_retail,0,0,16,11,264.5,0
7416,66.99,utilities,0,0,17,21,222.2,0
2660,40.25,pharmacy,1,1,2,21,290.3,0
11946,218.96,jewelry,0,0,1,9,264.0,0
13395,85.9,jewelry,0,0,15,12,242.0,0
433,30.35,online_retail,0,1,17,19,170.3,0
17298,39.94,grocery,0,1,16,16,424.3,0
17994,166.35,fuel,1,0,20,9,47.9,0
8035,186.26,online_retail,1,0,13,6,4.3,1
5774,57.02,electronics,0,0,15,11,33.6,0
7059,126.53,travel,0,0,14,16,139.5,0
5019,34.8,utilities,0,1,12,15,211.2,0
8539,109.53,pharmacy,0,0,8,24,1140.7,0
10549,76.95,electronics,0,1,18,12,108.0,0
11402,226.05,online_retail,0,0,21,20,233.4,0
17291,55.42,fuel,0,0,21,16,282.3,0
16735,81.71,grocery,0,1,15,9,245.5,1
2988,105.73,grocery,0,0,20,10,424.0,0
241,237.43,travel,0,0,0,5,29.8,1
3567,88.69,utilities,0,0,20,11,197.1,0
10732,119.56,dining,0,0,18,12,248.8,0
13529,208.48,entertainment,0,0,15,14,325.0,0
13820,134.8,dining,0,0,17,17,77.3,0
1570,112.32,electronics,1,0,4,8,392.3,0
5236,145.75,pharmacy,0,0,13,14,1303.6,0
5297,125.08,pharmacy,0,0,18,8,411.9,0
13384,176.15,utilities,0,0,1,17,398.4,0
2632,120.74,travel,1,0,1,13,29.8,0
4554,235.26,utilities,0,0,17,16,949.1,0
5520,235.75,utilities,0,0,15,15,15.9,0
8161,305.59,entertainment,1,0,4,6,149.8,1
9642,50.69,utilities,0,0,18,16,578.6,0
11349,79.1,electronics,0,0,14,19,443.8,0
9023,104.68,dining,0,0,13,16,406.5,0
10138,60.68,pharmacy,0,0,22,15,1078.6,0
6106,156.78,fuel,0,0,6,19,111.5,0
1641,63.42,pharmacy,0,0,18,16,2.1,0
4354,153.07,electronics,0,0,8,7,154.3,0
207,165.85,fuel,0,0,18,13,1129.2,0
15486,43.1,pharmacy,0,0,8,14,250.6,0
15125,231.29,dining,0,0,9,14,32.4,0
9000,63.46,grocery,0,0,13,14,497.9,0
5815,138.04,pharmacy,1,1,12,10,1305.7,0
14993,41.86,online_retail,1,1,18,15,324.3,0
9762,59.02,fuel,0,0,13,15,168.8,0
17627,79.99,fuel,0,0,6,19,843.6,0
7332,48.12,grocery,0,0,9,9,49.6,0
9240,67.24,fuel,0,0,12,13,122.7,0
2556,264.44,jewelry,0,0,0,18,167.9,0
10533,211.96,pharmacy,0,0,7,18,192.1,0
11118,26.83,pharmacy,0,0,15,16,300.0,0
11734,192.82,fuel,1,0,22,20,191.6,0
13941,98.52,dining,0,1,21,18,342.9,0
7062,187.49,utilities,1,0,22,10,625.8,0
5937,197.65,online_retail,0,0,9,13,112.5,0
9639,138.53,pharmacy,0,0,16,19,19.3,0
13285,155.2,dining,0,0,7,14,74.2,0
16622,27.4,grocery,0,0,22,15,291.5,0
624,60.23,online_retail,0,1,8,17,535.3,1
19072,300.66,fuel,0,0,19,11,253.2,0
4701,65.44,jewelry,0,0,8,16,663.8,0
6174,53.59,grocery,1,0,7,15,311.7,0
3851,182.1,travel,1,0,4,16,329.7,0
16018,176.14,online_retail,0,0,8,22,809.0,0
2631,151.32,dining,0,0,16,11,99.5,0
19878,46.37,grocery,0,0,17,12,31.9,0
16218,64.92,dining,0,0,20,13,117.3,0
9569,109.46,fuel,0,0,1,8,152.9,0
4116,180.67,jewelry,1,0,21,16,893.8,0
18909,276.59,dining,0,0,22,18,129.0,0
7987,135.1,fuel,0,0,21,13,288.6,0
18108,143.32,online_retail,1,0,16,13,160.7,0
13585,154.52,fuel,1,1,18,21,1363.8,0
12208,327.75,online_retail,0,0,20,14,285.1,0
5375,114.45,online_retail,1,1,14,15,86.7,0
6479,42.0,fuel,0,1,1,17,492.4,0
6666,139.74,jewelry,0,1,8,13,33.7,0
11759,91.27,online_retail,0,0,8,12,232.1,0
12506,125.59,pharmacy,0,0,18,11,38.1,0
7619,164.12,entertainment,0,0,9,14,54.0,0
1106,178.38,jewelry,0,0,22,18,72.7,0
1663,165.46,pharmacy,1,0,13,15,593.4,0
14358,73.28,travel,0,0,5,13,167.9,0
1172,72.4,dining,1,0,22,11,16.6,0
16306,139.67,online_retail,0,1,10,21,608.5,0
303,114.35,jewelry,0,0,13,11,454.1,0
10843,28.77,fuel,0,0,12,13,449.9,0
13082,140.3,jewelry,0,0,6,11,747.1,0
11543,224.98,electronics,0,1,10,15,42.4,0
9075,131.22,travel,1,0,4,16,188.3,0
16027,89.58,grocery,0,0,16,18,1580.8,0
2126,68.83,travel,0,0,18,13,835.6,0
3726,47.87,utilities,0,0,13,8,568.7,0
17504,160.46,jewelry,0,0,2,16,1546.2,0
5974,92.57,jewelry,0,0,14,18,866.9,0
3794,42.74,utilities,0,1,9,17,62.5,0
19280,108.83,grocery,0,0,6,15,509.3,0
6080,182.34,grocery,0,0,18,10,394.3,0
18820,207.65,utilities,0,1,7,16,433.0,0
15811,239.17,electronics,0,0,7,16,900.4,0
18627,105.52,travel,0,0,15,13,582.3,0
1505,107.36,online_retail,0,0,18,10,1072.8,0
15586,151.42,grocery,0,1,7,10,111.8,0
8156,120.63,electronics,0,0,12,14,22.6,0
18302,52.66,utilities,0,0,9,9,72.3,0
6744,31.65,travel,0,0,19,12,132.1,0
4496,115.1,entertainment,0,0,14,9,195.6,0
8290,65.58,grocery,0,0,22,13,116.0,0
7296,36.02,utilities,0,0,9,18,68.6,0
19658,100.85,jewelry,0,0,3,14,246.9,0
17929,95.6,travel,0,0,15,4,35.8,1
2344,63.87,fuel,0,0,20,10,512.1,0
10551,33.51,jewelry,1,0,13,11,19.2,1
9441,63.85,entertainment,0,0,18,16,173.8,0
13147,59.65,entertainment,0,0,10,13,26.9,0
4402,7.74,online_retail,0,0,19,15,405.5,0
18514,83.28,utilities,0,0,9,11,1062.9,0
10632,254.59,dining,1,0,16,8,45.1,0
1011,67.63,pharmacy,0,0,22,10,83.7,0
11804,36.85,dining,0,0,19,12,226.2,0
13069,111.3,fuel,1,1,19,21,400.1,0
5987,539.55,online_retail,0,0,9,14,252.4,0
14963,129.6,electronics,1,0,13,13,22.0,0
10615,83.73,pharmacy,0,0,7,14,136.1,0
13887,32.73,grocery,0,0,9,11,74.1,0
3680,86.24,online_retail,0,0,20,12,253.2,0
2430,129.61,online_retail,0,0,4,15,689.2,0
10203,50.05,online_retail,1,0,9,17,314.9,0
7644,92.23,dining,0,0,11,9,61.1,0
5661,54.97,online_retail,0,0,16,14,207.1,0
3345,143.24,entertainment,0,0,13,16,364.4,0
486,104.31,dining,0,0,6,12,460.9,0
19078,136.55,pharmacy,0,0,14,15,786.3,0
8844,86.03,travel,0,1,15,11,189.6,0
9871,197.24,dining,1,1,16,18,92.7,0
9199,101.34,grocery,0,0,14,12,386.6,0
17984,160.07,pharmacy,0,0,22,10,156.2,0
3857,70.02,travel,0,0,14,3,154.1,0
3351,336.46,online_retail,0,0,13,10,137.3,0
18053,61.22,grocery,0,0,12,10,22.3,0
7532,83.07,travel,0,0,17,12,474.8,0
18809,31.32,dining,0,0,10,15,163.0,0
14088,339.86,travel,0,0,18,13,314.2,0
4259,56.6,travel,0,0,9,10,25.4,0
3634,72.23,grocery,0,0,9,14,189.1,0
8527,113.86,pharmacy,0,0,13,17,294.8,0
2880,88.58,pharmacy,0,1,21,13,981.9,0
15865,73.57,electronics,0,0,12,12,98.5,0
9014,48.19,online_retail,0,1,7,13,190.5,0
977,69.76,pharmacy,0,0,14,10,457.9,0
13617,68.98,travel,0,0,15,4,1341.1,0
12897,88.58,pharmacy,0,0,11,13,533.5,0
11095,47.37,travel,0,0,6,8,362.7,0
4421,94.77,pharmacy,0,0,6,16,193.5,0
18261,56.22,jewelry,0,0,15,14,227.0,0
18743,49.93,online_retail,0,0,13,9,221.4,0
6431,43.02,entertainment,0,0,22,14,604.7,0
17960,170.4,dining,0,0,11,18,159.1,0
9407,148.76,grocery,0,0,10,13,5.9,0
13723,153.79,utilities,0,0,11,14,150.2,0
17740,8.42,online_retail,0,0,9,16,23.7,0
5765,250.86,fuel,0,0,17,13,337.8,0
10391,160.31,entertainment,0,0,19,12,553.0,0
18127,313.36,online_retail,1,0,19,12,96.7,0
6736,168.59,fuel,0,0,7,7,312.2,0
13274,83.15,online_retail,0,0,21,11,341.1,0
9973,32.98,dining,0,0,12,16,220.4,0
12863,62.82,jewelry,0,0,22,15,10.5,0
15204,265.44,travel,0,1,13,23,356.3,0
9486,221.29,utilities,0,1,21,11,518.2,0
1336,170.9,fuel,1,0,20,17,680.3,0
14047,88.05,jewelry,0,0,18,10,435.6,0
14780,168.97,fuel,0,1,10,6,674.0,0
8169,82.11,travel,1,0,2,14,46.6,0
203,170.5,grocery,0,0,5,15,29.7,0
18315,57.88,grocery,0,0,9,12,137.2,0
14880,112.83,travel,0,0,21,15,247.2,0
17934,124.08,fuel,0,0,6,15,184.7,0
18341,15.52,jewelry,0,0,3,8,737.6,0
12110,66.74,jewelry,0,0,15,10,1060.5,0
9833,257.13,fuel,0,0,13,13,1210.1,0
8749,26.6,electronics,0,0,6,12,44.0,0
697,73.55,pharmacy,0,0,11,21,121.0,0
1500,65.23,electronics,0,0,6,14,252.1,0
19008,20.88,dining,0,0,16,14,303.0,0
5525,43.21,online_retail,0,0,13,6,181.8,0
6733,182.76,entertainment,1,1,4,8,480.1,0
18061,126.62,grocery,0,0,13,12,227.3,0
3114,146.61,grocery,0,0,16,14,170.0,0
15621,201.19,pharmacy,0,0,14,12,259.4,0
6903,112.5,fuel,0,0,9,13,196.9,0
413,53.43,dining,0,0,15,19,111.1,0
13344,74.87,travel,0,0,17,12,66.4,0
2739,189.51,fuel,0,0,18,14,185.2,0
18058,133.27,grocery,0,0,18,11,209.4,0
18432,28.07,online_retail,0,0,3,3,9.6,1
4873,97.74,grocery,0,1,15,18,220.1,0
11766,282.25,jewelry,0,1,9,8,34.9,1
13346,52.8,online_retail,0,0,14,18,146.9,0
18470,102.32,dining,0,0,18,17,928.2,0
19714,154.93,dining,0,0,8,11,101.0,0
3632,26.09,travel,0,1,11,13,162.7,0
17904,139.86,pharmacy,0,0,7,13,309.8,0
3288,196.22,entertainment,0,0,17,14,69.2,0
14030,123.73,grocery,0,0,13,10,425.3,0
10281,281.1,utilities,0,0,17,13,460.1,0
11830,111.41,jewelry,0,0,21,17,168.6,0
17359,44.38,electronics,0,0,8,12,196.8,0
6712,27.76,electronics,0,0,9,16,922.0,0
6081,49.64,pharmacy,0,0,14,13,443.8,0
18757,96.29,fuel,1,0,10,18,16.5,0
13831,65.69,online_retail,0,0,15,10,231.8,0
18954,217.36,fuel,0,1,15,17,216.0,0
7527,48.02,entertainment,1,1,22,19,319.8,0
12666,57.91,travel,0,0,6,8,9.4,0
16811,158.76,dining,1,0,5,13,170.4,0
5176,74.64,utilities,0,0,10,14,330.5,0
11128,49.47,fuel,0,0,22,15,335.3,0
1674,15.01,travel,0,0,12,16,251.4,0
15234,247.02,fuel,0,1,10,10,109.7,0
16825,81.63,entertainment,0,0,7,15,31.9,0
15813,112.38,entertainment,1,0,13,16,331.7,0
4702,57.75,jewelry,0,0,21,12,46.3,0
19840,325.39,jewelry,1,0,16,14,47.3,0
12459,132.31,online_retail,0,0,8,9,53.5,0
19924,158.87,fuel,0,1,18,10,650.9,0
10574,97.54,entertainment,1,0,14,23,68.2,0
14818,72.53,pharmacy,0,0,17,13,207.7,0
6559,87.13,fuel,0,1,15,15,85.9,0
19779,212.36,online_retail,0,0,16,17,1091.9,0
6833,266.12,jewelry,0,1,3,15,79.2,0
13522,75.25,utilities,0,0,0,19,17.6,0
5717,75.41,pharmacy,0,0,18,10,144.6,0
14737,94.41,fuel,0,0,16,8,180.2,0
2072,284.0,entertainment,0,0,22,11,177.4,0
913,95.04,dining,0,0,15,13,184.4,0
17080,43.53,dining,0,0,7,17,340.7,0
834,259.09,dining,0,0,3,23,285.6,0
12502,124.44,grocery,0,0,9,10,636.8,0
17157,22.18,jewelry,0,0,6,11,215.7,0
4232,140.83,utilities,0,0,22,11,3.0,0
11346,103.85,travel,0,0,14,9,237.0,0
19937,239.09,entertainment,0,0,11,13,65.4,0
5100,400.88,pharmacy,1,1,19,8,58.0,1
418,190.28,online_retail,0,0,11,16,6.0,0
7303,17.25,fuel,0,0,8,17,190.8,0
17213,48.15,fuel,0,0,8,10,356.0,0
3366,124.82,pharmacy,1,0,20,9,101.6,0
14446,196.67,travel,0,0,20,8,446.7,0
10783,73.62,online_retail,1,0,19,15,129.8,0
1258,89.37,utilities,0,0,14,25,240.5,0
11714,51.54,jewelry,0,0,13,6,674.1,0
10295,149.25,online_retail,0,0,8,15,391.5,0
3492,321.07,online_retail,0,0,12,13,19.2,0
2463,79.07,online_retail,0,1,18,12,17.9,0
2240,30.95,online_retail,1,1,11,14,95.6,0
15924,74.16,electronics,0,0,7,16,562.1,0
10339,63.36,travel,0,0,18,16,404.1,0
19327,35.15,pharmacy,0,0,19,8,89.1,0
3298,33.13,electronics,0,0,11,14,36.8,0
7830,175.47,fuel,0,1,9,21,813.7,0
5763,97.02,entertainment,0,0,22,19,109.2,0
3475,76.47,utilities,0,1,19,10,149.3,0
2398,201.76,dining,0,0,12,9,61.8,0
5484,183.23,travel,0,1,9,14,723.1,0
18666,85.23,electronics,0,0,20,14,357.8,0
5631,86.62,grocery,0,1,5,11,83.5,0
9612,249.87,dining,0,0,19,11,236.8,0
7804,128.26,fuel,0,0,8,14,733.2,0
6864,53.77,grocery,0,0,8,16,464.5,0
5429,198.75,jewelry,0,1,20,17,720.5,0
12388,193.67,jewelry,0,1,11,13,531.6,0
6055,35.89,dining,0,0,9,11,35.8,0
6355,45.56,dining,1,0,17,16,1.0,0
16532,162.84,travel,0,0,17,12,36.8,0
7080,158.01,grocery,0,0,15,17,411.8,0
6515,73.15,fuel,0,0,19,18,128.9,0
10296,130.55,travel,0,0,15,20,721.8,0
19340,84.88,utilities,0,0,15,17,342.7,0
4752,81.13,dining,0,0,9,17,31.0,0
14530,63.39,utilities,0,0,13,22,343.6,0
7929,262.73,jewelry,0,1,21,3,1.9,1
6609,95.63,fuel,0,1,3,18,93.0,0
15503,193.88,travel,0,0,8,15,277.7,0
12344,86.29,electronics,1,0,1,13,141.5,0
3994,21.03,jewelry,0,0,1,14,256.6,0
6244,50.51,grocery,0,0,6,12,82.9,0
19566,59.43,travel,0,0,14,20,127.1,0
1583,23.95,travel,0,0,22,12,199.4,0
15366,138.22,fuel,0,1,9,9,186.5,1
8570,141.97,grocery,0,0,21,10,622.7,0
6205,49.27,jewelry,0,0,19,11,185.6,0
1479,674.79,online_retail,1,1,5,6,102.5,1
13906,223.27,fuel,0,0,9,14,756.3,0
3548,155.38,entertainment,0,0,18,20,103.8,0
7220,194.55,jewelry,0,1,7,11,425.2,0
19736,37.11,fuel,0,0,7,9,296.1,0
19024,34.65,travel,0,0,18,14,289.5,0
517,125.37,fuel,1,0,7,16,222.9,0
2974,163.77,fuel,0,1,10,15,65.6,0
17417,177.73,dining,0,0,20,16,18.7,0
92,75.42,utilities,1,0,19,15,788.2,0
14309,41.05,dining,0,0,16,12,2.4,0
19734,230.84,jewelry,0,0,9,15,655.3,0
1578,47.19,utilities,0,0,17,10,155.0,0
7614,99.39,jewelry,0,1,15,16,312.6,0
7240,174.19,travel,0,0,21,18,71.3,0
16350,50.39,dining,0,0,3,8,704.9,0
4053,64.47,jewelry,0,0,19,13,92.0,0
12927,421.22,utilities,1,0,11,6,28.1,1
4042,55.97,grocery,0,0,13,17,1331.2,0
14239,163.86,utilities,0,0,14,10,41.9,0
12648,177.61,travel,1,0,10,9,40.7,0
8258,120.22,online_retail,0,0,18,16,636.2,0
9258,190.28,grocery,0,0,13,13,103.1,0
9445,91.96,pharmacy,0,0,6,12,421.6,0
16727,73.13,grocery,0,0,22,16,207.3,0
15334,238.45,grocery,0,1,9,15,506.4,0
3316,72.32,electronics,0,0,17,8,246.4,0
17436,399.05,dining,0,0,13,15,236.0,0
6639,18.59,utilities,0,0,14,14,37.9,0
17543,128.47,grocery,0,0,8,18,732.7,0
489,103.57,entertainment,0,1,14,17,774.6,0
16429,78.09,grocery,0,0,10,14,462.6,0
19261,104.38,jewelry,0,0,7,18,622.8,0
2269,58.58,online_retail,0,1,21,10,412.8,0
14154,30.3,dining,0,0,4,14,1034.8,0
3829,34.35,entertainment,0,0,2,19,361.2,0
8578,98.93,dining,0,0,20,15,270.5,0
8571,125.07,fuel,0,0,22,16,338.6,0
15622,64.1,travel,0,0,16,11,209.9,0
4965,94.12,travel,0,0,16,17,402.2,0
13763,391.53,entertainment,0,0,17,10,134.2,0
17442,91.16,grocery,0,1,14,17,157.1,0
2353,102.82,dining,1,0,12,12,1120.3,0
1085,242.09,entertainment,0,0,11,11,109.0,0
3766,47.51,entertainment,0,0,15,7,234.8,0
17494,115.13,travel,0,0,16,15,1333.3,0
3016,54.5,pharmacy,1,0,9,10,261.4,0
10073,48.88,jewelry,0,0,14,10,737.1,0
16553,78.42,travel,0,0,19,11,117.5,0
427,45.85,dining,0,0,18,17,20.0,0
4967,50.84,pharmacy,1,0,10,19,56.8,0
8389,98.0,utilities,0,0,8,13,131.0,0
5920,163.88,fuel,1,0,16,13,256.0,0
5818,84.47,entertainment,0,0,18,17,50.0,0
2898,127.97,pharmacy,0,0,20,13,122.9,0
9722,239.82,electronics,0,1,12,11,19.5,0
19803,136.54,dining,0,0,4,10,50.0,0
4831,37.64,online_retail,0,0,19,11,119.7,0
3356,52.46,electronics,0,1,10,14,944.7,0
15104,144.34,pharmacy,0,0,15,10,314.5,0
7806,62.51,grocery,0,0,10,11,80.1,0
4981,53.59,utilities,0,0,9,18,68.0,0
5643,30.51,dining,0,1,17,13,712.4,0
480,149.77,online_retail,1,0,16,24,373.5,0
4600,139.48,jewelry,0,0,6,21,478.9,0
13851,46.7,utilities,0,0,1,15,234.6,0
17088,113.09,electronics,1,0,0,18,104.3,0
17905,52.91,utilities,0,0,17,15,1353.1,1
9422,244.39,utilities,0,0,9,11,554.8,0
14625,107.17,travel,0,0,15,9,1188.8,0
10316,186.56,dining,0,0,9,16,138.9,0
14608,45.16,jewelry,0,1,7,14,796.6,0
98,153.12,fuel,0,0,11,15,23.4,0
3551,246.62,grocery,0,0,7,13,902.9,0
900,136.98,dining,0,0,13,16,721.0,0
655,152.29,online_retail,0,1,11,9,232.4,0
7647,37.28,utilities,0,0,17,12,436.0,0
8901,52.69,online_retail,0,0,8,19,168.4,0
8569,116.02,travel,0,0,12,12,612.9,0
16914,197.74,dining,0,0,19,10,666.3,0
17887,257.59,grocery,0,0,5,10,83.1,0
19858,45.46,travel,0,0,6,16,66.9,0
6337,48.63,jewelry,0,0,11,14,335.1,0
9653,37.34,jewelry,0,0,22,16,122.1,0
14257,49.26,dining,0,0,13,12,975.0,0
5148,51.2,fuel,1,0,13,15,133.3,0
13232,72.86,grocery,1,0,6,11,1055.4,0
14647,147.4,pharmacy,0,0,8,14,1281.0,0
4502,67.21,fuel,0,1,12,17,513.0,0
17937,28.68,entertainment,0,0,21,15,504.5,0
6851,25.99,dining,0,0,14,15,148.3,0
9292,55.35,dining,0,0,17,16,670.6,0
435,42.6,pharmacy,0,0,20,13,667.1,0
13627,50.32,fuel,0,1,10,16,276.9,0
16113,115.62,jewelry,0,0,17,11,323.8,0
1671,123.84,fuel,0,0,22,14,670.6,0
14035,32.46,electronics,1,0,7,13,193.9,0
1566,100.36,jewelry,0,0,9,20,127.4,0
4618,153.75,jewelry,0,0,19,15,744.3,0
4136,30.04,online_retail,0,0,21,15,872.6,0
12319,40.52,pharmacy,0,0,21,12,150.1,0
9356,229.84,electronics,0,0,13,12,465.9,0
18729,66.88,travel,0,0,20,17,202.2,0
3664,54.14,fuel,0,0,11,17,21.6,0
15891,64.53,grocery,0,1,6,17,317.4,0
16719,219.11,jewelry,0,0,7,12,63.6,0
10091,199.52,dining,0,0,0,15,457.1,0
3037,123.1,grocery,0,0,17,17,706.4,0
17533,206.17,entertainment,0,0,17,12,497.5,0
7140,164.91,fuel,0,0,19,10,1243.2,0
10355,88.66,entertainment,0,0,12,8,220.4,0
9709,111.55,pharmacy,0,0,8,22,206.7,0
5540,356.04,online_retail,1,1,15,5,59.0,1
7601,78.89,electronics,0,0,16,18,434.3,0
1721,78.83,fuel,0,1,21,11,54.2,0
2685,204.81,fuel,0,0,14,16,246.6,0
6112,43.95,dining,0,0,10,13,440.3,0
12024,8.3,travel,0,0,19,13,161.6,0
18321,208.97,grocery,0,0,17,11,560.6,0
16302,87.96,grocery,0,1,20,19,85.8,0
175,37.81,dining,0,0,14,13,766.3,0
8518,68.4,travel,0,1,20,18,741.1,0
17787,147.77,fuel,1,0,20,18,369.7,0
13680,84.13,online_retail,0,0,10,17,714.0,0
19690,110.83,utilities,1,0,16,19,215.6,0
1102,253.44,grocery,0,1,6,11,183.5,0
19951,28.18,grocery,0,0,6,13,56.9,0
996,102.35,grocery,0,0,18,12,61.8,0
19154,88.14,electronics,0,0,18,16,335.8,0
15245,33.07,jewelry,0,0,8,12,894.0,0
10788,1.17,dining,0,0,9,12,195.6,0
10537,104.19,dining,0,0,0,13,597.4,0
13250,131.56,dining,1,0,11,17,278.0,0
3369,135.03,dining,0,0,20,11,239.3,0
2256,47.0,online_retail,0,0,14,16,1357.8,0
6873,73.17,pharmacy,0,1,10,18,380.1,0
15069,122.27,utilities,0,0,17,12,217.2,0
4861,60.84,dining,0,0,17,19,146.0,0
10866,140.55,grocery,0,0,6,6,112.2,0
7141,128.41,grocery,0,0,16,13,952.7,0
6111,191.84,jewelry,0,0,21,13,103.7,0
18386,81.31,travel,0,0,7,12,250.3,0
14281,93.22,utilities,0,0,10,11,2004.8,0
2942,232.58,entertainment,0,1,19,14,61.0,0
11224,182.69,dining,0,0,5,11,230.1,0
7993,22.91,grocery,0,0,8,6,5.7,0
3991,118.53,travel,0,0,9,23,171.1,0
10174,195.0,electronics,1,0,8,3,86.4,1
1884,154.42,travel,0,0,10,10,96.0,0
14059,111.99,jewelry,1,1,8,8,127.6,1
8662,56.21,entertainment,1,0,6,13,951.0,0
17396,329.12,dining,0,1,20,15,161.2,0
16115,216.44,utilities,0,0,8,13,470.8,0
14873,262.6,online_retail,0,1,7,7,181.8,0
8240,62.09,online_retail,1,0,18,16,327.6,0
17711,126.94,entertainment,0,0,6,10,1224.7,0
1364,78.46,online_retail,1,0,13,14,81.7,0
2472,18.12,utilities,0,0,16,16,1242.0,0
375,100.63,utilities,0,0,20,13,621.7,0
6013,45.13,fuel,0,0,22,10,86.4,1
160,19.37,pharmacy,0,1,7,21,97.5,0
11749,127.44,pharmacy,0,0,6,6,478.5,0
7342,138.87,jewelry,0,0,7,12,214.9,0
17538,142.01,jewelry,0,1,8,11,281.4,0
15976,29.68,pharmacy,0,0,4,15,255.3,0
13304,44.58,jewelry,0,0,21,8,135.4,0
5472,21.59,electronics,0,1,15,16,72.6,0
17838,38.21,pharmacy,0,0,15,13,50.3,0
16887,138.64,jewelry,0,1,13,10,935.4,0
14938,43.3,travel,0,1,18,12,247.2,0
6358,120.88,utilities,0,0,21,11,768.5,0
15506,9.19,online_retail,0,0,5,10,113.9,0
16157,49.77,entertainment,0,0,14,11,1772.8,0
11423,101.67,entertainment,0,0,15,17,385.8,0
10611,55.45,entertainment,0,1,16,14,222.4,0
6003,193.05,electronics,0,0,3,15,101.9,0
16077,155.56,grocery,0,0,10,18,199.5,0
12634,192.33,grocery,0,0,18,9,367.9,0
8402,142.85,travel,0,0,11,17,139.7,0
19844,257.16,fuel,0,0,12,19,1062.1,0
1079,64.21,pharmacy,0,1,3,16,48.3,0
17222,93.69,travel,1,0,13,11,439.4,0
17817,157.47,grocery,0,0,19,18,778.0,0
7974,40.42,pharmacy,0,0,16,16,660.2,0
14078,64.1,utilities,0,0,19,19,350.2,0
16269,76.38,fuel,0,0,19,6,189.9,0
14306,115.53,utilities,0,0,9,13,182.3,0
4322,158.39,grocery,0,0,22,21,308.5,0
5189,248.53,online_retail,0,0,16,23,207.1,0
13419,49.52,grocery,0,0,19,15,363.7,0
120,172.67,fuel,0,0,10,17,92.0,0
896,118.05,travel,0,0,13,12,114.2,0
8244,176.34,online_retail,0,0,19,14,1939.9,0
5971,169.71,jewelry,0,0,0,4,51.7,0
10076,68.32,entertainment,0,0,15,14,88.4,0
3327,108.57,jewelry,0,0,20,18,211.0,0
13195,274.91,online_retail,0,0,3,10,61.1,0
5462,92.59,fuel,0,0,8,13,238.1,0
1288,60.14,fuel,0,0,11,15,305.3,0
2902,25.94,dining,0,0,20,22,42.7,0
11777,231.74,grocery,0,0,20,19,763.9,0
9661,194.68,dining,0,0,18,17,42.3,0
11798,50.96,electronics,0,0,13,10,632.2,0
9937,164.24,travel,1,0,22,11,63.7,0
9391,129.6,jewelry,0,0,20,12,1815.7,0
8879,41.88,fuel,0,0,19,16,20.9,0
2032,97.53,grocery,0,0,21,19,322.7,0
2438,134.34,grocery,0,1,13,17,152.0,0
15468,36.91,entertainment,1,0,21,17,401.3,0
2365,168.95,online_retail,0,1,9,11,176.1,0
6672,41.07,electronics,0,0,21,12,398.3,0
14607,21.79,travel,0,0,9,15,14.8,0
16104,140.17,online_retail,1,0,13,12,517.1,0
13041,116.9,travel,0,1,20,18,678.6,0
19115,162.28,pharmacy,0,0,9,17,1.5,0
7821,211.2,fuel,0,0,18,20,621.7,0
3927,130.49,online_retail,0,0,7,16,55.1,0
948,62.79,online_retail,0,0,10,16,451.6,0
7250,59.67,pharmacy,0,0,12,11,298.4,0
14633,322.72,pharmacy,0,0,21,10,169.1,0
18325,75.06,fuel,0,0,13,6,239.6,0
3424,191.58,travel,0,0,7,15,592.5,0
5755,82.41,pharmacy,0,1,7,15,118.3,0
8220,88.18,jewelry,0,0,11,11,268.3,0
685,91.22,pharmacy,0,0,8,18,278.9,0
2697,39.98,fuel,0,0,13,6,355.1,0
4468,184.72,electronics,1,0,19,21,51.4,0
19764,128.87,grocery,1,0,12,10,108.8,0
7166,279.64,pharmacy,0,1,3,10,89.5,1
14954,40.69,entertainment,0,0,17,15,126.8,0
16175,519.26,utilities,0,0,1,2,1.6,0
5435,47.35,dining,0,0,8,14,656.6,0
4905,479.08,entertainment,0,0,7,13,355.9,0
12883,142.15,online_retail,0,0,20,13,253.8,0
9533,241.51,electronics,0,0,8,12,543.5,0
2162,231.43,pharmacy,0,0,9,9,21.0,0
1016,123.79,electronics,0,0,9,13,325.1,0
19286,141.93,electronics,0,0,22,17,91.8,0
15377,117.64,online_retail,0,0,19,18,463.4,0
19522,50.37,entertainment,0,0,7,17,304.6,0
10582,152.26,dining,0,0,4,13,433.9,0
268,162.23,entertainment,0,0,7,13,339.9,0
10671,88.1,utilities,0,0,11,10,159.4,0
16478,296.18,grocery,0,0,6,14,336.2,0
19418,64.49,travel,0,0,10,15,10.3,0
12680,91.01,electronics,0,0,8,12,468.5,0
16019,102.75,grocery,0,0,12,17,31.9,0
2682,189.73,dining,0,0,16,10,3.0,1
6943,61.15,fuel,1,0,15,23,111.4,0
8761,88.19,utilities,0,0,21,8,60.3,0
5099,184.92,entertainment,0,1,5,11,143.6,0
10126,40.03,entertainment,0,0,17,22,48.8,0
10374,287.91,dining,0,1,8,6,270.8,0
4060,43.22,electronics,0,0,6,10,283.4,1
5944,117.27,grocery,0,0,9,14,350.3,0
16346,265.45,grocery,0,0,15,15,310.2,0
5641,131.89,dining,0,0,18,15,284.3,0
17016,50.66,online_retail,1,0,15,15,256.8,0
7188,17.52,online_retail,0,0,9,9,132.7,0
11342,131.85,travel,0,0,13,14,663.5,0
1569,143.53,grocery,0,0,7,12,869.9,0
8706,65.85,travel,0,1,7,20,439.2,0
3899,112.02,pharmacy,0,0,18,23,271.6,0
14789,54.58,online_retail,0,0,9,11,68.0,0
15982,64.98,travel,0,0,22,17,2.7,0
6315,81.67,jewelry,0,0,16,20,75.6,0
8142,27.13,electronics,0,1,15,13,409.0,0
3073,135.3,online_retail,0,0,14,16,176.1,0
4511,136.56,pharmacy,0,0,21,16,143.6,0
1590,32.45,utilities,0,0,13,10,305.3,0
11947,63.68,pharmacy,0,0,11,12,691.8,0
14422,165.5,grocery,0,0,14,15,104.7,0
9062,38.22,fuel,0,0,8,12,525.2,0
17445,242.06,entertainment,0,0,11,11,333.4,0
14197,157.15,dining,0,0,9,18,28.6,0
14338,5.19,electronics,0,0,10,12,514.8,0
5886,61.06,pharmacy,1,0,13,14,611.6,0
12850,341.89,pharmacy,0,0,13,11,183.8,0
18567,219.37,dining,1,0,18,11,1145.5,0
118,110.55,electronics,1,0,5,24,417.0,0
11721,130.98,travel,1,0,20,9,273.5,0
1519,149.58,fuel,0,0,10,13,565.2,0
13558,101.76,pharmacy,0,0,6,20,95.6,0
1802,138.86,fuel,0,1,15,10,33.7,0
7676,29.74,dining,0,0,20,4,33.9,0
11518,694.67,entertainment,0,0,18,8,107.5,1
3292,111.94,jewelry,0,0,21,16,83.8,0
11532,38.25,fuel,0,1,2,13,912.0,0
11396,179.2,grocery,0,0,1,10,267.0,0
7077,7.05,fuel,0,0,0,21,306.8,0
3225,119.08,fuel,0,0,9,17,94.9,0
11523,157.8,dining,0,0,10,22,1603.0,1
12122,9.0,utilities,0,0,11,12,149.5,0
4274,160.19,electronics,0,0,16,12,471.9,0
330,92.61,utilities,0,0,12,13,1172.0,0
12207,274.91,dining,0,0,22,8,137.8,0
14723,62.57,jewelry,0,0,4,14,690.8,0
4099,77.07,travel,0,0,13,17,576.6,0
8676,156.81,travel,0,1,9,8,621.8,0
10288,99.24,online_retail,0,0,11,9,804.4,0
6289,26.94,utilities,0,0,21,13,872.8,0
7719,54.39,utilities,0,0,13,18,138.5,0
4022,111.56,jewelry,1,0,0,7,55.4,1
10194,99.3,jewelry,0,0,20,14,43.3,0
19578,48.79,travel,0,1,19,14,47.5,0
18121,118.57,online_retail,0,0,7,10,79.7,0
469,116.04,travel,0,1,5,14,406.9,0
7467,107.64,travel,0,0,1,16,24.2,0
324,142.49,fuel,0,0,9,20,587.3,0
394,15.68,electronics,0,0,18,18,221.7,0
1654,178.23,entertainment,0,0,16,3,268.2,0
6776,89.34,fuel,1,0,17,15,56.1,0
2923,210.33,online_retail,0,0,13,16,114.8,0
19175,40.65,travel,0,0,7,11,38.7,0
19414,325.29,utilities,1,1,17,11,283.5,0
10407,163.43,online_retail,0,1,10,16,159.4,0
14465,157.74,entertainment,0,0,8,11,74.1,0
6482,100.71,travel,0,0,3,8,94.7,1
13805,101.46,entertainment,0,0,6,14,65.8,0
8908,159.17,entertainment,0,1,8,15,566.6,0
7231,31.9,electronics,1,0,6,7,72.1,0
11077,100.98,utilities,0,0,8,10,169.0,0
4713,107.35,grocery,1,0,6,19,416.1,0
4633,111.11,grocery,0,0,6,8,374.2,0
18957,65.44,grocery,0,0,16,14,204.0,0
3785,152.08,online_retail,0,0,18,19,615.5,0
6458,70.2,online_retail,0,0,2,23,520.1,0
4833,124.67,pharmacy,1,0,17,13,291.3,0
18219,106.96,pharmacy,1,0,2,12,276.0,0
7609,53.61,pharmacy,0,0,7,15,593.0,0
8755,129.47,electronics,0,1,18,12,94.0,0
18984,168.19,utilities,0,0,20,13,928.0,0
10913,198.53,online_retail,0,0,19,13,106.8,0
13705,54.13,dining,0,0,7,13,188.9,0
15678,34.37,travel,0,0,9,16,160.4,0
12566,79.43,electronics,1,0,8,13,26.0,0
5047,45.82,online_retail,0,0,20,16,99.4,0
10153,45.95,dining,0,0,10,13,487.1,0
946,179.68,online_retail,0,0,10,19,444.5,0
9311,20.35,entertainment,0,0,18,19,853.8,0
4657,278.48,electronics,0,0,19,14,175.5,0
3599,94.91,electronics,0,0,16,15,8.7,0
6453,80.52,utilities,0,0,17,16,97.2,0
4125,110.54,electronics,0,1,15,15,101.2,0
2089,76.55,dining,0,0,14,14,610.7,0
10023,64.09,fuel,0,0,18,11,73.0,0
19941,38.18,entertainment,0,0,18,14,104.6,0
3635,168.62,entertainment,0,0,12,19,397.1,0
17082,73.75,utilities,0,0,11,11,75.5,0
11956,114.54,jewelry,0,0,12,20,57.7,0
8278,57.58,entertainment,0,0,16,9,487.5,0
186,268.56,jewelry,0,0,19,20,113.4,0
5551,102.79,pharmacy,0,1,19,10,542.9,0
14094,21.58,entertainment,0,0,7,16,766.7,0
18096,186.48,dining,0,0,16,11,37.3,0
12406,242.36,electronics,1,0,22,7,209.8,0
200,119.98,grocery,0,0,2,14,548.7,0
14492,85.62,grocery,0,0,16,17,224.1,0
19904,289.76,online_retail,0,0,10,15,19.4,0
13363,25.34,grocery,0,0,18,13,4.6,0
11708,115.3,travel,0,0,11,11,443.2,0
17261,58.96,pharmacy,0,0,19,5,251.7,0
1212,91.83,utilities,0,0,20,16,291.3,0
12346,3.31,dining,0,1,11,16,70.6,0
8400,146.2,pharmacy,0,0,15,12,121.0,0
626,359.88,online_retail,0,0,2,3,100.8,1
19391,89.21,entertainment,0,1,20,16,276.3,0
6743,131.53,travel,0,0,19,18,442.1,0
4450,179.45,online_retail,0,0,17,12,45.1,0
9316,167.17,jewelry,0,0,13,20,39.0,0
10408,164.18,online_retail,0,0,17,13,15.2,0
15471,75.51,grocery,0,0,20,12,479.4,0
1230,20.51,fuel,0,0,4,16,540.4,0
13499,237.85,fuel,0,1,1,26,106.4,0
10655,124.19,utilities,0,0,17,18,964.9,0
4109,74.56,grocery,0,1,13,13,270.9,0
5208,96.3,electronics,0,0,19,10,89.1,0
15545,214.68,grocery,0,0,18,17,186.0,0
251,132.83,electronics,0,0,1,21,501.0,0
6914,120.38,online_retail,0,0,3,14,95.8,0
12507,138.29,fuel,0,0,17,5,337.3,1
7282,156.63,electronics,0,0,22,17,611.5,0
8126,184.67,travel,0,0,6,14,69.0,0
15265,50.86,jewelry,1,0,19,13,406.0,0
4497,95.9,entertainment,0,0,11,17,238.5,0
3065,182.33,fuel,0,0,16,7,1.0,0
7646,243.0,dining,0,0,10,15,401.9,0
8315,130.18,grocery,0,0,22,15,286.8,0
17757,121.6,travel,0,1,15,9,432.7,0
12983,160.86,online_retail,0,0,22,5,12.1,0
2391,112.82,electronics,1,0,14,11,48.1,0
6516,203.93,pharmacy,0,0,13,15,88.5,0
10520,196.04,entertainment,0,1,0,4,246.1,1
10668,74.82,online_retail,0,1,21,15,374.7,0
9602,95.99,grocery,1,0,22,11,106.3,0
1354,106.74,utilities,0,0,2,16,1120.5,0
7911,116.02,electronics,1,0,17,18,8.5,0
8535,128.62,online_retail,0,0,21,15,155.7,0
583,37.07,jewelry,0,0,13,16,1.7,0
6708,249.49,grocery,0,0,5,7,32.0,1
6904,113.98,utilities,0,0,16,8,164.2,0
7889,35.56,utilities,0,0,20,19,1179.9,0
11042,72.43,jewelry,0,0,22,16,47.5,0
15772,71.38,jewelry,0,0,8,11,48.7,0
12932,109.07,entertainment,0,0,20,10,761.1,0
12779,245.42,pharmacy,0,0,8,12,407.5,0
4494,194.8,pharmacy,0,0,17,9,570.1,0
2638,61.14,entertainment,0,0,9,20,463.5,0
16293,47.51,dining,0,0,13,14,37.5,0
19988,113.24,utilities,1,0,19,14,441.7,0
17434,72.5,travel,1,0,20,14,155.4,0
11257,92.69,online_retail,0,0,19,20,49.6,0
7797,49.74,entertainment,0,0,22,13,1113.9,1
1879,155.1,electronics,0,0,21,10,94.2,0
15097,105.24,electronics,1,0,12,12,394.3,0
19925,168.07,utilities,0,0,10,14,263.0,0
18676,223.76,online_retail,0,0,18,12,719.7,0
13539,151.43,travel,0,0,5,12,174.3,0
9065,121.68,dining,0,0,10,12,115.6,0
18675,71.38,grocery,0,0,7,15,869.2,0
9632,59.39,pharmacy,0,1,13,14,91.2,0
57,93.45,grocery,0,0,21,13,75.7,0
18027,83.23,entertainment,0,0,19,17,1642.8,0
533,81.77,utilities,0,0,21,8,245.5,0
3470,154.06,jewelry,0,0,12,7,275.8,0
9779,12.48,grocery,0,0,15,12,528.7,0
18186,232.51,fuel,0,1,19,14,305.1,0
8038,114.77,online_retail,0,0,7,13,748.7,0
8115,99.46,online_retail,0,0,6,14,101.2,0
2194,103.19,travel,1,0,18,12,1328.6,0
11109,33.99,online_retail,0,1,14,14,1593.6,0
11609,465.44,fuel,0,0,1,5,16.1,1
6976,84.11,online_retail,0,1,11,13,151.7,0
9085,51.64,online_retail,0,1,10,11,109.8,0
10271,114.1,travel,0,0,6,15,41.6,0
19770,47.26,grocery,0,1,9,10,44.6,0
1439,159.49,travel,0,0,8,16,404.5,0
7445,108.17,jewelry,1,1,13,9,500.2,0
12309,174.66,grocery,0,0,11,14,200.3,0
18589,9.13,travel,0,0,16,9,849.4,0
9185,40.1,online_retail,0,0,22,9,533.1,0
2373,53.53,electronics,1,0,18,13,65.8,0
4951,146.13,entertainment,0,1,11,7,94.3,0
11190,18.18,jewelry,1,0,5,12,493.2,0
11934,150.39,utilities,0,1,13,10,37.9,0
10854,558.99,travel,0,0,7,3,49.2,1
3523,68.11,grocery,0,0,14,9,1286.4,0
15656,100.89,utilities,0,0,7,14,64.8,0
8929,62.51,dining,0,0,6,13,24.1,0
14051,120.76,pharmacy,1,0,14,10,653.7,0
6915,46.58,grocery,0,0,10,7,409.2,0
6001,164.31,dining,0,0,16,19,39.2,0
2031,253.76,utilities,0,0,20,7,386.4,0
13707,145.7,dining,0,0,20,15,42.8,0
1444,59.86,online_retail,0,1,7,14,55.2,0
18916,229.02,utilities,0,1,1,7,91.1,1
14677,88.49,pharmacy,0,0,8,11,506.5,0
5531,227.7,entertainment,0,0,15,18,455.7,0
16403,8.05,travel,0,0,20,14,328.1,0
3790,244.03,jewelry,0,0,17,10,444.0,0
6771,153.51,online_retail,1,1,18,18,129.6,0
15355,151.24,travel,0,0,11,6,379.5,0
11345,112.13,pharmacy,0,0,18,16,309.1,0
2388,202.28,jewelry,0,0,21,13,60.9,0
15956,75.02,fuel,0,0,17,20,17.9,0
16275,55.64,online_retail,0,0,9,15,19.2,0
2687,266.35,pharmacy,1,0,21,14,265.4,0
16627,274.57,jewelry,0,0,9,13,1147.2,0
7312,118.88,travel,0,0,11,12,223.8,0
7056,294.24,fuel,0,0,0,12,1039.9,0
8886,98.82,utilities,0,0,5,15,681.1,0
6654,136.83,electronics,0,0,11,17,265.2,0
4413,92.97,travel,1,0,16,10,317.5,0
12253,161.15,fuel,0,0,8,10,84.9,0
11959,53.76,travel,0,0,12,19,578.4,0
1250,100.37,travel,0,0,4,19,53.4,0
10016,55.89,online_retail,0,0,11,7,883.9,0
17459,43.66,dining,0,1,13,13,86.7,0
1670,62.6,pharmacy,0,0,15,20,505.3,0
5475,126.58,pharmacy,0,1,13,10,1061.8,0
3957,96.01,dining,0,0,19,18,845.0,0
4317,32.58,grocery,0,1,20,14,159.7,0
17485,59.71,utilities,0,0,19,12,120.5,0
8626,116.82,pharmacy,0,0,8,14,46.9,0
9791,117.74,online_retail,0,0,18,10,258.7,0
9179,78.79,utilities,0,1,11,8,856.4,0
16251,202.11,online_retail,0,1,9,16,78.4,0
18467,154.96,fuel,0,0,17,11,342.9,0
16376,61.61,utilities,0,0,14,14,258.8,0
561,165.78,fuel,0,1,11,14,1132.7,0
14998,111.83,pharmacy,0,0,4,12,650.8,0
2915,70.63,entertainment,0,0,21,7,115.8,0
493,125.04,electronics,0,1,17,13,905.2,0
15505,66.7,grocery,0,0,16,6,207.6,0
17260,265.87,pharmacy,0,0,7,16,460.3,0
16997,152.47,pharmacy,0,0,6,18,341.9,0
10857,93.92,electronics,0,0,9,22,389.4,0
15135,137.48,travel,0,0,20,15,42.6,0
15432,134.97,pharmacy,0,0,18,15,132.7,0
121,33.78,utilities,1,0,13,18,37.1,0
15595,14.65,entertainment,0,0,11,12,186.0,0
10736,86.76,pharmacy,0,0,21,11,93.3,0
10351,113.0,entertainment,0,0,8,18,204.8,0
8976,213.02,grocery,0,0,9,20,933.3,0
15261,225.05,dining,0,0,14,11,1569.5,0
6182,117.15,jewelry,0,0,8,18,117.2,0
18781,84.41,electronics,0,0,22,10,69.6,0
14409,127.46,utilities,1,0,16,13,611.3,0
6399,149.47,fuel,1,1,10,17,341.6,0
5023,257.77,online_retail,0,0,2,12,313.1,0
12095,123.94,grocery,0,0,15,10,237.4,0
14668,613.06,travel,0,0,14,27,627.7,0
3045,346.59,fuel,0,0,6,11,625.7,0
12403,95.09,jewelry,1,0,5,18,733.3,0
4397,102.64,utilities,0,0,20,8,43.7,0
2796,347.67,entertainment,0,0,11,17,953.0,0
733,74.21,dining,0,0,9,18,24.8,0
14243,121.82,grocery,0,0,5,14,112.0,0
16363,39.71,pharmacy,0,1,19,15,297.5,0
752,119.45,travel,0,0,14,17,43.6,0
7802,61.13,utilities,0,0,15,11,401.3,0
14535,201.25,pharmacy,0,0,20,18,241.9,0
11328,122.75,pharmacy,0,0,21,11,875.2,0
14570,99.26,utilities,0,0,17,12,506.3,0
6872,88.07,travel,0,1,20,21,456.1,0
10932,124.75,travel,0,0,0,12,637.6,0
17033,36.28,dining,0,0,22,12,39.6,0
3753,91.03,pharmacy,0,0,9,16,384.6,0
8565,67.28,utilities,0,1,15,11,162.7,0
2780,22.79,fuel,0,0,7,6,2.5,0
2,98.8,jewelry,0,0,13,12,680.5,0
2120,41.59,travel,0,0,14,7,450.7,0
7714,273.45,travel,0,0,8,15,54.3,0
1226,48.5,entertainment,0,1,11,11,1437.9,0
9623,110.1,travel,0,0,8,12,408.6,0
17330,101.9,grocery,0,0,22,14,974.6,0
15139,42.75,utilities,0,0,14,17,87.2,0
7934,313.3,entertainment,0,0,12,19,516.8,0
2470,72.34,utilities,0,0,6,18,175.0,0
13775,58.07,entertainment,0,0,7,17,749.1,0
15399,143.81,entertainment,0,0,7,17,386.3,0
18493,56.08,jewelry,0,0,14,17,223.9,0
15643,58.7,utilities,0,0,7,9,148.9,0
19314,145.18,entertainment,0,1,10,15,187.9,0
2868,215.8,electronics,0,0,15,13,1014.2,0
14652,136.29,travel,0,1,11,6,412.0,0
7027,116.7,pharmacy,0,0,6,12,348.5,0
19669,346.39,dining,0,0,7,10,292.9,0
2991,78.07,online_retail,0,0,8,17,682.1,0
12012,51.52,pharmacy,0,1,12,15,121.3,0
1920,159.2,travel,0,0,18,19,185.2,0
11322,87.49,dining,1,0,14,13,1.4,0
11531,106.71,grocery,0,0,11,17,425.3,0
14804,26.69,grocery,0,1,21,14,180.7,0
11538,65.9,utilities,0,0,9,10,124.3,0
13483,112.66,dining,0,0,19,14,106.2,0
3670,184.24,online_retail,0,0,5,10,297.4,0
9578,89.54,entertainment,0,0,2,17,58.7,0
13355,277.16,fuel,0,0,2,7,11.9,1
90,135.06,pharmacy,0,0,19,14,65.6,0
8949,71.68,utilities,0,1,7,12,473.3,0
16595,30.56,travel,1,0,22,17,77.8,0
8436,38.3,fuel,0,0,21,12,953.9,0
12310,26.09,jewelry,0,0,21,13,1047.6,0
4741,139.22,pharmacy,0,0,13,17,98.3,0
1709,149.68,pharmacy,0,0,20,8,119.4,0
7481,151.64,entertainment,0,0,17,22,1754.3,0
4869,137.27,dining,0,1,16,14,5.2,0
18447,76.3,fuel,0,0,15,11,167.0,0
15080,131.06,dining,0,0,1,12,248.6,0
1391,50.74,utilities,0,0,16,13,319.0,0
18955,53.06,grocery,0,0,8,16,582.5,0
11805,137.42,utilities,0,0,18,9,1057.8,0
1417,203.62,grocery,1,0,18,17,228.7,0
12951,89.11,dining,0,0,11,14,455.1,0
9857,487.85,grocery,0,0,1,6,64.0,1
6697,120.35,online_retail,0,0,9,10,188.9,0
3985,146.93,utilities,0,0,19,7,483.7,0
18588,14.18,travel,0,0,18,15,65.2,0
12917,35.81,grocery,0,0,7,11,598.2,0
19976,46.7,jewelry,0,0,13,20,599.2,0
12605,196.76,dining,0,0,16,11,893.4,0
17939,108.88,travel,0,0,10,24,351.2,0
4996,55.0,online_retail,0,0,19,10,541.7,0
8428,349.09,fuel,0,1,20,14,145.8,0
13037,233.35,travel,0,1,12,9,220.0,0
2462,57.36,jewelry,0,0,12,12,57.7,0
14290,333.8,grocery,0,0,6,20,811.6,0
13282,128.11,grocery,0,0,14,15,1105.8,0
17473,30.58,jewelry,0,0,11,13,115.9,0
7101,151.74,dining,0,1,10,10,223.8,0
14064,146.6,entertainment,0,0,22,14,258.6,0
7825,146.72,electronics,0,0,19,21,182.4,0
14689,226.1,fuel,0,0,20,16,84.0,0
17053,81.61,jewelry,0,1,20,8,758.6,0
11448,598.32,travel,0,0,4,8,5.4,1
13046,84.11,dining,1,1,16,18,1.2,0
1901,93.71,grocery,0,0,20,13,1757.7,0
11825,82.38,fuel,0,0,19,20,1283.5,0
7616,128.38,pharmacy,0,0,8,16,53.7,0
2976,196.02,jewelry,0,0,6,13,23.5,0
7471,71.84,fuel,0,0,10,23,40.4,0
2193,430.21,entertainment,0,0,9,11,1425.3,0
14967,9.61,travel,0,0,6,11,388.0,0
8806,100.24,grocery,1,0,14,11,175.9,0
8211,78.24,travel,0,0,20,16,525.5,0
10309,116.16,jewelry,0,0,18,9,91.8,0
17859,157.33,electronics,0,0,4,19,700.5,0
9398,90.66,dining,0,0,1,10,771.6,0
4920,36.49,travel,0,0,19,13,37.4,0
6497,50.17,jewelry,0,0,20,15,90.3,0
6928,124.77,online_retail,0,0,15,16,19.2,0
19551,79.68,electronics,0,0,11,16,700.7,0
3021,194.58,dining,0,0,6,10,427.3,0
14525,117.19,entertainment,1,0,10,13,120.5,0
9797,86.09,utilities,0,0,9,12,762.9,0
19970,107.28,utilities,0,0,17,7,408.6,0
19655,87.07,dining,1,0,20,11,100.5,0
230,194.4,grocery,0,1,7,20,150.9,0
12510,274.4,grocery,0,0,20,19,385.0,0
7595,117.98,electronics,1,0,22,13,621.9,0
15420,180.57,jewelry,0,0,20,10,184.6,0
9750,175.43,grocery,1,0,2,14,1376.6,0
19975,193.87,jewelry,0,0,17,9,649.3,0
9546,127.33,fuel,0,0,6,13,85.0,0
11341,52.58,pharmacy,0,0,6,12,86.2,0
8200,143.7,electronics,0,0,13,17,31.9,0
16689,99.44,utilities,1,0,6,15,71.4,0
16696,261.29,utilities,0,0,17,25,30.8,0
17456,78.99,entertainment,0,0,16,7,492.3,0
3655,41.76,fuel,0,0,12,13,190.0,0
7,204.48,entertainment,0,1,13,19,326.6,0
4995,143.8,pharmacy,1,0,12,17,839.6,0
5121,112.96,online_retail,0,0,18,12,585.6,0
18998,80.54,entertainment,0,1,14,10,458.6,0
19490,94.54,dining,0,0,16,14,552.2,0
22,23.1,travel,0,0,10,21,72.8,0
18738,11.47,online_retail,0,0,2,13,76.2,0
4171,172.94,online_retail,0,0,10,14,393.8,0
2129,241.89,online_retail,0,0,9,9,2379.5,0
12101,84.98,online_retail,0,0,21,11,2938.6,0
16437,70.39,utilities,0,0,7,14,74.2,0
3289,163.95,grocery,0,0,8,11,252.9,0
11294,271.45,utilities,0,1,1,14,839.5,0
4211,147.9,utilities,0,0,1,17,14.8,0
15217,216.9,electronics,0,0,19,10,453.4,0
194,31.99,grocery,0,1,9,14,559.2,0
8422,149.76,entertainment,0,1,18,17,451.4,0
12469,137.11,travel,0,0,16,13,261.5,0
8417,166.44,travel,0,0,8,14,307.9,0
8212,46.82,grocery,1,0,19,13,523.2,0
8418,158.86,online_retail,0,0,14,5,4.8,1
2061,92.47,fuel,0,0,20,16,154.7,0
14638,150.22,electronics,0,0,11,12,369.3,0
15575,96.32,online_retail,0,0,14,10,172.2,0
8619,159.91,pharmacy,0,0,18,10,309.1,0
3245,55.87,pharmacy,0,0,5,14,597.7,0
17335,67.74,utilities,0,1,18,9,114.5,0
835,19.02,grocery,0,0,19,13,173.4,0
13135,143.32,pharmacy,0,0,7,7,437.9,0
16921,113.16,entertainment,0,0,14,13,827.8,0
3461,126.09,dining,0,0,14,15,39.1,0
3422,191.01,online_retail,0,0,14,14,1444.9,0
1257,371.31,electronics,0,0,12,19,168.1,0
4320,49.52,fuel,0,0,10,11,195.1,0
1242,235.94,online_retail,1,0,13,10,250.4,0
16697,134.88,utilities,0,0,22,12,542.0,0
502,96.71,online_retail,0,0,8,16,254.9,0
672,48.53,utilities,0,0,6,16,1035.7,0
10740,82.14,pharmacy,0,0,22,16,354.9,0
2803,243.63,fuel,0,0,22,14,8.3,0
10033,86.39,online_retail,0,0,16,14,104.4,0
15881,36.06,online_retail,0,0,8,12,417.7,0
1935,216.5,grocery,0,0,11,11,49.7,0
19901,44.73,dining,0,0,7,19,449.3,0
2605,201.4,dining,1,0,13,15,673.6,0
2284,54.9,dining,0,0,18,10,16.2,0
7120,68.55,dining,0,1,12,17,1.0,0
18253,106.71,jewelry,1,0,19,18,9.4,0
12308,36.5,fuel,0,0,8,14,615.2,0
14421,132.26,grocery,0,0,10,18,502.6,0
14254,136.74,entertainment,0,0,11,15,149.2,0
2545,65.9,dining,0,0,21,14,66.0,1
890,158.02,dining,1,0,15,12,198.7,0
13561,144.11,utilities,0,0,10,13,676.1,0
13498,74.06,electronics,0,0,19,9,96.0,0
1994,98.23,grocery,0,0,8,15,104.2,0
9360,85.91,online_retail,0,1,16,20,432.8,0
9108,133.69,online_retail,0,1,18,7,842.5,0
8479,337.8,utilities,0,1,2,5,78.8,1
4434,65.67,fuel,0,0,8,16,531.9,0
53,325.46,jewelry,0,0,13,11,10.3,0
3844,13.99,jewelry,0,0,13,20,364.1,0
13684,117.69,dining,0,0,12,12,57.8,0
1701,166.11,fuel,0,0,10,10,93.0,0
14916,46.7,fuel,0,0,16,15,652.3,0
16171,246.58,travel,0,1,1,3,66.0,1
14532,133.13,online_retail,1,0,13,16,169.6,0
1635,221.36,dining,0,0,5,13,56.0,0
6376,76.4,pharmacy,0,0,20,19,1518.9,0
12758,72.4,grocery,0,0,22,12,1342.2,0
6383,34.75,entertainment,0,0,17,16,254.9,0
916,167.95,fuel,1,1,14,18,1846.4,0
16348,88.31,grocery,0,0,16,11,51.6,0
6856,196.93,dining,0,0,18,11,437.5,0
11607,39.12,electronics,0,0,8,13,266.7,0
19475,41.42,electronics,0,0,14,20,522.2,0
16835,209.76,online_retail,0,0,14,12,217.6,0
8489,79.24,pharmacy,0,0,6,18,205.5,0
11690,155.83,dining,0,0,10,14,511.0,0
2285,183.74,pharmacy,0,0,4,19,1388.2,0
9424,207.48,utilities,1,0,7,18,74.2,0
10178,51.35,entertainment,0,0,16,9,478.1,0
17705,132.41,utilities,0,0,21,18,65.7,0
14155,54.81,entertainment,0,0,21,13,237.1,0
1791,73.27,electronics,0,0,14,13,306.7,0
13495,368.77,jewelry,0,0,13,20,301.0,0
16657,276.99,travel,0,0,16,10,684.7,0
1361,124.45,utilities,0,0,6,14,620.6,0
19364,221.57,fuel,0,0,8,19,169.0,0
14020,51.93,electronics,0,1,7,12,9.8,0
6107,129.13,utilities,0,0,2,13,13.6,0
11088,174.19,travel,0,0,16,15,428.7,0
11249,123.41,pharmacy,1,0,9,11,346.1,0
5757,178.99,electronics,0,0,10,11,117.0,0
19978,37.83,pharmacy,0,0,18,17,234.5,0
6178,131.1,travel,0,0,15,10,8.6,0
6650,137.52,online_retail,0,0,2,8,578.6,0
1695,57.71,entertainment,0,0,8,9,394.2,0
2544,169.99,entertainment,0,1,14,21,23.4,0
5942,392.41,travel,0,0,14,16,97.4,0
448,42.7,dining,0,0,22,9,841.3,0
38,296.26,electronics,0,0,11,7,467.9,0
3131,125.53,jewelry,0,0,20,10,0.3,0
10172,26.05,fuel,1,0,16,15,214.5,0
7010,70.88,travel,0,0,20,12,28.8,0
19385,223.13,jewelry,0,0,11,16,556.5,0
2715,31.73,dining,0,0,13,13,970.2,0
18420,256.41,fuel,0,0,10,21,543.0,0
4443,115.14,online_retail,0,0,17,15,522.7,0
4915,82.13,fuel,0,0,11,20,250.5,0
923,97.63,dining,0,1,17,12,8.9,0
6600,198.09,jewelry,0,0,2,19,218.3,0
13712,33.17,travel,0,0,6,15,94.9,0
1504,222.76,jewelry,0,0,9,18,129.4,0
5155,35.2,dining,1,0,7,9,378.8,0
786,280.04,entertainment,0,1,9,12,338.4,0
12090,172.29,electronics,0,0,11,8,18.6,0
1658,87.25,online_retail,0,0,6,11,231.7,0
14456,204.02,fuel,0,0,22,24,504.9,0
18515,167.82,entertainment,0,0,19,5,93.6,0
13097,69.11,jewelry,1,0,6,17,707.2,0
1564,330.36,grocery,0,0,11,17,176.0,0
10161,222.49,pharmacy,0,0,10,16,172.7,0
15417,113.4,pharmacy,0,0,17,21,708.4,0
2520,185.76,pharmacy,0,0,16,13,77.3,0
15103,53.79,online_retail,0,0,19,16,707.2,0
17059,262.61,grocery,0,0,0,15,797.1,0
6222,126.13,entertainment,0,1,21,16,13.2,0
18478,134.98,pharmacy,0,1,9,15,600.6,0
9606,138.89,fuel,1,0,11,8,219.6,0
11229,51.36,electronics,0,0,17,15,123.5,0
16012,39.56,fuel,0,0,17,8,504.4,0
12240,71.27,utilities,1,1,9,11,466.7,0
7071,181.99,online_retail,0,0,17,17,1.2,0
7460,399.25,entertainment,0,1,3,3,39.0,1
7229,155.17,online_retail,0,0,18,13,737.1,0
9149,184.7,entertainment,0,0,7,8,250.5,0
15149,51.87,jewelry,0,0,20,19,34.8,0
3715,63.58,electronics,0,0,14,18,218.0,0
9699,96.46,entertainment,1,0,14,12,466.7,0
13699,43.45,entertainment,0,0,2,10,559.5,0
371,147.97,travel,0,0,8,16,377.3,0
848,68.61,pharmacy,0,0,22,17,25.2,0
19069,57.52,fuel,0,0,9,9,79.6,0
501,165.21,travel,0,0,18,17,96.3,0
5247,89.63,pharmacy,0,0,14,13,3.0,0
18265,258.67,grocery,0,0,21,13,572.0,0
5639,64.89,fuel,0,0,21,15,60.1,0
16404,175.44,grocery,0,1,6,13,383.0,0
18595,171.09,dining,1,1,17,17,567.2,0
14922,181.66,dining,0,0,6,16,295.5,0
4567,113.35,travel,1,0,20,18,331.0,0
987,111.65,electronics,1,0,8,14,1117.4,0
16285,46.62,jewelry,0,0,20,16,23.4,0
16328,60.12,electronics,0,0,11,15,658.7,0
16090,143.33,electronics,0,1,8,12,453.8,0
17243,215.87,electronics,0,0,17,9,278.2,0
7805,175.51,fuel,1,0,21,12,515.3,0
16586,198.59,dining,0,0,21,13,51.2,0
12878,22.82,pharmacy,0,0,3,11,247.2,0
19245,147.67,jewelry,0,0,4,16,24.5,0
4629,132.46,jewelry,0,0,17,8,46.4,0
947,68.32,fuel,0,0,8,14,61.6,0
10635,8.42,jewelry,0,1,17,16,189.2,0
4089,45.38,fuel,0,1,14,14,95.5,0
11426,167.52,dining,0,0,20,7,147.5,0
8635,91.09,electronics,0,0,12,16,139.4,0
14680,145.73,jewelry,0,0,19,12,1767.9,0
8448,18.21,jewelry,0,0,15,14,326.2,0
11575,19.93,pharmacy,0,0,22,14,287.8,0
19012,27.5,electronics,1,0,7,20,330.5,0
15672,33.22,grocery,0,0,6,19,109.4,0
6592,66.79,grocery,0,0,21,15,633.8,0
2296,107.66,entertainment,0,1,11,18,41.2,0
10345,60.26,jewelry,1,0,14,20,319.7,0
9516,14.55,dining,0,0,14,15,45.1,0
14369,80.34,online_retail,0,0,20,14,2.5,0
5642,91.66,jewelry,0,0,12,18,31.4,0
2354,87.97,grocery,0,0,22,11,1262.4,0
10848,240.55,grocery,0,0,8,10,464.8,0
2154,375.93,utilities,0,0,14,11,224.8,0
5970,11.07,entertainment,0,0,9,17,195.2,0
15376,149.46,grocery,0,0,22,15,284.6,0
5076,81.78,travel,1,1,12,12,417.3,0
5864,177.88,jewelry,0,0,18,13,13.3,1
13961,158.03,grocery,0,0,0,18,55.8,0
4228,56.88,jewelry,0,0,21,18,203.0,0
6935,77.74,travel,0,0,21,11,229.0,0
5975,109.01,jewelry,0,0,16,18,262.5,0
9128,226.31,jewelry,0,0,17,5,135.2,1
7547,85.76,utilities,0,0,17,11,873.9,0
19309,146.72,travel,0,0,22,13,387.7,0
7991,48.65,travel,1,0,8,16,182.3,0
9324,157.5,dining,1,0,10,11,100.3,0
18989,10.14,fuel,0,0,21,10,170.3,0
5470,65.61,fuel,0,0,13,14,188.3,0
16513,37.93,fuel,0,0,13,19,130.5,0
17425,286.12,utilities,1,0,7,14,129.5,0
14896,217.12,pharmacy,0,0,10,21,730.8,0
12561,96.04,dining,0,0,13,7,322.8,0
16694,167.76,grocery,0,0,6,17,519.7,0
13693,43.51,pharmacy,0,0,22,10,345.6,0
8132,101.18,grocery,0,0,14,10,641.5,0
10918,116.02,electronics,0,0,19,8,77.7,0
15412,160.32,online_retail,0,0,11,19,158.1,0
9315,168.4,jewelry,1,0,21,13,54.0,0
6755,20.13,dining,0,0,17,15,673.7,0
16931,26.73,dining,0,0,20,18,51.4,0
16217,49.33,utilities,0,1,9,17,102.9,0
1503,145.36,electronics,0,0,6,18,788.0,0
19099,140.43,fuel,0,0,12,10,698.5,0
13251,93.98,jewelry,0,0,14,12,28.6,0
1148,90.44,pharmacy,0,0,6,15,26.3,0
15120,192.44,grocery,0,0,7,13,1001.7,0
11284,246.3,jewelry,0,0,17,14,586.5,0
18505,34.49,utilities,0,0,18,17,524.9,0
5060,179.59,dining,0,0,21,20,138.4,0
15056,175.73,grocery,0,0,9,13,143.9,0
8183,64.35,electronics,0,0,9,18,74.6,0
2232,84.49,jewelry,0,0,10,8,191.6,0
1267,40.28,electronics,0,0,15,15,429.5,0
9726,72.83,online_retail,0,0,18,11,269.4,0
9205,109.99,fuel,0,0,16,15,44.4,0
1680,255.07,travel,0,0,16,13,133.7,0
3672,61.92,pharmacy,0,0,8,11,1043.9,0
2789,100.07,dining,0,0,7,16,206.3,0
15003,14.19,online_retail,0,0,14,26,214.8,0
11150,20.7,fuel,0,0,20,19,33.4,0
13527,141.79,entertainment,0,0,22,22,697.7,0
12741,163.2,dining,0,0,10,12,454.3,0
7869,98.4,grocery,1,0,13,15,80.8,0
972,51.43,online_retail,0,0,14,10,44.0,0
7058,69.43,dining,0,0,15,13,273.5,0
17108,265.78,online_retail,0,0,22,12,218.7,0
12394,93.05,pharmacy,0,0,8,13,1168.9,0
19268,140.6,entertainment,0,0,20,11,602.5,0
14212,48.85,online_retail,0,0,10,10,110.6,0
1451,269.61,entertainment,1,0,14,13,93.6,0
18398,193.21,travel,0,0,17,8,67.7,0
14393,51.06,online_retail,0,0,14,22,143.6,0
15032,47.22,entertainment,0,0,7,14,820.0,0
12955,244.91,utilities,0,0,6,16,265.4,0
17121,36.41,fuel,0,0,5,7,93.0,0
9547,58.65,entertainment,0,0,22,14,11.6,0
7360,77.11,online_retail,0,0,3,12,449.4,0
12667,87.7,fuel,1,0,20,12,102.3,0
18003,79.58,grocery,0,0,13,20,118.2,0
18262,243.25,electronics,0,0,17,15,438.9,0
18527,348.22,utilities,0,0,14,14,627.0,0
4936,31.54,fuel,0,0,21,18,316.1,0
18848,188.72,entertainment,0,0,22,10,579.1,0
17523,28.97,utilities,0,0,10,14,380.8,0
7686,101.63,utilities,0,0,21,17,394.6,0
18137,143.01,grocery,0,0,20,13,296.9,0
9521,60.26,utilities,0,0,12,19,30.1,0
18431,150.17,jewelry,0,0,13,7,73.3,0
7517,180.86,utilities,0,0,15,11,143.9,0
1015,164.31,utilities,0,0,16,16,361.0,0
2883,73.39,fuel,0,0,9,11,330.3,0
9340,195.73,utilities,0,0,22,11,784.7,0
1753,67.0,pharmacy,1,0,7,15,316.3,0
15280,33.76,jewelry,0,1,0,16,664.0,0
2774,108.54,electronics,1,0,13,14,19.8,0
1511,456.84,fuel,1,0,12,7,102.0,1
5114,71.36,pharmacy,0,0,22,12,235.5,0
12280,134.61,pharmacy,1,0,16,11,190.0,0
14575,40.94,dining,0,0,7,10,33.6,0
11145,101.34,dining,0,0,11,14,854.6,0
18151,117.25,travel,0,0,5,14,821.2,0
1043,50.64,jewelry,0,0,10,11,79.9,0
8205,40.92,jewelry,0,0,10,11,461.3,0
18176,72.89,grocery,0,0,14,14,70.0,0
2096,103.85,jewelry,1,0,12,22,41.1,0
537,75.93,utilities,1,0,12,13,1550.8,0
676,206.23,online_retail,0,0,14,17,275.1,0
8723,169.72,pharmacy,0,0,7,9,167.8,0
5419,91.02,grocery,0,0,7,10,165.7,0
6681,88.05,dining,0,0,19,12,100.1,0
11667,45.86,electronics,1,0,9,18,592.0,0
14066,61.13,entertainment,0,0,9,8,95.2,0
9,467.6,dining,1,0,3,8,21.8,1
18143,683.44,utilities,1,1,20,10,13.9,1
2721,402.09,online_retail,0,0,6,15,50.7,0
6888,55.7,online_retail,0,1,20,15,137.2,0
15337,60.63,online_retail,0,0,7,7,142.4,0
3517,75.51,travel,0,0,5,10,32.4,0
7414,261.21,jewelry,0,1,12,21,48.9,0
15300,83.47,jewelry,0,0,14,14,591.5,0
7092,201.67,utilities,0,0,22,13,639.5,0
7245,95.4,grocery,0,1,19,13,224.7,0
11179,123.94,utilities,0,0,19,6,546.0,0
5136,160.75,utilities,0,0,19,10,72.9,0
13192,106.0,online_retail,1,0,21,16,0.0,0
17476,206.81,electronics,1,0,12,15,144.5,0
15020,91.34,grocery,0,0,13,9,21.5,0
1238,132.02,electronics,0,0,21,13,57.6,0
16299,66.36,pharmacy,0,0,6,13,385.1,0
9188,58.74,utilities,1,0,10,15,1.5,0
9927,23.65,online_retail,0,1,17,14,213.7,0
5081,136.79,jewelry,0,0,7,19,386.5,0
6216,144.21,travel,0,0,9,13,208.9,0
8552,26.35,electronics,1,0,16,18,274.4,0
13056,181.08,online_retail,0,0,4,14,326.9,0
17948,100.77,utilities,1,0,18,12,1354.8,0
16383,107.83,electronics,1,0,18,13,1219.6,0
2238,223.23,jewelry,0,0,0,9,361.9,0
7489,84.85,dining,0,0,20,8,662.6,0
15169,55.79,travel,0,0,22,16,78.9,0
7165,273.92,jewelry,1,0,7,15,123.3,0
11395,312.65,travel,0,0,6,12,23.3,0
18062,92.73,electronics,0,0,6,18,418.6,0
10308,80.73,dining,0,1,7,9,291.6,0
1203,40.95,online_retail,0,0,6,11,301.8,0
11510,41.24,grocery,0,0,9,14,482.7,0
221,52.58,fuel,0,0,10,10,72.0,0
19793,137.8,online_retail,1,0,17,9,55.9,0
8858,247.46,jewelry,0,0,13,15,309.0,0
6912,59.69,jewelry,0,1,20,16,931.8,0
15689,359.23,fuel,1,0,6,17,167.3,0
7712,179.6,utilities,0,0,16,14,100.4,0
1916,171.55,travel,0,0,17,10,239.8,0
886,94.24,entertainment,0,0,10,11,347.8,0
16808,119.08,travel,0,0,15,11,187.6,0
2517,42.03,electronics,0,0,2,15,109.9,0
17509,188.13,dining,0,0,15,14,817.8,0
18711,191.43,travel,0,0,21,14,894.0,0
10634,46.85,electronics,0,0,19,16,463.5,0
1099,281.22,electronics,0,0,11,12,131.1,0
16681,21.36,pharmacy,1,0,10,12,65.8,0
10083,52.3,online_retail,0,1,20,14,272.7,0
1331,106.7,electronics,0,0,5,12,160.4,0
18609,362.74,online_retail,0,0,1,7,71.0,1
6238,10.92,jewelry,0,1,19,20,164.3,0
16802,4.74,online_retail,0,0,15,14,614.4,0
17789,345.79,fuel,1,0,14,16,17.7,0
6400,119.09,utilities,0,0,16,19,356.8,0
16862,266.26,entertainment,0,0,20,13,863.5,0
17963,45.66,pharmacy,0,0,20,16,20.2,0
3500,173.49,fuel,0,0,18,12,212.4,0
18850,57.69,grocery,0,0,15,12,140.2,0
14788,55.31,travel,0,0,7,12,429.0,0
8790,180.69,utilities,0,0,20,11,217.6,0
12255,35.11,utilities,0,0,8,12,282.8,0
2770,52.13,electronics,1,0,6,11,310.7,0
846,114.71,electronics,1,0,13,18,458.5,0
18468,82.86,online_retail,0,0,19,13,55.7,0
7927,137.84,travel,0,0,10,18,143.3,0
15452,142.69,travel,0,0,22,11,698.7,0
10369,270.83,entertainment,0,0,8,12,386.6,0
12427,93.81,fuel,0,0,9,12,220.7,0
8713,67.1,grocery,0,0,21,11,494.6,0
19345,125.11,electronics,0,0,7,17,203.9,0
10838,168.25,jewelry,0,0,6,19,654.7,0
18991,83.19,electronics,1,0,18,17,87.5,0
1240,165.3,grocery,0,1,2,3,46.5,1
13660,201.0,travel,0,0,13,11,213.3,0
3600,94.61,travel,0,0,16,17,21.3,0
12461,96.21,pharmacy,1,1,10,15,1571.2,0
9033,164.9,pharmacy,0,0,19,11,218.5,0
15750,160.53,online_retail,0,0,4,14,20.8,0
6459,15.6,electronics,0,1,11,14,147.5,0
8640,78.59,electronics,0,0,8,15,548.6,0
14148,34.64,online_retail,0,0,9,11,4.2,0
9919,131.62,dining,0,0,15,10,590.3,0
12742,64.29,pharmacy,1,0,22,9,76.7,0
15812,106.86,utilities,0,0,16,16,247.0,1
16957,185.0,pharmacy,0,0,17,9,416.9,0
8682,58.45,electronics,0,0,7,12,369.7,0
10987,184.52,electronics,0,0,17,12,194.6,0
11838,79.22,dining,0,0,17,19,890.8,0
10513,36.47,electronics,0,0,21,9,139.0,0
19864,201.69,pharmacy,0,0,4,13,521.5,0
7099,72.64,grocery,1,1,21,15,196.3,0
606,178.72,pharmacy,0,0,15,19,277.3,0
13541,81.54,electronics,0,1,20,17,409.4,0
13588,166.15,dining,0,0,15,9,48.4,0
12347,156.75,electronics,0,0,21,16,102.0,0
89,85.56,grocery,0,0,11,10,120.0,0
16700,46.14,electronics,1,0,22,11,103.5,0
11136,210.12,fuel,0,0,10,19,312.4,0
14165,186.08,grocery,0,0,20,18,354.8,0
18813,88.92,travel,0,0,14,12,265.5,0
12695,20.12,electronics,0,0,14,11,642.6,0
11962,109.62,dining,0,0,7,10,1551.2,0
14159,77.87,travel,0,0,18,17,135.9,0
15786,14.41,grocery,0,0,10,14,94.0,0
9124,40.3,utilities,1,0,21,11,318.7,0
1390,98.59,online_retail,1,0,17,15,545.2,0
4586,59.86,dining,0,0,5,16,43.0,0
11504,62.33,travel,1,0,21,15,789.5,0
5671,93.5,electronics,0,0,8,16,46.7,0
7295,101.33,jewelry,0,0,8,13,131.6,0
14653,72.6,utilities,0,0,20,13,5.3,0
6096,212.18,jewelry,0,0,8,10,1388.6,0
12047,41.03,travel,0,0,14,15,124.2,0
7867,14.66,grocery,0,0,17,13,18.2,0
7319,137.47,dining,0,0,6,19,598.0,0
14567,111.44,entertainment,0,0,18,11,930.6,0
19708,238.43,utilities,0,0,10,10,33.9,0
16724,101.04,travel,0,0,1,11,90.6,0
3333,205.25,electronics,0,0,22,17,443.5,0
3913,91.9,utilities,0,0,10,12,61.6,0
10545,179.11,fuel,0,1,18,21,168.9,0
9111,30.12,dining,0,0,10,10,157.9,0
19203,54.39,travel,0,0,14,14,54.7,0
10584,146.63,electronics,1,0,4,11,383.4,0
8764,100.04,grocery,1,0,14,15,214.9,0
14920,61.5,utilities,0,0,1,12,751.4,0
18240,46.97,fuel,0,0,18,13,135.4,0
3694,11.4,pharmacy,0,0,8,15,1011.0,0
3232,102.11,grocery,0,1,12,12,451.5,0
16239,353.44,jewelry,0,1,3,7,165.9,1
16129,131.03,pharmacy,0,0,18,10,475.6,0
3230,73.29,online_retail,0,0,8,14,1002.9,0
13185,275.67,travel,0,0,5,9,139.2,1
5180,274.01,electronics,0,0,6,10,222.3,0
18199,144.38,jewelry,1,0,18,11,187.4,0
4999,190.38,dining,0,0,4,17,520.9,0
14310,113.74,grocery,0,0,8,16,459.0,0
13404,117.19,fuel,0,1,14,13,26.9,0
11873,52.93,fuel,0,1,15,15,976.2,0
4782,38.28,jewelry,0,0,17,20,955.8,0
19967,116.97,jewelry,0,0,18,11,782.9,0
5853,51.54,pharmacy,1,0,12,15,601.0,0
4930,53.42,utilities,0,0,6,10,378.4,0
8323,164.22,jewelry,0,0,2,16,28.5,0
4041,65.12,jewelry,1,1,6,14,355.2,0
8352,218.2,pharmacy,0,1,10,13,30.6,0
19388,88.54,grocery,0,0,15,18,341.5,0
19407,74.21,dining,0,1,10,9,678.2,0
6949,72.57,grocery,0,0,7,13,446.2,0
16607,89.67,electronics,0,0,6,9,917.1,0
17799,202.62,jewelry,0,0,19,20,110.6,0
3376,33.29,pharmacy,1,1,10,21,90.3,0
11666,182.27,fuel,0,0,11,15,298.9,0
9209,71.58,fuel,0,0,16,11,211.1,0
4230,197.82,grocery,0,0,17,13,418.6,0
19829,53.67,pharmacy,0,1,16,20,235.3,0
15584,245.17,entertainment,1,1,8,7,171.6,0
17386,37.61,online_retail,1,0,2,13,480.2,0
7775,28.03,fuel,0,0,1,10,239.3,0
4714,56.6,fuel,0,0,11,11,202.6,0
10357,70.28,fuel,0,1,3,12,645.3,0
11836,114.82,dining,0,1,18,11,490.9,0
5302,47.77,pharmacy,0,0,7,10,29.0,0
3427,21.39,entertainment,0,0,13,9,645.0,0
19974,89.89,dining,1,0,8,16,105.1,0
7217,124.46,grocery,0,0,22,13,243.3,0
13015,150.27,grocery,0,0,18,11,66.6,0
6103,139.3,dining,0,0,8,13,69.2,0
13606,75.93,travel,1,1,22,10,882.2,0
19595,93.05,entertainment,0,0,8,9,67.5,0
1028,110.98,grocery,0,0,20,10,114.7,0
17126,103.6,travel,0,0,18,16,282.8,0
15132,141.65,dining,0,0,7,19,318.9,0
17460,113.0,entertainment,0,0,17,12,621.4,0
1824,72.56,fuel,0,1,17,11,397.2,0
12231,45.77,dining,0,0,12,14,74.9,0
1162,82.45,electronics,1,0,6,16,483.1,0
4360,70.7,fuel,0,0,19,13,5.3,0
2382,86.6,pharmacy,1,0,22,21,78.1,0
18157,75.29,travel,0,0,21,10,12.1,0
1926,228.98,pharmacy,0,0,16,12,284.6,0
11390,63.85,fuel,0,0,6,11,44.4,0
2283,89.3,dining,0,0,10,14,32.3,0
10768,237.24,pharmacy,0,1,6,13,156.5,0
586,101.89,pharmacy,0,0,15,10,251.5,0
6378,184.03,electronics,1,1,22,11,337.0,0
19336,86.47,jewelry,0,1,14,15,999.5,0
8374,40.58,pharmacy,0,0,11,16,363.2,0
17326,100.99,online_retail,0,0,6,11,1073.9,0
14741,142.11,electronics,0,0,9,10,208.8,0
19826,43.43,electronics,0,0,5,11,155.2,0
16625,44.99,travel,0,0,18,16,342.3,0
8233,289.43,entertainment,0,0,20,15,62.3,0
9945,210.59,travel,0,0,17,19,150.9,0
17315,168.05,electronics,0,0,22,10,246.8,0
648,50.09,utilities,0,0,13,13,3.4,0
4935,164.84,fuel,0,0,19,11,41.1,0
8410,157.73,fuel,0,0,22,20,662.6,0
17544,260.04,dining,1,0,10,17,145.4,0
12109,160.81,grocery,1,0,19,19,74.1,0
6077,188.93,online_retail,0,0,9,11,561.4,0
18388,155.09,dining,0,0,14,19,205.2,0
10189,97.17,entertainment,0,0,14,21,83.5,0
7877,79.58,entertainment,1,0,15,17,696.5,0
2277,73.36,electronics,0,0,14,17,203.6,0
4577,100.78,dining,0,0,15,11,277.5,0
2324,121.9,fuel,0,0,21,14,133.1,0
1646,284.03,dining,0,0,9,17,619.1,0
1207,164.67,dining,0,0,2,17,45.6,0
8050,42.73,online_retail,0,0,11,6,43.4,0
18875,75.83,dining,1,0,10,7,290.3,0
19264,18.63,jewelry,0,0,10,16,45.7,0
17566,58.48,entertainment,0,1,9,18,255.4,0
13643,73.56,grocery,0,1,18,9,431.0,0
4482,77.44,electronics,0,0,14,21,365.4,0
8738,110.56,pharmacy,0,1,17,10,29.5,0
8711,52.2,online_retail,0,0,21,4,713.8,0
2037,260.85,entertainment,0,0,15,10,337.5,0
666,160.75,electronics,0,0,10,10,195.8,0
5292,46.4,utilities,0,0,18,10,53.3,0
18935,155.7,dining,0,0,18,16,267.9,0
10953,55.66,grocery,0,0,9,8,298.7,0
208,168.25,electronics,0,0,15,15,7.5,0
11850,53.86,online_retail,0,1,20,16,84.9,0
5702,544.8,pharmacy,1,1,9,3,72.4,1
16149,29.36,jewelry,0,0,20,13,278.6,0
219,84.89,dining,0,0,8,19,112.5,0
6468,95.68,electronics,0,0,15,6,1097.2,0
8780,66.87,pharmacy,0,0,1,15,92.6,0
4241,161.65,online_retail,0,0,17,13,482.8,0
7302,70.71,pharmacy,0,0,18,10,524.9,0
12013,227.19,electronics,0,0,6,21,904.7,0
17349,216.24,dining,0,1,7,21,667.6,0
12376,121.68,pharmacy,0,0,11,18,8.2,0
17024,62.04,fuel,0,0,9,21,54.3,0
13099,84.01,dining,0,0,12,14,567.9,0
5936,256.92,grocery,0,0,19,16,60.1,0
9887,48.44,electronics,0,0,20,16,352.0,0
4158,340.13,electronics,0,0,13,16,201.8,0
9180,202.34,online_retail,0,1,18,9,9.9,0
5761,10.73,jewelry,0,1,7,15,74.7,0
4122,65.01,fuel,1,0,14,18,44.5,0
4943,115.85,pharmacy,1,0,12,12,741.4,0
4073,375.06,travel,1,1,2,2,129.6,1
7610,65.64,pharmacy,0,0,17,22,613.1,0
1367,76.78,travel,0,0,13,10,99.2,0
2754,128.49,utilities,0,0,7,17,743.9,0
1837,326.74,jewelry,0,0,11,10,108.9,0
621,22.78,utilities,1,0,16,11,156.5,0
15816,79.82,utilities,0,1,22,11,56.8,0
14380,29.67,utilities,0,0,21,12,450.2,0
4816,69.67,utilities,0,0,12,12,92.3,0
13465,103.16,dining,0,0,20,13,35.8,0
9141,91.71,dining,0,0,22,18,859.3,0
17676,99.45,dining,1,0,16,11,76.0,0
238,103.53,jewelry,0,0,6,9,205.8,0
21,37.0,entertainment,0,0,20,7,420.5,0
12643,310.84,jewelry,0,1,21,16,226.2,0
792,69.82,grocery,0,0,16,17,356.6,0
4149,151.06,electronics,1,0,20,12,217.7,0
8992,62.65,travel,1,0,13,16,226.8,0
17134,166.07,grocery,0,0,19,14,191.8,1
18942,329.76,pharmacy,0,0,15,12,435.2,0
15141,61.34,pharmacy,0,0,11,13,380.3,0
17869,87.26,travel,0,0,17,16,129.1,0
17097,78.69,entertainment,0,0,21,11,284.3,0
7631,46.62,pharmacy,0,1,15,9,21.7,0
12345,144.09,dining,0,0,0,17,1165.6,0
16071,317.55,fuel,1,0,18,19,759.6,0
13894,8.07,travel,0,0,8,15,101.5,0
5584,196.18,travel,0,0,17,17,224.0,0
9239,100.37,grocery,0,0,19,8,217.5,0
19356,90.83,travel,1,0,12,14,195.5,0
743,65.12,dining,1,0,6,20,59.7,0
14498,135.7,jewelry,0,0,17,19,340.3,0
11706,47.55,travel,0,1,11,14,659.1,0
9261,63.44,fuel,1,1,15,15,27.6,0
15156,164.52,travel,1,0,10,19,974.8,0
9920,230.75,grocery,0,0,8,12,79.3,0
5720,270.07,pharmacy,0,0,13,13,13.3,0
12251,133.23,dining,0,0,8,18,67.9,0
12153,205.96,grocery,0,0,20,17,88.5,0
8628,70.61,grocery,0,1,15,22,51.1,0
16364,117.57,fuel,0,0,11,16,320.7,0
13336,95.42,utilities,0,0,19,16,353.3,0
6975,161.06,electronics,0,0,21,12,883.3,0
12361,50.54,online_retail,0,1,8,17,230.2,0
15535,146.07,jewelry,0,0,22,12,76.6,0
8623,106.95,entertainment,0,0,2,15,1173.1,0
5511,42.51,travel,0,0,16,13,752.2,0
15683,137.89,pharmacy,0,1,12,16,42.5,0
13580,267.07,utilities,0,0,16,5,570.9,0
870,129.26,pharmacy,0,1,10,17,93.7,0
18355,112.74,travel,0,0,11,12,374.3,0
1707,24.58,entertainment,0,0,9,13,252.4,0
16754,176.6,entertainment,0,0,12,13,8.8,0
6396,186.51,travel,0,0,22,14,5.5,0
16853,71.87,electronics,0,0,12,18,1573.5,0
1423,60.64,travel,0,0,17,14,100.5,0
18022,369.22,jewelry,0,0,9,17,131.7,0
9903,170.09,online_retail,0,0,14,6,436.8,0
611,126.61,jewelry,0,1,8,15,504.3,0
10440,163.72,utilities,0,0,0,7,592.8,0
16687,63.09,travel,0,0,19,20,263.0,0
3996,79.46,fuel,0,0,15,13,143.9,0
11926,125.87,pharmacy,0,0,6,9,1067.1,0
15729,90.8,online_retail,0,0,13,18,234.4,0
11613,124.81,pharmacy,0,0,11,11,816.1,0
13548,248.24,grocery,0,0,22,14,280.5,0
14792,140.88,online_retail,0,0,19,16,207.7,0
894,110.06,fuel,0,0,11,12,296.7,0
11055,35.43,utilities,0,0,6,19,9.1,0
19671,67.85,electronics,0,0,2,12,128.1,0
2653,113.95,electronics,0,0,9,16,37.5,0
10824,86.08,pharmacy,0,0,8,13,991.0,0
8545,128.6,grocery,1,0,9,21,126.5,0
9001,131.89,online_retail,0,0,17,18,331.5,0
13261,194.24,grocery,0,0,9,17,160.9,0
6925,142.5,jewelry,0,0,15,19,269.6,0
17890,87.72,entertainment,0,1,13,13,228.4,0
10508,350.73,pharmacy,1,0,0,4,45.6,1
13668,170.77,electronics,0,0,17,7,353.3,0
16731,54.2,travel,0,0,15,14,261.4,0
13161,23.3,grocery,0,0,18,11,378.9,0
8912,35.13,grocery,0,0,9,13,367.5,0
5487,102.58,fuel,0,0,0,14,1053.2,0
2249,318.42,dining,0,0,21,14,1077.2,0
2149,28.34,travel,0,0,17,11,675.4,0
2888,29.54,electronics,0,0,12,9,1211.3,0
5658,235.73,utilities,0,0,15,13,403.7,0
13311,42.68,jewelry,1,0,11,14,219.7,0
8822,109.72,utilities,0,1,21,16,59.1,0
2899,160.15,fuel,0,0,10,12,57.7,0
10707,131.88,entertainment,0,0,20,15,5.1,0
14519,108.51,pharmacy,0,0,21,14,69.2,0
1596,113.01,grocery,0,0,15,12,544.9,1
3231,103.95,pharmacy,0,1,19,17,577.1,0
17922,341.32,jewelry,0,0,22,15,350.6,0
19885,104.07,electronics,0,0,14,17,272.5,0
4580,339.01,grocery,0,0,13,18,742.2,0
19213,68.61,pharmacy,0,0,7,13,238.6,0
7884,48.58,online_retail,0,0,22,15,346.7,0
14235,226.2,online_retail,0,0,19,16,105.1,0
6027,127.32,travel,0,0,6,8,431.7,0
488,119.11,online_retail,0,0,13,23,228.6,0
13779,138.84,entertainment,0,0,6,16,414.3,0
9476,180.54,fuel,1,0,21,24,360.3,0
2846,75.26,pharmacy,0,0,9,18,594.8,0
16270,73.33,entertainment,0,0,10,9,248.6,0
279,43.73,dining,1,0,6,16,44.2,0
6876,85.75,online_retail,0,0,17,18,272.8,0
19922,173.56,grocery,0,0,19,13,237.4,0
16311,207.62,travel,0,0,1,12,215.6,0
16634,177.31,utilities,0,0,14,20,60.5,0
6242,26.46,jewelry,0,0,12,21,388.8,0
10002,67.62,electronics,1,1,19,16,1400.3,0
3397,95.46,jewelry,0,1,18,12,431.6,0
18618,60.78,fuel,0,0,19,17,336.2,0
1269,105.32,online_retail,0,0,7,10,701.3,0
16045,149.22,electronics,1,0,3,21,309.3,0
6919,134.29,dining,0,0,6,14,36.6,0
12700,67.93,grocery,0,0,6,23,686.9,0
18800,27.39,utilities,0,0,17,16,68.8,0
3824,105.28,pharmacy,0,0,7,17,229.9,0
205,74.41,electronics,0,0,17,13,12.8,0
1758,41.13,jewelry,0,0,12,17,59.1,0
5207,179.39,entertainment,0,1,17,14,206.7,0
5405,73.06,online_retail,0,1,21,10,251.0,0
12501,322.48,grocery,0,0,17,14,42.8,0
12438,165.16,electronics,0,0,8,12,89.7,0
19729,28.49,fuel,0,0,21,12,586.0,0
6596,187.48,jewelry,0,0,16,5,419.3,0
7900,180.95,grocery,0,1,11,13,9.2,0
6157,166.85,dining,0,0,0,18,410.3,0
9856,162.99,dining,1,0,20,17,215.1,0
10196,48.93,electronics,0,0,20,14,54.4,0
3262,156.64,pharmacy,0,0,9,6,631.3,0
11280,106.49,fuel,0,0,10,19,160.9,0
4216,155.78,online_retail,0,0,15,12,8.5,0
13207,99.05,grocery,0,1,22,14,134.2,0
16775,303.67,entertainment,0,0,18,15,12.1,0
13685,98.76,grocery,0,1,12,10,737.7,0
3211,39.87,online_retail,0,0,9,17,526.4,0
13789,11.03,fuel,0,0,10,12,203.0,0
17273,97.47,travel,0,0,9,11,295.3,0
7028,54.31,travel,0,0,12,14,393.4,0
6984,107.4,grocery,0,0,7,15,479.9,0
788,50.26,utilities,1,0,0,6,47.5,1
12770,194.05,electronics,1,0,19,9,7.9,0
6824,130.1,pharmacy,0,0,16,16,458.9,0
7759,222.42,dining,0,0,14,18,175.5,0
4306,126.47,utilities,0,0,16,11,127.8,0
2000,247.7,entertainment,0,0,1,16,82.1,0
13963,108.62,fuel,0,0,21,14,502.6,0
16105,122.26,dining,0,0,21,13,95.9,0
16885,57.75,jewelry,1,0,17,19,528.4,0
17142,168.4,grocery,0,0,16,17,1184.5,0
17630,88.93,jewelry,0,0,10,9,378.8,0
7742,83.21,entertainment,0,0,17,13,872.6,0
645,167.72,dining,0,1,22,17,443.6,0
19651,11.87,fuel,1,0,12,6,133.4,0
12115,61.3,travel,0,0,15,12,366.1,0
1247,59.71,grocery,0,0,11,18,157.4,0
6563,39.55,jewelry,0,0,10,15,234.3,0
19823,249.98,fuel,0,0,18,17,267.1,0
6908,56.31,pharmacy,1,0,7,16,130.0,0
9312,122.92,pharmacy,0,0,9,16,1344.7,0
14702,54.93,online_retail,1,1,7,10,382.8,0
16070,27.28,online_retail,0,0,18,13,29.7,0
10330,13.41,fuel,0,0,13,13,54.7,0
15463,57.84,pharmacy,0,0,17,16,1641.8,0
4490,231.06,utilities,0,0,11,11,407.6,0
16759,115.15,travel,0,0,6,13,480.9,0
12529,112.15,electronics,0,0,1,17,436.5,0
11949,105.97,dining,0,0,19,14,933.4,0
7486,255.51,entertainment,0,0,20,17,487.7,0
15211,151.9,travel,0,0,6,20,123.4,0
16667,83.79,grocery,0,0,19,17,5.4,0
18076,214.27,online_retail,0,1,11,18,26.3,0
19964,37.3,dining,0,0,18,12,138.1,0
17013,163.28,dining,0,0,16,12,209.1,0
6247,189.26,electronics,0,1,14,14,14.6,0
62,121.8,dining,0,0,18,7,85.7,0
17865,186.65,dining,0,0,11,17,1040.6,0
17400,32.71,pharmacy,0,0,14,13,367.3,0
8960,123.4,entertainment,1,0,6,13,87.9,0
3569,76.84,utilities,0,0,15,13,332.7,0
14814,210.54,grocery,0,0,1,18,355.8,0
15968,16.35,grocery,0,0,12,8,1858.8,0
18783,249.02,pharmacy,0,0,7,12,50.2,0
19189,57.8,entertainment,0,0,6,12,10.5,0
13272,98.46,fuel,0,0,18,13,914.1,0
5504,214.96,utilities,0,0,18,11,73.0,0
14650,265.25,grocery,0,0,7,18,707.1,0
9444,166.17,dining,0,0,17,12,598.4,0
3168,290.67,dining,0,0,22,20,139.8,0
18081,50.76,fuel,0,0,16,9,325.8,0
15419,76.59,online_retail,0,0,11,9,221.6,0
9634,100.45,pharmacy,0,0,6,19,365.2,0
11851,64.23,utilities,0,0,15,22,1090.8,0
4261,185.04,utilities,1,0,14,17,21.3,0
6622,127.29,dining,0,1,10,12,75.5,0
4549,106.8,jewelry,0,0,17,10,454.6,0
5803,29.89,pharmacy,0,0,19,15,247.5,0
16844,32.05,jewelry,0,1,14,14,508.7,0
18200,62.05,travel,0,0,8,16,162.9,0
14856,45.49,jewelry,1,0,7,12,271.5,0
8637,66.69,travel,0,0,13,13,628.9,0
12819,161.79,entertainment,0,0,17,15,630.7,0
4203,47.37,dining,0,0,1,10,533.3,0
18057,87.07,jewelry,1,1,19,17,337.5,0
3241,58.26,jewelry,0,0,22,11,39.9,0
16023,112.87,utilities,0,0,12,10,416.4,0
3897,79.9,dining,0,1,14,7,168.8,1
19919,54.08,utilities,0,0,21,14,18.7,0
940,88.65,travel,0,0,13,12,618.6,0
16267,82.17,online_retail,0,0,8,20,29.9,0
17926,104.91,online_retail,0,0,19,14,125.7,0
10063,61.84,utilities,0,1,11,12,399.9,0
2673,89.01,jewelry,0,0,15,15,176.5,0
2028,64.87,dining,0,0,11,16,187.8,0
2475,69.08,fuel,0,0,7,13,145.9,0
14196,171.99,electronics,0,0,11,15,61.8,0
13362,82.66,jewelry,0,0,5,9,651.9,0
12625,129.07,entertainment,0,0,17,15,201.6,0
11171,58.67,pharmacy,0,0,11,17,565.0,0
16993,83.44,jewelry,0,0,16,10,413.0,0
11125,112.12,utilities,0,0,0,12,61.7,0
6364,96.5,entertainment,0,0,11,12,175.1,0
8138,22.46,fuel,1,0,11,10,663.2,0
8393,84.92,travel,0,0,11,10,310.6,0
14145,93.58,utilities,0,1,7,12,550.9,0
19208,135.04,travel,0,1,9,18,46.8,0
7620,309.33,travel,1,0,6,5,13.3,1
1449,79.88,fuel,0,0,14,14,949.2,0
2111,181.64,dining,0,0,21,17,434.9,0
8921,27.78,fuel,0,0,17,17,521.3,0
9132,135.37,electronics,1,0,17,18,544.3,0
11432,90.86,fuel,0,0,14,16,3.2,0
16455,147.85,fuel,0,0,22,13,26.6,0
2627,109.11,jewelry,0,0,13,16,592.8,0
5349,119.42,fuel,0,0,7,17,328.8,0
4695,65.1,online_retail,0,0,11,10,355.3,0
16758,111.82,entertainment,0,0,18,22,22.1,0
19479,154.43,pharmacy,0,0,18,12,147.8,0
15292,199.69,dining,0,0,1,10,109.5,0
11744,54.69,travel,1,0,8,15,503.7,0
18297,153.98,travel,0,0,17,14,47.3,0
12239,267.02,pharmacy,0,0,15,11,93.3,0
18375,175.79,utilities,0,0,19,21,122.6,0
8923,93.51,dining,0,1,3,14,147.8,0
19152,33.87,electronics,0,0,9,10,38.3,0
10380,107.92,pharmacy,0,0,9,15,1187.1,0
16385,204.39,fuel,0,0,10,12,518.0,0
1537,34.03,grocery,0,0,10,14,191.5,0
10216,101.66,travel,0,0,8,9,365.1,0
126,106.56,dining,0,0,6,12,268.5,0
10633,70.21,jewelry,0,0,12,10,1.7,0
11535,209.38,electronics,1,0,6,17,34.7,0
17785,101.17,dining,0,1,14,11,209.2,0
12272,22.98,online_retail,0,0,9,16,285.3,0
16272,6.94,dining,0,0,12,14,994.6,0
3072,16.72,online_retail,0,0,17,16,502.1,0
19006,242.76,pharmacy,0,0,12,15,967.4,0
10476,71.76,grocery,0,0,19,22,195.7,0
13979,180.0,fuel,0,0,7,21,539.8,0
11020,138.26,travel,0,0,4,16,643.6,0
14962,56.71,dining,0,0,21,7,445.2,0
18360,28.32,fuel,0,0,18,10,573.3,0
18649,29.17,travel,0,0,10,15,46.1,0
123,113.78,utilities,0,0,10,20,303.1,0
16512,69.45,fuel,0,0,10,15,1657.1,0
7755,78.95,electronics,0,0,14,9,344.4,0
2795,56.06,pharmacy,0,0,5,11,2021.7,0
11664,52.56,travel,1,0,3,11,445.0,0
13918,63.96,online_retail,0,0,11,16,985.6,0
9357,209.33,entertainment,0,0,20,11,76.5,0
866,175.82,pharmacy,0,0,10,15,51.2,0
7288,28.44,online_retail,0,0,13,13,44.3,0
17525,20.11,online_retail,0,0,17,18,122.3,0
15322,162.16,fuel,0,1,4,14,60.2,0
509,92.78,entertainment,0,0,15,7,136.0,0
18205,65.17,jewelry,0,0,19,11,46.3,0
8468,68.22,dining,0,0,17,16,51.2,0
3312,135.82,jewelry,1,0,13,18,1070.1,0
9742,146.11,fuel,0,0,22,8,376.2,0
6748,50.71,entertainment,0,0,20,19,187.8,0
11453,114.09,dining,0,0,4,14,529.3,0
6433,29.55,utilities,0,0,2,8,241.0,0
11452,109.2,jewelry,1,0,4,15,168.8,0
18730,93.96,entertainment,0,0,7,7,750.7,0
11459,53.8,utilities,0,0,6,6,13.6,0
13708,7.69,grocery,0,0,9,15,76.4,0
17587,152.19,entertainment,0,0,15,12,720.4,0
12069,76.11,entertainment,0,0,12,14,52.9,0
13044,62.17,electronics,0,0,12,15,242.9,0
2225,102.48,online_retail,0,0,18,12,251.2,0
9599,126.05,entertainment,1,0,19,10,40.9,0
4640,61.07,utilities,0,0,22,17,628.1,0
18434,140.45,fuel,0,0,17,20,267.6,0
18252,236.38,travel,0,0,11,5,27.7,0
10973,47.96,dining,0,0,6,17,587.0,0
7088,141.81,online_retail,0,0,16,18,633.4,0
15572,185.25,online_retail,0,0,16,12,554.9,0
18450,103.4,travel,0,0,20,14,589.4,0
281,97.35,entertainment,0,0,15,15,64.6,0
16086,8.23,pharmacy,0,0,18,11,576.3,0
4748,146.35,fuel,0,1,10,17,59.1,0
1542,34.71,grocery,0,0,14,16,565.2,0
13934,47.02,entertainment,0,0,13,10,155.0,0
5380,57.62,jewelry,1,0,12,7,753.0,0
6518,204.78,grocery,0,0,17,12,823.8,0
1561,63.2,dining,0,0,8,20,295.8,0
10542,21.31,pharmacy,0,1,14,12,326.4,0
10470,194.48,entertainment,0,0,7,16,70.0,0
19082,203.33,pharmacy,0,0,10,13,752.2,0
11540,78.79,electronics,0,0,9,19,399.5,0
2944,366.84,dining,1,0,3,4,98.7,1
1342,37.36,electronics,0,0,11,11,59.1,0
7903,155.01,entertainment,0,0,12,13,309.1,0
873,283.05,jewelry,0,0,4,13,197.0,0
1652,240.55,electronics,0,0,6,12,272.1,0
13815,67.69,dining,0,0,21,11,390.5,0
18472,209.54,pharmacy,0,1,6,12,169.0,0
12096,248.7,travel,0,0,3,13,128.3,0
3642,43.24,online_retail,0,0,22,9,144.4,0
16484,54.95,jewelry,0,1,18,25,220.7,0
19023,85.42,pharmacy,0,0,14,17,36.0,0
12263,461.29,travel,1,0,8,5,25.1,1
9785,68.23,entertainment,0,0,19,14,250.9,0
8951,24.81,pharmacy,0,0,7,16,374.3,0
9873,55.92,electronics,0,0,16,16,726.3,0
11619,243.39,online_retail,0,0,20,15,329.8,0
16183,102.74,online_retail,0,0,11,13,338.7,1
2908,132.68,jewelry,0,0,20,11,50.5,0
10539,101.31,entertainment,0,1,0,13,337.1,0
7522,48.2,entertainment,0,0,4,12,236.8,0
19592,32.25,electronics,0,0,16,19,390.0,0
15346,77.8,utilities,0,1,12,15,305.4,0
7831,36.57,grocery,0,1,16,11,470.4,0
10641,221.54,electronics,0,0,1,11,31.7,0
13213,75.14,dining,0,0,9,12,175.7,0
3256,28.9,grocery,0,0,11,8,167.2,0
8701,46.98,online_retail,0,0,20,15,83.8,0
1187,84.62,entertainment,0,0,12,12,332.3,0
337,135.33,utilities,0,0,18,17,651.7,0
4712,68.11,pharmacy,0,0,7,14,435.6,0
5740,14.56,dining,1,0,19,8,192.4,0
15274,121.13,jewelry,0,0,11,19,465.9,0
16213,120.82,utilities,0,0,22,11,288.5,0
19506,129.13,dining,0,0,15,8,79.8,0
9267,51.18,entertainment,0,0,7,13,168.6,0
18438,98.49,jewelry,0,0,16,19,128.7,0
6762,186.25,jewelry,1,1,4,2,16.0,1
8471,241.23,jewelry,1,0,12,10,266.5,0
3014,307.52,electronics,0,0,21,13,636.7,0
4768,72.54,online_retail,1,0,17,17,576.4,0
15528,141.8,jewelry,0,0,22,19,342.8,0
17983,24.74,online_retail,0,0,22,14,12.2,0
19380,142.57,entertainment,0,0,5,14,505.6,0
3620,102.55,utilities,0,0,13,11,699.7,0
7865,65.16,pharmacy,0,0,11,19,549.5,0
9940,185.25,travel,0,0,19,18,121.2,0
3888,398.18,grocery,0,0,19,6,17.7,0
15215,36.42,electronics,0,0,18,10,47.2,0
3552,74.89,dining,0,0,12,18,198.9,0
13126,128.21,jewelry,0,0,1,10,245.1,0
16577,176.65,electronics,0,0,1,16,35.0,0
19091,124.11,online_retail,0,0,2,10,601.2,0
17056,129.27,online_retail,0,0,16,13,285.5,0
15259,104.48,entertainment,0,0,14,11,27.8,0
2384,36.68,jewelry,0,0,12,16,301.0,0
3035,108.49,fuel,0,0,6,17,389.7,0
1586,64.29,dining,0,0,18,18,522.7,0
3349,16.29,online_retail,0,0,22,21,131.5,0
7638,25.99,utilities,0,0,17,16,271.9,0
1175,241.3,electronics,0,1,8,11,173.4,0
18601,145.6,travel,0,0,22,14,81.9,0
11308,103.19,grocery,0,1,9,21,85.3,0
15102,122.19,pharmacy,0,0,3,6,110.7,1
14326,30.13,dining,0,0,14,15,111.0,0
10334,43.28,fuel,1,1,10,16,1389.5,0
10141,278.21,entertainment,0,0,17,18,59.5,0
14751,27.81,utilities,1,0,9,19,212.4,0
13259,83.98,grocery,1,0,9,14,322.3,0
19126,74.96,utilities,0,0,22,21,633.4,0
16898,58.55,entertainment,0,1,12,13,372.4,0
8029,31.4,jewelry,1,0,4,16,97.1,0
3563,87.8,electronics,0,1,15,13,113.4,0
5401,107.85,fuel,0,0,11,11,69.5,0
14406,63.31,pharmacy,0,0,14,17,670.9,0
4897,77.17,electronics,0,1,13,14,297.4,0
1607,137.11,dining,0,0,1,9,1053.7,0
7216,41.39,travel,0,0,14,14,1089.9,0
6348,79.63,online_retail,0,1,7,13,193.8,0
8384,21.5,travel,0,0,21,16,305.5,0
9805,86.0,jewelry,0,0,9,15,177.0,0
15975,183.41,utilities,0,0,16,10,140.7,0
12292,31.09,jewelry,1,0,10,13,172.0,0
2889,32.79,jewelry,0,0,10,15,204.2,0
5286,48.44,grocery,0,0,18,13,214.3,0
16207,86.56,entertainment,0,0,13,12,950.8,0
4293,45.26,fuel,0,0,7,13,219.3,0
19944,65.94,utilities,0,0,20,15,492.9,0
10556,98.19,electronics,0,0,7,13,1306.6,0
7685,40.01,utilities,0,0,8,8,379.8,0
6669,151.41,grocery,0,0,8,15,425.5,0
11843,17.65,dining,0,0,12,13,188.5,0
1153,57.5,travel,0,1,21,12,350.0,0
19722,79.32,dining,0,0,12,12,168.4,0
8158,89.28,jewelry,0,1,16,18,1590.9,0
13178,199.19,online_retail,0,1,18,14,8.9,0
12826,190.65,electronics,1,0,11,15,435.1,0
14261,200.41,pharmacy,0,0,21,17,595.0,0
2853,176.04,jewelry,0,0,11,11,10.6,0
10691,195.01,grocery,0,0,6,9,991.0,0
8388,146.24,jewelry,0,0,11,18,399.0,0
6808,102.43,pharmacy,0,0,21,13,330.9,0
15933,119.33,electronics,0,0,22,17,778.0,0
19321,134.55,fuel,0,0,21,19,231.4,0
11061,195.65,grocery,0,0,6,19,360.4,0
15385,161.35,pharmacy,0,0,20,13,185.5,0
442,59.82,dining,0,1,20,11,509.2,0
18815,99.03,jewelry,0,0,10,23,372.2,0
11449,42.32,electronics,0,0,13,20,103.4,0
3169,63.67,pharmacy,0,0,12,17,252.2,0
9134,111.91,electronics,0,0,12,28,479.8,0
15928,167.05,pharmacy,1,0,11,7,212.0,0
14373,23.89,pharmacy,0,0,18,19,300.5,0
13394,12.16,electronics,0,0,14,17,667.8,0
15841,137.01,pharmacy,0,0,7,7,73.4,0
19601,119.3,jewelry,1,1,18,13,199.3,0
14595,24.82,online_retail,0,0,11,11,397.5,0
12124,139.56,entertainment,0,1,8,17,242.9,0
7315,9.11,grocery,0,0,22,19,280.4,0
12100,114.42,grocery,0,1,11,17,428.4,0
16852,74.46,pharmacy,0,0,2,14,105.1,0
13423,86.36,grocery,0,0,21,18,266.0,0
12371,297.27,online_retail,0,1,6,9,336.3,0
19395,164.92,entertainment,0,0,21,19,549.4,0
768,143.82,entertainment,1,0,15,9,27.8,0
8160,212.33,electronics,0,0,19,20,26.5,0
1930,148.11,entertainment,0,1,14,19,204.2,0
9375,224.1,travel,0,0,18,15,309.6,0
5508,40.38,dining,0,0,21,9,159.2,0
14529,82.53,electronics,0,0,4,8,149.1,0
14042,69.59,online_retail,0,0,2,12,167.8,0
1595,37.23,utilities,0,0,20,10,426.5,0
14824,52.83,electronics,0,0,17,12,139.3,0
7404,51.98,online_retail,0,1,11,16,195.3,0
15333,46.81,utilities,0,0,22,10,546.3,0
5666,63.95,dining,1,0,9,9,480.6,0
19814,56.19,entertainment,0,0,20,18,261.8,0
17892,91.66,dining,0,0,22,15,184.6,0
6961,78.17,fuel,0,0,17,13,360.0,0
7321,105.96,online_retail,1,0,13,16,441.5,0
18685,297.6,grocery,0,0,17,15,329.4,0
14480,47.3,utilities,0,0,6,17,208.3,0
16501,71.3,entertainment,0,0,2,9,494.9,0
18463,155.96,dining,0,0,22,13,98.5,0
11456,102.72,travel,1,0,2,19,253.5,0
549,44.79,fuel,0,0,9,19,116.1,0
13907,78.43,pharmacy,0,0,14,14,902.6,0
9404,94.08,utilities,0,0,0,12,1162.9,0
7962,117.51,grocery,0,0,21,11,140.8,0
14303,88.31,fuel,0,0,21,11,56.3,0
13378,79.27,entertainment,0,0,17,10,241.8,0
8004,61.69,grocery,0,0,14,8,65.7,0
15578,47.57,dining,0,0,18,13,182.6,0
11984,28.4,fuel,0,0,21,21,973.3,0
14813,22.17,grocery,0,0,7,19,599.0,0
1636,58.62,entertainment,0,0,19,17,361.8,0
18257,82.37,pharmacy,0,0,9,12,756.8,0
484,79.75,fuel,0,0,21,7,10.5,0
9115,119.2,dining,0,0,16,7,344.2,0
12670,97.7,jewelry,0,0,15,18,216.2,0
15087,124.95,utilities,0,0,16,12,9.8,0
2133,199.7,entertainment,0,0,14,14,624.4,0
13236,134.76,entertainment,0,1,10,19,141.5,0
15008,88.52,online_retail,0,0,7,12,148.0,0
8438,72.64,jewelry,0,0,9,8,36.0,0
4469,177.96,grocery,1,0,21,15,366.2,0
4157,115.23,pharmacy,1,0,7,11,550.5,0
17866,101.81,jewelry,0,1,6,12,1125.7,0
13869,34.51,jewelry,0,1,6,12,74.3,0
10197,184.97,jewelry,0,0,18,11,1731.3,0
18088,44.36,jewelry,0,0,11,15,46.3,0
8464,42.64,online_retail,0,0,22,14,215.5,0
11359,35.4,fuel,0,1,12,15,712.3,0
8543,151.26,fuel,0,0,14,10,1961.9,0
19144,253.92,grocery,0,0,5,20,152.5,0
10833,164.64,online_retail,0,0,8,17,44.2,0
14163,137.81,grocery,0,0,11,13,302.7,0
9609,115.5,electronics,0,0,10,11,367.8,0
2107,86.89,grocery,1,0,8,14,699.1,0
5964,303.82,dining,0,1,10,14,287.0,0
15764,31.94,dining,0,0,18,15,917.7,0
18739,36.61,entertainment,0,0,8,14,429.6,0
7228,87.91,pharmacy,0,0,2,7,530.5,0
2955,92.6,jewelry,0,0,20,17,80.5,0
13090,119.93,utilities,0,0,12,14,47.0,0
17612,247.27,electronics,0,0,21,14,819.1,0
14645,82.47,grocery,0,1,22,11,680.4,0
6729,75.29,entertainment,0,1,9,13,215.0,0
7169,225.38,utilities,0,1,15,10,880.2,0
11791,92.38,travel,0,0,4,24,30.2,0
9908,22.26,online_retail,0,0,14,10,61.8,0
16120,90.23,grocery,1,0,18,12,121.9,0
6040,77.83,utilities,0,0,22,12,157.9,0
17306,118.88,online_retail,0,0,6,10,531.8,0
9131,59.78,pharmacy,1,0,22,10,186.2,0
12464,37.81,dining,0,0,17,11,533.7,0
9749,33.47,dining,0,0,15,12,27.2,0
9189,71.39,entertainment,0,1,18,20,339.1,0
15735,183.39,entertainment,0,0,15,14,569.3,0
8988,70.97,grocery,1,0,21,15,221.8,0
9681,185.56,entertainment,0,0,15,17,1224.0,0
14953,51.19,dining,0,0,13,13,320.5,0
1482,198.37,online_retail,0,0,22,16,292.2,0
9015,59.41,fuel,0,0,3,8,286.7,0
3841,216.36,online_retail,0,0,17,22,27.8,0
4327,22.71,utilities,0,0,13,15,213.6,0
189,74.54,utilities,0,0,7,17,362.2,0
15630,127.27,pharmacy,0,0,12,21,460.0,0
6224,55.37,online_retail,0,0,18,17,176.7,0
12567,72.88,jewelry,0,0,16,9,883.1,0
8298,110.63,travel,1,0,18,12,111.6,0
7540,126.73,utilities,0,1,11,16,780.4,0
10088,28.39,pharmacy,0,1,21,16,215.1,0
16327,192.88,electronics,0,0,18,17,75.3,0
1205,91.89,electronics,0,0,6,13,229.8,0
17208,124.02,grocery,0,0,7,10,325.1,0
19800,128.37,grocery,0,0,17,11,659.5,0
9458,42.66,electronics,0,0,20,18,1037.4,0
3206,33.56,jewelry,0,0,21,11,195.7,0
16130,106.9,online_retail,0,0,16,7,350.6,0
16139,15.24,pharmacy,0,0,14,18,209.6,0
264,266.87,grocery,0,0,6,12,357.4,0
16246,71.63,fuel,1,0,20,17,23.9,0
4900,120.07,dining,0,0,13,14,51.1,0
15363,55.73,electronics,0,0,9,7,0.8,0
5461,294.03,pharmacy,0,0,22,15,296.1,0
15264,133.04,jewelry,0,0,13,7,273.3,0
11818,47.78,entertainment,0,0,9,15,162.4,0
4374,132.9,utilities,0,0,20,16,768.2,0
5895,153.66,utilities,0,1,19,17,380.1,0
13538,378.18,pharmacy,0,0,2,12,39.1,0
3180,14.94,entertainment,1,1,9,14,152.0,0
14580,193.35,jewelry,0,0,19,14,8.5,0
17238,35.24,grocery,0,1,18,9,1044.7,0
7453,81.16,dining,0,0,6,14,115.7,1
18659,335.63,online_retail,0,0,21,11,368.7,0
11767,416.64,travel,0,0,17,22,35.6,0
8452,119.8,travel,0,0,8,14,483.9,0
3190,193.47,pharmacy,0,1,20,15,40.0,0
5365,477.24,online_retail,0,0,17,15,712.1,0
19488,173.42,dining,0,0,16,9,12.6,0
5751,58.11,jewelry,0,1,15,15,247.4,0
9724,158.81,online_retail,1,0,7,11,737.6,0
3774,106.87,electronics,1,0,21,14,19.7,0
12133,166.96,travel,0,1,16,14,201.8,0
12158,213.45,pharmacy,0,0,15,13,488.4,0
4673,326.53,pharmacy,0,1,20,13,1140.0,0
10386,143.29,electronics,0,0,17,11,63.4,0
13262,46.61,online_retail,0,0,22,16,51.6,0
17371,85.83,jewelry,1,0,22,20,384.6,0
11356,420.05,electronics,1,0,0,6,20.7,1
6544,108.03,entertainment,0,1,16,16,610.0,0
3536,178.22,jewelry,0,0,16,12,187.6,0
7571,121.19,fuel,0,0,9,11,21.2,0
2181,108.99,electronics,1,0,8,19,677.4,0
9753,208.37,pharmacy,0,0,3,14,193.9,0
19817,82.14,electronics,0,0,17,11,368.4,0
10353,189.56,dining,0,0,13,18,349.7,0
6446,133.72,utilities,0,0,22,14,310.4,0
19680,44.07,entertainment,1,0,16,18,82.2,0
13868,135.17,electronics,0,1,14,15,27.4,0
359,49.42,grocery,0,0,22,19,601.9,0
5794,30.36,pharmacy,0,1,19,11,203.0,0
15404,73.94,dining,0,0,14,18,254.2,0
15763,176.45,travel,0,1,9,16,46.1,0
19774,124.02,dining,0,0,21,10,199.2,0
10806,75.15,utilities,0,0,10,12,560.8,0
11506,7.03,online_retail,1,0,7,15,112.7,0
14955,36.02,online_retail,0,0,12,20,2033.1,0
15413,138.33,utilities,0,0,8,15,1094.2,0
14170,176.72,pharmacy,1,0,16,18,414.9,0
13183,56.53,pharmacy,0,0,21,8,481.2,0
5421,18.51,utilities,0,1,15,16,159.4,0
17593,39.05,jewelry,1,0,20,14,2037.5,0
2873,16.17,utilities,1,0,12,22,163.1,0
4651,120.79,entertainment,0,0,22,14,161.4,0
17381,113.83,fuel,0,0,9,13,868.7,0
3233,73.49,fuel,0,0,2,11,334.8,0
2997,63.35,entertainment,0,0,21,10,610.0,0
2304,25.97,travel,0,0,18,15,525.0,0
14345,6.14,electronics,1,0,14,21,455.1,0
9326,77.71,grocery,1,0,18,13,84.8,1
1202,8.27,jewelry,0,0,1,8,83.9,1
508,31.79,jewelry,0,0,16,14,268.7,0
7777,91.17,travel,0,0,22,17,288.1,0
6409,213.22,grocery,0,0,19,14,735.9,0
7355,253.81,fuel,0,0,15,12,97.5,0
16388,175.3,online_retail,0,0,6,15,1409.8,0
11094,34.88,fuel,0,0,7,11,585.5,0
6010,113.38,fuel,0,0,9,12,417.6,0
6495,88.44,online_retail,0,0,22,18,163.9,0
17993,65.95,utilities,1,0,7,18,1258.5,0
15059,142.64,electronics,0,0,20,10,416.0,0
11875,95.4,travel,0,0,17,12,247.3,0
17860,327.46,jewelry,0,0,18,15,22.8,0
210,85.81,online_retail,0,0,0,11,74.9,0
4720,73.19,grocery,0,0,8,17,94.8,1
6417,92.53,travel,0,0,16,13,126.7,0
16649,38.4,electronics,0,0,8,14,1068.2,0
13490,104.39,jewelry,1,1,2,9,18.1,1
14553,187.48,jewelry,0,0,13,10,609.8,0
10013,158.82,travel,0,0,15,7,137.1,0
10579,56.36,jewelry,0,0,10,16,74.7,0
1644,145.08,utilities,0,0,9,12,205.6,0
17304,117.73,utilities,0,0,8,7,260.3,0
12265,121.38,travel,0,0,21,7,1538.0,0
11425,34.05,utilities,0,0,12,12,354.0,0
15728,153.48,electronics,1,0,14,19,14.5,0
5309,207.27,grocery,0,0,14,17,1384.1,0
18443,125.16,jewelry,0,0,2,18,256.7,0
652,86.26,pharmacy,0,0,0,16,1017.5,0
939,74.79,travel,0,0,7,14,512.3,0
15231,70.23,fuel,0,0,10,15,1088.0,0
6197,72.27,utilities,0,0,3,19,457.5,0
5701,220.82,dining,0,1,14,10,60.3,0
6241,179.29,electronics,0,0,15,12,745.1,0
14540,17.55,online_retail,0,0,22,24,468.9,0
3704,96.7,entertainment,0,0,21,15,180.4,0
12651,96.59,dining,0,0,20,9,238.2,0
10879,231.22,fuel,0,0,7,17,247.6,0
3810,233.42,electronics,1,0,11,20,823.7,0
19297,143.89,fuel,0,0,11,15,545.5,0
16051,101.96,online_retail,0,0,16,19,1024.4,0
12757,107.6,pharmacy,0,0,7,15,74.4,0
827,118.71,online_retail,1,0,19,16,1048.2,0
19760,149.97,pharmacy,0,0,10,14,202.1,0
19954,140.66,electronics,0,0,17,9,337.3,0
659,148.99,grocery,0,1,15,15,385.3,0
7091,31.87,dining,0,1,8,17,104.4,0
7594,132.82,travel,0,0,22,14,7.8,0
19853,90.67,utilities,0,0,20,17,155.7,0
19600,59.41,utilities,0,0,15,16,130.6,0
11757,148.14,travel,0,1,7,18,18.7,0
15365,283.72,jewelry,1,0,9,11,2326.2,0
8705,64.5,pharmacy,0,0,15,17,299.2,0
14013,167.14,fuel,1,0,15,15,29.9,0
18726,96.54,online_retail,0,0,21,16,697.2,0
13739,77.55,travel,0,0,7,22,632.3,0
4691,73.7,entertainment,1,0,9,12,128.7,0
15620,181.07,utilities,0,0,7,18,167.4,0
8517,82.09,grocery,0,0,17,18,89.7,0
19626,215.64,grocery,1,1,3,8,968.1,0
12815,75.14,utilities,0,0,16,17,111.0,0
3540,153.27,grocery,0,1,4,16,214.8,0
9984,67.12,grocery,0,0,11,9,16.9,0
15191,314.31,dining,0,0,7,12,83.8,0
302,35.48,grocery,1,0,22,13,412.0,0
9072,140.05,grocery,0,0,8,20,93.3,0
12508,303.82,grocery,0,0,8,19,28.6,0
2854,37.15,travel,1,0,14,11,88.2,0
6655,119.39,online_retail,0,0,12,18,94.2,0
10656,119.46,travel,0,0,8,18,119.0,0
9288,115.76,electronics,0,1,19,10,833.8,0
190,108.89,electronics,0,0,21,14,317.1,0
4112,231.86,entertainment,0,0,13,14,1180.0,0
9824,116.25,travel,0,0,13,11,7.6,0
8494,63.88,utilities,0,0,20,13,362.4,0
5238,339.83,entertainment,0,0,17,12,66.3,0
6737,51.81,utilities,0,0,18,16,1333.1,0
3331,72.93,entertainment,0,0,19,16,460.1,0
8116,26.08,jewelry,0,0,10,20,301.2,0
13731,113.38,entertainment,0,0,14,14,846.6,0
5790,32.61,pharmacy,0,0,6,10,177.5,0
16284,143.99,online_retail,0,0,18,13,112.6,0
416,91.97,online_retail,0,0,11,17,48.6,0
14513,217.18,online_retail,0,0,22,18,32.9,0
11781,4.77,electronics,0,0,11,7,144.0,0
17636,170.85,travel,0,0,17,12,422.8,0
16476,217.13,grocery,0,0,14,14,175.8,0
8938,62.89,travel,0,0,2,19,586.5,0
13018,61.11,jewelry,0,0,12,9,36.2,0
13104,44.68,dining,0,1,20,8,207.2,0
13217,142.32,utilities,1,1,11,12,444.7,0
6357,166.28,travel,0,0,14,14,71.7,0
15569,51.38,online_retail,0,0,4,17,206.3,0
564,34.03,utilities,0,0,15,13,25.6,0
1133,93.63,utilities,0,0,18,8,1060.4,0
9579,182.43,utilities,1,0,12,11,235.9,0
1928,155.33,electronics,0,0,15,15,56.6,0
9373,13.83,pharmacy,0,0,11,23,598.9,0
9648,62.97,pharmacy,0,0,18,23,1.7,0
16145,77.8,jewelry,0,0,11,19,544.1,0
1192,57.67,travel,0,0,17,15,58.8,0
3519,31.05,travel,0,0,8,18,337.6,0
4085,233.67,online_retail,0,0,5,12,103.1,0
3853,91.87,online_retail,0,0,16,21,66.9,0
13633,37.42,jewelry,0,0,12,12,387.6,0
18202,98.99,pharmacy,0,0,2,14,132.5,0
1608,91.99,entertainment,1,0,1,14,304.1,0
9420,102.44,pharmacy,0,0,12,9,321.5,0
5565,235.39,entertainment,0,1,7,14,893.4,0
14493,58.25,fuel,0,0,12,12,21.8,0
3864,93.17,grocery,0,0,9,19,223.7,0
15071,165.95,utilities,0,0,12,13,52.6,0
19174,75.97,dining,0,0,7,11,89.0,0
14564,47.6,pharmacy,0,0,10,18,219.1,0
1545,59.75,grocery,0,0,9,17,2985.5,0
11746,122.78,electronics,1,0,18,12,361.9,0
4575,88.45,pharmacy,0,0,21,15,201.3,0
1877,274.37,utilities,1,0,20,20,266.0,0
11373,109.95,pharmacy,0,0,9,19,102.0,0
16274,41.68,fuel,1,1,21,12,176.2,0
14629,112.28,electronics,0,0,6,14,198.3,0
3244,107.07,grocery,0,0,21,12,46.1,0
9175,86.2,entertainment,0,0,10,12,863.5,0
13296,158.91,utilities,0,0,1,10,163.7,0
15722,73.74,fuel,0,0,15,12,148.0,0
16335,33.58,electronics,0,0,8,27,350.5,0
7635,13.7,travel,0,1,20,4,103.8,0
16770,21.18,travel,0,0,21,12,352.7,0
8347,56.73,online_retail,0,0,10,17,83.3,0
16505,14.91,dining,0,0,13,10,758.2,0
10435,41.53,travel,0,0,2,14,207.8,0
7146,113.09,utilities,0,0,3,13,310.7,0
10630,127.66,pharmacy,0,0,18,18,740.9,0
546,101.11,fuel,1,0,17,10,862.1,1
1582,93.79,travel,0,0,15,17,628.8,0
12064,110.08,entertainment,0,0,10,10,952.6,0
18170,84.16,fuel,0,1,15,16,1194.2,0
6795,57.54,dining,0,0,18,18,198.8,0
16089,56.87,pharmacy,0,1,18,18,70.5,0
5617,92.56,online_retail,0,0,16,9,655.0,0
14833,87.1,grocery,0,0,11,16,851.6,0
8325,242.65,entertainment,0,0,12,23,297.3,0
8305,52.43,dining,1,0,15,11,108.5,0
7237,81.3,travel,0,0,8,16,197.9,0
2298,184.3,entertainment,0,0,22,17,552.0,0
4584,354.98,jewelry,0,0,4,9,10.8,1
10907,275.99,jewelry,0,0,21,12,759.5,0
2051,30.4,electronics,0,1,21,11,109.7,0
18812,81.72,pharmacy,0,0,21,14,40.6,0
16514,309.91,jewelry,1,0,14,22,1290.6,0
16083,110.45,dining,0,0,12,11,160.2,0
16850,19.01,fuel,0,0,12,17,123.7,1
4991,121.46,electronics,0,1,16,11,746.6,0
17600,114.12,dining,0,0,13,17,105.9,0
9216,98.22,fuel,0,0,8,18,28.9,0
3765,287.64,dining,0,0,19,21,132.7,0
11940,77.46,jewelry,0,0,15,18,274.8,0
17484,88.33,jewelry,1,0,6,13,245.6,0
19445,56.92,travel,0,0,14,13,325.5,0
9341,87.88,grocery,0,0,13,11,307.7,0
12789,147.72,jewelry,0,0,21,8,391.5,0
4372,88.62,online_retail,0,0,12,4,351.1,0
2280,139.99,entertainment,1,0,6,13,1590.6,0
11844,201.16,dining,0,0,17,12,284.7,0
13725,90.0,grocery,0,0,22,10,48.2,0
10802,80.69,entertainment,0,0,15,18,1663.0,0
10425,249.77,travel,1,0,19,8,70.8,0
5512,197.55,dining,0,0,11,11,808.8,0
6731,217.1,fuel,0,0,15,16,144.3,0
14937,219.17,electronics,0,0,19,12,375.4,0
1424,55.78,jewelry,0,1,14,10,823.0,0
10835,149.05,fuel,0,0,17,13,214.4,0
372,83.62,travel,1,0,14,23,444.0,0
7009,176.16,utilities,0,0,18,19,268.2,0
5833,259.13,entertainment,0,0,20,9,44.9,0
9421,209.25,fuel,0,0,12,23,20.3,1
19804,301.1,fuel,0,0,18,18,149.4,0
2738,86.34,online_retail,0,0,20,13,604.5,0
9030,189.25,entertainment,0,0,13,11,505.5,0
3838,58.78,jewelry,0,0,6,10,84.2,0
17225,89.59,jewelry,0,0,8,15,443.6,0
16793,126.11,utilities,0,0,10,12,318.2,0
17137,20.56,grocery,0,1,15,13,428.1,0
11060,37.38,grocery,0,0,16,17,314.5,0
4483,203.43,pharmacy,0,0,18,17,954.7,0
18811,66.66,travel,0,0,14,9,179.3,0
3723,96.88,fuel,0,0,10,12,625.8,0
9464,203.03,entertainment,0,0,20,14,131.7,0
18735,67.21,entertainment,0,0,11,10,76.7,0
8104,65.32,pharmacy,0,0,10,12,46.2,0
5822,159.9,utilities,1,0,17,15,860.6,0
10944,66.18,fuel,0,0,14,15,71.3,0
7617,239.39,utilities,0,0,10,17,396.5,0
13813,158.42,dining,0,1,22,14,190.6,0
13862,40.19,travel,0,1,15,19,17.7,0
6812,129.92,online_retail,0,0,8,7,963.6,0
17254,93.02,online_retail,0,0,17,11,137.6,0
1865,119.56,entertainment,0,0,15,14,549.5,0
15134,25.09,travel,0,0,14,13,17.7,0
15477,17.47,pharmacy,0,0,20,16,173.7,0
8221,72.88,grocery,0,1,15,6,123.1,0
14755,32.52,dining,1,0,16,20,267.4,0
15146,159.29,utilities,0,1,11,16,117.6,0
17733,138.79,travel,0,0,20,25,2285.9,0
15719,104.6,utilities,0,0,14,15,841.8,0
8094,77.92,pharmacy,0,1,12,15,44.9,0
1988,120.33,utilities,0,0,3,21,105.0,0
9621,44.85,dining,0,1,20,15,23.3,0
7105,240.44,travel,0,0,3,21,57.5,0
18453,308.65,fuel,1,0,12,11,8.0,0
4924,215.58,utilities,0,1,0,6,65.3,1
463,92.3,jewelry,0,0,15,9,827.1,0
3259,8.35,fuel,0,0,18,19,106.9,0
2558,65.48,online_retail,0,0,15,28,59.0,0
4103,151.53,electronics,0,0,22,14,309.4,0
17481,61.19,grocery,0,0,6,11,138.6,0
18703,84.95,electronics,0,0,9,12,1147.7,0
12128,111.61,electronics,0,0,9,18,1680.7,0
11640,147.72,entertainment,0,0,3,14,810.2,0
17244,131.77,pharmacy,0,0,12,17,298.5,0
19575,60.74,online_retail,0,0,21,17,113.7,0
7113,56.92,electronics,0,1,9,19,347.7,0
12865,203.09,travel,0,0,22,12,913.2,0
13822,124.77,dining,0,0,5,15,558.0,0
14669,174.69,pharmacy,1,0,8,18,403.0,0
19688,58.04,online_retail,0,0,18,21,101.8,0
19565,68.91,fuel,0,0,21,13,584.2,0
5573,49.18,dining,1,0,14,17,362.2,0
18115,306.47,electronics,0,0,19,13,48.5,0
9380,106.27,utilities,0,0,14,15,1275.1,0
11991,227.73,electronics,0,0,16,21,112.9,0
7370,89.53,grocery,0,0,6,7,235.6,0
17694,176.14,entertainment,0,0,10,17,872.7,0
6978,80.83,travel,1,0,20,21,23.2,0
3448,208.79,electronics,0,0,6,17,44.1,0
6959,155.75,grocery,0,0,7,22,248.2,0
7388,65.7,pharmacy,0,0,18,15,724.2,0
10741,116.72,travel,0,0,16,9,810.8,0
4366,197.52,dining,0,0,14,17,560.8,0
261,29.32,jewelry,0,0,10,21,289.8,0
12145,63.08,online_retail,0,0,13,14,733.2,0
13570,161.83,fuel,0,0,20,11,91.0,0
3304,40.17,fuel,0,0,10,8,673.4,0
15181,41.16,pharmacy,0,1,7,15,236.2,0
14083,256.37,dining,0,0,11,13,606.8,0
15872,95.97,electronics,1,0,17,17,115.6,0
18645,91.44,online_retail,0,1,15,15,400.1,0
6356,256.01,grocery,0,0,14,12,162.8,0
10688,171.77,dining,1,0,13,11,121.6,0
17463,73.64,jewelry,0,0,6,12,8.4,0
17105,128.31,online_retail,0,0,8,16,263.8,0
17392,30.76,entertainment,0,0,15,12,109.4,0
6686,53.26,electronics,0,0,7,15,141.4,0
5453,82.03,pharmacy,0,0,11,15,326.9,0
11618,158.54,pharmacy,0,1,6,23,1154.1,0
6890,67.4,utilities,0,0,20,19,161.9,0
15241,17.42,pharmacy,0,0,15,11,388.2,0
15487,135.22,utilities,1,0,11,26,473.7,0
3106,88.77,entertainment,0,0,9,12,639.5,0
1624,20.67,travel,0,0,14,13,32.2,0
13607,35.3,travel,0,0,13,17,631.1,0
5089,78.06,online_retail,0,0,12,12,74.7,0
7203,76.2,travel,0,0,13,12,139.5,0
16164,53.7,pharmacy,0,0,11,18,379.9,0
3090,90.14,utilities,0,0,6,12,110.9,0
14407,108.53,jewelry,0,0,1,10,18.9,0
1772,95.59,jewelry,1,0,20,5,294.3,0
11476,74.62,pharmacy,0,0,6,13,902.1,0
9564,215.67,electronics,0,0,16,14,208.4,0
19087,49.14,electronics,0,0,20,13,288.5,0
13410,112.48,jewelry,0,0,11,16,97.5,0
7024,61.85,entertainment,0,1,20,5,21.9,0
5570,199.92,electronics,0,0,6,18,353.0,0
16482,77.74,travel,1,0,9,13,87.7,0
13382,162.09,grocery,0,0,10,24,4.8,0
19085,99.4,entertainment,0,1,13,11,938.8,0
4585,55.76,utilities,0,0,11,15,52.1,0
921,131.02,jewelry,0,0,11,12,48.6,0
17794,334.73,dining,0,0,12,6,303.3,0
1539,239.53,electronics,0,0,13,17,73.6,0
6421,69.34,online_retail,0,0,11,13,19.0,0
522,94.42,entertainment,0,1,16,19,594.7,0
11159,42.17,jewelry,0,1,8,15,674.6,0
10043,80.49,utilities,0,0,20,12,94.4,0
6809,67.53,utilities,0,1,21,13,158.6,0
14383,139.23,travel,0,0,12,15,530.3,0
10811,374.23,fuel,0,0,0,5,4.8,1
5367,30.42,travel,0,0,7,12,1017.8,0
10507,119.71,pharmacy,0,0,5,20,1657.8,0
4755,139.36,jewelry,0,0,22,18,364.4,0
7904,101.08,pharmacy,0,1,11,13,348.7,0
8016,607.92,online_retail,1,0,5,6,413.4,1
2329,18.8,grocery,1,0,12,10,566.7,0
5287,51.06,travel,1,0,9,15,446.9,0
6958,113.8,pharmacy,0,0,9,20,266.9,0
3022,48.83,travel,0,0,17,25,339.8,0
12135,105.41,grocery,1,0,13,10,67.3,0
7945,155.42,utilities,0,1,16,10,199.2,0
15825,88.6,jewelry,0,0,13,18,31.2,0
4674,52.29,utilities,0,1,8,13,563.3,0
16233,147.39,utilities,0,1,18,10,346.0,0
10223,74.48,pharmacy,0,0,7,11,141.4,0
16789,114.72,dining,0,0,9,20,241.2,0
3651,93.25,pharmacy,0,0,7,12,320.3,0
15916,59.27,entertainment,0,0,16,11,103.5,0
4406,192.27,pharmacy,0,0,13,15,165.3,0
14917,210.93,grocery,0,0,15,22,268.2,0
17975,106.64,electronics,1,0,11,10,352.1,0
6370,136.27,electronics,0,1,17,16,113.5,0
14893,88.13,jewelry,0,0,21,13,104.4,0
312,17.01,electronics,0,0,10,18,547.0,0
18217,120.72,fuel,1,0,18,7,116.5,0
172,111.28,online_retail,0,0,18,16,449.0,0
7666,223.97,travel,0,0,22,11,103.8,0
9388,120.6,online_retail,0,0,8,14,18.9,0
4527,198.01,utilities,0,1,15,17,169.5,0
17027,302.05,fuel,0,0,16,9,1853.6,0
17857,76.65,pharmacy,0,0,18,17,232.9,0
8937,174.02,online_retail,0,0,11,11,183.2,0
1454,126.97,fuel,0,0,12,14,140.0,0
7461,14.17,electronics,1,0,18,12,239.4,0
16615,29.44,entertainment,0,0,4,19,79.6,0
1741,299.39,online_retail,0,0,8,16,1390.9,0
11937,113.98,utilities,1,0,13,21,1095.7,0
17373,80.84,electronics,0,0,0,17,629.4,0
13582,82.57,travel,0,0,6,15,450.1,0
18978,44.4,jewelry,0,0,18,10,77.5,0
5433,93.07,dining,0,0,21,16,98.3,0
17670,136.83,grocery,0,0,17,13,368.4,0
9247,195.5,jewelry,0,0,17,8,736.3,0
5887,338.57,fuel,0,0,12,14,468.8,0
7737,50.19,electronics,0,0,13,14,285.4,0
11597,195.89,pharmacy,0,0,21,16,35.4,0
12968,45.18,jewelry,0,0,21,13,100.4,0
11475,22.72,utilities,1,0,21,11,559.4,0
18421,103.4,fuel,0,0,7,12,64.0,0
8647,16.85,jewelry,0,1,16,10,272.6,0
9043,118.02,entertainment,0,0,17,13,103.1,0
3175,136.85,electronics,0,0,8,12,11.1,0
14215,157.52,electronics,0,0,14,8,393.5,0
10165,104.8,dining,0,0,11,26,347.1,0
15921,39.31,jewelry,0,0,21,17,434.8,0
10700,174.23,dining,0,0,18,12,178.8,0
19107,123.46,fuel,0,0,9,12,63.4,0
12944,194.97,grocery,1,0,6,16,1430.3,0
9798,58.87,dining,0,0,21,12,514.0,0
17413,103.29,online_retail,0,0,11,10,552.3,0
11204,63.07,dining,0,0,4,14,731.7,0
10900,29.08,travel,0,0,12,16,344.6,0
17899,89.54,dining,0,0,12,11,324.7,0
8594,31.19,pharmacy,0,0,11,17,1173.7,0
16424,201.76,pharmacy,0,0,19,16,71.5,0
6819,42.88,online_retail,0,0,14,13,363.2,0
4605,108.06,travel,0,0,12,15,538.0,0
10577,283.13,fuel,0,0,15,13,396.0,0
13218,200.57,jewelry,0,0,9,15,215.0,0
2802,240.04,fuel,0,1,13,14,35.0,0
13298,119.07,online_retail,0,0,11,17,14.5,0
18079,76.52,online_retail,0,0,15,20,367.3,0
19763,39.69,pharmacy,1,0,4,14,22.8,0
3937,75.0,grocery,0,1,4,17,453.3,0
18371,187.0,jewelry,0,0,10,15,128.6,0
14108,69.29,jewelry,0,0,22,19,59.8,0
9498,106.88,electronics,0,0,6,13,755.6,1
1579,88.75,online_retail,0,0,10,13,135.2,0
147,110.15,entertainment,0,0,9,11,0.0,0
13033,45.76,grocery,0,0,8,17,499.0,0
15533,66.17,pharmacy,0,0,12,17,66.7,0
13872,96.01,online_retail,0,1,17,12,8.6,0
4176,17.71,utilities,0,0,5,14,18.8,0
15988,54.52,jewelry,0,0,12,12,221.0,0
18286,65.55,online_retail,0,0,8,12,879.4,0
8287,296.07,online_retail,0,0,2,8,213.3,0
2512,186.45,travel,0,1,2,14,658.4,0
4424,30.67,grocery,0,0,14,14,466.9,0
12683,273.02,fuel,0,0,5,18,251.7,0
7504,45.43,utilities,0,0,20,20,1962.6,0
17516,27.43,dining,1,0,19,18,488.4,0
13320,34.58,electronics,0,0,15,22,74.3,0
13436,173.1,online_retail,0,0,21,13,167.3,0
9273,60.18,fuel,0,0,9,14,73.0,0
12424,47.67,pharmacy,1,0,6,15,67.0,0
19870,40.6,utilities,0,1,0,10,187.1,0
43,82.28,travel,0,0,9,22,762.1,0
13904,37.88,jewelry,0,0,7,19,149.2,0
809,144.29,grocery,0,0,21,20,152.6,0
11505,125.26,electronics,0,0,20,11,613.1,0
1031,161.07,travel,0,0,21,15,77.5,0
11398,180.81,jewelry,0,0,22,13,99.0,0
14721,38.57,online_retail,0,0,7,11,143.8,0
17397,156.24,pharmacy,0,0,11,16,67.1,0
105,73.23,utilities,0,0,5,16,232.2,0
15591,19.38,grocery,0,0,11,15,522.3,0
17850,494.74,dining,0,0,5,9,44.8,1
4302,58.39,online_retail,0,0,13,10,105.8,0
667,19.32,grocery,0,1,19,22,54.5,0
9720,104.1,electronics,0,0,18,11,151.8,0
12183,216.33,jewelry,1,0,0,15,180.0,0
11503,154.38,electronics,1,0,15,13,235.4,0
699,225.38,pharmacy,1,0,21,14,331.7,0
906,226.46,jewelry,1,0,2,5,2.5,1
12275,78.84,travel,1,0,22,15,729.6,0
16504,244.78,entertainment,0,1,17,16,59.2,0
18746,468.14,online_retail,1,0,3,9,51.7,1
10393,52.21,pharmacy,0,0,7,13,286.3,0
12162,156.97,electronics,0,0,16,10,279.4,0
3249,58.18,jewelry,0,0,11,16,37.4,0
8429,110.17,electronics,0,0,15,13,67.0,0
12899,59.21,grocery,0,0,14,14,93.2,0
16979,68.99,electronics,0,1,18,14,1125.6,0
6212,153.69,grocery,0,0,19,15,471.4,0
5451,250.81,dining,1,1,20,7,16.5,1
293,230.9,utilities,0,0,13,17,42.5,0
7815,30.15,entertainment,0,0,18,12,16.8,0
19014,137.93,jewelry,0,0,18,11,17.7,0
12963,137.51,utilities,0,0,20,15,218.9,0
6338,59.97,pharmacy,1,0,19,20,406.3,0
7225,142.25,utilities,0,0,13,14,290.5,0
4111,166.22,jewelry,0,0,16,12,347.0,0
12538,31.0,online_retail,0,0,19,15,198.2,0
7324,102.61,pharmacy,1,0,7,11,406.4,0
3486,160.02,online_retail,0,0,22,15,26.2,0
9939,77.45,fuel,1,0,22,15,564.4,0
4630,41.1,online_retail,0,0,17,10,7.7,0
7473,205.31,online_retail,0,0,14,11,128.7,0
17107,43.58,fuel,0,0,14,19,677.5,0
109,148.9,electronics,0,0,15,11,418.4,0
10490,151.27,entertainment,0,0,7,13,288.2,0
12034,84.78,entertainment,0,0,14,21,55.5,0
338,150.49,jewelry,0,0,15,12,149.5,0
9803,84.09,electronics,0,0,20,12,432.8,0
13113,69.33,dining,0,0,20,13,435.4,0
16580,60.73,utilities,0,1,17,9,451.3,0
8870,663.99,grocery,1,0,4,5,25.9,1
3076,202.62,online_retail,0,0,2,9,336.2,0
1895,153.41,dining,0,0,0,12,274.5,0
14986,232.81,jewelry,0,0,11,14,916.4,0
4262,93.98,entertainment,0,0,6,16,116.0,0
14124,111.68,pharmacy,0,1,21,10,1019.5,0
15597,209.98,online_retail,0,0,4,11,128.6,0
1518,60.49,entertainment,0,0,14,10,133.3,0
14437,164.62,jewelry,0,1,11,18,521.7,0
4062,69.48,entertainment,0,0,13,12,188.3,0
8561,67.0,dining,0,0,12,18,590.0,0
7654,69.49,jewelry,1,0,17,15,742.9,0
16629,143.8,electronics,0,0,14,19,686.8,0
17814,47.93,jewelry,0,0,0,18,262.6,0
3727,48.81,fuel,0,0,8,16,549.4,0
8251,67.6,travel,0,0,9,17,256.8,0
10293,36.72,fuel,0,0,8,16,84.2,0
1887,69.88,jewelry,0,0,22,20,260.5,0
16549,113.45,dining,0,1,14,17,179.5,0
4244,173.77,pharmacy,0,0,15,23,286.4,0
13208,78.41,fuel,0,0,21,14,516.2,0
15800,81.17,jewelry,0,0,2,17,1171.0,0
8613,31.94,online_retail,0,1,22,8,588.5,0
4238,34.09,pharmacy,0,0,15,17,266.6,0
17805,200.89,pharmacy,0,0,13,13,308.7,0
19679,214.93,entertainment,1,0,10,10,289.4,0
13450,111.76,online_retail,0,0,13,16,152.4,0
13175,57.26,pharmacy,1,0,10,22,26.7,0
8867,341.71,fuel,0,1,13,12,240.8,0
6109,25.15,travel,0,0,8,16,129.9,0
1002,142.54,online_retail,0,1,21,15,403.7,0
2257,82.07,grocery,0,0,9,19,387.4,0
598,65.66,utilities,0,0,11,14,516.1,0
19451,55.13,jewelry,0,0,16,12,9.0,0
11404,89.47,grocery,0,0,21,15,382.8,0
7369,67.28,entertainment,1,0,17,16,24.9,0
2538,175.04,fuel,0,0,22,11,9.7,0
9114,110.18,utilities,0,0,21,15,287.0,0
15299,200.85,pharmacy,1,0,4,4,42.5,1
399,4.43,pharmacy,1,1,15,16,434.1,0
5579,122.18,grocery,0,1,21,13,107.4,0
3974,30.45,online_retail,0,0,1,9,903.2,0
2030,48.44,dining,0,0,20,14,1.2,0
13058,242.64,jewelry,0,0,18,10,88.4,0
11059,29.79,electronics,0,0,10,12,876.6,0
16371,194.89,pharmacy,0,0,13,12,396.2,0
12098,434.5,online_retail,0,0,17,15,406.3,0
19200,103.7,utilities,0,1,18,13,254.9,0
9625,47.55,grocery,0,0,12,13,357.8,0
5930,62.58,fuel,0,0,8,11,367.6,0
15949,64.99,electronics,0,0,8,16,345.6,0
5193,78.86,utilities,0,0,22,10,474.3,0
17901,99.87,utilities,0,0,20,16,173.7,0
12607,163.27,fuel,0,1,21,16,898.5,0
11022,235.17,electronics,0,0,6,12,972.6,0
10860,70.06,travel,0,0,15,20,288.4,0
18063,37.01,travel,0,0,9,11,112.0,0
6838,358.88,electronics,1,0,1,3,6.4,1
1638,108.32,entertainment,0,0,15,16,20.3,0
15271,193.55,travel,0,0,21,19,552.3,0
9448,172.12,grocery,0,1,4,13,46.5,0
8481,12.0,fuel,0,0,6,16,350.1,0
6470,189.57,entertainment,0,0,10,16,217.2,0
14606,49.6,electronics,1,0,21,11,42.4,0
15783,166.02,jewelry,0,0,13,15,129.0,0
15287,27.76,grocery,0,0,12,5,77.0,0
17312,131.5,online_retail,0,0,9,12,136.1,0
10882,90.81,jewelry,0,0,21,17,211.6,0
7484,29.96,dining,1,0,13,14,73.5,0
7728,29.22,utilities,0,0,4,17,654.7,0
9820,142.43,electronics,0,0,18,18,482.7,0
8699,133.92,online_retail,0,0,19,13,61.0,0
3956,244.37,dining,0,0,13,13,105.9,0
2528,125.65,travel,0,0,21,9,29.7,0
291,42.98,fuel,0,1,9,13,211.0,0
9318,186.26,pharmacy,1,0,17,17,596.3,0
11414,111.4,entertainment,0,0,7,16,160.5,0
16231,70.09,online_retail,1,0,4,13,25.5,0
937,124.68,entertainment,0,0,12,6,247.9,0
17332,67.48,grocery,0,0,1,13,68.0,0
13698,86.28,dining,0,0,15,12,58.0,0
2357,97.9,entertainment,0,0,14,13,762.9,0
16566,54.88,entertainment,0,0,18,11,72.3,0
7096,70.68,entertainment,0,1,10,12,0.5,0
14950,55.64,entertainment,0,0,12,11,57.6,0
2087,81.96,dining,0,0,7,14,63.1,0
10401,116.84,electronics,0,0,14,10,49.7,0
1261,88.85,grocery,0,0,7,18,67.9,0
6971,220.41,utilities,0,0,21,14,239.2,0
140,58.42,utilities,0,0,21,17,86.0,0
15766,123.3,entertainment,0,0,13,11,945.6,0
13648,62.15,utilities,0,1,22,23,201.2,0
15838,194.57,pharmacy,0,0,20,15,2.2,0
12911,104.63,dining,0,0,7,12,345.6,0
16822,234.4,utilities,0,0,21,10,747.2,0
13358,99.77,fuel,0,1,8,13,272.5,1
13163,154.45,travel,0,0,0,16,193.2,0
17837,21.14,travel,0,0,7,13,1642.7,0
7694,207.03,pharmacy,0,0,5,4,19.4,1
11800,69.63,travel,0,0,12,13,142.8,0
13070,232.28,pharmacy,0,0,20,10,328.8,0
13992,207.14,online_retail,0,0,7,15,562.4,0
14089,28.04,fuel,0,0,15,15,810.9,0
18383,154.89,travel,0,0,9,14,423.1,0
17563,146.62,dining,0,0,21,14,193.6,0
12370,32.03,electronics,0,0,22,10,155.8,0
12362,93.62,jewelry,0,1,22,12,228.8,0
15538,141.98,electronics,0,1,8,7,188.1,0
7344,153.16,travel,0,0,6,15,134.5,0
10501,144.94,dining,0,0,17,12,63.0,0
10094,110.09,pharmacy,0,0,17,16,845.1,0
4990,56.18,dining,0,0,14,28,46.2,0
18091,109.24,electronics,1,1,20,16,65.0,0
1495,159.78,entertainment,0,0,9,11,1151.7,0
3108,252.82,online_retail,0,0,9,12,148.7,0
10389,13.82,electronics,1,0,2,11,564.3,0
7896,44.55,fuel,0,0,19,13,267.2,0
19526,35.58,utilities,0,0,15,10,393.8,0
12823,30.41,dining,0,0,10,15,4.9,0
1338,107.37,entertainment,0,0,7,14,181.2,0
10143,42.87,travel,1,0,10,12,70.0,0
15092,216.74,utilities,1,0,9,10,900.1,0
18525,248.25,electronics,1,0,12,13,3.0,0
9502,167.68,jewelry,0,0,20,22,410.2,0
3446,75.98,electronics,0,0,17,16,705.0,0
1878,36.77,utilities,0,0,15,8,1196.6,0
3315,160.58,jewelry,0,0,19,16,261.8,1
5274,191.0,jewelry,0,1,13,14,460.0,0
2524,89.15,electronics,0,0,15,17,543.2,0
16600,165.69,fuel,0,0,1,23,192.3,0
15126,34.95,pharmacy,0,0,21,11,621.5,0
3129,62.95,electronics,1,0,7,15,94.2,0
8514,5.96,electronics,0,1,11,14,397.6,0
5408,103.26,electronics,0,0,18,7,440.0,0
5955,5.17,utilities,1,0,8,14,515.2,0
4204,84.82,pharmacy,0,0,11,17,143.9,0
17103,42.82,dining,0,0,1,15,176.5,0
9714,72.86,electronics,0,0,6,15,365.7,0
1094,101.5,online_retail,0,0,17,14,52.0,0
10915,100.83,electronics,1,1,5,22,34.1,0
18943,82.63,entertainment,0,0,15,15,1404.1,0
2410,187.07,online_retail,0,0,10,16,24.9,0
1512,91.03,utilities,0,0,9,9,360.9,0
15410,190.81,electronics,0,0,14,11,24.4,0
17658,45.13,dining,0,0,16,9,323.2,0
7200,146.91,grocery,0,0,16,15,5.6,0
12303,69.94,online_retail,0,1,10,13,416.5,0
15051,84.86,fuel,0,0,6,12,152.7,0
5463,272.65,dining,0,1,13,9,208.2,0
9369,122.06,dining,0,0,4,7,429.5,0
17679,157.67,dining,0,0,10,15,51.3,0
4006,75.49,travel,1,0,17,16,77.0,0
17669,70.08,fuel,0,0,9,15,301.3,0
13103,144.46,electronics,0,0,19,13,392.6,0
7017,168.33,fuel,0,0,19,18,240.4,0
7393,29.39,electronics,0,0,12,15,48.8,0
19113,80.42,jewelry,0,0,14,14,459.9,0
13568,82.04,pharmacy,0,0,7,14,8.7,0
16905,103.13,electronics,1,0,19,23,872.2,0
14915,100.31,entertainment,0,0,4,12,386.0,0
9381,97.21,jewelry,0,0,4,9,59.9,0
15601,262.78,grocery,1,0,9,14,137.1,0
7330,92.57,fuel,0,0,21,17,463.9,0
14830,24.61,travel,0,1,12,13,429.9,0
15031,52.79,utilities,1,0,13,17,45.9,0
18464,69.96,travel,0,0,13,16,275.2,0
18106,88.28,utilities,0,0,17,10,380.8,0
18835,198.72,entertainment,0,0,10,17,823.4,0
14193,222.35,fuel,0,1,8,14,518.3,0
12978,207.93,grocery,0,0,19,11,489.7,0
14921,120.15,online_retail,0,0,7,19,349.6,0
5501,38.27,online_retail,0,0,13,14,638.0,0
5923,117.08,dining,0,0,11,9,1495.0,0
17888,206.48,dining,0,0,16,13,457.6,0
2013,142.1,dining,0,0,15,7,39.6,0
7779,92.02,entertainment,1,0,13,15,79.4,0
14434,131.13,pharmacy,0,1,11,17,128.2,0
9297,202.63,pharmacy,0,0,9,10,120.2,1
11314,36.77,utilities,0,0,5,16,479.9,0
5240,219.51,fuel,1,0,22,15,1036.7,0
8102,52.66,online_retail,0,0,8,11,210.6,0
13281,94.48,online_retail,0,0,13,11,23.9,0
14104,13.63,electronics,0,0,11,3,800.4,0
4170,124.39,electronics,0,0,18,16,65.5,0
11018,127.11,utilities,0,0,18,13,22.9,0
18941,26.8,fuel,0,0,18,16,196.1,0
5977,349.28,dining,0,0,9,13,204.7,0
19307,76.49,online_retail,0,0,12,17,411.8,0
8028,55.11,dining,0,0,18,14,107.0,0
19796,170.54,entertainment,0,0,6,18,475.1,0
15445,37.07,grocery,1,0,10,13,162.0,0
17921,112.48,fuel,0,0,9,13,235.7,0
18956,123.98,entertainment,0,0,2,4,882.3,0
7054,70.59,dining,0,0,16,17,612.1,0
12818,113.48,dining,0,0,22,13,697.7,0
17202,65.9,dining,0,0,15,12,1059.2,0
1325,113.6,fuel,0,1,3,23,303.8,0
19018,41.25,online_retail,0,0,12,16,33.9,0
7531,163.05,jewelry,0,1,10,13,245.0,0
17035,8.8,pharmacy,0,0,3,17,156.0,0
5488,102.77,jewelry,0,0,16,11,124.9,0
3695,26.14,pharmacy,1,0,22,12,453.6,0
17051,36.37,electronics,0,0,15,14,500.5,0
7852,118.65,entertainment,0,0,11,11,86.5,0
11705,150.83,online_retail,0,1,5,10,160.4,0
588,39.19,online_retail,1,0,13,10,205.5,0
5654,52.29,jewelry,0,0,12,12,68.3,0
8456,155.79,dining,0,0,0,17,112.1,0
1585,106.09,online_retail,0,0,9,18,90.2,0
7227,81.34,electronics,0,1,8,14,444.0,0
13861,70.24,online_retail,0,0,14,12,31.7,0
19374,29.85,pharmacy,0,1,6,16,229.5,0
1410,334.98,online_retail,0,0,21,12,618.7,0
3291,225.62,grocery,0,0,13,14,211.2,0
8574,58.19,utilities,0,0,7,8,36.7,1
6304,32.09,electronics,0,0,14,8,340.1,0
8649,58.37,entertainment,0,0,7,19,20.1,0
12727,123.2,grocery,1,0,16,11,264.4,0
9783,424.28,grocery,1,1,0,10,12.1,1
11155,145.38,utilities,0,0,11,18,27.6,0
7543,70.57,entertainment,0,0,22,19,484.0,0
9693,107.28,pharmacy,0,0,7,12,736.7,0
10710,55.32,entertainment,0,0,8,18,228.1,0
349,112.5,pharmacy,0,0,15,15,175.8,0
19792,42.7,online_retail,0,0,6,20,132.3,0
6475,44.52,electronics,0,0,16,10,892.3,0
3881,77.46,grocery,0,0,8,19,1344.0,0
9705,144.63,online_retail,0,0,10,17,642.9,0
104,76.26,entertainment,1,0,18,20,110.7,0
19027,84.75,jewelry,0,1,11,16,231.1,0
7043,185.01,utilities,0,0,11,12,399.1,0
13553,145.28,online_retail,0,0,17,14,370.0,0
11044,141.63,travel,0,0,14,13,113.6,0
11234,45.89,electronics,0,1,22,9,265.6,0
17346,138.64,travel,0,1,9,11,199.4,0
9335,174.84,electronics,0,0,19,18,92.4,0
9383,60.43,online_retail,0,0,12,13,846.4,0
18651,123.61,jewelry,0,0,21,12,416.1,0
19871,297.79,dining,0,0,15,14,54.8,0
642,22.13,jewelry,0,0,10,20,79.6,0
10314,118.66,grocery,0,0,12,10,1.4,0
13559,97.98,entertainment,0,0,17,15,852.1,0
15130,429.45,jewelry,1,1,9,11,4.8,0
7171,11.86,grocery,0,0,17,12,560.0,0
18132,211.93,pharmacy,0,0,13,17,69.2,0
3059,113.32,online_retail,0,0,21,14,134.6,0
16890,60.4,utilities,0,0,19,18,387.4,0
4876,24.86,fuel,0,1,18,9,64.5,0
15979,242.89,fuel,0,1,7,13,27.5,0
14618,161.61,pharmacy,0,0,15,16,128.7,0
19638,228.09,pharmacy,0,1,1,5,15.8,1
2050,35.76,online_retail,0,1,3,16,590.4,0
4471,116.26,utilities,0,0,12,18,91.4,0
8165,64.68,fuel,0,0,10,15,428.1,0
16630,118.13,jewelry,1,0,11,16,115.1,0
187,101.48,travel,0,1,21,10,415.6,0
3089,187.69,fuel,0,1,15,11,83.2,1
13564,194.43,fuel,0,0,6,10,441.6,0
2460,134.05,dining,0,0,18,8,88.2,0
1893,118.85,grocery,0,0,10,18,189.1,0
6892,75.23,pharmacy,1,1,16,15,1058.6,0
7876,156.62,jewelry,1,0,16,7,443.8,0
2989,87.48,fuel,0,0,16,19,48.2,0
15760,168.86,online_retail,0,0,20,15,88.2,0
16744,444.47,dining,0,0,5,14,469.2,0
5052,177.38,online_retail,0,0,20,16,247.6,0
14679,56.73,electronics,1,0,19,12,103.1,0
5323,32.28,entertainment,0,0,18,8,395.7,0
9158,93.91,electronics,0,0,1,9,778.5,0
16338,82.62,grocery,0,0,15,15,336.3,0
9118,113.35,pharmacy,0,0,22,15,1541.2,0
17889,37.34,electronics,0,1,6,15,44.7,0
14375,163.67,jewelry,0,0,19,12,1345.5,0
14464,95.29,dining,0,0,21,11,665.8,0
691,27.48,pharmacy,0,0,12,11,440.3,0
4797,154.24,utilities,0,0,12,15,197.9,0
14430,236.93,jewelry,0,0,16,15,517.0,0
2399,71.79,utilities,0,0,20,9,287.0,0
12949,112.16,jewelry,0,0,20,8,134.1,0
16219,32.35,electronics,0,0,9,17,277.5,0
3407,87.66,dining,0,0,5,14,245.7,0
10236,97.11,online_retail,0,0,9,12,464.8,0
2910,218.53,pharmacy,0,0,16,19,247.3,0
12213,70.82,jewelry,0,0,10,18,66.4,0
13331,26.66,travel,0,0,9,20,236.2,0
557,130.01,travel,0,0,5,8,95.3,0
9260,115.39,entertainment,0,0,13,12,287.0,0
17762,70.26,online_retail,0,0,22,18,1140.4,0
13830,131.18,online_retail,0,0,18,15,357.4,0
617,76.49,dining,0,0,22,17,200.7,0
19743,106.48,entertainment,1,1,13,11,646.0,0
2759,36.26,pharmacy,0,1,11,10,78.7,0
117,122.51,travel,0,0,9,23,340.4,0
1132,16.49,travel,0,0,7,16,153.3,0
9060,249.74,grocery,0,0,15,12,277.4,0
13389,47.41,entertainment,0,0,22,12,428.7,0
8470,50.07,dining,0,0,8,14,353.7,0
5854,45.12,dining,0,0,9,16,49.5,0
16052,202.71,fuel,0,0,5,6,327.1,0
2658,91.09,dining,0,0,16,23,749.7,0
15303,66.78,pharmacy,1,0,6,19,209.6,0
7006,139.07,online_retail,0,0,12,16,138.0,0
13573,155.46,online_retail,0,0,6,18,1789.7,0
4142,111.87,travel,0,0,18,10,468.1,0
10819,79.52,fuel,0,0,22,14,94.0,1
14863,53.39,fuel,0,0,12,9,182.1,0
7035,44.08,utilities,0,0,14,14,748.7,0
14489,44.14,dining,0,0,12,8,1141.8,0
12962,90.63,grocery,0,0,13,16,1183.4,0
17856,164.74,fuel,0,0,10,19,202.0,0
963,268.85,utilities,0,0,19,9,504.2,0
1919,208.57,online_retail,0,0,18,12,64.3,0
17779,38.38,travel,0,0,22,19,786.3,0
13373,144.52,jewelry,0,0,5,14,589.3,0
1149,41.37,dining,0,0,11,16,69.7,0
9525,83.27,entertainment,0,0,19,12,444.8,0
19303,88.01,utilities,0,1,17,17,1027.9,0
11317,143.86,fuel,0,1,20,20,592.9,0
1382,89.88,pharmacy,0,0,15,16,72.6,0
11732,92.98,jewelry,0,0,14,11,1308.1,0
13054,193.08,travel,0,0,22,18,39.2,0
9719,138.46,travel,0,1,9,17,192.5,0
9045,33.33,dining,0,0,17,15,101.1,0
13122,159.75,utilities,0,0,11,9,91.0,0
19035,100.35,dining,0,0,16,14,656.2,0
2830,198.18,entertainment,0,0,5,21,833.4,0
2448,62.03,jewelry,0,0,11,16,99.8,0
19557,21.08,online_retail,0,1,5,18,376.7,0
5361,170.06,dining,0,0,13,20,397.9,0
7424,111.46,jewelry,0,0,17,14,72.1,0
1435,173.18,jewelry,0,0,6,14,363.4,0
11313,12.76,jewelry,0,0,17,14,597.4,0
16163,187.04,dining,0,0,15,11,965.4,0
2148,10.77,electronics,0,0,20,11,157.4,0
3220,59.26,fuel,0,0,18,19,199.1,0
12852,107.37,grocery,0,0,19,10,126.8,0
13914,17.02,utilities,0,0,4,12,180.1,0
18487,81.69,travel,0,0,20,15,491.4,0
1771,95.7,jewelry,0,0,12,21,577.7,0
10883,173.95,jewelry,1,0,20,18,453.1,0
16308,118.12,utilities,0,1,6,14,11.6,0
3605,186.75,dining,1,0,0,5,52.7,0
9405,98.85,online_retail,0,0,12,18,589.8,0
15513,96.39,grocery,0,1,19,6,689.7,0
7912,214.77,travel,0,0,8,10,478.0,0
8564,71.55,dining,0,0,14,14,1.7,0
3625,192.49,jewelry,0,0,20,16,299.3,0
14520,120.83,pharmacy,0,0,13,14,192.5,0
10998,234.49,jewelry,0,0,17,14,477.3,0
2921,192.43,online_retail,0,0,0,11,699.4,0
8650,58.33,jewelry,1,0,11,16,715.9,0
10078,187.5,fuel,0,0,22,8,1716.5,0
1177,176.12,dining,0,0,19,10,91.4,0
6875,59.59,electronics,1,0,15,9,52.3,0
12091,86.3,jewelry,0,0,15,8,501.6,0
17607,10.14,utilities,0,0,8,12,76.9,0
19811,22.88,entertainment,0,0,7,18,23.0,0
19776,58.13,online_retail,0,0,14,12,167.4,0
19086,131.87,entertainment,0,0,10,15,71.0,0
11369,141.38,fuel,0,0,20,11,196.5,0
13865,37.12,entertainment,0,0,10,9,345.6,0
19625,222.79,online_retail,0,0,15,19,100.8,0
17370,124.78,grocery,0,0,16,16,1398.0,0
19990,130.55,fuel,0,0,21,11,128.1,0
647,143.17,utilities,0,1,14,17,175.7,0
6530,80.18,electronics,0,0,18,14,174.9,0
17807,28.92,online_retail,0,0,21,7,461.0,0
8462,33.66,pharmacy,1,1,20,13,934.2,0
13392,204.01,fuel,0,0,6,17,1182.1,0
4225,95.73,utilities,0,1,9,12,420.0,0
10192,60.66,utilities,0,0,15,13,681.8,0
4148,40.81,electronics,0,0,9,18,367.9,0
5445,359.72,entertainment,0,0,21,9,228.6,0
87,67.34,electronics,0,1,14,12,144.6,0
412,103.6,grocery,0,0,22,20,256.2,0
7630,252.03,grocery,0,0,7,11,38.3,0
5614,165.45,jewelry,0,0,15,28,422.8,0
7125,36.64,electronics,0,0,1,15,144.3,0
19668,19.22,online_retail,0,0,13,11,70.4,0
13024,106.11,dining,0,0,7,7,508.9,0
3123,107.43,jewelry,0,0,6,17,45.4,0
15342,120.58,jewelry,1,0,22,14,105.8,0
3516,84.34,electronics,0,0,7,12,509.0,0
11382,72.74,electronics,0,0,14,16,93.5,0
11580,102.48,pharmacy,1,0,19,13,325.9,0
18483,227.46,grocery,0,0,9,12,670.7,0
1233,60.08,travel,0,0,17,17,194.8,0
7490,17.84,pharmacy,0,0,20,13,31.1,0
16107,68.94,electronics,0,1,8,16,19.9,0
6951,214.34,jewelry,0,0,12,13,504.2,0
1256,186.06,jewelry,1,0,13,14,15.4,0
12608,229.18,pharmacy,0,0,19,14,154.3,0
19660,112.66,pharmacy,0,0,22,17,12.7,0
1243,90.01,fuel,0,0,11,13,6.0,0
17064,84.49,online_retail,1,0,9,15,113.3,0
18270,416.73,fuel,0,0,8,13,433.1,0
19151,21.12,dining,1,0,19,11,492.1,0
13219,146.5,pharmacy,1,0,6,10,435.1,0
2132,101.23,fuel,0,1,10,9,92.6,0
14979,86.71,online_retail,0,0,11,16,42.9,0
4734,8.33,dining,0,0,8,17,295.8,0
7936,197.55,entertainment,1,0,1,12,107.9,0
14772,190.48,dining,0,0,1,9,201.8,0
11200,284.9,fuel,1,0,2,6,158.2,1
10589,113.33,travel,0,0,7,19,114.7,0
19914,64.34,electronics,0,0,9,20,727.4,1
19493,35.19,fuel,0,0,21,8,1324.4,0
18727,107.99,utilities,0,0,14,12,656.2,0
16827,67.88,travel,0,0,13,7,2.3,1
19092,307.78,dining,0,0,17,14,395.8,0
14172,85.25,grocery,0,0,7,7,1.6,1
1846,18.68,travel,0,0,6,12,356.3,0
4105,92.76,electronics,0,0,13,8,225.2,0
1131,81.34,dining,0,0,22,7,54.1,0
16162,151.28,utilities,0,0,6,19,236.8,0
14859,125.43,electronics,0,0,1,13,511.9,0
13094,212.83,entertainment,0,0,9,14,36.0,0
1416,109.54,jewelry,0,0,6,26,464.6,0
4684,35.34,dining,1,0,13,10,964.4,0
9206,10.08,pharmacy,0,0,19,12,964.0,0
13689,47.24,electronics,0,0,15,20,210.7,0
15019,87.94,grocery,0,0,6,19,96.8,0
18612,162.72,online_retail,0,0,21,14,276.8,0
19291,54.02,dining,0,0,12,12,168.3,0
11486,51.64,electronics,1,0,12,11,113.0,0
4529,69.84,pharmacy,0,0,14,9,2205.7,0
157,96.32,utilities,0,0,22,9,347.6,0
15540,45.47,grocery,0,0,3,16,271.5,0
7651,122.57,entertainment,1,0,20,16,595.5,0
10134,83.41,electronics,1,0,21,18,298.2,0
18569,68.3,dining,0,0,19,14,81.0,0
11493,28.14,pharmacy,0,0,16,13,332.1,0
7523,77.61,grocery,0,0,19,9,30.0,0
7462,22.93,utilities,0,0,13,16,67.7,0
18417,52.23,online_retail,0,0,4,13,282.6,0
15818,83.45,pharmacy,0,0,19,12,426.9,0
2811,173.69,pharmacy,1,0,20,16,1199.3,0
19453,59.7,grocery,0,0,10,14,301.7,0
12428,98.59,fuel,0,0,9,11,303.7,0
527,34.18,travel,0,0,11,14,368.5,0
1075,32.93,travel,1,0,12,9,144.5,0
3720,171.74,online_retail,0,0,9,12,510.6,0
8316,60.21,entertainment,0,0,11,9,130.4,0
8536,111.41,grocery,0,0,13,19,226.4,0
7621,183.98,fuel,0,0,18,13,837.9,0
9967,110.63,fuel,0,0,14,10,839.9,0
8314,125.87,jewelry,1,0,17,10,113.6,0
4208,65.53,jewelry,0,0,20,14,16.0,0
17003,44.84,entertainment,0,0,4,13,10.2,0
16344,154.33,electronics,0,0,21,13,393.5,0
16929,33.94,fuel,0,0,19,17,1237.1,0
10496,209.05,utilities,1,0,11,12,13.4,0
6455,82.42,grocery,0,0,6,11,632.0,0
16434,132.86,travel,0,0,14,16,214.0,0
8881,48.98,grocery,0,0,17,15,356.6,0
8053,164.3,entertainment,0,0,12,12,9.8,0
3156,55.57,travel,0,0,0,14,435.1,0
17864,91.81,online_retail,0,0,5,14,578.6,0
18342,34.83,fuel,0,1,19,13,143.2,0
18336,108.5,dining,0,0,18,16,320.3,0
8645,94.56,entertainment,0,0,11,13,934.3,0
16150,99.63,entertainment,0,0,16,17,668.7,0
6428,84.99,electronics,0,1,15,17,578.6,0
10650,188.0,pharmacy,0,0,19,13,298.3,0
5915,49.73,dining,0,0,6,19,234.7,0
13187,65.66,pharmacy,0,0,10,14,98.7,0
12821,52.28,pharmacy,0,0,20,16,1209.6,0
14811,76.69,fuel,0,0,17,14,20.5,0
9929,82.03,utilities,0,1,11,14,127.2,0
10773,178.61,pharmacy,0,0,10,11,228.8,0
5438,170.51,utilities,0,0,5,18,696.1,0
16134,77.16,online_retail,0,0,15,16,13.4,0
13134,49.77,grocery,0,0,10,12,990.4,0
15562,60.38,entertainment,0,1,7,16,127.3,0
15519,96.33,utilities,1,0,17,15,225.6,0
12323,94.76,entertainment,0,0,20,8,198.1,0
8979,105.38,grocery,0,0,15,12,1084.9,0
2982,11.87,pharmacy,0,0,11,18,1360.9,0
8173,205.18,grocery,0,0,13,10,363.9,0
13023,64.43,jewelry,0,0,8,20,735.5,0
16188,42.64,fuel,0,0,8,10,17.9,0
1580,104.82,electronics,0,0,8,24,34.5,0
10331,17.22,online_retail,0,0,17,8,650.8,0
12775,106.69,pharmacy,0,0,17,9,300.5,0
10797,93.98,dining,0,0,13,12,7.5,0
2497,131.19,entertainment,0,0,6,12,394.7,0
11161,40.37,dining,0,0,12,12,61.7,0
16618,42.37,entertainment,0,0,11,15,22.3,0
9895,84.39,pharmacy,0,0,21,19,320.6,0
884,80.05,fuel,0,0,14,12,266.6,0
16432,116.75,pharmacy,0,0,12,11,389.9,0
9846,108.03,electronics,0,0,3,17,6.0,0
11999,128.55,dining,0,0,16,16,40.6,0
14918,144.15,pharmacy,0,0,10,19,304.7,0
17562,103.46,dining,0,0,16,12,348.0,0
16970,42.48,dining,0,0,9,16,508.3,0
19996,279.55,pharmacy,1,0,16,18,374.6,0
455,141.88,grocery,0,0,17,11,886.7,0
16147,139.42,electronics,0,0,19,15,320.0,0
10322,63.25,electronics,0,1,19,14,508.0,0
419,118.44,electronics,0,0,22,14,168.3,0
12400,85.58,utilities,0,1,21,14,200.5,0
19443,65.64,online_retail,0,0,17,16,483.2,0
3483,23.81,pharmacy,1,0,8,14,206.7,0
1743,83.27,grocery,0,0,6,15,103.4,0
6623,23.81,utilities,0,1,9,7,0.8,0
8625,59.67,fuel,0,1,7,12,178.3,0
7605,71.37,entertainment,1,0,12,12,276.6,0
19251,48.34,travel,0,0,2,19,360.7,1
6233,215.62,dining,0,0,13,18,573.6,0
3506,193.53,utilities,0,0,0,16,146.4,0
10876,85.61,pharmacy,0,0,22,10,24.2,0
705,75.77,travel,0,0,16,16,344.5,0
10097,199.21,electronics,0,0,16,13,29.9,0
9005,122.83,dining,0,1,7,10,158.3,0
18543,119.84,utilities,0,0,18,15,718.9,0
8784,61.21,jewelry,0,0,12,13,28.6,0
7313,208.28,grocery,0,0,13,12,47.0,0
13682,72.21,fuel,0,0,10,15,636.2,0
19568,90.78,grocery,0,1,22,12,48.0,0
3130,66.72,utilities,1,1,6,10,158.1,0
4826,147.84,dining,0,0,8,14,1265.3,0
40,64.85,entertainment,0,0,8,13,103.2,0
3840,94.4,entertainment,0,0,13,16,123.9,0
19002,188.37,grocery,0,0,11,15,192.3,0
8877,117.84,entertainment,0,0,12,19,90.0,0
840,44.01,entertainment,0,0,10,19,1349.4,0
1065,49.33,fuel,0,0,16,10,110.2,0
11149,232.92,utilities,1,0,11,17,449.4,0
4313,36.34,travel,1,0,8,13,30.3,0
18161,698.71,entertainment,0,1,11,9,33.8,1
4940,99.77,utilities,0,0,13,18,277.9,0
17618,77.7,travel,0,0,22,15,65.1,0
6713,178.72,entertainment,0,0,11,15,524.4,0
6397,265.99,grocery,0,0,10,14,846.7,0
12300,44.72,fuel,0,0,13,15,557.0,0
18439,155.72,grocery,1,1,4,3,11.7,1
3982,37.55,jewelry,0,0,19,10,229.4,0
18714,59.76,electronics,0,0,16,10,27.1,0
8670,24.0,electronics,0,0,12,12,662.0,0
3665,54.53,dining,0,0,4,12,129.7,0
859,55.36,fuel,1,0,13,11,252.7,0
8646,111.14,pharmacy,1,0,17,15,7.0,0
5946,224.14,pharmacy,0,0,15,20,700.6,0
3827,150.67,utilities,1,0,10,16,332.6,0
9538,74.77,jewelry,0,0,3,6,331.2,0
15581,76.99,entertainment,0,0,20,20,39.2,0
19447,272.75,entertainment,0,0,12,15,59.7,0
1734,58.21,entertainment,0,0,8,17,25.4,0
9352,115.33,online_retail,0,0,6,16,733.6,0
16538,128.55,dining,0,1,18,15,157.2,0
2907,95.51,fuel,0,0,21,18,35.5,0
4023,130.44,online_retail,1,0,15,17,1266.4,0
18803,142.25,dining,0,1,10,16,161.8,0
8648,88.6,jewelry,1,0,21,19,1389.5,0
16666,14.13,jewelry,0,1,11,11,766.7,0
2414,123.29,jewelry,0,0,15,17,71.3,0
5168,116.73,pharmacy,0,0,17,17,207.6,0
17102,25.73,dining,0,0,16,17,365.7,0
17449,76.44,online_retail,0,0,6,13,176.4,0
5603,53.36,online_retail,0,0,15,16,1043.1,0
4815,300.25,online_retail,0,1,13,14,420.0,0
4164,208.09,jewelry,0,0,15,19,116.5,0
14209,110.18,dining,0,0,10,19,141.7,0
2949,126.53,grocery,0,0,7,12,324.7,0
10208,29.81,entertainment,0,0,19,17,160.9,0
11332,159.56,entertainment,0,0,14,15,364.9,0
1548,87.93,dining,1,0,3,13,52.7,0
6350,84.04,entertainment,0,0,9,10,207.8,0
19295,85.35,travel,0,0,9,13,298.9,0
1796,81.95,fuel,0,0,8,8,36.2,0
13048,60.94,dining,0,0,9,8,101.0,0
17267,132.4,grocery,0,1,18,11,110.9,0
19426,181.53,fuel,0,0,20,22,537.9,0
3935,42.81,online_retail,0,0,15,12,16.5,0
13247,209.11,pharmacy,0,0,9,6,91.7,1
897,27.78,jewelry,0,0,5,14,395.5,0
19324,78.68,electronics,0,0,18,12,645.2,0
7390,60.8,entertainment,0,0,6,15,177.6,0
14700,14.91,jewelry,0,0,9,15,60.5,0
3498,52.7,utilities,0,0,19,17,81.0,0
5876,35.73,travel,0,0,10,14,602.9,0
5066,143.69,electronics,0,0,2,8,74.2,0
2905,63.47,fuel,0,0,5,17,87.8,0
10436,42.51,fuel,0,0,6,13,260.0,0
8675,22.62,pharmacy,0,0,19,15,225.2,0
1191,36.38,fuel,0,0,6,10,86.7,0
12916,196.75,online_retail,0,0,17,17,628.8,0
2310,71.29,utilities,0,0,20,15,205.0,0
460,17.01,fuel,0,0,15,11,325.0,0
10131,95.09,grocery,0,1,6,21,180.8,0
973,504.87,entertainment,0,0,10,10,127.0,1
2686,142.52,grocery,0,0,18,21,511.2,0
11630,48.28,pharmacy,0,1,10,10,85.1,0
13255,79.66,fuel,0,0,4,11,679.1,0
468,12.83,travel,1,1,7,13,336.8,0
16941,141.26,fuel,0,0,14,14,30.5,0
1722,56.99,online_retail,0,0,11,13,303.9,0
6149,112.33,entertainment,1,0,15,10,806.7,0
9655,52.12,travel,0,0,5,13,650.6,0
6816,235.13,fuel,0,1,1,18,913.9,0
3602,18.82,grocery,0,0,11,10,38.5,0
1990,68.35,entertainment,0,0,9,13,65.7,0
351,136.12,pharmacy,0,1,9,7,347.8,0
9346,99.99,online_retail,0,0,17,14,718.7,0
16692,158.93,dining,0,0,10,12,454.0,0
2863,187.81,utilities,0,0,14,19,77.6,0
16209,129.38,fuel,0,0,9,12,271.8,0
15050,152.26,entertainment,0,1,22,11,109.3,0
16178,181.98,fuel,0,0,18,14,686.5,0
6964,103.76,jewelry,0,0,6,23,244.1,0
6813,95.57,dining,1,0,3,11,84.2,1
18625,201.8,jewelry,0,0,7,14,1072.4,0
12959,70.99,electronics,1,0,18,21,16.5,0
17501,111.45,utilities,0,0,20,11,61.9,0
8495,151.96,entertainment,0,0,20,17,205.7,0
17552,92.57,electronics,0,0,21,6,90.3,0
19058,206.94,pharmacy,0,0,12,14,235.7,0
7886,119.41,travel,0,1,17,14,434.8,0
5912,122.29,fuel,0,0,18,9,4.0,0
7106,156.04,grocery,1,0,20,14,39.9,0
5234,117.01,entertainment,0,0,17,14,83.5,0
17301,232.27,online_retail,0,0,13,14,3.2,0
15279,114.59,entertainment,0,0,12,19,274.9,0
6473,178.84,entertainment,0,0,9,13,315.1,0
12504,60.32,online_retail,0,0,19,19,40.4,1
3932,33.69,dining,0,1,8,13,176.4,0
5231,112.98,pharmacy,0,1,22,13,336.2,0
19916,68.89,utilities,0,0,9,6,2279.0,0
4514,80.14,electronics,0,0,17,14,827.4,0
16959,182.01,entertainment,0,1,10,17,41.0,0
14336,114.12,grocery,0,0,14,13,112.7,0
19329,114.37,dining,0,0,20,11,293.5,1
4764,63.1,grocery,0,0,8,14,670.0,0
10246,223.05,utilities,0,0,21,9,196.3,0
8746,204.08,grocery,1,1,18,14,95.5,0
5134,88.86,online_retail,0,0,17,11,114.7,0
12168,65.75,entertainment,0,0,9,11,110.2,0
19808,80.97,travel,0,0,14,20,91.4,0
6541,52.19,dining,0,0,7,18,185.0,0
17004,46.84,utilities,0,0,14,17,52.2,0
13481,162.57,travel,0,0,13,14,565.6,0
17796,24.63,dining,1,0,21,13,293.2,0
6065,73.44,electronics,0,1,9,24,97.3,0
9607,182.84,dining,0,0,17,13,1045.4,0
1399,31.82,online_retail,0,0,11,17,40.0,0
12103,188.84,travel,0,0,10,12,183.4,0
17448,60.55,online_retail,0,0,10,16,32.4,0
3328,305.84,dining,1,1,14,16,400.1,0
8962,44.9,electronics,0,0,13,19,564.4,0
6994,185.98,travel,0,0,21,20,609.3,0
11509,32.9,jewelry,0,0,0,15,43.0,0
15531,422.09,pharmacy,1,1,3,5,18.4,1
2826,89.9,jewelry,1,0,21,12,172.7,0
13948,119.08,travel,0,0,6,16,213.7,0
14414,173.44,dining,0,0,7,15,336.8,0
15491,77.08,utilities,0,0,6,18,1603.4,0
19201,144.9,jewelry,0,0,19,14,404.7,0
14599,133.66,entertainment,0,0,20,15,1648.5,0
11078,168.71,jewelry,0,0,20,13,243.8,1
3700,39.94,grocery,0,0,22,10,0.7,0
19197,15.87,online_retail,0,0,0,10,227.6,0
13263,101.82,utilities,0,0,19,8,485.4,0
8354,125.66,online_retail,0,1,21,18,666.4,0
4310,42.99,grocery,0,0,20,9,922.7,0
17410,138.81,jewelry,0,0,12,16,247.9,0
3809,69.68,travel,0,0,21,12,11.5,0
17342,18.97,electronics,0,0,12,19,30.1,0
5096,70.67,grocery,0,0,16,12,588.2,0
6291,121.15,entertainment,0,0,14,19,678.6,0
3107,276.05,entertainment,0,1,17,14,161.9,1
4665,57.31,travel,0,0,15,18,73.8,0
15186,81.7,online_retail,0,0,19,24,783.0,0
15691,99.1,entertainment,0,0,20,7,639.3,0
6926,133.17,grocery,0,1,18,17,1456.8,0
10171,61.9,utilities,0,0,22,10,81.5,0
9955,84.21,electronics,1,0,21,17,1081.8,0
9883,48.04,jewelry,0,0,15,12,127.5,0
3468,202.35,entertainment,0,0,6,12,61.9,0
12971,59.76,entertainment,1,0,19,9,37.5,0
13170,41.23,fuel,1,0,19,9,18.7,0
6089,64.02,travel,0,0,10,13,1555.5,0
4541,106.91,grocery,0,0,12,20,39.8,0
17506,122.0,dining,0,0,13,10,55.5,0
14559,88.31,pharmacy,0,0,19,17,171.1,0
10789,211.85,electronics,0,0,3,6,111.5,0
8241,112.59,online_retail,0,1,10,15,219.8,0
13613,188.68,pharmacy,1,0,18,12,429.6,0
17493,89.65,pharmacy,0,0,19,14,305.6,0
4052,46.97,travel,0,1,6,15,1066.6,0
3972,275.92,grocery,0,0,21,13,327.5,0
16393,58.54,entertainment,0,0,4,15,21.6,0
13900,357.88,grocery,0,0,4,4,52.3,1
12691,47.73,pharmacy,0,0,16,17,257.2,0
6254,75.71,grocery,0,0,8,12,558.0,0
15867,146.44,electronics,0,0,13,18,13.6,0
18314,126.58,pharmacy,0,0,14,15,96.8,0
14185,347.06,fuel,0,0,19,13,799.8,0
17918,124.31,electronics,1,1,7,16,1449.9,0
13704,75.74,online_retail,0,0,10,11,102.1,0
4096,271.43,electronics,1,0,0,15,15.4,1
17228,60.31,online_retail,0,0,4,10,183.2,0
1795,64.73,electronics,0,0,18,12,318.9,0
8186,56.5,online_retail,0,0,12,11,2123.9,1
4865,110.56,grocery,0,0,21,13,262.0,0
4662,91.37,grocery,1,0,14,12,303.3,0
3243,150.11,dining,0,0,14,9,475.5,0
10765,79.64,fuel,0,0,16,13,227.7,0
4939,75.75,pharmacy,0,0,15,16,668.4,0
1003,187.96,jewelry,0,0,8,16,89.7,1
7337,76.94,utilities,0,0,10,20,198.3,0
14526,268.95,jewelry,0,0,9,15,113.7,0
6448,160.89,dining,0,0,9,16,2723.6,0
6588,47.77,fuel,0,0,4,12,245.3,0
8405,88.16,travel,0,0,9,19,79.4,0
16414,138.58,pharmacy,0,0,17,14,56.4,0
16548,171.14,dining,0,0,20,22,108.0,0
19405,59.87,dining,0,0,22,12,111.6,0
4501,144.52,electronics,0,0,12,15,1041.6,0
14085,269.95,jewelry,0,0,18,19,244.2,0
17211,235.24,utilities,1,0,8,11,28.4,0
12316,456.77,electronics,1,0,2,3,76.5,1
10290,69.56,fuel,0,0,4,11,324.0,0
1127,14.25,fuel,0,0,3,17,62.7,0
10052,28.48,pharmacy,0,0,11,16,1032.0,0
6480,83.38,grocery,0,0,17,21,503.4,0
14191,96.52,fuel,0,1,7,13,374.0,0
19754,45.69,jewelry,1,1,16,12,32.9,0
5823,55.39,grocery,0,1,14,13,173.4,0
5544,25.24,grocery,0,0,7,8,413.9,0
9040,85.25,grocery,1,0,6,20,1652.8,0
13583,195.55,dining,0,0,6,14,49.4,0
14377,167.22,pharmacy,0,0,22,17,39.0,0
7042,140.67,entertainment,0,0,20,14,983.4,0
7780,102.57,grocery,1,0,10,19,613.5,0
2248,147.4,travel,0,0,15,12,52.2,0
16271,40.23,utilities,0,0,21,9,187.8,0
10418,144.0,travel,0,0,16,14,188.0,0
3309,126.3,pharmacy,0,1,0,19,34.0,0
11156,106.27,electronics,0,0,16,11,94.7,0
9864,48.31,electronics,0,0,22,14,273.9,0
3609,204.58,fuel,1,1,0,7,44.3,1
6427,28.88,dining,0,0,22,12,715.9,0
15571,40.69,grocery,0,1,22,19,82.7,0
16135,55.69,grocery,0,0,9,11,165.1,0
6443,129.04,grocery,0,0,11,14,934.7,0
7661,51.16,jewelry,0,0,11,14,1581.5,0
204,68.98,online_retail,0,0,15,16,126.1,0
11085,124.91,pharmacy,0,0,21,13,295.9,0
14980,114.03,pharmacy,0,0,10,15,52.1,0
10038,224.35,entertainment,0,0,19,9,363.8,0
16079,96.08,jewelry,0,0,12,7,66.6,0
11358,35.86,dining,0,0,16,16,36.3,0
8511,124.41,online_retail,0,0,16,7,647.9,0
12948,74.76,jewelry,0,0,21,8,64.7,1
605,238.94,electronics,0,0,14,7,441.4,0
8105,134.77,utilities,1,0,10,19,92.9,0
13140,288.09,electronics,1,1,0,17,277.3,0
8927,94.3,online_retail,0,0,20,12,63.7,0
13595,22.83,grocery,0,0,17,13,393.3,0
16124,100.13,grocery,0,0,13,16,118.9,0
5776,97.29,grocery,0,0,11,11,38.7,0
2330,11.8,online_retail,0,0,17,11,62.1,0
683,417.68,travel,1,0,4,7,48.8,0
13475,56.93,jewelry,0,1,8,8,579.6,0
14177,148.78,pharmacy,0,0,8,15,541.2,0
629,254.72,dining,0,0,15,15,1690.2,0
7713,81.26,grocery,0,0,18,12,42.6,0
11573,88.78,online_retail,0,0,6,15,166.6,0
13848,39.37,fuel,0,0,13,19,138.2,0
3472,124.39,online_retail,0,1,11,10,86.4,0
15060,196.75,jewelry,0,0,6,14,389.4,0
3277,38.72,fuel,0,1,11,15,122.6,0
10354,168.43,fuel,1,0,15,12,982.7,0
3505,62.85,pharmacy,0,1,21,14,15.7,0
3962,102.92,utilities,0,0,21,11,35.7,0
16422,59.49,entertainment,0,1,9,18,195.0,0
18390,127.38,online_retail,1,0,17,22,253.0,0
8191,84.97,electronics,0,1,15,15,94.1,0
18083,166.71,online_retail,0,0,4,12,350.1,0
4133,60.31,fuel,0,0,17,16,580.5,0
8097,117.58,grocery,0,1,6,14,498.0,0
855,286.92,utilities,1,0,20,12,100.1,0
518,17.5,electronics,0,0,16,12,216.5,0
1977,148.84,travel,0,1,12,13,833.4,0
4268,95.22,online_retail,0,0,8,16,99.2,0
3255,254.54,pharmacy,0,0,10,14,195.6,0
8799,56.39,dining,0,0,20,10,101.0,0
15843,93.17,electronics,0,0,7,15,101.7,0
17633,50.15,utilities,0,0,16,12,61.5,0
1989,42.97,electronics,0,0,9,8,55.3,0
17496,156.84,travel,0,1,13,16,60.2,0
6840,72.05,jewelry,0,0,2,12,476.4,0
1516,117.14,utilities,0,0,21,21,964.4,0
12740,61.27,online_retail,0,0,15,10,418.9,0
5473,81.22,dining,0,0,15,10,611.4,0
9977,294.23,dining,1,1,19,16,1081.7,0
6868,25.62,electronics,0,0,10,16,378.3,0
1496,41.44,pharmacy,0,0,12,13,106.1,1
17718,178.73,grocery,0,0,19,9,143.9,0
9469,70.02,grocery,1,0,8,16,0.4,0
2338,125.01,dining,0,0,4,19,216.6,0
11568,51.03,pharmacy,0,0,10,13,417.9,0
16,203.29,online_retail,0,0,18,13,301.2,0
7683,126.53,pharmacy,0,0,17,18,434.6,0
14770,67.53,utilities,0,0,13,8,1102.5,0
13575,40.43,entertainment,0,1,10,18,192.7,0
18295,186.2,grocery,0,0,16,12,225.6,0
15049,124.53,online_retail,0,0,7,25,373.5,0
11562,155.67,online_retail,0,0,15,14,41.9,0
932,131.96,online_retail,1,1,4,6,27.4,0
12144,54.51,dining,0,0,17,19,103.4,0
11853,104.56,grocery,0,0,15,10,462.4,0
11051,131.81,jewelry,1,0,2,15,206.4,0
8274,230.51,grocery,0,1,13,17,41.7,0
5983,104.83,grocery,0,0,21,14,93.3,0
9672,171.66,pharmacy,0,1,9,15,151.6,0
13562,229.89,entertainment,0,0,16,9,199.7,0
10698,225.0,jewelry,0,0,8,20,553.9,0
5622,125.44,online_retail,0,0,13,12,476.6,0
4367,63.79,jewelry,1,0,22,14,501.6,0
14491,52.67,entertainment,0,0,9,18,171.2,0
4333,93.49,travel,0,0,16,10,65.4,0
59,159.67,electronics,0,0,9,12,170.1,0
19645,238.81,dining,0,0,14,15,1641.1,0
4947,96.05,online_retail,0,1,2,12,714.8,1
19016,182.96,online_retail,0,0,11,20,492.4,0
12550,87.99,utilities,0,0,8,12,91.7,0
11100,61.71,utilities,0,1,1,19,11.1,0
400,93.62,utilities,0,0,19,17,549.1,0
4800,122.99,jewelry,0,0,14,17,551.1,0
2370,81.83,grocery,0,0,12,15,189.5,0
7294,63.1,grocery,0,0,15,14,66.1,0
13936,15.11,electronics,0,0,12,18,47.5,0
5768,60.97,online_retail,0,0,8,11,127.2,0
465,85.16,pharmacy,0,0,16,17,19.4,0
18849,131.28,utilities,0,0,12,23,545.7,0
5273,43.17,fuel,0,0,6,18,5.8,0
19624,30.53,pharmacy,0,0,3,18,1319.6,0
17028,74.02,online_retail,1,0,17,11,94.0,0
10593,130.05,utilities,0,0,8,17,237.2,0
10132,117.9,travel,0,0,11,15,115.9,0
18641,129.1,grocery,0,0,0,12,49.7,0
3686,22.34,electronics,0,0,19,16,213.0,0
18907,119.21,utilities,0,0,22,13,162.2,0
9966,116.64,electronics,0,1,17,10,537.1,0
231,22.39,electronics,0,0,22,12,1050.0,0
5178,72.35,travel,1,0,15,12,193.3,0
7923,218.02,entertainment,0,0,16,18,135.0,0
17962,178.03,grocery,0,0,19,16,122.0,0
14571,162.11,grocery,0,0,22,17,2.3,0
9465,176.15,online_retail,0,0,18,12,24.2,0
18701,109.49,entertainment,0,0,22,19,303.1,0
17094,75.56,dining,0,0,14,18,162.2,0
2639,37.93,dining,0,1,8,10,273.3,0
8111,63.79,jewelry,0,0,20,23,222.1,0
17906,143.75,jewelry,0,0,21,14,187.2,0
19301,43.34,electronics,1,0,18,11,343.0,0
2996,100.69,entertainment,0,0,22,13,0.7,0
11842,85.9,pharmacy,0,0,17,12,246.0,0
11255,86.25,electronics,0,0,22,13,620.6,0
5425,169.26,grocery,0,1,10,13,221.8,0
12718,84.73,dining,0,0,18,19,113.7,0
8887,172.9,dining,0,0,18,16,28.5,0
8987,197.48,utilities,0,0,20,9,217.4,0
11642,200.23,utilities,0,0,16,15,303.6,0
16741,111.38,entertainment,0,0,16,11,170.1,0
8728,83.41,dining,1,0,19,18,199.4,0
2146,36.25,online_retail,0,0,22,14,87.9,0
16543,58.89,jewelry,0,0,12,13,740.6,0
14158,67.49,dining,0,0,19,10,886.8,0
17667,287.99,jewelry,0,0,20,17,749.9,0
1027,191.36,fuel,0,1,15,10,202.5,0
1462,101.96,jewelry,0,1,16,8,283.7,0
8697,93.07,travel,0,0,7,13,250.7,0
479,70.85,pharmacy,0,0,8,8,134.6,0
18138,75.42,online_retail,0,0,3,14,362.6,0
19057,519.66,dining,0,0,2,17,1056.1,0
16028,37.48,grocery,0,0,12,14,414.8,0
12294,235.21,pharmacy,1,0,11,17,817.5,0
12745,175.07,travel,0,1,5,21,251.2,0
18460,101.72,entertainment,0,0,9,11,110.7,0
2773,25.11,pharmacy,0,0,7,12,1089.1,1
10385,116.68,pharmacy,0,0,4,15,1525.6,0
11948,232.81,online_retail,0,0,12,14,677.5,0
10163,102.61,fuel,0,1,9,16,135.2,0
15693,35.42,grocery,0,0,21,15,393.3,0
11225,70.11,utilities,0,1,17,11,161.1,0
18117,111.42,fuel,0,0,13,12,427.7,0
5039,341.42,dining,0,1,17,11,268.8,0
3346,122.91,electronics,0,0,11,15,1242.0,0
5013,244.07,utilities,0,0,13,13,49.6,0
19289,153.53,fuel,0,0,15,12,132.9,0
9467,35.55,travel,0,0,6,18,371.4,0
13280,46.3,fuel,0,1,14,15,32.2,0
14738,64.43,jewelry,0,0,14,13,891.0,0
10984,23.26,utilities,0,0,4,23,621.3,0
18694,49.04,dining,0,0,15,12,774.8,0
4057,45.28,dining,0,0,18,14,252.6,0
8727,108.4,electronics,1,0,19,12,335.1,0
573,29.35,electronics,1,0,3,18,151.6,0
12596,72.8,jewelry,0,0,9,9,221.8,0
15561,107.63,jewelry,0,1,12,13,552.0,0
9307,255.06,online_retail,0,0,3,17,190.9,0
910,78.88,entertainment,0,0,22,15,705.8,0
4296,190.85,grocery,0,1,9,8,38.3,0
18877,198.42,dining,0,1,21,17,157.0,0
8019,239.26,jewelry,0,0,13,14,189.4,0
14105,31.79,online_retail,0,1,22,20,18.1,0
16976,133.06,pharmacy,0,0,2,16,269.4,0
4827,58.52,grocery,0,0,22,14,60.0,0
9641,51.78,entertainment,0,0,13,14,48.7,0
2020,166.48,pharmacy,0,0,2,7,90.4,1
9269,131.88,fuel,0,0,8,7,412.4,0
8920,87.44,travel,1,0,22,14,238.8,0
10782,103.62,travel,0,1,21,15,371.3,0
6803,83.54,dining,0,0,16,14,439.1,0
3435,260.14,utilities,0,0,15,10,30.7,0
9334,100.54,grocery,1,0,16,12,115.7,0
17412,143.11,grocery,0,0,21,17,1366.3,0
1436,178.43,utilities,0,1,15,14,261.8,0
14262,142.75,utilities,0,0,14,11,202.0,0
889,98.21,jewelry,0,1,17,14,4.6,1
12165,224.81,travel,1,0,3,16,389.1,0
13783,155.24,fuel,0,0,19,7,341.1,0
6324,170.63,entertainment,1,0,16,14,33.0,0
778,269.23,travel,1,0,12,22,136.6,0
8048,99.54,entertainment,0,0,17,11,179.3,0
16763,149.93,grocery,0,0,10,9,312.7,0
13071,242.24,entertainment,0,0,16,13,95.7,0
5780,157.95,travel,0,0,7,18,257.5,0
13571,134.96,travel,0,0,20,15,24.9,0
4352,191.78,jewelry,0,0,14,16,192.8,0
739,78.71,utilities,0,0,17,13,824.7,0
3580,145.88,jewelry,0,0,7,15,12.2,0
5237,71.06,grocery,1,0,15,16,71.6,0
11826,68.65,grocery,0,0,12,14,174.8,0
13604,34.35,dining,0,0,18,21,63.1,0
10438,38.67,travel,0,0,2,18,55.3,0
4329,118.24,travel,0,0,2,20,555.5,0
6867,248.86,fuel,0,0,7,13,485.4,0
14181,50.46,utilities,1,0,21,13,22.2,0
10861,63.89,grocery,0,1,4,13,551.7,0
13305,44.66,grocery,0,0,21,13,110.0,0
15199,287.57,grocery,0,1,6,14,231.1,0
14759,163.35,utilities,0,0,21,10,30.9,0
13435,42.39,online_retail,1,0,10,14,950.1,0
5422,57.93,pharmacy,0,1,7,23,14.9,0
4660,94.86,electronics,1,0,18,17,168.3,0
9703,352.71,dining,0,1,12,13,354.9,0
4687,109.53,travel,0,0,20,9,817.3,0
8542,111.94,utilities,0,0,16,8,158.0,0
5415,82.32,online_retail,0,0,10,18,36.0,0
14544,150.55,entertainment,1,0,21,17,305.3,0
1038,79.81,electronics,1,0,8,10,1097.4,0
11803,59.15,jewelry,0,0,6,17,80.5,1
816,68.12,online_retail,0,0,9,18,53.4,0
18207,63.24,pharmacy,0,0,6,12,51.5,0
14347,213.99,fuel,0,1,0,4,12.1,1
12117,122.69,electronics,0,0,15,12,419.2,0
865,60.32,electronics,0,0,22,8,69.1,0
1320,247.03,pharmacy,1,0,10,21,43.2,0
16254,35.53,grocery,0,0,11,10,168.3,0
18924,137.85,jewelry,0,0,15,20,97.8,0
19308,69.77,fuel,0,1,18,18,453.2,0
1765,56.47,utilities,0,0,22,6,70.6,0
15963,202.5,dining,1,0,21,11,600.2,0
9067,55.79,online_retail,1,0,10,11,310.8,0
19346,66.7,fuel,0,0,22,9,16.4,0
17871,75.44,entertainment,0,0,21,19,287.7,0
6186,169.37,grocery,0,0,10,19,28.0,0
7396,251.61,fuel,0,0,15,15,199.8,0
11120,49.48,utilities,0,0,8,15,106.9,0
7037,30.76,fuel,0,0,14,15,138.9,0
19330,141.6,electronics,0,0,13,14,423.0,0
4447,73.49,jewelry,0,0,6,11,554.8,0
8155,51.97,travel,0,0,21,16,433.0,0
18799,61.31,entertainment,0,0,1,12,79.2,0
12451,57.09,jewelry,0,1,5,14,63.6,0
3660,100.1,fuel,0,0,8,5,313.2,0
1639,432.14,electronics,0,0,14,15,435.9,0
18847,157.61,fuel,0,0,8,13,581.5,0
9305,210.86,fuel,0,0,6,20,473.2,0
9881,199.74,electronics,0,0,16,14,602.2,0
2481,56.29,travel,0,0,12,12,199.6,0
11275,76.04,travel,0,0,16,15,20.0,0
7011,73.36,electronics,0,0,0,14,199.1,0
16101,65.4,pharmacy,0,0,22,14,159.3,0
3671,169.72,utilities,1,0,11,7,12.8,0
1176,108.57,entertainment,0,0,14,15,160.4,0
7786,68.36,jewelry,0,0,7,15,650.2,0
14332,150.61,fuel,0,0,6,17,867.6,0
5644,131.86,electronics,0,0,9,12,64.3,0
12377,54.87,entertainment,0,0,9,15,187.2,0
11903,11.02,dining,1,1,17,13,4.4,0
741,98.38,fuel,0,0,19,14,65.1,0
11720,60.29,entertainment,1,1,17,11,510.6,0
11998,194.62,entertainment,1,0,4,6,25.9,1
656,207.98,online_retail,0,0,0,8,4.2,1
8636,58.2,online_retail,0,0,22,12,467.4,0
7249,66.04,electronics,0,0,19,12,1023.6,0
15153,144.75,pharmacy,0,0,17,15,89.3,0
10419,26.81,travel,0,0,17,18,31.9,0
1961,114.02,grocery,0,0,7,13,408.2,0
13772,15.56,fuel,0,0,16,11,113.7,0
8141,126.12,dining,0,1,13,9,34.2,0
7792,91.69,pharmacy,0,0,11,22,89.8,0
4061,85.82,fuel,0,0,17,9,86.3,0
11336,53.88,pharmacy,0,1,8,14,987.3,0
8355,78.35,online_retail,0,0,17,12,663.3,0
16462,120.47,dining,1,0,1,12,808.4,0
14455,168.17,fuel,0,1,10,18,721.9,0
4144,266.82,pharmacy,0,0,17,8,158.9,0
523,75.75,grocery,0,0,14,11,173.8,0
5747,239.13,travel,0,1,9,14,313.7,0
35,123.21,jewelry,0,1,19,12,319.0,0
7596,196.31,jewelry,0,0,5,14,136.3,0
18459,278.67,dining,0,0,22,8,113.1,0
13387,117.77,grocery,1,0,15,16,38.2,0
9056,62.29,jewelry,0,0,3,10,200.2,0
16215,116.73,utilities,1,0,15,10,74.3,0
6765,38.38,grocery,0,0,8,21,532.6,0
19260,225.66,entertainment,0,0,5,13,786.6,0
15409,45.5,entertainment,0,0,8,13,499.1,0
13029,151.99,travel,0,0,14,18,242.7,0
3903,62.39,dining,0,1,17,17,868.5,0
10992,79.34,electronics,0,0,16,13,234.3,0
1035,188.4,pharmacy,0,0,15,22,1010.3,0
10103,86.48,entertainment,0,0,20,13,1263.4,0
9176,64.7,online_retail,0,0,7,10,547.4,0
18474,79.89,entertainment,1,0,19,10,53.0,0
482,75.88,fuel,0,0,13,23,9.1,0
12674,52.64,entertainment,1,1,3,11,116.6,0
12641,57.37,entertainment,1,0,12,14,339.8,0
4190,30.07,pharmacy,0,0,15,13,885.8,0
815,35.13,online_retail,1,0,22,9,188.0,0
9869,43.0,pharmacy,0,0,11,10,779.3,0
7905,160.36,utilities,0,0,5,16,442.5,0
12616,23.35,electronics,0,1,8,13,470.3,0
17252,84.31,dining,1,0,22,14,42.3,0
10792,219.28,travel,0,0,12,16,144.8,0
8331,151.58,utilities,0,0,10,16,124.8,0
5689,116.87,electronics,0,0,22,7,82.6,0
17263,92.67,utilities,0,0,19,17,87.1,0
1996,120.64,grocery,0,0,8,15,186.6,0
8827,121.48,dining,0,0,16,11,440.2,0
17345,15.42,dining,0,0,10,14,1115.2,0
6373,92.78,electronics,1,0,7,14,437.4,0
17132,69.59,entertainment,0,0,16,18,460.7,0
15539,46.7,jewelry,1,0,19,9,161.6,0
17023,116.11,grocery,0,0,22,16,452.3,0
14006,153.06,pharmacy,0,0,13,15,111.2,0
15527,88.35,online_retail,0,0,20,20,417.7,0
9295,114.52,electronics,0,0,21,12,727.7,0
3396,137.46,grocery,0,0,13,16,141.3,0
5368,128.39,electronics,0,0,6,12,134.1,0
16750,117.91,entertainment,0,0,10,14,905.7,0
14910,218.97,utilities,0,1,18,10,446.7,0
1855,164.33,dining,0,0,15,16,49.9,0
16855,360.93,utilities,0,1,14,10,39.2,1
570,59.35,online_retail,0,0,18,16,435.5,0
8830,29.07,dining,0,0,9,13,92.6,0
17827,94.37,grocery,1,0,2,11,266.7,0
18392,96.11,travel,0,0,22,23,294.1,0
15490,132.57,entertainment,0,0,15,11,1250.0,0
17441,112.29,entertainment,0,0,16,6,591.2,0
6349,201.92,pharmacy,0,0,19,15,228.1,0
11966,93.35,jewelry,0,0,12,18,76.6,0
4183,136.52,electronics,0,0,18,18,110.4,0
10607,134.12,entertainment,0,0,19,15,553.9,0
3860,61.53,online_retail,0,0,19,12,145.0,0
16369,73.59,travel,0,0,22,12,613.3,0
17569,94.09,travel,0,0,2,18,28.0,0
13681,97.97,dining,0,0,16,10,503.8,0
5996,164.78,electronics,0,0,7,13,217.1,0
4155,161.96,online_retail,0,0,6,20,247.8,0
15721,89.27,utilities,0,0,5,12,586.4,0
3032,66.37,electronics,0,0,17,13,641.0,0
19125,107.25,dining,1,0,2,8,712.0,0
9979,203.24,dining,0,0,17,16,300.9,0
17965,140.19,online_retail,0,0,19,14,18.8,0
5933,91.53,grocery,0,0,20,18,86.0,0
6767,4.85,utilities,0,0,6,16,42.5,0
15193,130.92,electronics,1,0,11,9,201.4,0
31,93.38,travel,0,0,8,19,155.0,0
11054,178.33,grocery,0,0,9,10,117.6,0
19661,72.69,utilities,0,1,8,17,69.7,0
11187,576.87,travel,0,0,11,17,299.7,0
3557,87.11,electronics,1,1,17,21,36.6,0
5318,112.81,entertainment,0,0,8,19,393.6,0
10373,44.38,electronics,0,0,12,22,9.8,0
17987,99.14,pharmacy,0,0,11,16,29.4,0
7935,89.72,utilities,0,1,12,12,1004.2,0
7893,145.78,online_retail,0,0,21,18,140.7,0
12298,63.49,grocery,0,0,12,22,19.9,0
8327,125.15,travel,0,0,22,14,500.8,0
2934,211.74,entertainment,0,0,15,10,242.2,0
4356,39.65,online_retail,0,1,18,17,212.3,0
4602,100.11,fuel,0,0,10,14,221.9,0
16891,461.34,electronics,1,1,5,5,8.2,1
18961,152.68,jewelry,0,0,12,12,73.7,0
5777,27.23,pharmacy,0,1,18,13,681.7,0
11451,31.92,utilities,0,0,17,11,49.3,0
6419,131.31,entertainment,0,0,4,10,239.1,0
17603,91.57,travel,1,0,22,11,282.5,0
7978,73.13,grocery,0,1,10,15,462.5,0
15604,63.55,travel,0,1,11,7,132.4,0
11479,47.91,online_retail,0,0,12,18,251.9,0
536,131.5,travel,0,0,4,14,34.9,0
334,51.2,dining,0,1,7,12,7.9,0
9907,31.03,pharmacy,0,0,15,11,284.2,0
8416,264.23,fuel,0,0,12,8,303.6,0
4257,37.97,entertainment,0,0,13,13,387.3,0
18898,196.61,fuel,0,0,19,13,637.8,0
13468,37.58,electronics,0,0,8,10,761.0,0
4899,136.2,entertainment,1,0,21,13,271.6,0
15710,40.71,pharmacy,0,1,15,9,468.1,0
16610,104.65,pharmacy,0,0,21,16,243.6,0
1881,228.49,utilities,0,0,15,15,348.0,0
12553,140.33,grocery,0,1,7,3,71.6,1
19390,111.54,pharmacy,0,0,9,12,41.8,0
2247,185.23,pharmacy,0,0,8,17,25.0,0
19719,87.92,pharmacy,0,0,12,15,169.6,0
11141,133.87,utilities,0,0,3,12,101.3,0
9997,135.01,online_retail,0,0,21,17,88.2,1
14099,60.22,grocery,0,0,12,21,799.9,0
299,122.18,dining,1,0,14,14,236.3,0
17487,28.16,dining,0,1,16,15,862.3,0
1126,267.94,electronics,0,1,14,14,303.3,0
3936,76.96,jewelry,0,1,17,23,374.1,0
2552,61.71,travel,0,1,14,16,226.1,0
10266,125.6,utilities,0,0,8,9,116.2,0
11632,160.68,utilities,0,0,7,14,25.1,0
4001,148.7,grocery,0,0,13,12,90.3,0
12992,98.6,pharmacy,0,0,1,12,147.3,0
12940,351.54,grocery,1,1,2,7,104.2,1
19639,169.25,grocery,0,1,3,7,49.6,1
18285,135.43,travel,0,0,22,14,429.6,0
275,25.97,grocery,0,1,12,11,265.1,0
19149,230.21,fuel,1,0,6,20,112.9,0
19755,111.54,entertainment,0,0,21,15,241.1,0
13597,283.97,dining,0,0,20,10,1144.3,0
12956,118.54,grocery,0,0,18,9,337.3,0
17148,286.46,jewelry,1,1,1,6,24.9,1
12655,184.57,jewelry,0,0,0,12,153.7,0
6612,109.85,electronics,0,0,16,14,4.3,0
19032,194.98,grocery,0,0,12,22,929.0,0
7175,94.23,entertainment,0,0,6,9,159.6,0
6388,125.44,online_retail,0,0,22,12,259.4,0
16526,139.66,pharmacy,0,0,12,20,323.1,0
8996,69.18,dining,0,0,8,18,66.2,0
13795,98.63,travel,0,0,2,4,277.9,0
5852,205.92,pharmacy,0,1,21,10,18.2,0
1649,42.53,entertainment,0,0,17,15,315.7,0
6019,86.95,travel,1,0,7,7,306.1,0
1313,82.61,entertainment,0,0,9,18,304.0,0
4573,32.08,jewelry,0,1,5,19,2.0,0
3682,98.49,utilities,0,0,17,14,342.8,0
6165,181.76,pharmacy,0,0,19,16,423.8,0
11549,61.73,electronics,1,0,5,14,445.7,0
17616,140.24,online_retail,1,0,21,13,61.6,0
4182,154.35,electronics,0,0,14,14,25.5,0
11366,78.75,grocery,0,0,17,9,303.9,0
16823,185.49,travel,0,0,14,23,50.9,0
12606,50.14,travel,0,0,19,12,690.0,0
2186,81.56,pharmacy,0,0,21,15,455.0,0
4532,98.86,dining,0,0,16,16,56.5,0
6102,312.29,jewelry,1,0,20,12,348.3,0
18911,128.51,online_retail,0,0,18,13,664.8,0
4604,58.45,jewelry,0,0,13,11,1015.1,0
1822,475.76,jewelry,0,0,3,8,4.9,1
11652,130.66,entertainment,0,0,13,21,49.4,0
14127,232.92,online_retail,0,1,3,8,71.8,1
5660,103.72,electronics,0,0,17,17,883.9,0
10874,154.98,electronics,0,1,10,18,8.1,0
7793,192.42,online_retail,0,1,14,12,160.6,0
2515,137.51,fuel,0,0,16,19,67.1,0
16733,253.55,dining,0,0,7,18,140.0,0
12690,112.16,dining,0,0,14,9,99.7,0
10687,130.87,travel,0,0,18,15,117.9,1
4975,231.7,online_retail,0,0,19,17,975.0,0
17075,29.07,dining,0,0,22,11,495.1,0
7843,59.95,grocery,0,0,16,18,965.2,0
15851,65.66,online_retail,0,0,13,10,680.1,0
11874,184.88,entertainment,0,0,20,17,137.6,0
16977,189.44,grocery,0,0,13,15,492.8,0
6680,72.27,fuel,0,0,20,16,255.2,0
5748,45.98,jewelry,0,0,18,13,142.4,0
15993,112.23,grocery,0,1,8,13,1181.1,0
10684,133.19,fuel,0,0,7,14,808.0,0
6156,39.7,travel,0,0,1,20,130.0,0
19980,101.74,online_retail,0,0,12,2,112.6,0
8597,149.38,utilities,1,0,4,10,419.9,0
7861,51.75,entertainment,1,0,16,8,318.0,0
8363,303.48,travel,0,0,14,11,1458.4,0
2415,61.65,pharmacy,0,0,8,15,794.6,0
8059,75.36,electronics,0,0,15,17,493.8,0
16015,209.58,fuel,0,1,19,16,157.9,0
12829,233.29,grocery,0,0,0,14,104.8,0
16817,176.67,electronics,0,0,19,15,680.5,0
13448,116.77,dining,0,0,10,15,158.5,0
10774,250.68,travel,0,0,14,18,152.1,0
16118,103.39,grocery,0,1,18,13,941.7,0
14138,72.96,dining,0,0,8,15,114.9,0
5080,322.69,jewelry,0,0,2,17,591.5,0
5865,117.8,utilities,1,0,17,11,94.5,0
15022,113.9,travel,0,0,22,12,284.5,0
9844,54.41,jewelry,0,0,10,15,460.8,0
6678,20.1,jewelry,1,0,22,11,375.3,0
19365,150.99,jewelry,0,0,2,11,426.9,0
17613,90.43,utilities,0,0,18,15,818.8,0
3153,144.89,online_retail,0,0,11,16,200.5,0
16578,144.05,pharmacy,0,0,15,17,30.8,0
17031,134.24,grocery,0,1,17,13,804.1,0
17722,127.51,entertainment,0,0,10,14,543.0,0
1448,104.09,jewelry,0,0,9,10,385.4,0
3094,45.07,grocery,0,1,8,12,104.9,0
19212,11.96,dining,0,1,12,16,1636.7,0
1971,76.8,dining,0,0,4,15,106.3,0
16712,55.97,utilities,0,0,19,11,282.1,0
8622,94.18,grocery,1,0,13,19,369.8,0
7252,116.5,fuel,0,0,17,11,475.7,0
12908,181.55,utilities,0,0,9,13,818.9,0
5321,47.67,utilities,0,1,10,14,818.0,0
2065,105.87,pharmacy,0,0,14,24,269.4,0
12435,230.04,grocery,1,0,7,12,54.2,0
3433,153.84,dining,0,0,19,21,579.4,0
3604,88.98,online_retail,0,0,14,12,57.7,0
1425,173.87,grocery,0,0,5,14,241.0,0
5010,180.0,fuel,0,0,18,14,275.7,0
5715,168.98,online_retail,1,0,10,14,72.9,0
7835,136.95,dining,0,1,5,16,1081.9,0
7469,37.02,jewelry,0,0,5,17,240.8,0
12647,32.82,online_retail,0,0,19,10,1195.6,0
17348,70.93,online_retail,0,0,9,15,19.3,0
6607,164.74,utilities,1,0,13,19,464.2,0
15451,102.69,utilities,0,0,15,16,407.0,0
3235,186.62,travel,0,0,11,11,45.5,0
2612,57.99,fuel,0,0,11,12,1109.6,0
6486,155.02,online_retail,0,0,18,17,460.7,0
14263,61.09,fuel,0,0,21,14,444.8,0
8677,116.51,grocery,0,0,9,10,109.0,0
11675,111.17,online_retail,0,0,8,9,52.4,0
17166,116.15,entertainment,0,0,22,12,57.8,0
8825,154.96,travel,0,0,11,14,33.5,0
10342,249.91,fuel,0,0,11,14,823.0,0
12845,193.05,entertainment,1,1,14,13,467.7,0
19060,225.2,utilities,0,0,8,15,128.6,0
16540,55.42,jewelry,0,0,22,14,153.6,0
6307,132.61,pharmacy,0,0,6,21,28.0,0
5606,45.44,fuel,0,0,18,12,294.9,0
1215,54.89,grocery,0,0,22,18,180.5,0
16410,85.94,electronics,1,1,3,12,260.9,0
3239,277.65,utilities,0,1,22,18,415.5,0
6257,52.35,jewelry,0,0,11,10,125.9,0
7251,255.5,utilities,0,0,4,15,99.1,0
5612,37.95,dining,0,0,8,13,383.5,0
19432,225.73,fuel,0,0,16,12,370.7,0
13310,147.01,electronics,0,0,4,8,177.7,1
8426,55.86,electronics,0,1,17,15,161.9,0
16001,110.49,dining,0,0,22,13,271.8,0
2309,270.55,grocery,0,1,13,17,61.2,0
9581,122.34,pharmacy,0,0,10,19,438.3,0
19805,162.82,entertainment,0,0,6,15,537.5,0
6561,39.99,dining,0,0,21,9,445.3,0
15960,34.9,electronics,0,1,19,14,525.2,0
7371,121.3,jewelry,0,0,10,15,245.2,0
1538,26.52,pharmacy,0,0,9,11,105.2,0
6779,123.4,online_retail,0,0,14,11,71.0,0
11348,197.28,fuel,0,0,15,12,313.4,0
15861,69.3,fuel,0,1,15,8,1579.4,0
2671,73.22,electronics,0,1,16,15,213.1,0
7624,105.79,utilities,0,1,19,14,62.5,0
10224,68.94,travel,0,0,18,12,49.1,0
8041,352.71,utilities,0,0,6,16,44.8,0
4954,49.07,dining,0,0,17,11,237.7,0
8020,46.64,grocery,0,1,11,10,29.5,0
5420,105.05,entertainment,0,0,14,16,136.4,0
2722,233.61,travel,0,1,21,12,78.8,0
19547,73.71,travel,0,0,11,17,195.2,0
17604,90.71,grocery,0,0,7,20,436.6,0
10869,18.96,pharmacy,0,0,14,17,369.0,0
1912,276.9,utilities,0,0,21,16,91.3,0
12429,66.83,utilities,0,0,8,13,193.1,0
9658,58.67,pharmacy,0,0,14,21,172.2,0
10847,31.41,utilities,0,0,8,15,820.5,0
504,144.29,grocery,0,1,21,19,535.2,0
15387,33.0,dining,0,0,7,6,274.9,0
13333,111.39,utilities,0,0,20,13,66.8,0
12540,58.87,dining,0,1,9,16,411.3,0
14397,56.29,jewelry,0,0,12,16,795.9,0
7938,106.94,jewelry,0,0,13,14,90.0,0
735,67.52,entertainment,0,0,20,18,263.4,0
11292,51.36,dining,0,0,9,18,189.3,0
2159,66.26,travel,0,0,7,17,781.4,0
5354,136.19,entertainment,0,0,16,10,51.3,0
14593,64.62,pharmacy,0,0,19,14,82.9,0
483,105.56,electronics,0,0,8,15,289.7,0
724,36.93,utilities,0,0,15,12,5.9,0
4591,123.22,utilities,0,1,12,15,629.9,0
385,18.56,grocery,0,0,11,13,110.8,0
12121,116.27,pharmacy,1,1,11,13,222.9,0
5655,45.29,utilities,0,0,4,14,194.2,0
15697,16.94,entertainment,0,1,10,14,105.3,0
16603,111.5,entertainment,0,0,7,13,351.6,0
9962,332.9,online_retail,0,0,11,11,911.1,0
16573,47.21,grocery,1,0,14,5,218.1,0
17615,149.73,entertainment,0,0,7,20,31.9,0
4730,51.98,pharmacy,0,0,17,17,148.3,0
11068,57.73,pharmacy,0,0,8,13,660.7,0
3044,62.71,electronics,0,0,16,12,339.7,0
12780,106.41,electronics,1,0,16,14,190.4,0
9113,14.59,grocery,0,0,10,14,6.7,0
8157,54.85,utilities,0,0,19,18,556.2,0
17081,406.49,entertainment,0,0,9,15,144.4,0
7774,187.35,grocery,0,0,22,15,683.0,0
6896,10.71,fuel,0,0,11,13,305.5,0
16755,111.26,utilities,0,0,20,8,663.8,0
4038,86.08,travel,0,1,12,16,184.1,0
12037,113.4,entertainment,0,0,13,15,487.0,0
12887,166.22,dining,0,0,14,16,437.0,0
1339,276.08,jewelry,0,0,6,17,117.9,0
18147,272.96,fuel,0,0,4,5,9.5,1
8528,257.47,dining,0,0,19,17,365.7,0
3443,149.03,online_retail,0,0,10,10,489.4,0
10524,56.39,online_retail,1,0,1,16,453.2,0
12402,65.1,utilities,0,0,6,8,60.1,0
3745,23.8,fuel,0,0,11,16,136.6,0
2049,91.18,pharmacy,0,0,14,11,581.3,0
16935,247.99,dining,0,1,14,15,103.1,0
13889,85.73,jewelry,1,0,14,15,775.6,0
12176,25.98,travel,0,0,21,21,580.5,0
17297,73.77,grocery,0,0,3,16,649.1,0
5024,104.89,utilities,0,0,12,13,32.6,0
3322,173.25,dining,0,0,16,9,53.6,0
2219,19.66,dining,0,0,18,11,574.8,0
1169,171.33,utilities,0,0,6,11,957.8,0
7555,66.13,pharmacy,0,1,10,15,30.4,0
17192,33.34,fuel,0,1,21,16,588.4,0
11570,22.67,pharmacy,1,0,4,18,231.8,0
4373,39.38,entertainment,1,0,4,11,94.3,0
10365,119.7,entertainment,0,0,12,14,145.9,0
19271,111.81,online_retail,0,0,14,10,81.8,0
571,146.0,online_retail,0,1,19,10,162.9,0
8024,145.67,pharmacy,0,1,21,15,448.2,1
11440,141.88,jewelry,0,0,8,6,508.0,0
11950,25.05,electronics,0,0,15,11,1.5,0
1056,79.13,utilities,1,0,19,14,211.3,0
18173,146.43,electronics,0,0,11,19,618.4,0
7734,112.8,utilities,0,0,12,6,169.2,0
7671,174.37,jewelry,0,0,6,10,540.6,1
13794,143.2,dining,0,0,19,10,17.7,0
17917,54.47,utilities,0,0,17,13,412.1,0
8304,128.79,electronics,1,0,0,6,342.0,1
17639,34.92,pharmacy,0,0,14,21,322.8,0
2743,164.53,dining,0,0,15,13,263.4,0
10231,25.42,utilities,0,0,13,23,218.9,0
7178,137.3,online_retail,0,0,22,17,1036.6,0
10382,29.83,electronics,0,0,22,14,1097.7,0
191,112.25,electronics,0,0,17,11,407.9,0
9428,148.06,dining,0,0,17,9,798.8,0
255,46.62,dining,0,0,14,17,74.7,0
1091,138.15,entertainment,0,0,6,16,46.2,0
12161,214.07,jewelry,0,0,18,16,763.5,0
4270,333.97,utilities,0,1,1,9,47.1,1
17341,42.49,online_retail,1,0,14,15,93.4,0
15844,366.84,grocery,0,0,15,15,259.0,0
5116,48.04,utilities,0,0,13,15,245.5,0
411,61.61,travel,1,1,9,17,298.4,0
8644,117.9,pharmacy,0,0,17,14,105.5,0
10786,44.1,electronics,0,0,15,14,39.7,0
6440,273.45,pharmacy,0,0,11,18,924.4,0
3849,154.55,travel,0,0,20,19,213.5,0
5046,518.29,pharmacy,0,1,0,6,60.3,1
19342,108.24,jewelry,1,0,10,10,313.9,0
1379,64.02,online_retail,0,0,15,14,170.2,0
9214,150.65,jewelry,0,0,3,20,941.0,0
17517,273.97,dining,0,0,19,8,11.6,1
2589,541.65,travel,0,0,6,21,82.6,0
18361,255.14,travel,1,0,10,16,114.3,0
12317,70.35,entertainment,0,0,20,16,65.5,0
10663,47.95,utilities,1,0,3,7,423.0,0
16597,112.21,travel,0,1,10,14,1130.3,0
17495,76.14,entertainment,0,0,6,22,371.3,0
2433,84.94,pharmacy,0,0,7,17,324.5,0
7326,50.51,travel,0,1,1,4,87.0,0
11786,182.88,travel,0,0,8,14,710.8,0
12320,34.6,online_retail,0,0,8,15,1581.3,0
17416,473.11,utilities,0,0,21,12,102.6,0
1902,61.72,utilities,0,1,12,11,1311.5,0
10310,116.12,dining,0,0,19,16,4.3,0
6067,146.17,jewelry,1,1,19,14,730.2,0
18931,183.2,pharmacy,1,0,21,11,93.7,0
19435,116.75,online_retail,0,0,13,13,683.4,0
15876,138.77,dining,0,1,7,17,204.3,0
17753,200.4,online_retail,0,1,7,14,424.0,0
8061,189.68,travel,1,0,17,7,122.2,0
8067,260.41,utilities,0,0,11,12,7.4,0
12160,57.54,pharmacy,0,0,22,16,500.5,0
18150,196.07,travel,0,0,14,6,186.9,0
7259,114.03,pharmacy,0,1,22,15,1688.9,0
13130,83.15,travel,0,0,18,14,106.3,0
12157,141.19,dining,0,0,6,13,211.6,0
14817,73.07,fuel,0,0,19,18,103.1,1
14794,309.82,online_retail,0,0,7,11,702.9,0
4719,68.35,pharmacy,0,0,6,15,101.2,0
12579,105.17,electronics,0,0,15,14,655.2,0
6087,106.54,electronics,0,0,20,12,568.9,0
12178,400.44,jewelry,1,0,15,8,639.4,0
18128,155.27,electronics,0,1,10,16,169.3,0
13316,91.79,grocery,0,0,2,10,711.1,0
9861,164.62,utilities,0,0,21,13,76.1,0
18962,72.69,online_retail,0,1,15,16,19.1,0
971,318.51,grocery,0,0,14,17,319.2,0
8871,118.15,entertainment,1,0,18,15,39.2,0
6005,45.61,entertainment,0,0,12,13,33.2,0
8110,112.09,jewelry,0,0,10,19,1182.4,0
36,79.11,electronics,0,0,0,15,179.3,1
12996,201.24,entertainment,1,0,13,13,26.4,0
8254,51.48,grocery,0,0,8,18,181.1,0
9729,45.35,fuel,0,0,13,16,29.5,0
17924,86.94,electronics,0,0,16,15,135.6,0
14294,74.62,utilities,1,0,7,16,155.3,0
6052,173.61,online_retail,0,0,13,8,182.9,0
19604,34.86,jewelry,0,0,18,25,24.2,0
19882,62.39,online_retail,0,0,9,13,32.6,0
12232,179.48,entertainment,0,0,13,12,543.0,0
15242,199.18,jewelry,0,0,12,9,761.2,0
6415,38.45,electronics,1,0,10,14,129.5,0
19459,167.39,travel,0,0,7,11,279.1,0
7577,76.34,entertainment,0,0,14,15,268.3,0
10093,66.73,fuel,1,1,13,13,75.1,0
1818,51.72,online_retail,0,0,13,17,8.5,0
9328,36.52,travel,0,0,20,17,175.7,0
7573,70.2,entertainment,0,0,8,9,631.0,0
9555,131.91,electronics,0,0,4,9,428.0,0
5402,111.57,online_retail,0,1,2,16,324.0,0
10350,60.46,fuel,0,0,12,10,220.7,0
7434,125.92,utilities,1,0,10,11,211.9,0
5395,198.4,utilities,0,1,17,11,186.9,0
13706,42.54,fuel,0,0,7,11,68.6,0
6917,142.77,grocery,0,0,11,13,115.8,0
4962,307.9,travel,0,0,15,13,48.7,0
2325,60.24,entertainment,0,0,7,11,344.6,0
5002,100.48,grocery,0,0,14,10,505.9,0
15873,36.95,travel,0,0,21,14,479.7,0
5358,200.28,travel,1,0,9,8,110.6,0
15226,108.32,grocery,0,0,20,11,1533.4,0
4969,61.19,fuel,1,0,22,25,122.7,0
15442,71.4,utilities,0,0,4,17,131.6,0
15614,86.01,pharmacy,0,0,16,13,86.4,0
19302,198.2,fuel,0,0,10,14,336.7,0
5304,53.51,fuel,0,0,10,9,517.4,0
11863,8.71,electronics,0,0,7,15,1460.2,0
11052,60.17,pharmacy,0,1,8,17,97.9,0
9680,56.33,travel,0,0,19,17,964.8,0
14578,57.45,grocery,0,0,0,10,139.9,0
8490,91.33,fuel,0,0,7,18,174.2,0
9271,121.42,grocery,0,0,0,12,64.6,0
265,199.95,utilities,1,0,0,12,11.6,1
15568,86.06,jewelry,0,0,8,11,406.2,0
16301,87.53,fuel,0,0,15,14,572.0,0
15224,65.93,utilities,0,0,9,18,126.3,0
6215,159.2,utilities,1,0,5,17,5.3,0
7851,37.5,utilities,0,0,8,15,11.8,0
12811,49.31,online_retail,0,0,12,14,445.2,0
18350,37.63,grocery,0,1,19,7,100.3,0
7407,72.56,jewelry,0,0,17,12,608.4,0
3197,191.48,utilities,1,0,13,15,136.9,0
17276,172.95,travel,0,0,19,11,119.9,0
8712,304.83,dining,0,0,15,18,461.4,0
4874,84.2,travel,0,0,13,9,31.3,0
6618,144.2,travel,0,0,19,12,462.4,0
15957,77.04,electronics,0,0,13,11,258.9,0
4453,34.62,utilities,0,0,15,19,133.6,0
9006,21.67,utilities,0,0,16,16,699.6,0
3611,121.58,grocery,0,0,12,9,771.8,0
1400,156.04,online_retail,0,0,5,19,149.1,0
15302,375.54,utilities,0,1,0,7,10.9,0
8184,48.71,dining,0,0,3,9,409.5,0
13000,157.66,jewelry,1,0,17,12,32.4,0
14080,37.8,dining,0,0,15,9,1564.0,0
13566,130.22,travel,0,0,9,13,81.1,0
2206,111.36,entertainment,0,0,21,12,74.4,0
18239,27.12,jewelry,0,0,0,14,347.8,0
596,143.21,jewelry,0,0,1,15,212.6,0
16994,178.1,utilities,0,0,19,12,905.4,0
15703,159.38,entertainment,0,0,16,10,568.2,0
18707,112.14,entertainment,1,0,6,17,96.3,0
7917,156.94,online_retail,0,0,22,18,443.9,1
9638,52.17,online_retail,0,0,10,12,727.8,0
11488,93.4,jewelry,0,1,19,11,70.7,0
11955,73.82,electronics,0,1,14,18,339.6,0
8283,101.63,entertainment,0,0,8,15,572.6,0
11747,60.41,fuel,0,0,17,12,48.8,0
18093,233.41,electronics,0,0,20,11,147.2,0
3161,176.55,dining,1,1,9,19,965.6,0
16869,108.5,jewelry,0,0,13,12,409.4,0
13066,92.23,pharmacy,0,1,7,13,411.2,0
17282,181.08,fuel,0,0,13,10,519.5,0
13390,36.85,jewelry,0,0,3,10,668.0,0
19065,226.78,dining,0,0,7,14,102.6,0
16773,242.12,travel,1,0,17,20,34.4,0
280,545.87,travel,0,0,5,9,56.1,1
18043,69.41,online_retail,0,1,17,10,261.5,0
17026,161.69,electronics,1,1,11,5,1301.1,0
17974,158.02,jewelry,0,0,21,16,563.4,0
11928,138.31,grocery,1,0,16,22,354.8,0
12523,166.17,jewelry,0,0,22,9,455.1,0
13765,76.39,travel,0,0,6,12,456.9,0
9229,134.59,entertainment,1,0,7,14,93.2,0
17045,113.53,pharmacy,0,0,14,18,249.0,0
1914,86.32,fuel,1,1,20,17,190.8,0
16653,163.99,grocery,0,0,17,10,42.0,0
6163,174.02,fuel,0,0,9,13,171.6,0
2187,127.28,pharmacy,0,0,15,11,63.4,0
18191,204.79,jewelry,1,0,8,13,317.4,0
19881,38.66,online_retail,0,1,10,12,313.2,0
14970,57.14,entertainment,0,0,11,13,49.8,0
5447,173.53,utilities,0,0,21,10,179.7,0
3800,208.13,online_retail,0,0,6,14,336.3,0
5483,69.67,grocery,0,0,12,10,83.6,0
16736,76.96,online_retail,0,0,15,7,728.1,0
8049,25.02,jewelry,0,0,11,14,428.7,0
11006,86.28,travel,0,0,9,13,296.4,0
1427,132.92,grocery,0,0,7,17,270.4,0
17996,147.81,travel,0,0,18,9,385.8,0
17214,82.62,pharmacy,1,0,22,13,758.9,0
18885,214.41,electronics,0,0,14,17,3.0,0
13411,227.03,dining,0,0,2,9,94.6,1
1319,85.27,jewelry,0,0,17,12,91.2,0
13799,96.31,grocery,0,0,4,14,478.7,0
