transaction_id,amount,merchant_category,device_change_flag,ip_change_flag,hour_of_day,user_txn_count_30d,time_since_last_txn_min,is_fraud
1,9.39,utilities,0,0,20,9,1682.2,0
2,120.09,entertainment,0,0,15,18,1848.9,0
3,14.22,dining,0,0,22,22,269.4,0
4,35.12,jewelry,0,0,22,16,1821.6,0
5,28.1,dining,0,0,19,8,1243.2,0
6,22.23,dining,0,0,8,9,122.3,0
7,106.48,entertainment,0,0,7,17,2469.0,0
8,65.63,pharmacy,0,0,9,16,117.7,0
9,774.66,online_retail,0,1,1,1,11.5,1
10,164.14,electronics,0,0,8,8,2110.2,0
11,70.47,electronics,0,0,21,13,65.3,0
12,53.76,entertainment,0,0,11,14,1026.0,0
13,107.78,fuel,0,0,14,19,1103.9,0
14,30.84,fuel,0,0,6,15,91.3,0
15,58.13,dining,0,0,11,21,501.8,0
16,118.62,dining,0,0,7,10,373.7,0
17,23.9,grocery,0,1,7,17,148.1,0
18,119.24,pharmacy,0,0,22,20,1284.6,0
19,47.32,dining,0,0,22,13,293.8,0
20,85.66,grocery,0,0,11,11,2674.3,0
21,120.65,pharmacy,0,0,12,16,1032.2,0
22,70.29,entertainment,0,0,19,10,1559.5,0
23,27.0,utilities,0,0,14,14,75.2,0
24,21.99,fuel,0,1,12,16,466.8,0
25,82.08,electronics,0,0,9,15,101.6,0
26,46.37,grocery,0,0,14,14,419.7,0
27,125.94,entertainment,0,0,21,14,397.0,0
28,166.18,electronics,0,0,19,18,664.5,0
29,24.62,electronics,0,0,11,20,73.2,0
30,63.63,jewelry,0,0,19,18,519.9,0
31,42.95,jewelry,0,0,9,9,2339.4,0
32,9.92,pharmacy,0,0,14,19,776.0,0
33,18.89,dining,0,0,13,13,325.4,0
34,21.29,fuel,0,0,15,13,156.8,0
35,84.62,utilities,1,0,22,12,98.7,0
36,124.65,pharmacy,1,0,22,12,556.0,0
37,35.65,entertainment,0,0,15,11,674.1,0
38,67.3,jewelry,0,0,14,8,764.1,0
39,154.68,jewelry,0,0,21,14,2543.2,0
40,87.17,electronics,0,0,10,20,250.2,0
41,176.67,travel,0,0,7,14,3075.9,0
42,35.78,jewelry,0,0,21,8,1237.5,0
43,85.16,fuel,0,0,15,15,556.8,0
44,65.67,travel,0,0,16,11,1033.7,0
45,42.03,dining,0,1,18,16,2694.3,0
46,218.45,electronics,0,0,1,4,5.6,1
47,84.06,online_retail,0,0,12,10,376.5,0
48,34.61,online_retail,0,0,12,12,66.1,0
49,181.38,grocery,0,0,19,12,1698.7,0
50,55.43,jewelry,0,0,7,20,1773.5,0
51,129.91,online_retail,0,0,16,22,12.6,0
52,75.17,electronics,0,0,20,18,127.7,0
53,8.4,travel,0,0,22,24,143.5,0
54,60.72,online_retail,0,0,13,18,754.5,0
55,60.64,grocery,1,0,6,18,2316.3,0
56,152.97,entertainment,0,0,16,15,263.3,0
57,116.89,pharmacy,0,0,19,15,2578.3,0
58,274.09,dining,0,0,11,17,526.7,0
59,20.75,jewelry,0,0,10,15,328.9,0
60,149.38,entertainment,0,0,15,21,253.9,0
61,47.57,pharmacy,0,0,22,12,632.0,0
62,63.32,grocery,0,1,12,12,670.6,0
63,30.89,jewelry,0,0,22,14,157.2,0
64,107.32,fuel,0,0,16,15,1514.4,0
65,14.77,dining,0,0,12,16,25.4,0
66,107.48,grocery,0,0,18,9,558.2,0
67,42.47,jewelry,0,0,18,18,1498.2,0
68,65.58,online_retail,0,0,22,11,321.4,0
69,66.2,pharmacy,0,0,19,16,910.7,0
70,86.71,electronics,1,0,18,7,624.8,0
71,118.14,online_retail,0,0,18,6,44.5,0
72,243.12,online_retail,0,0,19,14,744.9,0
73,45.06,jewelry,0,0,8,14,2121.4,0
74,66.86,online_retail,1,0,12,24,278.5,0
75,124.6,entertainment,0,0,6,14,68.0,0
76,22.34,entertainment,0,0,15,17,1986.3,0
77,48.98,travel,0,0,10,13,282.3,0
78,146.47,pharmacy,0,0,17,12,226.2,0
79,255.14,grocery,0,0,20,17,2286.5,0
80,43.85,grocery,0,0,18,12,649.0,0
81,5.03,electronics,0,0,12,21,165.6,0
82,29.86,online_retail,0,0,17,14,187.1,0
83,29.16,grocery,0,1,20,15,799.6,0
84,38.24,fuel,0,0,10,11,60.6,0
85,17.5,pharmacy,0,0,19,22,708.9,0
86,162.76,electronics,0,0,20,9,324.4,0
87,69.77,grocery,0,0,14,9,13.4,0
88,49.01,online_retail,0,0,22,13,536.4,0
89,18.78,fuel,0,0,19,16,432.4,0
90,99.75,fuel,0,1,11,13,165.2,0
91,11.2,entertainment,0,0,8,15,171.6,0
92,238.76,utilities,0,0,13,15,291.6,0
93,72.55,utilities,0,0,21,17,574.8,0
94,99.39,fuel,0,0,9,13,556.6,0
95,92.13,grocery,0,0,16,18,291.8,0
96,230.12,online_retail,0,0,12,19,121.3,0
97,42.97,dining,0,0,16,18,945.2,0
98,71.8,electronics,0,0,16,11,222.9,0
99,28.9,utilities,0,0,19,22,468.5,0
100,94.71,utilities,0,0,10,16,925.7,0
101,31.35,pharmacy,0,0,12,20,511.5,0
102,55.9,online_retail,0,0,16,16,1284.3,0
103,213.14,grocery,0,0,8,8,72.3,0
104,71.17,fuel,0,0,22,11,1057.7,0
105,17.37,entertainment,0,0,13,17,868.3,0
106,23.08,grocery,0,0,17,13,48.2,0
107,112.2,travel,1,0,7,15,217.7,0
108,53.45,travel,0,0,16,11,1201.3,0
109,36.94,jewelry,0,0,7,15,952.7,0
110,54.41,utilities,0,0,9,16,252.0,0
111,65.2,fuel,1,0,9,18,169.2,0
112,100.08,pharmacy,0,0,14,18,69.6,0
113,43.89,travel,0,0,12,11,656.5,0
114,838.82,online_retail,1,0,0,6,0.1,1
115,44.57,online_retail,0,0,18,20,175.9,0
116,42.24,travel,0,0,7,12,1161.3,0
117,125.66,fuel,0,0,8,14,1300.4,0
118,52.81,dining,0,0,15,16,215.0,0
119,129.22,utilities,0,0,8,13,67.4,0
120,20.25,pharmacy,0,0,14,27,1399.2,0
121,23.46,fuel,0,1,12,12,312.7,0
122,97.81,fuel,0,0,18,14,1007.9,0
123,49.45,grocery,0,0,13,10,1814.1,0
124,24.79,travel,0,0,13,15,409.7,0
125,50.61,jewelry,1,0,13,14,53.4,0
126,131.68,dining,0,0,21,18,856.3,0
127,29.04,utilities,0,0,16,14,758.2,0
128,71.04,grocery,0,0,13,11,1271.3,0
129,144.26,jewelry,0,0,12,10,416.1,0
130,53.76,dining,0,0,16,22,146.9,0
131,35.92,entertainment,0,0,6,19,336.3,0
132,42.18,fuel,0,0,15,18,657.5,0
133,115.7,fuel,0,0,7,21,164.6,0
134,212.43,entertainment,1,0,20,12,62.6,0
135,290.33,grocery,0,1,13,14,23.5,0
136,71.68,online_retail,0,0,9,16,98.8,0
137,75.1,entertainment,0,0,20,12,52.8,0
138,139.95,entertainment,0,0,15,14,782.9,0
139,172.02,jewelry,0,0,9,13,167.2,0
140,36.43,entertainment,0,0,13,15,440.9,0
141,55.78,entertainment,0,0,22,12,966.2,0
142,98.67,dining,0,0,20,12,73.6,0
143,152.49,travel,0,0,14,22,11.4,0
144,193.68,utilities,0,0,17,16,165.9,0
145,105.59,grocery,0,0,17,16,214.5,0
146,36.32,fuel,0,0,14,13,699.8,0
147,121.46,fuel,0,0,17,19,1622.1,0
148,6.95,fuel,0,0,20,14,663.8,0
149,53.57,grocery,0,0,21,12,1058.7,0
150,79.42,travel,0,1,16,17,359.8,0
151,107.39,online_retail,0,0,15,17,415.5,0
152,48.79,grocery,0,0,9,12,1188.7,0
153,53.62,online_retail,0,0,12,14,239.5,0
154,11.77,jewelry,0,1,19,20,1092.6,0
155,139.15,utilities,0,0,15,18,144.3,0
156,46.87,fuel,0,0,18,15,80.9,0
157,122.7,jewelry,0,0,13,21,1839.6,0
158,120.81,pharmacy,0,0,22,14,594.0,0
159,89.71,grocery,0,1,20,16,409.0,0
160,86.89,pharmacy,0,0,18,17,1135.6,0
161,198.13,fuel,1,0,10,16,339.0,0
162,24.47,entertainment,0,0,10,21,419.1,0
163,96.17,jewelry,0,0,8,15,130.2,0
164,39.24,pharmacy,0,0,11,13,525.9,0
165,201.42,entertainment,0,0,19,16,161.8,0
166,258.85,jewelry,0,0,9,19,3865.1,0
167,172.83,grocery,0,0,17,21,3846.7,0
168,6.69,pharmacy,0,0,7,12,103.8,0
169,34.77,entertainment,0,0,20,17,126.9,0
170,25.9,travel,0,0,10,21,2272.2,0
171,71.24,electronics,0,0,22,17,367.3,0
172,127.74,dining,0,0,16,23,71.5,0
173,136.05,travel,0,0,18,10,35.1,0
174,227.55,pharmacy,1,1,20,13,1218.9,0
175,182.82,jewelry,1,0,20,15,724.8,0
176,58.62,jewelry,0,0,16,17,1765.7,0
177,180.42,dining,0,0,14,10,122.6,0
178,552.39,grocery,1,1,1,5,0.4,1
179,144.61,online_retail,0,0,8,18,997.4,0
180,109.52,jewelry,0,0,16,20,1103.7,0
181,146.73,grocery,0,0,9,12,169.4,0
182,135.87,online_retail,0,0,18,16,158.2,0
183,75.86,online_retail,0,0,15,14,1500.3,0
184,82.89,pharmacy,0,0,18,23,139.7,0
185,55.02,pharmacy,0,0,19,15,768.7,0
186,266.77,utilities,0,0,14,16,144.3,0
187,123.39,grocery,0,0,22,17,11.6,0
188,61.66,electronics,0,1,9,18,1.2,0
189,95.37,pharmacy,0,0,10,11,32.5,0
190,26.11,utilities,0,0,18,15,63.1,0
191,47.82,fuel,0,0,17,17,46.2,0
192,226.26,travel,0,0,19,10,15.0,0
193,37.31,entertainment,0,0,10,25,2478.8,0
194,61.85,utilities,0,0,13,13,712.5,0
195,65.49,entertainment,0,0,10,23,593.4,0
196,48.73,entertainment,0,0,20,19,244.8,0
197,202.38,online_retail,0,0,13,16,439.7,0
198,104.0,pharmacy,0,0,17,9,850.8,0
199,142.33,grocery,0,0,10,14,869.6,0
200,39.88,grocery,0,0,22,12,694.4,0
201,9.7,fuel,0,0,10,14,184.6,0
202,51.97,electronics,0,0,10,13,215.6,0
203,46.02,electronics,0,0,19,16,23.5,0
204,62.22,travel,0,0,6,14,1008.9,0
205,58.23,pharmacy,0,0,19,14,510.3,0
206,11.06,pharmacy,0,0,12,17,409.4,0
207,96.48,grocery,0,0,21,15,1224.3,0
208,135.52,dining,0,0,11,15,4041.4,0
209,61.78,pharmacy,0,0,11,22,685.1,0
210,109.29,entertainment,0,0,12,11,1129.3,0
211,544.41,fuel,0,0,12,13,335.1,0
212,31.36,travel,0,0,17,15,857.2,0
213,32.74,jewelry,0,0,12,11,496.2,0
214,59.04,grocery,0,0,17,14,249.4,0
215,137.42,utilities,0,0,10,19,1428.2,0
216,21.43,entertainment,0,0,17,19,582.6,0
217,21.16,travel,1,0,14,12,114.0,0
218,140.08,online_retail,0,0,6,27,458.0,0
219,177.61,fuel,0,0,17,17,179.5,0
220,10.85,pharmacy,0,0,12,22,381.0,0
221,62.92,fuel,0,0,19,16,1569.6,0
222,104.09,pharmacy,0,0,17,15,214.3,0
223,24.79,pharmacy,0,0,14,10,7.0,0
224,22.66,electronics,0,0,6,8,199.2,0
225,251.13,grocery,0,0,7,20,83.2,0
226,41.58,dining,0,1,20,11,27.0,0
227,156.07,jewelry,0,0,21,15,555.8,0
228,64.47,online_retail,0,0,12,14,542.7,0
229,118.14,utilities,0,0,19,11,1225.0,0
230,106.29,fuel,0,0,22,22,598.7,0
231,192.22,jewelry,1,0,22,14,957.1,0
232,34.33,fuel,0,1,17,12,305.9,0
233,17.53,utilities,1,0,16,16,1314.9,0
234,173.15,entertainment,0,0,11,17,705.2,0
235,22.42,pharmacy,0,0,21,19,901.1,0
236,110.85,electronics,0,0,15,17,521.9,0
237,9.76,dining,0,0,22,20,171.1,0
238,165.05,utilities,0,1,6,15,275.8,0
239,77.83,grocery,0,1,9,8,84.6,0
240,273.23,utilities,0,0,22,13,261.5,0
241,575.66,entertainment,1,1,3,2,5.7,1
242,64.36,fuel,0,0,15,15,455.3,0
243,72.78,online_retail,0,0,16,17,70.9,0
244,42.56,pharmacy,0,0,9,14,92.4,0
245,105.69,online_retail,0,0,21,19,430.0,0
246,1177.36,jewelry,0,1,4,3,18.6,1
247,76.71,pharmacy,0,0,12,13,618.6,0
248,153.61,online_retail,0,0,10,20,1248.3,0
249,107.57,entertainment,0,0,10,20,63.9,0
250,77.27,electronics,0,0,19,18,177.9,0
251,28.09,entertainment,0,0,20,16,707.4,0
252,86.97,electronics,0,0,6,14,522.1,0
253,128.99,pharmacy,0,0,11,11,1443.9,0
254,100.81,utilities,0,0,19,22,110.9,0
255,240.18,fuel,0,0,6,16,60.8,0
256,66.96,entertainment,0,0,9,21,712.5,0
257,8.6,online_retail,0,0,7,13,448.1,0
258,52.07,pharmacy,1,0,7,17,491.6,0
259,60.3,electronics,0,0,6,14,688.1,0
260,124.45,grocery,0,0,19,22,81.3,0
261,13.65,online_retail,0,0,7,16,613.7,0
262,164.18,dining,0,0,19,14,130.8,0
263,70.75,pharmacy,0,0,16,17,149.8,0
264,86.22,fuel,0,0,20,12,16.9,0
265,524.13,jewelry,0,0,4,2,0.6,1
266,44.05,jewelry,0,0,22,11,118.3,0
267,104.15,travel,0,0,20,10,379.7,0
268,79.14,travel,0,0,6,10,247.7,0
269,344.71,online_retail,0,0,13,8,605.8,0
270,76.16,jewelry,0,0,6,9,560.4,0
271,74.28,pharmacy,0,0,13,17,1311.7,0
272,56.29,entertainment,1,0,15,7,34.1,0
273,172.06,travel,0,0,12,22,2424.9,0
274,70.5,online_retail,0,0,10,17,580.9,0
275,111.08,pharmacy,0,0,7,13,523.8,0
276,41.82,pharmacy,0,0,13,12,1641.9,0
277,86.89,electronics,0,0,8,11,31.0,0
278,59.11,travel,0,0,22,15,90.1,0
279,83.9,jewelry,0,0,19,12,844.4,0
280,600.0,dining,1,1,1,6,3.6,1
281,22.57,entertainment,0,0,10,14,237.7,0
282,68.49,pharmacy,0,0,11,13,1214.4,0
283,26.43,utilities,0,0,6,13,377.1,0
284,11.83,utilities,0,0,7,15,1000.5,0
285,25.89,online_retail,0,0,14,18,1580.1,0
286,43.43,online_retail,0,0,11,14,367.4,0
287,38.27,jewelry,0,0,10,15,29.6,0
288,119.23,grocery,0,0,7,18,897.0,0
289,23.27,fuel,0,0,13,21,285.3,0
290,31.04,online_retail,0,0,9,12,123.7,0
291,66.58,pharmacy,0,0,13,13,1575.9,0
292,57.99,jewelry,0,0,11,9,696.3,0
293,48.91,entertainment,0,0,20,12,1909.6,0
294,69.79,entertainment,0,0,18,14,55.5,0
295,122.39,jewelry,0,0,21,10,397.7,0
296,103.43,fuel,0,0,10,22,417.6,0
297,36.76,online_retail,0,0,16,21,992.2,0
298,23.54,pharmacy,0,0,16,14,318.0,0
299,55.45,dining,0,0,7,14,190.6,0
300,74.63,electronics,0,0,6,14,372.7,0
301,38.82,pharmacy,0,0,15,15,592.1,0
302,326.33,pharmacy,0,0,8,14,255.1,0
303,47.96,electronics,0,0,15,12,98.8,0
304,67.79,pharmacy,0,0,9,12,913.1,0
305,60.21,utilities,0,1,22,9,1098.1,0
306,32.33,online_retail,0,1,9,14,17.1,0
307,1218.77,jewelry,0,1,0,4,12.0,1
308,61.42,dining,0,0,9,16,713.7,0
309,77.02,entertainment,0,0,15,13,1852.9,0
310,660.83,dining,0,0,2,1,2.4,1
311,99.77,online_retail,0,0,6,11,545.5,0
312,88.65,dining,0,0,19,9,103.5,0
313,32.57,pharmacy,0,0,11,14,1023.5,0
314,53.41,jewelry,0,0,13,13,2572.2,0
315,38.18,grocery,0,0,20,17,1993.8,0
316,92.22,grocery,0,0,15,11,2343.8,0
317,109.26,grocery,0,0,18,8,254.9,0
318,16.38,fuel,0,0,10,15,1041.5,0
319,57.54,fuel,0,0,8,24,214.5,0
320,176.0,fuel,0,0,22,16,356.8,0
321,145.39,electronics,0,0,9,12,2744.7,0
322,19.09,jewelry,0,0,17,13,41.1,0
323,141.24,pharmacy,0,0,11,22,276.3,0
324,45.99,entertainment,0,0,11,15,291.6,0
325,38.11,travel,0,0,8,19,823.2,0
326,169.84,pharmacy,0,0,12,15,858.7,0
327,64.88,utilities,0,0,9,14,669.3,0
328,34.76,utilities,0,0,19,10,438.6,0
329,70.99,fuel,0,0,18,15,328.2,0
330,108.63,grocery,0,0,9,19,439.1,0
331,77.93,grocery,0,0,21,25,30.1,0
332,81.59,utilities,0,0,10,18,185.5,0
333,40.13,grocery,0,0,22,13,526.8,0
334,147.41,entertainment,0,0,19,18,87.5,0
335,87.34,pharmacy,0,0,22,7,182.1,0
336,35.34,travel,0,0,12,16,417.8,0
337,163.72,entertainment,0,0,19,9,1016.9,0
338,11.46,pharmacy,0,0,22,15,502.8,0
339,299.69,pharmacy,0,0,9,21,127.5,0
340,56.26,utilities,0,0,21,9,758.1,0
341,128.27,dining,0,0,16,16,836.0,0
342,75.22,grocery,0,1,14,15,934.2,0
343,7.63,electronics,0,0,6,27,159.2,0
344,34.15,pharmacy,0,0,10,19,54.4,0
345,82.87,utilities,0,0,21,19,176.2,0
346,30.16,online_retail,0,0,13,11,235.7,0
347,21.13,entertainment,0,0,18,11,329.0,0
348,42.81,entertainment,0,0,20,21,128.2,0
349,56.54,entertainment,0,0,22,17,154.9,0
350,88.82,pharmacy,0,0,17,16,357.5,0
351,65.38,travel,0,0,14,7,172.4,0
352,238.43,entertainment,0,0,19,20,902.4,0
353,20.81,pharmacy,0,0,17,12,1300.4,0
354,86.67,fuel,0,0,7,22,507.4,0
355,29.23,fuel,0,0,10,17,1732.0,0
356,10.42,jewelry,0,0,8,17,234.0,0
357,107.46,electronics,0,0,18,14,31.2,0
358,40.67,online_retail,0,0,14,16,2035.1,0
359,39.8,travel,0,0,11,11,241.3,0
360,45.47,fuel,0,0,10,13,1089.0,0
361,57.77,fuel,0,0,15,22,264.8,0
362,96.73,utilities,0,0,11,24,475.8,0
363,108.22,entertainment,0,0,14,15,71.1,0
364,51.92,entertainment,0,0,8,19,479.9,0
365,96.87,utilities,0,0,20,14,1524.3,0
366,111.2,entertainment,0,0,7,20,184.2,0
367,74.19,fuel,0,0,20,15,4.1,0
368,90.59,utilities,0,0,11,10,1440.5,0
369,1227.32,grocery,0,1,1,5,14.7,1
370,46.48,utilities,0,0,11,15,578.3,0
371,68.13,grocery,0,0,15,13,1034.8,0
372,16.31,grocery,0,0,14,13,318.8,0
373,11.05,pharmacy,0,0,8,18,39.5,0
374,18.37,grocery,0,0,21,18,592.5,0
375,83.89,entertainment,0,0,16,17,1042.7,0
376,44.97,entertainment,0,0,11,11,148.6,0
377,146.19,electronics,0,0,19,12,708.7,0
378,101.1,grocery,0,0,18,14,744.8,0
379,64.57,online_retail,0,0,10,19,497.6,0
380,104.45,travel,0,0,9,4,2255.7,0
381,93.81,utilities,0,0,7,13,914.4,0
382,34.56,pharmacy,0,0,20,16,793.6,0
383,32.04,pharmacy,0,0,13,17,554.5,0
384,27.1,grocery,0,0,20,7,265.3,0
385,125.38,dining,0,0,15,9,16.6,0
386,110.77,electronics,0,0,22,18,758.7,0
387,67.67,travel,0,0,20,13,727.5,0
388,95.25,fuel,0,0,22,18,791.6,0
389,79.96,utilities,0,0,21,18,1870.1,0
390,23.32,utilities,0,0,12,15,228.6,0
391,108.99,grocery,0,0,20,11,505.2,0
392,49.64,jewelry,0,0,16,13,892.8,0
393,42.83,grocery,0,0,12,17,96.8,0
394,79.2,fuel,0,0,18,20,329.6,0
395,231.94,dining,0,0,12,18,128.4,0
396,87.96,grocery,0,0,21,13,10.1,0
397,5.98,online_retail,0,0,12,14,16.3,0
398,24.53,electronics,0,0,12,18,482.8,0
399,37.79,travel,0,0,13,10,35.5,0
400,36.38,grocery,0,0,17,12,68.6,0
401,35.48,utilities,0,0,10,13,158.0,0
402,34.1,grocery,0,0,10,10,377.1,0
403,42.93,online_retail,0,0,6,18,263.1,0
404,16.36,online_retail,0,0,6,13,383.2,0
405,153.7,travel,0,0,19,14,867.4,0
406,26.53,jewelry,0,0,16,12,3266.8,0
407,24.04,pharmacy,0,0,20,14,526.5,0
408,108.08,fuel,0,0,8,15,531.4,0
409,17.6,grocery,0,0,9,14,373.5,0
410,29.84,dining,0,0,10,11,933.9,0
411,23.66,grocery,0,0,13,14,158.5,0
412,61.5,entertainment,0,0,22,12,267.4,0
413,13.24,travel,0,1,9,14,278.4,0
414,300.81,travel,0,0,14,13,607.3,0
415,88.0,utilities,0,0,20,21,568.1,0
416,22.97,electronics,0,0,13,11,19.3,0
417,196.92,electronics,0,0,6,15,488.3,0
418,35.46,grocery,0,1,8,18,60.7,0
419,73.71,dining,0,0,16,8,398.1,0
420,126.97,online_retail,0,1,19,12,1805.7,0
421,109.07,entertainment,0,0,10,21,1017.0,0
422,31.05,travel,0,0,9,12,215.4,0
423,113.05,online_retail,0,0,14,21,215.2,0
424,79.29,pharmacy,0,0,12,18,462.5,0
425,88.58,utilities,1,0,17,20,122.3,0
426,112.33,fuel,0,0,20,16,808.4,0
427,95.6,pharmacy,1,0,8,17,1209.0,0
428,83.75,electronics,0,0,19,11,851.8,0
429,2.52,dining,0,0,20,21,258.6,0
430,97.61,grocery,0,0,12,18,959.2,0
431,40.52,pharmacy,0,0,19,21,138.5,0
432,90.61,electronics,0,0,17,12,1641.1,0
433,62.98,travel,0,0,10,15,227.5,0
434,87.28,grocery,0,0,7,9,355.8,0
435,21.17,fuel,0,0,7,14,137.5,0
436,7.39,travel,0,0,21,17,336.9,0
437,84.75,grocery,0,0,10,15,790.4,0
438,8.15,travel,0,0,19,16,161.0,0
439,60.81,fuel,0,0,22,16,575.4,0
440,18.99,entertainment,0,0,17,20,54.2,0
441,58.13,electronics,0,0,7,11,316.4,0
442,196.22,dining,1,0,8,18,481.0,0
443,9.39,utilities,0,0,20,18,748.6,0
444,25.81,fuel,0,0,15,11,658.2,0
445,3.45,electronics,0,0,7,11,2180.8,0
446,35.68,grocery,0,0,20,27,725.1,0
447,160.93,travel,0,0,13,16,168.6,0
448,29.68,entertainment,0,0,11,17,368.8,0
449,85.6,dining,0,0,14,13,224.0,0
450,48.64,dining,0,0,6,17,219.0,0
451,48.17,utilities,0,0,10,12,1827.7,0
452,137.88,fuel,1,0,18,10,923.2,0
453,36.38,online_retail,0,0,15,16,109.1,0
454,44.92,dining,0,0,22,10,143.9,0
455,195.43,entertainment,0,0,10,14,553.9,0
456,130.33,grocery,0,0,13,12,379.0,0
457,35.64,travel,0,0,8,17,105.6,0
458,25.66,dining,0,0,19,8,984.8,0
459,135.61,jewelry,0,0,11,10,196.7,0
460,41.09,travel,0,0,22,12,151.8,0
461,58.2,pharmacy,0,0,6,19,980.2,0
462,88.51,travel,0,0,14,14,1008.3,0
463,70.2,grocery,0,0,6,14,445.7,0
464,9.05,pharmacy,0,0,9,6,334.4,0
465,77.0,entertainment,0,0,21,10,302.5,0
466,35.16,fuel,0,0,15,12,811.0,0
467,205.44,fuel,0,0,7,20,314.7,0
468,99.7,fuel,0,0,11,14,1414.9,0
469,41.95,electronics,0,0,9,16,233.5,0
470,7.14,grocery,0,0,21,11,1235.9,0
471,89.48,pharmacy,0,0,10,17,382.3,0
472,33.11,dining,0,0,13,15,279.7,0
473,32.59,online_retail,0,0,13,6,205.0,0
474,54.55,entertainment,0,0,7,15,690.8,0
475,124.53,dining,0,0,13,13,587.5,0
476,30.43,jewelry,0,0,22,11,45.0,0
477,18.88,travel,0,0,13,11,2050.1,0
478,99.49,dining,0,0,17,9,1320.4,0
479,18.61,dining,0,0,11,11,787.6,0
480,85.36,pharmacy,0,0,11,9,303.5,0
481,33.12,pharmacy,0,0,15,13,87.0,0
482,11.86,pharmacy,0,1,16,20,1149.3,0
483,186.42,travel,0,0,9,11,313.0,0
484,65.86,travel,0,0,13,20,172.9,0
485,61.07,dining,0,1,13,17,2163.1,0
486,121.57,fuel,0,0,21,15,3229.6,0
487,69.82,pharmacy,0,0,19,11,1087.6,0
488,15.74,dining,0,0,21,12,1600.6,0
489,69.41,fuel,0,0,15,17,1318.7,0
490,164.22,pharmacy,0,0,10,16,11.7,0
491,54.94,entertainment,0,1,15,19,864.5,0
492,130.98,online_retail,0,1,13,12,167.2,0
493,11.36,jewelry,0,0,17,15,1774.6,0
494,77.98,fuel,0,0,14,20,191.2,0
495,4.45,grocery,1,0,9,5,161.8,0
496,27.78,online_retail,0,0,13,10,43.3,0
497,98.41,pharmacy,0,0,6,17,259.6,0
498,105.86,jewelry,0,0,11,17,701.5,0
499,92.05,jewelry,0,0,7,14,35.7,0
500,72.48,fuel,0,0,21,12,1361.2,0
501,42.0,pharmacy,0,0,7,18,637.5,0
502,109.46,entertainment,1,0,21,18,438.0,0
503,127.11,online_retail,0,0,20,12,430.5,0
504,68.39,dining,0,0,13,18,584.5,0
505,167.48,electronics,0,0,20,13,2081.4,0
506,138.22,electronics,0,0,12,9,380.8,0
507,104.19,pharmacy,0,0,11,24,413.3,0
508,55.55,dining,0,0,12,15,1553.8,0
509,167.24,grocery,0,0,12,8,1826.3,0
510,45.96,travel,0,0,12,19,180.0,0
511,57.8,grocery,0,0,9,12,1048.5,0
512,12.0,entertainment,0,0,20,9,1901.4,0
513,270.43,utilities,0,0,20,13,136.5,0
514,164.73,entertainment,0,0,17,15,9.4,0
515,37.24,electronics,0,0,14,15,1094.6,0
516,86.06,pharmacy,0,0,8,11,2.8,0
517,152.93,electronics,0,0,14,17,1418.2,0
518,47.93,jewelry,0,0,16,16,95.3,0
519,54.5,travel,0,0,14,13,857.4,0
520,72.9,online_retail,0,0,14,17,1412.1,0
521,58.92,pharmacy,0,0,11,19,679.1,0
522,96.15,jewelry,0,0,13,19,51.8,0
523,4.86,grocery,0,0,22,16,717.0,0
524,49.92,entertainment,0,1,11,18,486.4,0
525,26.8,grocery,0,0,7,9,405.8,0
526,753.44,grocery,1,1,4,6,4.1,1
527,105.4,grocery,0,0,8,11,222.4,0
528,190.6,jewelry,0,0,6,16,155.5,0
529,183.35,dining,0,0,6,19,527.1,0
530,93.37,utilities,0,0,9,19,147.3,0
531,43.9,dining,0,0,17,8,3071.5,0
532,53.7,entertainment,0,0,7,16,736.4,0
533,158.3,jewelry,0,0,15,10,793.4,0
534,223.82,pharmacy,0,0,22,15,1448.7,0
535,124.45,dining,0,0,17,21,465.3,0
536,161.19,electronics,0,0,6,11,417.8,0
537,210.64,utilities,0,0,11,14,1918.7,0
538,88.1,dining,0,0,8,13,1340.4,0
539,33.04,jewelry,0,0,11,16,435.5,0
540,29.62,dining,0,1,17,8,277.1,0
541,122.53,jewelry,0,0,6,13,361.2,0
542,57.17,fuel,0,0,12,17,355.6,0
543,52.6,fuel,0,0,19,13,54.3,0
544,109.18,dining,0,0,17,16,142.9,0
545,83.72,travel,0,1,13,17,1804.3,0
546,98.09,grocery,0,0,22,11,1008.5,0
547,49.25,electronics,0,0,12,9,323.9,0
548,93.06,online_retail,0,0,21,18,1053.4,0
549,16.25,jewelry,0,0,10,19,1044.4,0
550,74.38,travel,0,0,8,20,268.3,0
551,70.31,entertainment,0,0,12,20,1489.2,0
552,73.93,dining,0,0,16,24,73.0,0
553,293.56,dining,0,0,21,18,37.8,0
554,632.93,online_retail,1,0,4,6,6.2,1
555,6.8,jewelry,0,1,19,9,111.6,0
556,705.86,utilities,0,1,1,2,0.4,1
557,120.19,online_retail,1,0,15,19,193.3,0
558,20.13,electronics,0,0,14,8,161.8,0
559,29.33,utilities,0,0,15,9,196.6,0
560,60.5,grocery,0,1,6,14,704.0,0
561,50.28,online_retail,1,0,14,18,2.5,0
562,39.44,electronics,0,0,13,11,856.0,0
563,835.03,travel,1,1,0,4,2.5,1
564,47.05,online_retail,0,0,6,14,205.6,0
565,61.86,fuel,0,0,7,19,187.2,0
566,6.66,electronics,0,0,19,12,1134.0,0
567,20.36,utilities,0,0,11,10,628.8,0
568,89.6,pharmacy,0,0,18,17,39.1,0
569,97.72,electronics,0,0,6,11,131.0,0
570,90.95,travel,0,0,7,10,552.4,0
571,52.31,grocery,0,0,6,20,501.1,0
572,198.86,entertainment,0,0,22,16,219.5,0
573,14.52,jewelry,0,0,20,17,621.6,0
574,113.88,jewelry,0,0,16,20,737.6,0
575,48.44,travel,0,0,16,9,614.9,0
576,110.87,grocery,0,0,22,21,328.3,0
577,63.69,entertainment,0,0,15,18,82.7,0
578,47.08,jewelry,0,0,18,8,753.4,0
579,144.64,entertainment,0,0,14,13,937.5,0
580,33.08,electronics,0,0,7,16,126.0,0
581,49.46,pharmacy,0,0,6,10,1540.4,0
582,49.1,pharmacy,0,0,20,6,345.9,0
583,227.06,entertainment,0,0,13,15,137.9,0
584,173.35,electronics,0,0,8,16,985.6,0
585,71.99,travel,0,0,14,11,268.1,0
586,28.52,entertainment,0,0,7,15,852.1,0
587,132.46,online_retail,0,0,16,10,54.5,0
588,75.52,utilities,0,1,8,12,503.5,0
589,200.67,pharmacy,0,0,15,22,105.5,0
590,150.98,dining,0,0,16,14,444.1,0
591,69.05,fuel,0,0,17,13,596.5,0
592,22.79,jewelry,1,0,8,8,435.8,0
593,16.5,fuel,0,0,6,15,155.3,0
594,109.44,travel,0,0,22,22,352.9,0
595,32.33,pharmacy,0,0,16,18,93.2,0
596,87.5,grocery,0,0,18,15,128.8,0
597,41.76,utilities,0,1,9,11,1735.1,0
598,8.69,electronics,0,0,10,15,211.3,0
599,128.47,dining,0,0,7,18,1570.7,0
600,44.07,grocery,0,0,6,20,251.8,0
601,18.85,entertainment,0,0,11,16,22.3,0
602,670.86,fuel,0,1,2,11,3.4,1
603,81.32,entertainment,0,0,12,10,373.8,0
604,47.03,dining,0,0,17,16,2000.8,0
605,107.46,fuel,0,0,14,19,555.9,0
606,72.84,fuel,0,0,17,17,437.8,0
607,91.22,online_retail,0,0,10,13,384.4,0
608,84.25,pharmacy,0,0,12,11,769.3,0
609,84.0,entertainment,0,0,10,14,1926.2,0
610,129.56,dining,0,0,10,17,156.8,0
611,163.6,online_retail,0,0,17,18,53.4,0
612,17.77,electronics,0,0,14,17,272.7,0
613,48.45,online_retail,0,0,18,12,250.7,0
614,92.46,jewelry,0,0,21,18,331.0,0
615,50.91,entertainment,0,0,10,9,282.8,0
616,170.31,dining,0,0,12,13,1123.9,0
617,17.91,utilities,0,0,22,15,506.0,0
618,54.63,pharmacy,0,0,10,13,227.6,0
619,53.57,utilities,0,0,12,14,48.5,0
620,40.59,pharmacy,0,0,20,16,333.3,0
621,109.22,pharmacy,0,0,9,23,197.4,0
622,12.54,electronics,0,0,14,14,1100.9,0
623,80.79,jewelry,0,0,12,22,80.8,0
624,84.97,electronics,0,0,14,18,238.6,0
625,114.82,utilities,0,0,21,14,156.8,0
626,636.38,travel,0,1,0,2,5.6,1
627,70.87,travel,0,0,12,17,684.3,0
628,139.06,dining,0,0,15,13,197.2,0
629,70.15,travel,0,0,13,20,91.4,0
630,28.82,online_retail,1,0,13,22,312.9,0
631,18.82,grocery,0,0,11,17,1014.7,0
632,249.82,electronics,0,0,11,12,105.9,0
633,25.68,jewelry,0,0,13,17,246.1,0
634,135.28,dining,0,0,8,13,248.4,0
635,77.69,dining,0,0,14,22,8.9,0
636,74.47,pharmacy,0,0,7,13,936.1,0
637,33.69,fuel,0,0,19,16,616.3,0
638,40.06,pharmacy,0,0,8,23,270.6,0
639,38.75,online_retail,0,0,8,9,56.1,0
640,53.23,electronics,0,0,20,21,344.1,0
641,42.69,electronics,0,0,14,18,220.7,0
642,113.23,travel,0,0,15,12,1489.2,0
643,109.3,grocery,0,0,6,15,299.2,0
644,112.31,grocery,0,0,17,12,190.8,0
645,62.13,utilities,0,0,15,18,103.8,0
646,47.81,dining,0,0,10,15,378.9,0
647,46.23,fuel,1,1,16,20,140.1,0
648,114.33,utilities,0,0,8,20,89.3,0
649,96.52,entertainment,0,0,16,18,607.5,0
650,29.23,pharmacy,0,0,10,15,49.5,0
651,69.07,entertainment,0,0,16,18,712.9,0
652,13.77,utilities,0,1,22,18,188.5,0
653,206.85,entertainment,0,0,9,10,368.4,0
654,63.46,online_retail,0,0,8,10,1344.5,0
655,138.04,grocery,0,0,17,19,218.2,0
656,758.64,entertainment,1,1,0,2,5.8,1
657,38.11,pharmacy,0,0,9,14,327.6,0
658,77.99,electronics,0,0,21,17,131.9,0
659,70.26,entertainment,0,0,19,14,470.5,0
660,77.17,fuel,0,0,9,20,75.3,0
661,17.63,pharmacy,0,0,16,16,1310.7,0
662,40.88,jewelry,0,0,11,18,406.6,0
663,19.89,travel,1,0,11,17,901.7,0
664,76.24,pharmacy,0,0,18,15,491.4,0
665,52.58,travel,0,0,21,12,859.1,0
666,61.66,travel,0,0,16,16,170.5,0
667,116.14,travel,0,1,7,13,1275.1,0
668,88.07,entertainment,0,0,21,15,426.1,0
669,9.63,fuel,0,0,6,20,531.3,0
670,39.36,dining,0,0,15,10,90.2,0
671,44.4,online_retail,0,0,15,18,102.1,0
672,151.87,jewelry,0,0,14,17,46.0,0
673,39.82,pharmacy,0,0,15,10,929.1,0
674,120.68,travel,0,0,13,19,32.5,0
675,208.81,utilities,0,0,20,21,445.8,0
676,34.2,travel,0,0,7,17,354.8,0
677,49.02,travel,0,0,13,17,510.6,0
678,6.61,electronics,0,1,12,15,27.8,0
679,72.13,online_retail,0,0,14,15,145.7,0
680,10.52,entertainment,0,0,22,22,1433.6,0
681,64.34,entertainment,0,0,10,12,660.2,0
682,25.66,travel,0,0,17,13,56.3,0
683,4.77,electronics,0,0,16,14,335.1,0
684,63.19,jewelry,0,0,6,20,150.3,0
685,43.86,dining,0,0,15,16,132.6,0
686,71.15,grocery,0,0,11,15,22.7,0
687,119.51,fuel,1,0,22,9,198.0,0
688,216.19,online_retail,0,1,16,18,603.1,0
689,68.82,utilities,0,0,13,17,981.1,0
690,77.62,online_retail,0,0,15,18,1251.6,0
691,87.83,entertainment,0,0,21,13,4.5,0
692,134.81,grocery,0,0,21,17,1402.1,0
693,148.87,online_retail,0,0,9,19,586.2,0
694,61.77,utilities,1,0,15,18,828.0,0
695,20.19,electronics,0,0,16,12,145.9,0
696,171.75,pharmacy,0,0,10,17,945.5,0
697,39.56,utilities,0,0,13,21,236.7,0
698,23.92,grocery,0,0,11,14,1885.3,0
699,36.32,utilities,0,0,21,13,133.0,0
700,60.34,online_retail,0,0,18,18,721.6,0
701,63.42,jewelry,0,0,7,12,1640.7,0
702,48.25,travel,0,0,8,17,1685.4,0
703,179.34,pharmacy,0,0,9,10,2026.4,0
704,24.73,utilities,0,0,8,25,707.2,0
705,53.21,grocery,0,0,15,16,1722.4,0
706,107.41,travel,0,0,17,24,851.1,0
707,156.35,electronics,0,0,21,20,338.7,0
708,137.85,grocery,0,0,14,13,404.2,0
709,49.82,online_retail,0,0,21,13,591.0,0
710,154.93,fuel,0,0,9,14,108.8,0
711,78.37,utilities,0,0,11,17,33.3,0
712,27.56,fuel,0,0,17,20,360.2,0
713,144.86,online_retail,0,0,8,19,141.7,0
714,135.1,electronics,0,0,15,13,440.1,0
715,33.11,dining,0,0,11,16,853.6,0
716,33.55,grocery,0,0,22,13,805.6,0
717,140.56,pharmacy,0,0,8,18,976.8,0
718,94.67,jewelry,0,0,18,22,372.8,0
719,11.11,travel,0,0,17,14,177.5,0
720,666.68,pharmacy,0,0,0,4,0.4,1
721,131.98,pharmacy,0,0,11,16,484.5,0
722,37.87,pharmacy,0,0,17,21,834.8,0
723,201.41,fuel,0,0,15,16,126.8,0
724,27.59,pharmacy,0,0,13,18,126.8,0
725,67.35,pharmacy,0,0,18,12,199.5,0
726,77.81,entertainment,0,0,20,16,96.7,0
727,157.76,entertainment,1,0,9,10,91.6,0
728,66.32,fuel,0,0,20,19,652.9,0
729,107.31,online_retail,0,0,10,9,301.5,0
730,60.57,jewelry,0,0,20,14,131.6,0
731,51.46,travel,0,0,20,11,395.0,0
732,127.06,grocery,1,0,10,12,833.9,0
733,96.42,online_retail,0,0,17,16,558.5,0
734,52.9,entertainment,0,0,12,22,106.6,0
735,73.84,pharmacy,0,0,11,16,880.3,0
736,137.47,online_retail,0,1,9,18,152.4,0
737,21.25,travel,0,0,11,14,549.6,0
738,54.62,grocery,0,0,12,9,176.2,0
739,61.93,fuel,0,0,21,22,363.0,0
740,22.43,jewelry,0,0,6,15,452.3,0
741,54.43,fuel,0,0,7,17,448.0,0
742,15.33,grocery,0,0,12,21,275.2,0
743,97.68,electronics,0,0,16,16,152.1,0
744,45.51,dining,0,0,14,9,54.7,0
745,45.19,utilities,0,0,8,17,227.8,0
746,42.46,entertainment,0,0,8,20,281.2,0
747,78.2,travel,0,0,22,15,184.3,0
748,40.12,travel,0,0,19,16,307.6,0
749,63.29,jewelry,0,0,13,23,1325.5,0
750,59.46,entertainment,0,0,14,15,1081.1,0
751,58.34,electronics,0,0,17,13,555.9,0
752,33.03,online_retail,0,0,13,22,218.8,0
753,30.12,online_retail,0,0,18,17,993.7,0
754,43.51,dining,0,0,14,18,1482.2,0
755,80.94,jewelry,0,0,18,11,211.0,0
756,134.04,grocery,0,0,17,19,342.9,0
757,84.51,travel,0,0,18,14,391.3,0
758,63.0,dining,0,0,15,6,454.2,0
759,84.76,fuel,0,0,10,16,58.1,0
760,28.32,grocery,0,0,17,16,257.4,0
761,22.62,travel,0,0,7,13,136.8,0
762,64.97,utilities,0,0,7,13,1649.4,0
763,12.04,dining,0,0,13,9,635.3,0
764,249.29,grocery,0,1,14,17,5.6,0
765,190.89,fuel,0,0,16,11,64.2,0
766,151.48,fuel,0,0,18,15,28.3,0
767,17.18,travel,0,1,13,11,776.0,0
768,99.1,utilities,1,0,7,13,670.4,0
769,120.7,grocery,0,0,17,15,279.7,0
770,22.39,pharmacy,0,0,20,19,1739.0,0
771,82.07,jewelry,0,0,20,12,65.3,0
772,85.7,jewelry,0,0,8,12,622.2,0
773,43.63,dining,1,1,14,13,374.8,0
774,103.57,utilities,0,0,15,16,234.5,0
775,101.69,grocery,0,0,6,14,933.2,0
776,41.08,entertainment,0,0,18,20,1601.9,0
777,96.95,electronics,0,0,7,13,346.9,0
778,97.5,jewelry,0,1,21,21,67.9,0
779,158.78,electronics,0,0,12,17,62.7,0
780,71.01,fuel,0,1,6,13,933.1,0
781,249.71,entertainment,0,0,21,13,517.2,0
782,81.08,travel,0,0,14,21,90.3,0
783,120.47,pharmacy,0,0,21,15,196.9,0
784,145.2,jewelry,0,0,9,15,175.2,0
785,55.45,utilities,0,0,17,14,668.0,0
786,24.54,online_retail,0,0,22,18,662.4,0
787,111.59,electronics,0,0,21,9,1456.6,0
788,521.55,online_retail,1,1,0,4,0.4,1
789,9.27,utilities,0,0,6,11,168.8,0
790,99.39,fuel,0,0,6,14,711.7,0
791,165.76,online_retail,0,1,14,17,507.5,0
792,0.92,travel,0,0,9,21,681.1,0
793,55.28,electronics,0,0,6,14,1028.7,0
794,177.51,fuel,0,0,7,13,222.1,0
795,621.29,utilities,0,1,3,3,4.5,1
796,29.36,fuel,0,0,8,16,379.1,0
797,149.01,fuel,0,0,16,13,2532.9,0
798,112.62,grocery,0,0,7,14,62.1,0
799,68.08,online_retail,0,0,11,14,973.4,0
800,20.42,online_retail,0,0,9,17,2035.2,0
801,12.57,grocery,0,0,6,17,1054.8,0
802,40.72,travel,0,0,13,10,552.0,0
803,175.64,electronics,0,0,20,6,286.1,0
804,32.49,utilities,0,0,15,14,115.5,0
805,47.73,utilities,0,0,14,19,134.3,0
806,98.41,electronics,0,0,8,17,948.4,0
807,128.59,grocery,0,0,12,10,816.8,0
808,34.42,grocery,0,0,12,21,118.0,0
809,36.51,fuel,0,0,12,9,471.6,0
810,220.25,pharmacy,0,0,19,19,446.1,0
811,155.98,utilities,0,0,13,11,670.2,0
812,60.64,utilities,0,0,9,13,250.0,0
813,48.88,dining,0,0,22,14,49.3,0
814,54.49,pharmacy,0,0,9,15,1161.7,0
815,126.67,utilities,0,0,22,17,0.9,0
816,36.99,online_retail,0,0,20,20,74.5,0
817,212.9,fuel,0,0,21,15,752.3,0
818,30.42,utilities,0,0,13,15,394.5,0
819,20.8,travel,0,1,9,9,646.3,0
820,167.17,jewelry,0,0,9,18,2357.1,0
821,28.17,electronics,0,1,10,16,994.7,0
822,107.51,pharmacy,0,0,11,15,127.8,0
823,118.86,fuel,0,0,21,16,437.4,0
824,41.08,entertainment,0,0,11,13,1526.2,0
825,45.18,pharmacy,0,0,16,11,111.9,0
826,107.48,entertainment,0,0,9,10,99.1,0
827,15.38,grocery,0,0,14,25,1362.5,0
828,39.48,fuel,0,1,21,11,400.9,0
829,38.26,travel,0,0,12,12,263.0,0
830,44.38,entertainment,0,0,9,16,960.6,0
831,37.4,pharmacy,0,0,8,24,331.6,0
832,56.81,electronics,0,0,19,9,1435.3,0
833,57.39,online_retail,0,0,16,18,604.0,0
834,95.85,jewelry,0,0,10,14,137.2,0
835,9.82,pharmacy,0,0,13,18,89.5,0
836,175.01,jewelry,0,0,18,14,421.1,0
837,217.77,travel,0,0,21,13,1796.9,0
838,12.38,electronics,0,0,13,9,1650.9,0
839,41.31,jewelry,0,0,15,11,1206.8,0
840,133.63,jewelry,0,0,20,13,203.8,0
841,71.19,jewelry,0,0,22,16,140.6,0
842,71.2,travel,0,0,7,13,181.9,0
843,126.62,travel,0,0,13,15,1193.6,0
844,31.68,dining,0,0,16,10,732.7,0
845,24.29,entertainment,0,0,15,14,391.0,0
846,72.26,entertainment,0,0,10,21,677.3,0
847,53.0,dining,0,0,22,11,291.1,0
848,104.75,utilities,0,0,19,18,315.5,0
849,114.22,grocery,0,0,18,19,205.6,0
850,124.63,dining,1,0,7,17,63.3,0
851,131.58,dining,0,0,12,19,1045.7,0
852,43.17,grocery,0,0,19,15,951.4,0
853,172.16,grocery,0,1,20,13,1051.2,0
854,89.68,jewelry,0,0,10,20,101.9,0
855,34.17,utilities,0,0,15,20,220.5,0
856,61.62,utilities,0,0,8,13,596.1,0
857,28.57,grocery,0,0,22,20,903.4,0
858,32.68,dining,0,0,22,22,421.8,0
859,199.41,grocery,0,0,15,17,1078.8,0
860,99.29,jewelry,0,0,7,6,513.3,0
861,81.43,pharmacy,0,0,10,24,490.3,0
862,112.22,grocery,0,0,18,10,732.8,0
863,34.65,dining,0,0,10,8,3104.3,0
864,65.17,electronics,0,0,6,13,213.3,0
865,23.69,travel,0,0,15,14,464.2,0
866,50.09,travel,0,0,12,14,410.7,0
867,18.08,jewelry,0,0,8,21,411.5,0
868,0.74,travel,0,1,17,15,722.5,0
869,51.38,jewelry,0,0,21,14,510.3,0
870,53.93,travel,0,0,12,22,636.7,0
871,152.26,entertainment,0,0,22,19,1314.8,0
872,23.24,fuel,0,0,10,12,770.4,0
873,230.02,jewelry,0,0,9,14,182.9,0
874,60.29,entertainment,0,0,21,13,1142.5,0
875,19.79,travel,0,0,15,16,109.1,0
876,72.77,online_retail,0,0,7,14,468.3,0
877,74.71,online_retail,0,1,16,11,377.4,0
878,25.3,utilities,0,0,21,18,292.5,0
879,358.65,travel,1,1,0,3,1.8,1
880,80.37,online_retail,0,0,13,13,122.3,0
881,49.83,electronics,0,0,17,20,125.0,0
882,823.41,jewelry,0,1,4,5,7.8,1
883,392.96,online_retail,0,0,3,4,6.6,1
884,34.6,jewelry,0,0,17,13,590.9,0
885,145.66,electronics,0,0,6,14,423.2,0
886,87.69,utilities,0,0,14,10,187.6,0
887,34.99,travel,0,0,13,14,608.2,0
888,13.23,electronics,0,0,20,13,106.6,0
889,47.46,utilities,0,0,9,12,359.6,0
890,55.76,grocery,0,1,15,14,85.0,0
891,105.29,utilities,0,0,17,13,45.7,0
892,40.08,jewelry,0,0,12,18,2016.5,0
893,121.57,entertainment,0,0,14,12,905.3,0
894,24.56,jewelry,0,0,18,18,932.2,0
895,123.77,grocery,0,0,15,12,427.2,0
896,65.5,fuel,0,0,13,18,527.6,0
897,219.81,electronics,0,0,18,14,862.8,0
898,47.84,dining,0,0,21,11,1275.7,0
899,87.1,online_retail,0,0,18,10,818.2,0
900,22.05,travel,0,0,6,12,445.0,0
901,42.08,utilities,0,1,15,15,748.8,0
902,74.19,electronics,0,0,7,15,223.5,0
903,47.33,pharmacy,0,0,21,11,394.2,0
904,89.26,electronics,0,0,19,12,1319.7,0
905,75.54,entertainment,0,0,11,16,87.9,0
906,1591.46,utilities,0,1,4,2,5.3,1
907,378.42,jewelry,1,1,4,5,2.4,1
908,106.21,travel,0,0,17,7,1585.7,0
909,155.99,fuel,1,0,9,17,863.6,0
910,14.43,entertainment,0,0,13,9,1334.3,0
911,60.06,online_retail,0,0,22,16,491.5,0
912,482.34,entertainment,1,0,3,2,4.7,1
913,136.69,utilities,0,0,15,24,28.3,0
914,23.39,fuel,0,0,18,15,240.8,0
915,47.98,jewelry,0,0,15,22,29.5,0
916,152.69,dining,0,0,20,8,188.3,0
917,6.39,pharmacy,0,0,19,14,141.7,0
918,108.83,online_retail,0,0,18,15,411.0,0
919,95.48,pharmacy,1,0,18,12,733.3,0
920,204.92,online_retail,0,0,22,15,1244.3,0
921,58.67,grocery,0,0,20,19,793.2,0
922,27.72,entertainment,0,0,22,10,924.7,0
923,63.43,jewelry,0,0,21,19,488.4,0
924,68.12,online_retail,0,0,16,14,836.4,0
925,24.63,dining,0,0,18,11,2338.2,0
926,402.38,travel,1,1,2,2,0.9,1
927,60.36,entertainment,0,0,7,22,2830.1,0
928,61.83,pharmacy,0,1,11,15,922.6,0
929,175.3,entertainment,0,0,15,14,130.9,0
930,89.29,utilities,0,0,18,8,138.9,0
931,41.16,fuel,0,0,15,12,1047.4,0
932,51.54,electronics,0,0,14,17,265.3,0
933,85.07,jewelry,0,0,18,20,349.8,0
934,74.57,fuel,0,0,16,14,381.2,0
935,75.17,fuel,0,0,16,9,414.5,0
936,40.13,fuel,0,0,13,14,129.1,0
937,69.71,travel,0,0,21,15,3817.6,0
938,35.71,electronics,0,0,21,19,102.3,0
939,127.38,entertainment,0,0,12,15,330.5,0
940,27.19,dining,1,0,6,19,403.3,0
941,516.68,online_retail,0,0,4,3,0.9,1
942,46.02,dining,0,0,20,15,141.3,0
943,54.84,dining,0,0,9,12,43.2,0
944,47.38,pharmacy,0,0,16,12,357.4,0
945,148.7,jewelry,0,0,20,17,703.3,0
946,247.11,jewelry,0,0,18,20,954.2,0
947,142.56,travel,0,0,12,15,564.1,0
948,126.88,fuel,0,0,21,16,985.5,0
949,134.57,utilities,0,0,22,21,976.4,0
950,82.35,utilities,0,0,15,18,177.2,0
951,65.55,jewelry,0,0,6,10,456.0,0
952,215.87,jewelry,0,0,18,22,907.1,0
953,53.17,jewelry,0,0,21,8,94.7,0
954,73.84,dining,0,0,6,13,718.8,0
955,86.53,electronics,0,0,17,14,722.3,0
956,207.04,fuel,0,0,15,17,125.7,0
957,71.25,grocery,0,0,17,19,268.3,0
958,1494.9,jewelry,0,1,1,3,7.5,1
959,135.34,entertainment,0,0,6,14,862.7,0
960,99.67,utilities,0,0,18,9,74.0,0
961,72.66,fuel,0,0,8,15,663.9,0
962,160.89,utilities,0,0,7,17,106.5,0
963,223.93,entertainment,0,0,13,12,630.4,0
964,77.6,fuel,0,0,15,17,31.6,0
965,49.13,pharmacy,0,0,9,16,563.7,0
966,94.21,electronics,0,0,10,13,100.4,0
967,56.33,grocery,0,0,13,21,48.0,0
968,34.89,utilities,0,0,15,17,371.2,0
969,181.48,dining,0,0,14,14,123.2,0
970,91.24,grocery,0,0,16,15,100.3,0
971,147.52,jewelry,0,0,20,19,283.5,0
972,16.67,online_retail,0,0,10,12,364.4,0
973,539.08,utilities,1,0,1,4,11.0,1
974,74.04,grocery,0,0,21,12,613.0,0
975,17.58,pharmacy,0,0,6,19,2079.8,0
976,179.13,grocery,1,0,6,16,1267.6,0
977,10.12,travel,0,0,20,20,256.9,0
978,23.97,jewelry,0,0,12,8,103.1,0
979,226.2,pharmacy,0,0,19,23,1346.5,0
980,14.74,grocery,0,0,12,14,571.8,0
981,56.23,jewelry,0,0,6,19,1136.5,0
982,90.41,pharmacy,0,0,11,12,535.6,0
983,39.62,utilities,0,0,9,20,664.5,0
984,183.44,electronics,0,0,15,15,558.6,0
985,190.06,electronics,0,0,13,16,1956.1,0
986,105.14,entertainment,0,0,13,16,66.1,0
987,50.81,electronics,0,0,18,16,64.4,0
988,59.22,online_retail,0,0,21,16,798.9,0
989,145.45,pharmacy,0,0,12,15,23.8,0
990,88.21,utilities,0,0,9,13,834.0,0
991,151.62,utilities,0,0,15,18,1845.6,0
992,132.31,grocery,0,0,21,21,379.5,0
993,111.62,pharmacy,0,0,15,13,880.1,0
994,69.88,dining,0,0,12,13,199.0,0
995,109.7,fuel,0,0,12,14,542.8,0
996,29.71,online_retail,0,0,15,14,279.2,0
997,253.35,jewelry,0,0,8,13,181.9,0
998,67.43,utilities,0,0,18,15,465.8,0
999,141.58,dining,0,0,15,14,558.0,0
1000,81.01,travel,0,0,17,14,119.2,0
1001,70.38,dining,0,1,13,8,2172.8,0
1002,86.86,grocery,0,0,11,19,566.4,0
1003,48.12,travel,0,0,6,14,349.9,0
1004,56.84,utilities,0,0,14,17,198.8,0
1005,78.95,dining,0,0,12,6,334.8,0
1006,18.24,jewelry,0,0,17,18,246.7,0
1007,71.9,fuel,0,1,10,17,2361.8,0
1008,120.78,fuel,0,0,14,14,161.9,0
1009,62.49,electronics,0,0,19,14,55.0,0
1010,74.5,grocery,0,0,10,19,1367.3,0
1011,27.0,entertainment,0,0,18,12,330.8,0
1012,182.54,jewelry,0,0,7,16,390.3,0
1013,4.09,utilities,0,0,20,17,50.6,0
1014,8.76,online_retail,1,0,18,12,1277.1,0
1015,36.25,entertainment,0,0,6,17,233.2,0
1016,43.34,utilities,0,1,21,12,595.3,0
1017,148.84,fuel,0,0,15,19,1238.7,0
1018,63.21,travel,0,0,10,24,71.0,0
1019,80.27,online_retail,0,0,22,17,864.1,0
1020,831.65,fuel,0,0,2,2,8.2,1
1021,92.07,online_retail,0,0,14,17,700.0,0
1022,108.84,fuel,1,0,21,13,118.9,0
1023,155.56,travel,0,0,12,10,286.2,0
1024,58.59,travel,0,0,12,14,262.7,0
1025,27.46,grocery,0,0,20,18,232.1,0
1026,96.33,entertainment,0,0,13,14,8.4,0
1027,151.83,fuel,0,1,15,12,784.6,0
1028,120.87,pharmacy,0,0,11,13,1117.0,0
1029,672.86,online_retail,0,0,0,1,0.6,1
1030,16.87,electronics,0,0,19,9,87.1,0
1031,135.15,dining,1,0,19,16,381.2,0
1032,112.27,dining,0,0,9,10,2241.6,0
1033,45.84,utilities,0,0,8,11,130.4,0
1034,25.93,travel,0,0,22,18,364.0,0
1035,22.51,online_retail,0,0,15,11,300.2,0
1036,108.42,electronics,0,0,10,11,1254.5,0
1037,41.96,online_retail,0,0,14,12,785.9,0
1038,22.93,travel,0,0,16,14,513.6,0
1039,70.88,online_retail,0,0,17,13,496.9,0
1040,112.31,travel,0,1,20,19,305.5,0
1041,190.12,utilities,0,0,11,18,97.1,0
1042,103.63,utilities,0,0,10,15,215.7,0
1043,58.89,entertainment,0,0,22,13,1196.8,0
1044,77.02,grocery,0,0,18,15,1523.0,0
1045,984.32,pharmacy,0,0,0,6,0.9,1
1046,72.12,grocery,0,0,20,12,283.1,0
1047,93.3,entertainment,0,0,13,27,1551.3,0
1048,107.92,online_retail,0,0,10,19,426.4,0
1049,84.93,pharmacy,0,0,18,18,147.6,0
1050,6.75,jewelry,0,0,12,12,802.3,0
1051,21.08,electronics,0,0,21,17,339.8,0
1052,95.57,electronics,0,0,11,13,645.3,0
1053,129.33,fuel,0,0,22,17,225.2,0
1054,438.93,grocery,1,0,0,2,0.7,1
1055,21.51,pharmacy,0,0,15,14,659.6,0
1056,54.11,entertainment,0,1,6,10,477.0,0
1057,110.66,electronics,0,0,22,12,593.6,0
1058,89.3,entertainment,0,0,15,18,44.7,0
1059,62.17,entertainment,0,0,19,17,557.0,0
1060,16.82,entertainment,0,0,17,11,72.4,0
1061,64.08,utilities,0,0,6,13,203.2,0
1062,94.83,utilities,1,0,20,17,437.7,0
1063,42.09,entertainment,0,0,12,18,845.9,0
1064,40.52,entertainment,0,0,6,14,1397.7,0
1065,19.36,online_retail,0,0,21,15,135.9,0
1066,113.9,jewelry,0,0,18,10,370.6,0
1067,103.34,grocery,0,0,16,15,130.6,0
1068,21.58,pharmacy,0,0,22,12,119.5,0
1069,111.86,utilities,0,0,14,7,1762.0,0
1070,26.85,electronics,0,0,20,25,349.8,0
1071,39.87,online_retail,0,0,8,9,77.0,0
1072,36.02,dining,0,0,15,17,341.7,0
1073,18.86,grocery,1,0,11,21,762.7,0
1074,237.49,jewelry,0,0,9,12,287.4,0
1075,135.86,grocery,0,0,6,10,174.9,0
1076,56.76,grocery,0,0,7,15,19.8,0
1077,42.7,travel,0,0,10,16,277.5,0
1078,36.3,pharmacy,0,0,7,13,317.1,0
1079,90.71,online_retail,1,0,13,12,57.4,0
1080,65.41,pharmacy,0,1,10,13,40.3,0
1081,89.62,grocery,0,0,6,15,753.8,0
1082,38.53,pharmacy,0,0,21,9,373.9,0
1083,60.09,entertainment,0,1,11,16,369.6,0
1084,19.71,jewelry,0,0,10,11,257.2,0
1085,39.89,pharmacy,1,0,11,21,329.5,0
1086,18.47,jewelry,0,0,15,16,87.3,0
1087,115.24,dining,0,0,22,18,49.0,0
1088,71.39,pharmacy,0,0,19,19,292.6,0
1089,107.22,online_retail,0,0,9,9,1332.4,0
1090,33.7,electronics,0,0,6,13,245.0,0
1091,34.83,grocery,0,0,19,14,869.1,0
1092,6.0,online_retail,0,0,19,15,32.0,0
1093,122.05,fuel,0,0,20,12,685.8,0
1094,29.41,electronics,0,0,19,19,1146.5,0
1095,25.25,dining,0,0,16,13,957.1,0
1096,16.9,pharmacy,0,0,20,22,246.8,0
1097,55.12,online_retail,0,0,21,17,437.4,0
1098,87.68,utilities,0,0,19,11,542.7,0
1099,5.57,jewelry,0,0,22,17,679.6,0
1100,88.65,entertainment,0,0,21,13,66.5,0
1101,25.75,pharmacy,0,0,7,21,30.2,0
1102,35.39,entertainment,0,0,21,19,145.8,0
1103,165.61,electronics,0,0,18,14,42.7,0
1104,20.92,entertainment,0,0,11,24,3271.4,0
1105,25.57,electronics,0,0,18,18,1158.7,0
1106,43.3,travel,0,0,7,8,1557.6,0
1107,72.11,jewelry,0,0,17,12,771.7,0
1108,10.25,jewelry,0,0,13,17,1224.4,0
1109,78.29,pharmacy,0,0,19,10,263.4,0
1110,132.51,entertainment,0,0,14,13,144.4,0
1111,64.06,pharmacy,0,0,12,12,252.1,0
1112,24.95,entertainment,0,0,18,17,873.3,0
1113,156.8,travel,0,0,18,15,471.5,0
1114,51.14,pharmacy,0,0,9,12,2018.6,0
1115,82.34,dining,0,0,16,12,2113.6,0
1116,37.46,grocery,0,0,15,19,961.5,0
1117,202.56,online_retail,0,0,17,23,111.0,0
1118,108.25,fuel,0,0,7,14,158.2,0
1119,79.87,utilities,0,0,16,9,100.4,0
1120,37.16,pharmacy,0,0,15,13,417.4,0
1121,501.54,pharmacy,1,0,0,4,0.3,1
1122,120.58,travel,1,0,11,13,51.5,0
1123,32.7,dining,0,0,20,12,1046.1,0
1124,35.73,entertainment,0,0,14,19,1866.7,0
1125,149.17,electronics,0,0,17,15,1778.7,0
1126,36.19,entertainment,0,0,13,17,1246.2,0
1127,110.81,utilities,1,1,15,13,1442.4,0
1128,84.45,jewelry,0,0,19,15,194.4,0
1129,90.52,travel,0,1,11,18,86.6,0
1130,160.07,pharmacy,0,0,12,20,233.9,0
1131,50.08,utilities,0,0,13,14,1007.8,0
1132,61.31,online_retail,0,0,13,17,181.8,0
1133,31.63,grocery,0,0,10,8,383.1,0
1134,25.05,travel,0,0,22,21,2747.9,0
1135,33.36,entertainment,0,0,21,11,114.0,0
1136,88.85,fuel,0,0,22,12,513.2,0
1137,59.49,dining,0,0,13,17,122.2,0
1138,3.78,fuel,0,0,6,19,1878.4,0
1139,23.14,online_retail,0,1,18,13,641.2,0
1140,130.4,electronics,0,0,13,15,11.7,0
1141,82.99,dining,0,0,12,14,1550.0,0
1142,124.82,travel,0,0,20,11,1004.4,0
1143,77.04,grocery,0,0,21,22,1315.9,0
1144,129.81,grocery,0,1,16,11,2093.8,0
1145,60.42,grocery,0,0,21,20,333.8,0
1146,42.88,utilities,0,0,22,16,184.0,0
1147,50.84,fuel,0,0,22,16,43.7,0
1148,44.61,jewelry,0,0,19,19,738.4,0
1149,30.29,jewelry,0,0,17,14,37.3,0
1150,66.38,utilities,0,0,11,10,407.4,0
1151,52.89,fuel,0,0,12,18,133.3,0
1152,73.43,electronics,0,0,18,16,315.3,0
1153,16.83,electronics,0,0,17,15,158.5,0
1154,48.58,electronics,0,0,14,12,639.8,0
1155,43.3,travel,0,0,17,14,145.6,0
1156,74.55,entertainment,0,0,7,12,272.0,0
1157,24.54,grocery,0,0,6,14,123.4,0
1158,34.89,travel,0,1,20,15,76.6,0
1159,800.98,utilities,1,0,1,5,8.9,1
1160,46.12,fuel,0,0,15,22,55.6,0
1161,13.65,dining,0,0,17,14,47.6,0
1162,24.6,electronics,0,0,14,15,632.7,0
1163,99.44,electronics,0,0,13,14,607.2,0
1164,11.07,pharmacy,0,0,20,15,60.2,0
1165,15.7,electronics,0,1,20,15,349.2,0
1166,26.02,electronics,0,0,9,10,747.7,0
1167,21.36,pharmacy,0,0,8,14,698.1,0
1168,2.73,electronics,0,0,17,10,19.4,0
1169,39.03,dining,0,0,6,13,53.9,0
1170,36.09,online_retail,0,0,14,11,432.3,0
1171,112.31,grocery,0,0,13,13,27.6,0
1172,39.92,dining,0,0,12,18,67.7,0
1173,35.07,electronics,0,0,8,15,182.9,0
1174,76.48,entertainment,0,0,7,13,214.6,0
1175,91.88,entertainment,0,0,20,16,140.8,0
1176,68.92,entertainment,0,0,17,11,7.0,0
1177,24.82,fuel,0,0,12,14,434.3,0
1178,33.16,dining,1,0,17,14,872.9,0
1179,27.13,electronics,0,0,12,11,372.1,0
1180,66.44,utilities,0,0,22,11,1237.0,0
1181,100.6,electronics,0,0,15,19,457.7,0
1182,47.24,electronics,0,0,22,15,68.2,0
1183,100.38,pharmacy,0,0,21,19,1052.1,0
1184,21.97,utilities,0,0,16,15,18.9,0
1185,148.43,jewelry,0,0,21,12,1296.7,0
1186,92.03,electronics,0,1,12,14,951.3,0
1187,117.65,electronics,0,0,22,15,39.2,0
1188,46.14,grocery,0,0,15,26,374.8,0
1189,109.76,electronics,0,0,17,16,465.0,0
1190,33.25,grocery,0,0,7,16,492.7,0
1191,20.16,online_retail,0,0,9,21,1096.7,0
1192,188.16,dining,0,0,15,18,353.9,0
1193,126.53,dining,0,0,17,11,973.6,0
1194,1283.3,electronics,1,1,2,5,14.1,1
1195,188.06,grocery,0,0,11,26,257.2,0
1196,84.27,fuel,0,0,17,12,901.8,0
1197,73.67,travel,0,0,13,12,706.5,0
1198,53.85,electronics,0,0,8,17,856.8,0
1199,91.5,grocery,0,0,20,10,323.7,0
1200,160.29,utilities,0,0,15,8,502.8,0
1201,41.3,jewelry,1,0,11,10,227.3,0
1202,108.32,jewelry,0,1,14,17,896.6,0
1203,68.38,jewelry,0,0,18,15,1229.0,0
1204,12.31,jewelry,0,0,9,18,1019.5,0
1205,55.29,entertainment,0,0,22,18,465.8,0
1206,62.64,travel,0,0,6,19,1421.8,0
1207,139.26,pharmacy,0,0,21,18,36.7,0
1208,71.18,grocery,0,0,10,7,156.8,0
1209,62.51,grocery,0,0,20,10,193.0,0
1210,44.35,online_retail,0,0,11,22,261.9,0
1211,27.93,grocery,0,0,21,9,59.8,0
1212,42.09,grocery,0,0,11,18,363.2,0
1213,53.68,fuel,0,0,19,13,310.0,0
1214,116.81,jewelry,0,0,12,13,3976.4,0
1215,41.04,jewelry,0,0,10,11,434.5,0
1216,136.31,grocery,0,0,10,11,1071.3,0
1217,26.29,electronics,0,0,20,14,8.9,0
1218,64.63,utilities,0,0,17,12,233.9,0
1219,119.91,jewelry,0,0,10,19,159.9,0
1220,30.84,dining,0,0,18,17,561.8,0
1221,22.19,grocery,0,0,21,15,103.7,0
1222,23.63,online_retail,0,0,19,16,1175.1,0
1223,95.36,online_retail,0,0,6,16,111.7,0
1224,87.14,electronics,0,0,14,14,75.7,0
1225,41.89,travel,0,0,19,6,14.6,0
1226,74.25,electronics,0,1,11,15,229.3,0
1227,51.35,dining,0,0,20,11,198.3,0
1228,260.62,fuel,0,0,15,10,523.6,0
1229,20.2,online_retail,0,0,9,11,74.2,0
1230,172.29,jewelry,0,0,9,10,263.8,0
1231,294.61,grocery,0,0,14,10,298.1,0
1232,132.3,dining,0,0,15,21,205.2,0
1233,109.63,pharmacy,0,0,18,12,112.8,0
1234,76.1,jewelry,0,0,18,12,1078.2,0
1235,20.22,grocery,0,0,18,15,470.6,0
1236,50.13,jewelry,0,0,11,17,1212.1,0
1237,52.06,travel,1,0,21,18,1902.4,0
1238,53.7,entertainment,0,0,16,13,892.5,0
1239,71.26,utilities,0,0,11,20,553.0,0
1240,327.37,travel,1,0,1,1,12.9,1
1241,65.23,jewelry,0,0,13,19,1657.6,0
1242,82.42,dining,0,0,22,12,135.2,0
1243,21.72,pharmacy,1,0,20,20,391.0,0
1244,56.19,entertainment,0,0,11,11,141.2,0
1245,60.47,fuel,0,0,8,14,1430.8,0
1246,73.58,grocery,0,0,10,8,200.9,0
1247,49.74,fuel,0,0,19,15,6.6,0
1248,40.59,travel,0,1,13,25,1976.4,0
1249,34.37,travel,0,0,9,17,168.5,0
1250,55.52,fuel,0,0,6,19,1533.6,0
1251,191.72,entertainment,0,0,10,20,382.5,0
1252,96.93,jewelry,0,0,14,11,208.7,0
1253,107.36,online_retail,0,0,14,13,39.0,0
1254,52.08,travel,0,0,17,18,744.6,0
1255,63.67,dining,0,0,7,20,1793.1,0
1256,102.03,electronics,0,0,21,21,114.8,0
1257,184.07,jewelry,0,0,8,14,867.5,0
1258,114.77,jewelry,0,0,22,14,11.5,0
1259,30.99,entertainment,0,0,17,23,1105.8,0
1260,144.27,pharmacy,0,0,7,12,125.8,0
1261,70.95,jewelry,0,0,20,14,235.8,0
1262,55.85,online_retail,0,0,14,14,454.2,0
1263,35.51,entertainment,0,0,14,16,735.7,0
1264,24.87,jewelry,0,0,21,16,219.3,0
1265,71.96,utilities,0,0,13,13,13.2,0
1266,50.39,jewelry,0,0,7,13,931.1,0
1267,118.96,fuel,0,0,11,14,136.9,0
1268,33.29,fuel,0,0,11,13,775.2,0
1269,23.72,jewelry,0,0,11,14,30.5,0
1270,113.87,online_retail,0,1,16,10,338.3,0
1271,148.56,electronics,1,0,6,14,316.7,0
1272,89.32,entertainment,0,0,10,15,1879.6,0
1273,81.27,entertainment,1,0,17,14,909.5,0
1274,39.27,dining,0,0,21,10,61.5,0
1275,10.78,entertainment,0,0,20,19,830.6,0
1276,58.71,utilities,0,0,15,16,1090.4,0
1277,95.32,fuel,0,0,17,7,46.0,0
1278,112.77,fuel,0,0,8,7,18.5,0
1279,30.81,utilities,0,0,9,14,999.9,0
1280,65.53,grocery,0,0,20,16,1063.6,0
1281,64.58,jewelry,0,0,6,16,2014.7,0
1282,104.47,entertainment,0,0,20,12,1285.7,0
1283,45.64,pharmacy,0,0,14,11,664.3,0
1284,15.44,online_retail,0,0,20,13,358.1,0
1285,76.03,entertainment,0,0,15,19,295.3,0
1286,93.97,utilities,0,0,12,16,931.0,0
1287,16.53,travel,0,0,7,13,24.2,0
1288,28.55,dining,0,1,12,22,334.8,0
1289,163.08,electronics,1,0,19,21,4.0,0
1290,711.71,jewelry,1,1,3,6,0.3,1
1291,19.81,travel,0,0,19,11,182.0,0
1292,87.91,jewelry,0,0,18,18,519.0,0
1293,38.77,grocery,0,0,17,16,358.0,0
1294,214.88,grocery,1,0,17,16,549.4,0
1295,30.22,travel,0,0,21,15,67.8,0
1296,154.09,dining,0,0,9,17,1182.1,0
1297,33.47,fuel,0,0,17,18,616.2,0
1298,121.14,online_retail,0,1,18,15,311.5,0
1299,19.36,dining,0,0,20,13,817.5,0
1300,127.83,online_retail,0,0,22,17,102.8,0
1301,31.28,grocery,0,0,11,11,747.8,0
1302,80.2,electronics,0,0,8,21,1251.1,0
1303,55.21,electronics,0,0,6,17,533.6,0
1304,33.71,grocery,1,0,22,11,1085.1,0
1305,50.11,online_retail,0,0,6,17,234.4,0
1306,51.29,jewelry,0,0,17,11,526.3,0
1307,148.8,electronics,0,0,6,13,125.1,0
1308,110.85,dining,0,0,11,12,636.1,0
1309,53.23,electronics,0,0,11,14,227.3,0
1310,11.4,pharmacy,0,0,13,9,390.3,0
1311,37.27,travel,0,0,11,18,186.6,0
1312,89.47,jewelry,0,0,19,7,1129.3,0
1313,64.11,utilities,0,0,7,11,323.1,0
1314,85.09,pharmacy,0,0,19,11,337.7,0
1315,59.43,grocery,0,0,18,15,301.5,0
1316,56.28,grocery,0,0,15,14,253.5,0
1317,90.21,travel,1,1,19,18,1533.9,0
1318,116.28,travel,0,0,11,16,240.2,0
1319,116.05,dining,0,0,8,19,586.5,0
1320,164.12,electronics,0,1,14,12,605.3,0
1321,17.14,fuel,0,1,14,7,81.8,0
1322,58.5,jewelry,0,0,13,14,297.3,0
1323,107.18,electronics,0,0,18,17,570.2,0
1324,92.98,entertainment,0,0,10,23,942.6,0
1325,189.4,electronics,0,0,19,16,727.9,0
1326,16.13,pharmacy,0,0,13,12,30.8,0
1327,27.07,jewelry,0,0,17,21,47.3,0
1328,57.31,fuel,0,0,6,15,192.3,0
1329,151.95,travel,0,1,10,11,247.2,0
1330,78.21,pharmacy,0,0,10,12,439.0,0
1331,61.42,pharmacy,0,0,13,20,261.2,0
1332,156.53,online_retail,0,0,7,11,1031.9,0
1333,18.05,online_retail,0,0,8,11,552.9,0
1334,58.0,jewelry,0,0,12,11,103.4,0
1335,65.73,grocery,0,0,21,12,313.9,0
1336,8.57,pharmacy,0,0,6,12,120.5,0
1337,136.14,utilities,0,0,19,12,756.0,0
1338,182.49,utilities,0,0,7,13,2.1,0
1339,37.77,dining,1,0,11,11,691.7,0
1340,72.14,travel,0,0,13,20,385.8,0
1341,114.41,online_retail,0,0,14,13,591.6,0
1342,39.85,dining,0,0,21,19,85.4,0
1343,38.86,online_retail,0,0,8,23,1754.8,0
1344,101.96,travel,0,0,13,12,152.3,0
1345,35.27,utilities,0,0,12,16,591.3,0
1346,92.58,jewelry,0,0,6,22,521.8,0
1347,219.69,pharmacy,0,0,18,13,573.2,0
1348,34.81,pharmacy,0,0,7,16,2092.7,0
1349,70.88,utilities,0,0,18,14,38.4,0
1350,62.52,jewelry,0,0,7,14,106.4,0
1351,167.48,pharmacy,0,0,12,26,248.9,0
1352,86.72,travel,0,0,21,23,810.3,0
1353,26.3,fuel,0,0,10,19,889.1,0
1354,9.36,dining,0,0,15,25,1161.2,0
1355,123.18,dining,0,0,18,15,504.2,0
1356,42.29,pharmacy,0,0,8,11,391.9,0
1357,95.67,grocery,0,0,6,10,85.3,0
1358,226.26,travel,0,0,18,10,111.8,0
1359,39.95,entertainment,0,0,6,16,1070.5,0
1360,125.28,entertainment,0,0,17,22,320.7,0
1361,47.25,grocery,0,0,13,10,301.5,0
1362,12.59,travel,0,0,17,11,763.2,0
1363,5.2,fuel,0,0,9,10,433.9,0
1364,3.95,online_retail,0,0,22,15,561.5,0
1365,54.83,fuel,0,0,22,19,771.4,0
1366,135.21,utilities,0,0,16,15,415.6,0
1367,77.24,pharmacy,0,0,14,9,1268.2,0
1368,41.61,online_retail,0,0,18,12,133.8,0
1369,45.89,grocery,0,0,20,16,489.2,0
1370,78.61,entertainment,0,0,10,13,1049.6,0
1371,143.23,dining,0,0,19,15,387.0,0
1372,57.81,pharmacy,0,0,8,16,379.2,0
1373,37.66,jewelry,0,0,16,11,354.1,0
1374,59.83,jewelry,0,0,22,17,722.0,0
1375,3.73,fuel,0,0,13,18,570.6,0
1376,151.24,pharmacy,0,0,15,8,575.2,0
1377,59.19,utilities,0,0,15,20,875.1,0
1378,32.11,online_retail,0,0,15,13,175.4,0
1379,61.41,entertainment,0,0,20,13,222.5,0
1380,72.29,utilities,0,0,16,10,968.6,0
1381,60.0,fuel,0,0,7,12,189.3,0
1382,19.29,travel,0,0,9,22,147.1,0
1383,30.68,fuel,0,0,9,17,530.0,0
1384,58.06,utilities,0,0,22,19,198.1,0
1385,9.24,electronics,1,0,10,14,996.0,0
1386,68.27,online_retail,0,0,10,13,746.7,0
1387,223.19,online_retail,0,0,10,16,570.4,0
1388,130.37,electronics,0,0,21,15,3108.4,0
1389,110.96,travel,0,0,19,22,487.6,0
1390,264.3,travel,0,0,6,24,1282.2,0
1391,55.45,entertainment,0,0,7,16,75.1,0
1392,158.68,grocery,0,0,6,10,458.5,0
1393,41.54,travel,0,0,17,14,1336.3,0
1394,36.27,grocery,0,0,9,17,277.5,0
1395,31.96,fuel,0,0,21,13,695.8,0
1396,21.66,travel,0,0,9,14,582.4,0
1397,90.44,utilities,0,0,9,13,1455.4,0
1398,66.48,entertainment,0,0,16,15,1028.7,0
1399,89.78,grocery,0,0,11,18,917.2,0
1400,134.81,pharmacy,0,0,9,17,230.6,0
1401,106.42,fuel,0,0,15,11,299.0,0
1402,71.91,travel,0,0,12,15,1098.2,0
1403,107.97,travel,0,0,17,14,295.2,0
1404,14.48,grocery,0,0,10,14,108.5,0
1405,49.24,electronics,0,0,18,12,466.6,0
1406,71.54,jewelry,0,0,16,11,564.4,0
1407,56.44,utilities,0,0,12,16,164.9,0
1408,28.3,fuel,0,0,14,13,163.5,0
1409,67.67,utilities,0,0,21,10,662.0,0
1410,71.11,online_retail,0,0,7,13,438.4,0
1411,108.16,fuel,0,0,6,11,726.2,0
1412,120.22,travel,0,0,11,15,258.8,0
1413,57.31,pharmacy,0,0,22,15,188.1,0
1414,193.1,jewelry,0,1,13,16,911.7,0
1415,47.24,travel,0,1,19,14,617.4,0
1416,98.65,jewelry,0,0,20,13,1045.3,0
1417,75.46,dining,0,1,22,14,1281.2,0
1418,222.5,grocery,0,0,14,16,671.1,0
1419,185.97,fuel,0,0,21,16,67.7,0
1420,56.4,dining,0,0,20,14,980.2,0
1421,118.56,travel,0,0,14,14,165.6,0
1422,74.28,dining,0,0,11,17,150.8,0
1423,135.02,electronics,0,0,16,17,34.0,0
1424,110.8,online_retail,0,0,8,20,165.9,0
1425,141.6,grocery,0,0,6,18,549.6,0
1426,84.56,dining,0,0,18,20,298.3,0
1427,46.12,fuel,0,0,11,14,818.0,0
1428,637.26,pharmacy,1,0,2,2,4.5,1
1429,25.0,online_retail,0,0,12,11,672.5,0
1430,95.47,dining,0,0,22,20,802.4,0
1431,67.51,grocery,0,0,7,11,108.7,0
1432,119.05,entertainment,0,0,14,15,275.5,0
1433,80.85,dining,0,0,8,21,140.0,0
1434,219.04,dining,0,0,18,20,55.8,0
1435,76.8,electronics,0,0,16,15,76.0,0
1436,172.31,online_retail,0,0,19,19,101.7,0
1437,652.19,pharmacy,1,1,0,2,3.7,1
1438,19.75,pharmacy,0,0,16,21,22.6,0
1439,126.06,electronics,0,0,18,7,193.6,0
1440,30.98,jewelry,0,0,14,11,630.6,0
1441,43.33,online_retail,0,0,7,16,384.6,0
1442,70.81,fuel,0,0,19,20,6.5,0
1443,23.84,travel,0,0,7,17,210.4,0
1444,30.72,travel,0,0,20,15,439.8,0
1445,60.17,grocery,0,0,17,19,748.2,0
1446,86.52,online_retail,0,0,19,17,1066.7,0
1447,31.13,electronics,0,0,7,10,480.7,0
1448,61.68,fuel,0,0,12,14,733.2,0
1449,22.01,electronics,0,0,20,21,9.5,0
1450,151.42,electronics,0,1,20,21,314.0,0
1451,325.63,dining,0,0,17,13,582.9,0
1452,86.6,entertainment,0,0,12,21,133.1,0
1453,205.11,dining,0,0,15,15,437.0,0
1454,158.41,fuel,0,0,22,11,438.5,0
1455,136.46,travel,0,1,11,17,445.8,0
1456,294.94,online_retail,1,0,14,15,171.6,0
1457,54.5,entertainment,0,0,7,16,424.8,0
1458,69.8,jewelry,1,1,11,17,585.2,0
1459,153.04,pharmacy,0,0,11,20,208.9,0
1460,116.88,electronics,0,0,21,5,662.5,0
1461,73.69,pharmacy,0,0,13,18,487.9,0
1462,150.9,jewelry,0,0,7,23,433.0,0
1463,69.05,dining,0,0,9,19,1224.3,0
1464,47.69,travel,0,0,20,11,829.7,0
1465,98.54,pharmacy,0,1,18,10,541.4,0
1466,62.88,entertainment,0,0,17,25,231.0,0
1467,104.9,pharmacy,0,0,20,17,179.4,0
1468,13.37,grocery,0,0,14,13,652.7,0
1469,73.91,electronics,0,0,22,15,2052.9,0
1470,71.09,grocery,0,0,22,13,133.4,0
1471,73.18,jewelry,0,0,15,16,583.6,0
1472,63.66,jewelry,0,0,15,15,228.3,0
1473,34.8,entertainment,0,0,13,16,98.9,0
1474,74.16,pharmacy,1,0,19,12,465.6,0
1475,33.43,electronics,0,0,10,17,1653.1,0
1476,102.66,utilities,1,0,20,13,330.8,0
1477,108.31,utilities,0,0,6,23,1707.9,0
1478,19.57,jewelry,0,0,10,16,1346.9,0
1479,882.71,jewelry,1,1,2,2,2.1,1
1480,63.55,travel,0,0,9,11,502.3,0
1481,23.38,travel,0,0,20,15,10.5,0
1482,138.21,dining,0,0,12,9,52.0,0
1483,26.12,grocery,0,0,13,14,120.9,0
1484,55.79,jewelry,0,0,22,9,529.6,0
1485,84.36,online_retail,0,0,14,21,550.3,0
1486,22.38,utilities,0,0,8,12,20.5,0
1487,31.6,dining,0,0,16,18,313.3,0
1488,664.14,fuel,1,0,2,2,2.2,1
1489,102.65,entertainment,0,0,7,16,1122.1,0
1490,115.9,pharmacy,0,0,7,19,727.3,0
1491,68.13,electronics,0,0,19,15,951.3,0
1492,55.63,grocery,0,0,9,13,93.7,0
1493,134.79,electronics,0,0,9,17,755.8,0
1494,58.37,grocery,0,0,8,11,1274.0,0
1495,60.56,grocery,0,0,7,9,780.7,0
1496,298.94,jewelry,0,0,17,13,289.1,0
1497,91.4,electronics,0,0,21,7,230.4,0
1498,275.21,fuel,0,0,12,12,208.6,0
1499,67.87,electronics,0,0,10,15,444.2,0
1500,14.36,travel,0,0,9,15,1617.2,0
1501,226.23,jewelry,0,0,7,11,534.8,0
1502,67.03,jewelry,0,0,13,20,534.1,0
1503,11.75,dining,0,0,21,12,1265.8,0
1504,38.58,pharmacy,0,0,14,15,735.4,0
1505,44.47,online_retail,0,0,16,21,22.9,0
1506,73.76,dining,0,0,13,12,432.2,0
1507,73.99,fuel,0,0,14,16,648.5,0
1508,35.47,grocery,0,0,11,15,301.3,0
1509,18.52,online_retail,0,0,9,10,157.0,0
1510,102.34,utilities,0,0,18,12,171.4,0
1511,385.63,grocery,0,1,2,3,2.5,1
1512,22.71,dining,0,0,17,19,443.4,0
1513,39.54,pharmacy,0,0,21,16,2.7,0
1514,59.15,travel,0,0,21,16,134.2,0
1515,55.91,pharmacy,0,0,11,16,558.4,0
1516,24.55,jewelry,0,0,19,15,16.3,0
1517,62.79,jewelry,0,0,10,18,854.0,0
1518,16.12,pharmacy,0,0,15,21,226.2,0
1519,164.09,grocery,0,0,13,13,331.7,0
1520,40.19,utilities,0,0,14,15,726.4,0
1521,155.43,grocery,0,0,21,15,878.0,0
1522,47.68,pharmacy,0,0,6,15,174.6,0
1523,59.53,fuel,0,0,20,15,488.0,0
1524,73.67,electronics,0,1,22,16,47.1,0
1525,124.41,dining,0,0,9,17,249.3,0
1526,34.57,grocery,0,0,7,15,335.0,0
1527,58.14,utilities,1,0,17,16,5.6,0
1528,27.88,utilities,0,0,18,17,545.6,0
1529,206.3,grocery,0,0,19,7,265.1,0
1530,119.33,pharmacy,0,0,9,11,142.1,0
1531,66.38,jewelry,0,0,17,17,619.2,0
1532,25.3,utilities,0,0,13,23,317.6,0
1533,130.8,pharmacy,0,0,13,11,179.0,0
1534,82.62,pharmacy,0,0,18,13,1304.6,0
1535,86.37,jewelry,0,0,10,12,1310.8,0
1536,68.35,entertainment,0,0,17,16,905.5,0
1537,26.9,grocery,0,0,8,16,1106.3,0
1538,160.57,fuel,0,0,16,11,456.4,0
1539,63.06,grocery,0,0,6,8,735.4,0
1540,85.85,entertainment,0,0,6,16,113.4,0
1541,104.13,electronics,1,0,10,15,248.9,0
1542,58.06,pharmacy,0,0,15,11,35.8,0
1543,183.82,utilities,0,0,10,19,1197.0,0
1544,151.23,electronics,0,0,9,15,688.6,0
1545,13.99,dining,0,1,22,21,1544.2,0
1546,131.79,dining,0,0,19,20,70.3,0
1547,57.55,jewelry,0,0,22,13,376.2,0
1548,70.49,utilities,0,0,7,15,959.3,0
1549,75.31,electronics,0,0,10,15,22.2,0
1550,127.25,utilities,0,0,8,11,264.8,0
1551,157.47,electronics,0,0,17,22,463.2,0
1552,132.37,dining,0,0,8,16,225.7,0
1553,57.4,entertainment,0,0,15,19,76.4,0
1554,41.25,pharmacy,0,0,17,15,315.0,0
1555,1159.49,online_retail,1,0,2,2,2.0,1
1556,21.46,utilities,1,0,11,12,799.4,0
1557,44.2,pharmacy,0,0,21,11,297.7,0
1558,32.63,entertainment,0,0,17,18,359.3,0
1559,31.63,online_retail,0,0,8,9,638.8,0
1560,241.69,travel,0,0,18,15,255.0,0
1561,32.8,travel,0,1,10,13,558.1,0
1562,37.74,travel,0,0,12,19,409.6,0
1563,47.58,utilities,1,0,18,10,255.3,0
1564,20.49,pharmacy,0,0,11,14,305.9,0
1565,144.09,entertainment,0,0,8,24,260.8,0
1566,43.68,jewelry,1,0,7,14,666.7,0
1567,8.19,grocery,0,0,16,12,3.2,0
1568,75.41,online_retail,0,0,6,21,450.4,0
1569,51.32,travel,0,0,21,11,1613.6,0
1570,66.28,utilities,0,0,14,20,272.5,0
1571,28.47,entertainment,0,0,17,14,753.0,0
1572,14.71,fuel,0,0,9,10,776.6,0
1573,62.7,grocery,0,0,19,19,464.1,0
1574,185.0,pharmacy,0,1,12,15,616.6,0
1575,108.28,dining,1,0,19,11,341.8,0
1576,32.95,electronics,0,0,7,15,44.7,0
1577,605.67,jewelry,0,0,4,2,11.0,1
1578,14.69,pharmacy,0,0,18,14,770.2,0
1579,6.19,utilities,0,0,22,20,473.8,0
1580,109.43,jewelry,0,0,13,15,812.7,0
1581,57.81,jewelry,0,0,15,15,488.8,0
1582,68.74,pharmacy,0,0,9,14,1149.6,0
1583,21.73,travel,0,0,14,9,394.7,0
1584,161.37,fuel,0,0,12,14,121.2,0
1585,75.58,online_retail,1,0,15,14,93.2,0
1586,57.76,grocery,0,0,19,7,54.6,0
1587,104.74,pharmacy,0,0,11,13,334.7,0
1588,54.32,pharmacy,0,0,6,20,146.2,0
1589,67.91,fuel,0,0,13,8,1047.5,0
1590,89.7,entertainment,0,0,20,20,1542.0,0
1591,91.7,entertainment,0,0,10,9,131.2,0
1592,85.24,dining,0,0,7,10,2066.4,0
1593,141.59,pharmacy,0,0,22,11,151.8,0
1594,111.79,online_retail,0,0,8,17,38.5,0
1595,36.49,pharmacy,0,0,7,15,202.0,0
1596,68.46,jewelry,0,0,15,12,1048.4,0
1597,25.24,entertainment,0,0,18,18,529.7,0
1598,100.43,jewelry,0,0,13,13,371.7,0
1599,112.69,grocery,0,0,16,20,652.3,0
1600,212.96,pharmacy,0,0,12,11,387.2,0
1601,3.82,jewelry,0,0,8,19,268.7,0
1602,108.29,online_retail,0,0,20,17,836.4,0
1603,166.84,entertainment,0,0,13,17,711.9,0
1604,55.88,online_retail,0,0,7,13,435.1,0
1605,52.73,electronics,0,0,13,18,12.9,0
1606,43.58,grocery,0,1,6,16,162.9,0
1607,77.59,travel,0,0,19,20,515.2,0
1608,131.59,pharmacy,0,0,20,19,245.3,0
1609,17.94,jewelry,0,0,9,12,2460.7,0
1610,728.52,fuel,1,0,2,3,7.8,1
1611,17.76,entertainment,0,0,16,17,17.9,0
1612,49.62,online_retail,0,0,8,14,1398.1,0
1613,48.44,pharmacy,0,0,19,14,444.4,0
1614,24.61,travel,0,0,22,10,251.0,0
1615,84.67,travel,0,0,14,16,46.0,0
1616,168.52,dining,0,0,21,14,1091.7,0
1617,21.97,electronics,0,0,21,14,2289.6,0
1618,195.58,travel,0,0,15,20,297.5,0
1619,97.85,online_retail,0,0,16,15,243.8,0
1620,77.82,jewelry,0,0,13,11,881.9,0
1621,186.7,electronics,0,0,14,15,49.7,0
1622,64.56,dining,0,0,21,15,509.7,0
1623,98.56,dining,0,0,22,14,156.5,0
1624,155.77,jewelry,0,0,10,9,221.2,0
1625,74.24,fuel,0,0,6,10,1821.2,0
1626,28.66,electronics,0,0,13,22,269.6,0
1627,131.38,jewelry,0,0,7,17,1099.9,0
1628,129.7,pharmacy,0,0,21,20,925.5,0
1629,109.12,grocery,0,0,14,13,77.9,0
1630,52.87,grocery,0,0,7,16,865.1,0
1631,83.39,pharmacy,0,0,22,22,119.5,0
1632,14.56,electronics,0,0,18,12,121.2,0
1633,1.82,dining,0,0,7,14,16.0,0
1634,28.62,entertainment,0,0,16,6,1031.3,0
1635,147.63,pharmacy,0,0,18,20,1053.3,0
1636,30.12,fuel,0,0,11,9,676.6,0
1637,71.53,fuel,0,0,18,13,1430.6,0
1638,52.84,grocery,0,0,12,15,402.8,0
1639,90.77,fuel,0,0,20,9,1169.7,0
1640,48.69,fuel,0,0,8,10,773.0,0
1641,11.2,fuel,0,0,7,18,565.1,0
1642,19.98,electronics,0,0,15,15,126.4,0
1643,82.23,travel,0,0,22,19,1324.8,0
1644,46.5,jewelry,0,0,13,17,214.4,0
1645,52.1,online_retail,0,0,9,18,537.2,0
1646,37.28,grocery,0,0,21,13,159.8,0
1647,98.24,travel,0,0,14,11,62.0,0
1648,36.66,dining,0,0,17,15,119.9,0
1649,92.94,travel,0,0,21,11,285.8,0
1650,225.43,jewelry,0,0,7,24,203.6,0
1651,57.34,entertainment,0,0,13,14,434.9,0
1652,92.82,online_retail,0,0,7,11,246.9,0
1653,11.04,electronics,0,0,21,8,121.9,0
1654,63.8,entertainment,0,0,18,17,82.7,0
1655,11.66,travel,0,0,14,19,897.2,0
1656,63.33,jewelry,0,0,10,13,688.1,0
1657,50.96,jewelry,0,0,12,14,1443.6,0
1658,101.33,travel,0,0,7,13,175.6,0
1659,50.46,grocery,0,0,14,13,682.9,0
1660,25.83,fuel,0,0,12,11,391.2,0
1661,12.12,electronics,0,0,7,16,1293.1,0
1662,82.76,dining,0,0,11,15,681.5,0
1663,118.79,travel,0,0,22,12,630.0,0
1664,53.88,online_retail,0,0,11,11,287.0,0
1665,286.87,pharmacy,0,0,12,19,578.7,0
1666,36.17,utilities,0,0,10,12,577.0,0
1667,57.41,utilities,0,0,8,15,58.1,0
1668,46.7,online_retail,0,0,19,16,549.2,0
1669,50.14,entertainment,0,0,20,15,36.6,0
1670,30.48,online_retail,0,0,20,19,453.6,0
1671,52.36,electronics,0,0,9,21,238.4,0
1672,164.65,travel,0,0,11,13,391.9,0
1673,250.77,jewelry,0,0,18,16,198.3,0
1674,95.83,travel,0,0,13,15,1033.0,0
1675,18.31,dining,0,0,21,15,64.1,0
1676,237.08,grocery,0,0,12,20,1288.2,0
1677,61.29,online_retail,1,1,13,16,617.9,0
1678,94.77,jewelry,0,0,8,13,360.2,0
1679,62.5,fuel,0,0,13,14,305.6,0
1680,7.43,grocery,0,0,10,12,177.4,0
1681,31.66,grocery,0,1,15,10,185.3,0
1682,31.59,grocery,0,0,14,18,78.8,0
1683,148.97,entertainment,0,0,16,22,13.7,0
1684,72.36,fuel,0,0,10,17,214.1,0
1685,46.24,dining,0,0,9,15,753.9,0
1686,8.18,pharmacy,0,0,11,7,338.7,0
1687,158.41,jewelry,0,0,6,21,1514.1,0
1688,20.73,pharmacy,0,0,8,9,585.8,0
1689,23.73,pharmacy,0,0,10,14,936.1,0
1690,35.73,utilities,1,0,6,26,64.3,0
1691,70.43,electronics,0,0,19,15,274.1,0
1692,42.89,pharmacy,0,1,14,15,145.6,0
1693,56.41,jewelry,0,0,10,17,347.5,0
1694,13.42,utilities,0,0,6,14,942.0,0
1695,39.71,online_retail,0,0,12,18,671.0,0
1696,45.98,dining,0,0,21,10,2164.6,0
1697,160.21,electronics,0,0,21,21,412.8,0
1698,54.36,dining,0,1,10,18,362.7,0
1699,18.65,electronics,0,0,10,12,708.6,0
1700,68.74,pharmacy,0,0,6,11,461.9,0
1701,145.99,jewelry,0,0,7,27,48.7,0
1702,105.51,dining,0,0,11,10,337.2,0
1703,167.77,dining,1,0,20,11,522.7,0
1704,105.43,dining,0,0,15,16,407.7,0
1705,47.93,pharmacy,0,0,19,9,17.6,0
1706,62.68,online_retail,1,0,18,15,622.3,0
1707,83.5,entertainment,0,0,21,13,369.0,0
1708,73.86,dining,1,1,18,20,534.6,0
1709,56.27,pharmacy,0,0,20,22,1289.8,0
1710,90.3,utilities,0,0,22,15,362.1,0
1711,31.96,fuel,0,0,14,17,395.3,0
1712,210.94,dining,0,0,7,13,180.5,0
1713,34.03,entertainment,0,0,16,17,474.7,0
1714,59.37,pharmacy,0,0,8,17,1056.1,0
1715,153.68,travel,0,0,15,13,47.3,0
1716,41.01,online_retail,0,0,17,19,827.0,0
1717,16.7,entertainment,0,0,21,24,46.1,0
1718,130.31,travel,0,0,11,21,1092.1,0
1719,137.53,pharmacy,0,0,10,22,637.3,0
1720,40.57,electronics,0,0,13,18,597.8,0
1721,37.09,utilities,0,0,11,17,118.1,0
1722,99.98,online_retail,1,0,6,14,371.7,0
1723,82.88,utilities,0,0,6,19,521.6,0
1724,63.36,utilities,0,0,6,19,325.4,0
1725,42.94,electronics,1,1,10,17,341.5,0
1726,17.63,grocery,0,0,14,13,817.5,0
1727,65.06,fuel,0,0,19,15,404.2,0
1728,23.68,travel,0,0,12,16,658.5,0
1729,87.07,grocery,0,0,16,18,1038.8,0
1730,173.32,electronics,0,0,19,14,2139.2,0
1731,98.23,fuel,0,0,17,16,1088.8,0
1732,48.25,entertainment,0,0,17,16,11.2,0
1733,30.52,entertainment,0,0,11,12,735.3,0
1734,81.27,online_retail,0,0,20,23,1.5,0
1735,251.57,fuel,0,0,6,11,148.2,0
1736,62.11,pharmacy,0,1,6,18,181.2,0
1737,172.55,utilities,0,0,22,15,1109.3,0
1738,38.35,jewelry,0,0,15,15,668.4,0
1739,30.92,utilities,0,0,10,15,603.6,0
1740,171.35,jewelry,0,0,6,12,622.7,0
1741,58.19,electronics,0,0,13,16,2785.7,0
1742,64.15,fuel,0,0,18,11,620.9,0
1743,66.55,travel,0,0,14,13,203.8,0
1744,159.98,online_retail,0,0,20,18,811.5,0
1745,53.04,entertainment,0,0,19,8,125.2,0
1746,84.91,pharmacy,0,0,19,16,1176.8,0
1747,75.67,online_retail,0,0,20,16,51.0,0
1748,88.01,jewelry,0,0,8,14,117.1,0
1749,52.71,grocery,0,0,8,20,448.4,0
1750,92.37,online_retail,0,0,7,15,146.7,0
1751,127.45,travel,0,0,14,9,727.3,0
1752,86.04,jewelry,0,0,6,20,1609.3,0
1753,4.93,online_retail,0,0,16,14,1897.4,0
1754,8.39,online_retail,0,0,7,12,896.8,0
1755,161.64,pharmacy,0,0,14,22,374.9,0
1756,79.48,grocery,0,0,21,19,17.4,0
1757,84.07,online_retail,0,0,8,13,27.1,0
1758,30.85,jewelry,0,0,10,18,682.9,0
1759,69.34,dining,0,0,15,14,2410.1,0
1760,75.23,dining,0,0,6,14,1131.6,0
1761,159.0,online_retail,0,0,20,10,1005.9,0
1762,123.53,pharmacy,1,0,6,16,688.2,0
1763,42.85,online_retail,1,0,6,14,680.0,0
1764,29.11,electronics,0,0,13,14,93.5,0
1765,17.43,pharmacy,0,0,15,16,397.6,0
1766,58.4,online_retail,0,0,13,13,536.1,0
1767,140.9,grocery,0,0,12,14,234.6,0
1768,29.16,utilities,0,0,20,17,591.3,0
1769,48.44,electronics,0,0,15,6,222.0,0
1770,41.15,travel,0,0,6,14,1168.6,0
1771,109.7,grocery,0,0,10,16,92.9,0
1772,104.7,grocery,0,0,22,14,469.1,0
1773,18.01,grocery,0,0,11,12,831.8,0
1774,81.99,entertainment,1,0,11,14,939.1,0
1775,74.2,pharmacy,0,0,19,12,20.7,0
1776,104.71,fuel,0,0,22,19,3120.4,0
1777,74.82,pharmacy,0,0,11,14,417.6,0
1778,192.94,pharmacy,0,0,19,24,21.0,0
1779,66.9,online_retail,0,0,11,12,1537.1,0
1780,152.48,entertainment,0,0,17,11,225.7,0
1781,51.85,dining,0,0,8,12,1150.3,0
1782,31.54,jewelry,0,0,21,14,294.0,0
1783,63.31,electronics,0,0,16,13,94.0,0
1784,45.75,dining,0,0,14,16,1565.8,0
1785,43.76,electronics,0,0,10,16,1115.9,0
1786,47.17,online_retail,1,0,17,19,226.1,0
1787,27.12,utilities,0,0,12,11,466.6,0
1788,192.34,grocery,0,0,11,15,715.0,0
1789,77.72,dining,0,0,15,12,829.5,0
1790,121.55,utilities,0,0,17,13,825.5,0
1791,116.57,entertainment,0,0,10,17,115.2,0
1792,155.36,entertainment,0,0,12,17,314.1,0
1793,105.21,grocery,0,0,8,16,2057.8,0
1794,19.87,pharmacy,0,0,16,15,1322.1,0
1795,8.56,online_retail,0,0,7,15,15.2,0
1796,84.48,electronics,0,0,17,14,309.4,0
1797,12.17,jewelry,0,0,19,15,346.7,0
1798,27.15,dining,0,1,13,18,3541.8,0
1799,69.97,entertainment,0,0,11,13,1784.9,0
1800,58.66,fuel,0,0,17,12,185.0,0
1801,51.66,entertainment,0,0,21,18,94.9,0
1802,89.67,entertainment,0,0,8,11,313.4,0
1803,91.77,fuel,0,0,16,18,609.2,0
1804,103.74,entertainment,0,0,11,16,243.2,0
1805,235.1,utilities,0,1,19,18,872.6,0
1806,70.61,jewelry,0,0,22,19,1165.1,0
1807,68.48,utilities,0,0,14,16,360.9,0
1808,143.81,dining,0,0,16,19,54.7,0
1809,21.39,fuel,1,0,12,8,693.5,0
1810,34.62,entertainment,1,0,16,20,1418.6,0
1811,51.64,jewelry,0,0,21,19,1800.2,0
1812,83.59,grocery,0,0,12,15,771.3,0
1813,42.71,utilities,0,0,11,15,470.7,0
1814,166.85,pharmacy,0,0,17,6,170.5,0
1815,349.27,online_retail,0,0,22,12,130.9,0
1816,67.32,online_retail,0,0,16,20,12.3,0
1817,41.66,dining,0,1,13,14,27.0,0
1818,139.61,pharmacy,0,0,13,20,111.6,0
1819,64.68,entertainment,0,0,10,12,326.3,0
1820,99.5,dining,0,0,19,20,130.0,0
1821,59.05,pharmacy,0,1,8,16,99.7,0
1822,359.91,jewelry,0,0,1,8,4.5,1
1823,82.98,online_retail,0,0,12,7,188.3,0
1824,53.39,utilities,0,0,6,11,1082.4,0
1825,87.31,travel,0,0,17,13,657.9,0
1826,189.47,travel,0,0,21,19,278.6,0
1827,64.89,electronics,0,0,6,14,179.0,0
1828,51.16,fuel,0,0,18,9,261.6,0
1829,33.19,fuel,0,1,10,12,190.0,0
1830,112.32,dining,0,0,10,14,544.3,0
1831,41.85,dining,0,0,17,11,1270.7,0
1832,47.45,online_retail,0,0,9,14,1179.9,0
1833,131.42,grocery,0,0,13,14,979.1,0
1834,73.65,utilities,0,1,19,14,552.7,0
1835,269.94,travel,0,0,6,16,545.6,0
1836,650.2,dining,1,1,3,1,5.9,1
1837,7.92,online_retail,0,0,20,17,481.4,0
1838,146.3,pharmacy,0,0,18,7,1457.6,0
1839,1254.46,utilities,0,0,1,3,1.6,1
1840,145.64,pharmacy,0,0,21,20,761.9,0
1841,28.55,utilities,0,0,16,18,21.6,0
1842,67.56,dining,0,0,10,18,80.6,0
1843,150.66,fuel,0,0,18,15,1654.0,0
1844,64.63,jewelry,0,0,12,14,1047.3,0
1845,83.1,fuel,0,0,8,12,129.1,0
1846,77.16,electronics,0,1,14,13,717.9,0
1847,42.15,entertainment,0,0,12,14,55.1,0
1848,44.35,dining,0,0,7,22,76.3,0
1849,26.65,electronics,0,0,19,14,137.2,0
1850,61.76,online_retail,0,0,16,17,38.8,0
1851,172.29,online_retail,1,0,17,10,590.5,0
1852,213.77,travel,0,0,17,24,131.2,0
1853,886.24,utilities,1,0,0,5,9.8,1
1854,149.08,pharmacy,0,0,19,15,1201.5,0
1855,81.57,jewelry,0,0,10,18,577.2,0
1856,23.4,pharmacy,0,0,9,11,255.1,0
1857,102.38,electronics,0,0,19,17,26.8,0
1858,117.79,fuel,0,0,12,17,964.2,0
1859,85.49,electronics,0,0,10,13,177.5,0
1860,58.13,pharmacy,0,0,16,16,262.9,0
1861,32.75,pharmacy,0,0,8,11,1191.4,0
1862,123.44,travel,0,0,17,21,317.6,0
1863,210.73,utilities,0,0,8,19,483.1,0
1864,32.54,fuel,0,0,22,8,844.6,0
1865,78.47,pharmacy,0,0,19,17,550.7,0
1866,28.96,grocery,0,0,6,12,66.3,0
1867,66.42,electronics,0,0,22,16,128.6,0
1868,117.46,fuel,0,0,22,14,1100.4,0
1869,31.05,grocery,0,0,7,13,954.3,0
1870,79.53,electronics,0,0,17,17,1144.7,0
1871,62.03,travel,0,0,19,10,372.0,0
1872,85.01,travel,0,0,18,18,368.3,0
1873,79.44,grocery,0,0,13,16,178.1,0
1874,105.13,utilities,0,0,19,10,1909.3,0
1875,108.72,pharmacy,0,0,10,13,54.0,0
1876,53.41,dining,0,0,19,22,929.1,0
1877,19.65,fuel,0,0,13,13,366.1,0
1878,29.36,entertainment,0,0,15,13,416.5,0
1879,57.19,fuel,0,0,6,15,764.0,0
1880,70.85,electronics,0,0,10,9,1292.8,0
1881,84.7,travel,1,1,7,18,109.2,0
1882,121.21,dining,0,0,12,19,1053.7,0
1883,60.65,jewelry,0,0,9,17,114.2,0
1884,79.38,dining,0,0,16,17,581.0,0
1885,98.78,fuel,0,0,6,14,699.9,0
1886,34.23,fuel,0,0,11,14,342.5,0
1887,22.97,online_retail,0,0,10,13,296.2,0
1888,54.02,pharmacy,0,0,21,20,466.5,0
1889,82.09,pharmacy,0,0,14,15,118.5,0
1890,147.33,utilities,0,0,17,15,300.1,0
1891,38.5,jewelry,0,0,9,14,679.9,0
1892,92.8,entertainment,0,0,15,9,77.3,0
1893,70.35,electronics,0,0,9,10,1332.7,0
1894,29.04,grocery,0,0,17,13,1328.8,0
1895,256.5,fuel,0,0,9,7,132.9,0
1896,17.31,dining,0,0,16,17,834.1,0
1897,203.4,pharmacy,0,0,8,15,100.2,0
1898,306.33,fuel,0,1,18,16,1620.0,0
1899,47.06,travel,0,0,18,14,2531.3,0
1900,126.97,dining,0,0,16,18,822.3,0
1901,38.53,travel,0,0,11,15,1189.7,0
1902,34.36,fuel,0,0,8,15,59.2,0
1903,212.05,online_retail,0,0,7,15,1095.5,0
1904,39.83,utilities,0,0,20,15,668.3,0
1905,66.05,jewelry,1,0,20,17,814.7,0
1906,36.74,grocery,0,0,13,12,129.9,0
1907,49.42,fuel,0,0,17,22,168.0,0
1908,95.89,electronics,1,0,13,16,900.3,0
1909,62.48,online_retail,0,0,7,16,1190.0,0
1910,70.59,utilities,0,0,16,16,573.9,0
1911,16.45,electronics,0,0,18,13,94.3,0
1912,51.03,jewelry,0,0,7,17,66.7,0
1913,64.48,online_retail,0,1,8,17,782.2,0
1914,25.09,pharmacy,0,0,7,10,1855.4,0
1915,178.4,grocery,0,1,21,21,256.6,0
1916,76.88,travel,0,0,11,19,124.9,0
1917,67.5,electronics,0,0,19,10,72.9,0
1918,140.98,utilities,0,0,21,14,277.1,0
1919,83.24,fuel,1,0,10,16,235.0,0
1920,18.49,pharmacy,0,0,21,16,609.8,0
1921,44.5,travel,0,0,16,11,1987.9,0
1922,96.38,fuel,0,0,17,14,2175.6,0
1923,204.12,electronics,1,0,10,16,195.7,0
1924,153.23,entertainment,0,0,14,15,215.1,0
1925,104.49,utilities,0,0,12,17,190.9,0
1926,98.49,electronics,0,1,10,13,1017.1,0
1927,49.78,electronics,0,0,9,15,3497.9,0
1928,59.15,utilities,0,0,9,17,365.9,0
1929,59.67,fuel,0,0,18,13,268.5,0
1930,62.59,online_retail,0,0,19,12,1008.7,0
1931,82.14,pharmacy,0,0,13,17,780.9,0
1932,22.07,electronics,0,0,6,19,1149.6,0
1933,67.61,electronics,0,0,10,12,1225.0,0
1934,165.08,fuel,0,0,7,13,59.2,0
1935,158.81,online_retail,0,0,8,16,875.0,0
1936,129.75,fuel,0,0,22,16,2397.8,0
1937,54.25,travel,0,0,8,17,1139.4,0
1938,5.13,utilities,0,0,17,20,530.5,0
1939,66.05,entertainment,0,0,16,16,901.1,0
1940,63.79,utilities,0,0,20,17,494.3,0
1941,80.02,dining,0,0,14,9,126.7,0
1942,23.9,electronics,0,0,21,21,487.7,0
1943,47.92,fuel,0,0,12,14,240.8,0
1944,88.1,fuel,0,0,16,16,978.7,0
1945,41.7,jewelry,0,0,6,19,27.8,0
1946,30.03,pharmacy,0,0,20,11,488.0,0
1947,69.47,dining,0,0,14,10,532.5,0
1948,69.57,entertainment,0,0,11,10,309.7,0
1949,18.95,electronics,0,0,13,22,836.3,0
1950,61.42,grocery,0,0,19,14,13.4,0
1951,24.33,online_retail,0,0,18,17,40.7,0
1952,173.01,electronics,0,0,20,14,84.8,0
1953,15.23,fuel,0,0,20,15,662.5,0
1954,76.2,dining,0,0,21,16,1800.9,0
1955,165.93,entertainment,0,0,8,11,34.5,0
1956,28.79,grocery,0,0,10,8,2129.4,0
1957,41.69,electronics,0,0,14,11,453.0,0
1958,32.88,fuel,0,0,19,17,67.6,0
1959,33.83,dining,0,1,20,12,375.0,0
1960,9.28,online_retail,1,0,19,10,411.5,0
1961,53.56,jewelry,0,0,13,18,114.3,0
1962,179.99,travel,0,0,10,19,312.8,0
1963,107.73,utilities,0,0,19,22,792.2,0
1964,15.8,fuel,0,0,12,19,563.9,0
1965,126.34,jewelry,0,0,9,13,506.9,0
1966,72.65,dining,0,0,14,14,970.4,0
1967,37.62,pharmacy,0,0,19,15,328.9,0
1968,28.51,utilities,0,1,15,9,334.2,0
1969,117.07,grocery,0,0,7,9,1475.8,0
1970,211.97,travel,0,0,19,20,708.4,0
1971,31.79,electronics,0,0,10,8,232.2,0
1972,51.44,fuel,0,0,13,12,492.5,0
1973,180.08,electronics,0,0,16,17,153.8,0
1974,80.11,electronics,0,0,6,9,523.6,0
1975,78.24,pharmacy,0,0,14,11,85.2,0
1976,58.87,fuel,0,0,12,13,22.1,0
1977,117.59,online_retail,0,0,14,14,1981.4,0
1978,82.39,utilities,0,0,8,16,115.0,0
1979,17.13,utilities,0,0,11,21,304.1,0
1980,4.82,pharmacy,0,0,20,12,1113.7,0
1981,124.43,fuel,0,0,22,16,229.1,0
1982,58.99,online_retail,0,0,11,9,41.5,0
1983,14.69,entertainment,0,0,8,18,1252.6,0
1984,75.93,travel,0,0,12,17,312.0,0
1985,84.08,fuel,0,0,8,22,93.5,0
1986,125.77,electronics,0,0,13,19,63.4,0
1987,43.34,electronics,0,0,17,13,923.7,0
1988,62.29,grocery,0,0,20,19,714.2,0
1989,51.21,online_retail,0,1,8,14,459.3,0
1990,144.33,grocery,0,0,12,8,39.9,0
1991,142.18,entertainment,0,0,18,20,7.3,0
1992,119.41,pharmacy,0,0,7,11,1428.6,0
1993,39.5,online_retail,0,0,7,16,627.6,0
1994,40.93,utilities,0,0,20,15,1343.6,0
1995,225.55,grocery,0,0,15,13,499.5,0
1996,166.08,fuel,0,1,17,19,512.2,0
1997,43.47,online_retail,0,0,19,19,108.9,0
1998,119.97,online_retail,0,0,15,15,1144.6,0
1999,44.57,online_retail,0,0,15,10,156.0,0
2000,58.16,dining,0,0,8,17,320.3,0
2001,35.97,dining,0,0,12,20,186.6,0
2002,121.64,travel,0,0,12,16,104.8,0
2003,21.69,grocery,0,0,11,15,686.2,0
2004,751.41,utilities,1,0,3,2,3.3,1
2005,109.23,dining,1,0,16,14,871.3,0
2006,76.05,entertainment,0,0,16,18,3.2,0
2007,34.96,utilities,0,0,11,12,776.5,0
2008,40.59,entertainment,0,0,22,8,510.0,0
2009,85.0,dining,0,0,9,15,1622.4,0
2010,72.83,utilities,0,0,21,10,290.8,0
2011,61.91,jewelry,0,0,21,15,103.4,0
2012,117.66,online_retail,0,0,22,20,188.8,0
2013,44.2,pharmacy,0,0,21,17,34.7,0
2014,24.22,entertainment,0,0,16,14,1283.8,0
2015,116.73,fuel,0,0,7,16,238.1,0
2016,47.02,fuel,0,0,8,15,63.5,0
2017,58.74,travel,0,0,12,12,281.2,0
2018,10.21,fuel,0,0,11,14,296.5,0
2019,41.36,pharmacy,0,0,11,16,47.2,0
2020,549.05,electronics,0,1,2,3,3.6,1
2021,43.78,dining,1,0,17,18,310.4,0
2022,101.9,jewelry,0,1,15,22,477.0,0
2023,113.91,dining,0,0,19,14,797.7,0
2024,112.29,jewelry,0,1,15,5,600.7,0
2025,43.8,grocery,0,0,13,18,961.7,0
2026,117.66,electronics,0,0,12,14,583.2,0
2027,23.3,jewelry,0,0,10,13,1288.8,0
2028,25.93,pharmacy,0,0,16,20,748.6,0
2029,93.68,fuel,0,0,19,13,2023.0,0
2030,24.41,electronics,0,0,6,16,430.9,0
2031,80.64,jewelry,1,0,20,16,277.3,0
2032,43.45,travel,0,0,7,15,297.2,0
2033,153.74,jewelry,0,1,15,17,143.6,0
2034,173.5,fuel,0,0,18,13,346.7,0
2035,76.49,pharmacy,0,0,14,19,301.7,0
2036,12.19,jewelry,0,0,14,12,1050.4,0
2037,89.48,travel,0,0,15,16,79.6,0
2038,14.12,pharmacy,0,0,12,10,56.4,0
2039,125.58,online_retail,0,0,16,10,2910.2,0
2040,129.68,electronics,0,0,7,11,382.9,0
2041,79.2,online_retail,0,0,8,15,357.9,0
2042,26.07,dining,0,0,12,14,1412.9,0
2043,53.15,online_retail,0,0,19,15,1589.1,0
2044,44.38,pharmacy,0,0,17,16,909.3,0
2045,58.25,utilities,0,0,20,15,1079.6,0
2046,36.13,online_retail,0,0,18,15,411.2,0
2047,21.03,utilities,0,0,11,19,52.3,0
2048,244.18,utilities,0,0,15,13,846.1,0
2049,76.75,grocery,0,0,19,9,47.8,0
2050,46.62,jewelry,1,0,22,16,208.1,0
2051,153.91,travel,0,0,8,10,994.0,0
2052,76.25,fuel,0,0,9,16,2046.5,0
2053,19.66,travel,0,0,10,14,610.0,0
2054,87.16,dining,0,1,18,16,168.2,0
2055,17.56,online_retail,0,0,6,15,799.4,0
2056,62.07,entertainment,0,0,12,17,92.1,0
2057,103.61,online_retail,0,0,14,10,554.4,0
2058,666.51,utilities,1,1,2,2,0.8,1
2059,75.95,entertainment,0,0,18,9,275.2,0
2060,76.57,entertainment,0,0,18,18,99.4,0
2061,146.59,pharmacy,0,0,11,10,700.5,0
2062,199.31,online_retail,0,0,19,16,346.6,0
2063,29.39,pharmacy,0,0,10,10,1253.0,0
2064,53.3,electronics,0,0,10,11,308.9,0
2065,99.11,electronics,0,0,8,14,326.4,0
2066,50.48,jewelry,0,0,17,12,176.0,0
2067,75.15,online_retail,0,0,6,10,1141.9,0
2068,7.54,electronics,0,1,21,17,423.4,0
2069,25.42,online_retail,0,0,17,23,232.3,0
2070,133.5,jewelry,0,0,19,10,138.5,0
2071,65.35,electronics,0,0,7,20,163.9,0
2072,47.73,electronics,0,0,22,25,314.2,0
2073,74.64,entertainment,0,0,13,24,178.1,0
2074,79.3,entertainment,0,0,12,9,575.6,0
2075,114.35,entertainment,0,0,14,9,60.2,0
2076,903.89,utilities,0,0,2,4,0.2,1
2077,44.92,travel,0,0,10,19,623.2,0
2078,36.36,grocery,0,0,13,16,243.9,0
2079,47.31,electronics,0,0,18,17,3051.6,0
2080,54.75,online_retail,0,0,11,13,127.5,0
2081,53.71,travel,0,0,6,11,664.3,0
2082,63.46,pharmacy,0,0,15,18,495.9,0
2083,48.42,grocery,0,0,12,14,636.7,0
2084,69.91,jewelry,0,1,10,15,2185.4,0
2085,74.28,fuel,0,0,10,11,628.2,0
2086,63.4,utilities,0,0,11,12,48.0,0
2087,182.26,utilities,0,0,22,19,1616.3,0
2088,115.05,fuel,0,0,17,15,308.3,0
2089,137.42,grocery,0,0,8,15,932.9,0
2090,138.5,fuel,0,0,15,17,2418.8,0
2091,48.9,fuel,0,0,8,15,439.7,0
2092,46.23,entertainment,0,0,6,20,237.5,0
2093,147.26,entertainment,0,0,9,12,203.1,0
2094,186.5,travel,0,0,17,17,862.2,0
2095,99.83,pharmacy,0,1,19,16,89.5,0
2096,192.21,utilities,0,0,14,20,160.5,0
2097,31.2,entertainment,0,0,16,13,151.1,0
2098,258.05,pharmacy,0,0,22,17,309.7,0
2099,17.07,grocery,0,0,15,17,1108.4,0
2100,68.93,entertainment,0,0,6,14,216.8,0
2101,344.67,online_retail,1,1,0,6,1.0,1
2102,94.24,online_retail,0,0,19,13,1282.4,0
2103,43.01,electronics,0,0,20,17,563.4,0
2104,47.57,jewelry,0,0,6,10,200.4,0
2105,108.71,pharmacy,0,0,16,13,27.4,0
2106,115.56,electronics,0,0,17,18,441.7,0
2107,34.46,pharmacy,0,0,20,20,712.4,0
2108,45.24,grocery,0,0,18,19,191.8,0
2109,18.74,jewelry,0,0,11,23,2118.7,0
2110,47.2,electronics,0,0,17,16,2327.7,0
2111,43.14,online_retail,0,0,15,12,1022.5,0
2112,77.2,travel,0,0,13,14,2319.8,0
2113,18.73,grocery,0,0,22,19,104.2,0
2114,61.35,fuel,0,0,8,17,56.6,0
2115,25.65,pharmacy,0,0,8,14,1629.1,0
2116,40.26,dining,0,0,10,14,731.5,0
2117,34.29,utilities,0,0,14,11,383.6,0
2118,42.69,utilities,0,0,19,14,592.1,0
2119,199.78,grocery,0,0,17,14,326.0,0
2120,29.44,utilities,0,0,20,13,1908.2,0
2121,29.09,pharmacy,0,0,8,23,208.0,0
2122,96.39,pharmacy,0,0,18,15,1286.0,0
2123,79.19,entertainment,0,0,16,22,340.1,0
2124,75.76,pharmacy,0,0,17,16,35.1,0
2125,27.42,online_retail,0,0,16,15,91.0,0
2126,67.45,jewelry,0,1,7,15,231.1,0
2127,43.43,entertainment,0,0,10,16,80.2,0
2128,137.25,entertainment,0,0,17,12,1802.2,0
2129,100.43,fuel,1,0,7,16,143.1,0
2130,46.79,entertainment,0,0,11,22,93.0,0
2131,21.22,travel,0,0,15,14,212.0,0
2132,70.95,online_retail,0,1,15,17,431.2,0
2133,132.46,grocery,0,0,13,12,1439.0,0
2134,146.87,pharmacy,0,0,17,14,856.2,0
2135,90.7,dining,0,0,9,17,472.3,0
2136,34.94,grocery,0,0,21,16,439.3,0
2137,63.13,fuel,0,0,8,23,119.1,0
2138,188.66,fuel,0,0,7,19,216.5,0
2139,2.21,fuel,0,0,7,17,450.9,0
2140,18.38,dining,0,1,15,11,1694.8,0
2141,33.38,jewelry,0,1,10,20,395.8,0
2142,49.97,grocery,0,0,22,15,864.0,0
2143,71.84,fuel,0,0,9,8,296.6,0
2144,114.91,electronics,0,0,7,16,785.7,0
2145,43.3,dining,0,0,13,10,139.3,0
2146,51.19,grocery,0,0,10,11,732.6,0
2147,96.63,pharmacy,0,0,11,13,359.5,0
2148,161.51,electronics,0,0,12,15,635.1,0
2149,145.74,travel,0,0,7,13,4.9,0
2150,78.95,jewelry,0,0,15,20,348.7,0
2151,18.15,electronics,0,0,18,10,396.4,0
2152,3.49,entertainment,0,0,11,18,242.7,0
2153,10.66,online_retail,0,0,17,17,301.5,0
2154,13.85,entertainment,0,0,14,13,369.5,0
2155,34.1,grocery,0,0,21,17,1240.8,0
2156,26.58,electronics,0,0,20,11,203.5,0
2157,160.98,online_retail,1,0,11,14,928.8,0
2158,31.14,travel,0,0,7,9,51.7,0
2159,28.9,entertainment,0,0,20,12,1315.3,0
2160,188.32,travel,1,0,16,13,231.9,0
2161,82.57,dining,0,0,7,14,6.2,0
2162,20.72,entertainment,0,0,13,10,80.7,0
2163,114.07,grocery,0,0,19,10,739.0,0
2164,47.09,jewelry,0,0,15,18,109.5,0
2165,96.29,entertainment,0,0,7,13,158.8,0
2166,58.41,electronics,0,0,17,12,401.6,0
2167,25.12,entertainment,0,0,9,8,68.1,0
2168,16.43,utilities,0,0,21,11,10.7,0
2169,43.03,fuel,0,0,20,14,274.6,0
2170,214.45,travel,0,0,17,16,619.5,0
2171,76.43,jewelry,0,0,6,13,542.5,0
2172,78.36,utilities,0,1,14,11,877.7,0
2173,27.45,fuel,0,0,6,14,761.4,0
2174,176.45,dining,0,0,10,13,248.0,0
2175,51.14,grocery,0,0,10,14,264.1,0
2176,30.78,pharmacy,0,0,18,19,54.4,0
2177,143.48,utilities,0,0,17,16,1226.5,0
2178,62.04,travel,0,0,21,21,484.0,0
2179,31.7,electronics,0,0,17,18,1072.8,0
2180,55.44,pharmacy,0,0,6,13,2490.2,0
2181,24.35,grocery,0,0,12,16,315.9,0
2182,23.49,pharmacy,0,0,22,13,726.0,0
2183,59.54,travel,0,0,12,17,390.1,0
2184,35.15,pharmacy,0,0,10,17,154.1,0
2185,80.61,jewelry,0,0,6,17,81.1,0
2186,53.24,entertainment,0,0,17,15,31.6,0
2187,6.59,travel,0,0,9,16,243.8,0
2188,278.0,pharmacy,0,0,19,17,30.5,0
2189,30.89,fuel,0,0,15,24,1122.5,0
2190,104.15,utilities,0,0,9,12,1421.0,0
2191,120.51,entertainment,0,0,19,20,3902.6,0
2192,32.49,travel,0,0,14,14,120.6,0
2193,39.63,fuel,1,0,9,17,51.1,0
2194,201.0,electronics,0,0,9,19,113.3,0
2195,68.21,grocery,0,0,15,16,321.9,0
2196,50.96,electronics,0,0,21,11,163.2,0
2197,63.5,dining,0,0,18,10,187.2,0
2198,171.95,dining,0,0,20,17,60.1,0
2199,35.44,dining,0,0,21,11,324.5,0
2200,80.65,online_retail,0,0,19,15,674.9,0
2201,35.1,grocery,0,0,14,21,1460.5,0
2202,65.0,travel,0,0,7,20,36.6,0
2203,19.63,jewelry,0,0,16,11,81.1,0
2204,36.83,electronics,0,0,10,14,19.7,0
2205,60.38,fuel,0,0,11,24,71.1,0
2206,122.04,grocery,0,0,21,23,1718.4,0
2207,19.21,fuel,0,0,6,10,47.0,0
2208,9.3,electronics,0,1,21,14,1357.9,0
2209,33.43,pharmacy,0,1,8,15,1618.1,0
2210,74.91,fuel,0,0,7,13,1082.0,0
2211,68.16,utilities,0,0,6,7,39.1,0
2212,106.37,grocery,0,0,18,17,2994.8,0
2213,132.34,fuel,0,0,12,10,1015.7,0
2214,132.56,jewelry,0,0,19,19,83.8,0
2215,100.43,online_retail,0,0,7,12,924.6,0
2216,34.63,fuel,0,0,12,17,88.2,0
2217,76.35,entertainment,0,0,19,15,141.2,0
2218,112.89,travel,0,0,10,10,1458.6,0
2219,150.16,fuel,0,0,17,23,229.3,0
2220,44.14,grocery,0,0,17,16,488.5,0
2221,433.23,grocery,1,1,3,3,4.4,1
2222,154.81,utilities,0,0,19,15,197.7,0
2223,132.97,fuel,0,0,6,27,908.5,0
2224,51.78,online_retail,0,0,21,11,46.0,0
2225,113.94,dining,0,0,6,7,54.1,0
2226,126.84,utilities,0,0,22,16,396.4,0
2227,128.24,pharmacy,0,0,19,13,408.6,0
2228,52.93,pharmacy,0,0,21,20,244.4,0
2229,83.56,grocery,0,0,6,16,1506.9,0
2230,89.53,electronics,0,0,17,14,556.1,0
2231,4.48,dining,1,0,9,10,1058.6,0
2232,16.3,grocery,0,0,11,19,306.3,0
2233,76.67,utilities,0,0,14,14,9.3,0
2234,75.11,jewelry,0,0,11,12,985.0,0
2235,31.54,travel,0,0,8,9,12.7,0
2236,59.8,electronics,0,0,6,17,84.1,0
2237,101.23,grocery,0,0,13,15,441.2,0
2238,130.79,dining,0,0,12,17,407.9,0
2239,32.46,electronics,0,0,8,11,615.8,0
2240,137.97,online_retail,0,0,11,15,150.4,0
2241,42.09,grocery,0,1,20,12,1161.6,0
2242,23.16,jewelry,0,0,8,9,2603.0,0
2243,181.62,travel,0,0,16,10,833.1,0
2244,78.68,jewelry,0,0,21,27,3264.2,0
2245,105.93,utilities,0,0,7,15,146.3,0
2246,83.85,utilities,0,0,15,13,1340.2,0
2247,41.15,fuel,0,0,14,23,38.4,0
2248,94.68,utilities,0,1,13,16,496.3,0
2249,83.36,grocery,0,0,6,22,394.8,0
2250,52.28,fuel,0,0,6,13,958.0,0
2251,60.59,electronics,0,0,15,18,369.7,0
2252,35.78,utilities,0,0,22,15,250.0,0
2253,80.55,entertainment,0,0,12,11,2193.1,0
2254,65.63,grocery,0,0,20,22,21.5,0
2255,47.57,dining,0,0,16,20,108.0,0
2256,148.0,entertainment,0,0,14,16,376.2,0
2257,96.28,grocery,0,0,17,20,68.3,0
2258,715.98,utilities,1,1,2,4,3.0,1
2259,139.56,pharmacy,0,0,20,12,2592.0,0
2260,61.37,utilities,0,0,6,14,1298.3,0
2261,80.88,dining,0,0,18,12,116.7,0
2262,45.28,online_retail,0,0,13,20,719.3,0
2263,26.28,online_retail,0,0,20,12,1040.2,0
2264,64.8,entertainment,1,0,6,15,224.1,0
2265,58.88,online_retail,0,0,7,15,198.7,0
2266,48.2,online_retail,0,0,19,19,143.9,0
2267,33.6,jewelry,0,0,21,20,300.0,0
2268,6.21,travel,0,1,18,10,347.6,0
2269,100.97,grocery,0,0,7,16,284.2,0
2270,114.06,travel,0,0,11,21,287.4,0
2271,144.37,grocery,1,0,17,11,1080.8,0
2272,219.42,fuel,0,0,8,13,57.1,0
2273,189.16,electronics,0,0,13,13,71.1,0
2274,42.35,utilities,0,0,9,19,102.1,0
2275,28.01,electronics,0,0,16,14,619.2,0
2276,27.39,travel,0,0,11,11,1868.1,0
2277,88.36,online_retail,0,0,7,18,456.1,0
2278,117.82,grocery,0,0,6,15,23.3,0
2279,92.45,dining,1,0,11,22,300.6,0
2280,52.05,utilities,0,0,10,9,222.2,0
2281,132.55,dining,0,0,19,8,305.0,0
2282,110.88,entertainment,1,1,11,13,12.6,0
2283,95.25,grocery,0,0,19,15,803.3,0
2284,105.48,electronics,0,0,21,18,136.7,0
2285,82.55,jewelry,0,0,18,13,571.4,0
2286,179.22,utilities,0,0,18,11,386.0,0
2287,316.55,entertainment,0,0,21,22,0.5,0
2288,59.61,grocery,0,0,17,15,2474.4,0
2289,21.4,grocery,1,0,13,17,693.8,0
2290,37.98,jewelry,0,0,15,21,259.3,0
2291,54.85,electronics,0,0,16,18,200.5,0
2292,32.76,electronics,0,0,18,13,149.5,0
2293,30.79,grocery,0,0,16,17,571.2,0
2294,98.97,dining,0,0,13,12,322.0,0
2295,112.24,utilities,0,0,10,12,47.1,0
2296,61.07,pharmacy,0,0,7,16,837.7,0
2297,57.47,electronics,0,0,13,17,336.6,0
2298,66.34,dining,0,0,10,15,982.2,0
2299,65.8,entertainment,0,1,11,19,280.0,0
2300,56.07,electronics,0,0,16,15,859.7,0
2301,33.04,utilities,0,0,10,13,291.7,0
2302,47.58,fuel,0,0,20,17,297.0,0
2303,150.89,grocery,0,0,6,11,1510.0,0
2304,161.88,fuel,0,0,14,16,808.9,0
2305,27.48,grocery,0,0,13,19,257.2,0
2306,98.14,grocery,0,0,14,11,793.0,0
2307,65.06,dining,0,0,7,21,114.0,0
2308,89.43,dining,0,0,21,8,423.4,0
2309,141.89,jewelry,0,0,15,11,562.2,0
2310,173.17,travel,0,0,12,11,361.2,0
2311,170.21,travel,0,0,16,17,1170.6,0
2312,172.08,online_retail,0,0,22,12,56.4,0
2313,51.73,dining,0,0,15,13,292.8,0
2314,90.19,electronics,0,0,22,15,523.3,0
2315,90.85,grocery,0,0,12,22,25.5,0
2316,111.87,online_retail,0,0,9,15,227.2,0
2317,82.39,fuel,0,0,10,13,784.0,0
2318,20.74,utilities,0,0,11,11,1175.0,0
2319,119.62,dining,0,0,18,18,901.2,0
2320,59.98,fuel,0,0,11,13,406.6,0
2321,121.83,utilities,0,0,18,13,1926.4,0
2322,40.77,fuel,0,0,14,14,137.1,0
2323,59.25,fuel,0,0,13,8,81.0,0
2324,26.76,electronics,0,0,13,17,425.6,0
2325,82.91,utilities,0,0,11,15,1384.9,0
2326,47.63,pharmacy,0,1,22,19,354.1,0
2327,212.06,online_retail,0,0,6,14,1148.2,0
2328,36.0,jewelry,0,0,9,12,83.8,0
2329,70.97,electronics,0,0,14,17,627.5,0
2330,56.52,travel,0,1,7,19,502.4,0
2331,148.73,electronics,0,0,20,11,2723.2,0
2332,86.67,fuel,0,0,7,13,136.3,0
2333,48.47,online_retail,0,0,9,8,302.0,0
2334,40.81,grocery,0,0,20,12,185.2,0
2335,77.61,fuel,0,0,22,18,355.2,0
2336,32.39,entertainment,0,0,19,16,105.9,0
2337,44.03,travel,0,0,17,10,683.5,0
2338,65.52,electronics,0,0,13,13,280.3,0
2339,112.82,grocery,0,0,10,12,25.9,0
2340,9.26,fuel,0,0,8,11,127.9,0
2341,156.78,fuel,0,0,10,19,302.1,0
2342,25.24,grocery,0,1,13,16,1647.2,0
2343,118.49,grocery,0,0,19,18,1491.4,0
2344,138.84,dining,1,1,13,15,476.5,0
2345,47.74,grocery,0,0,8,11,81.1,0
2346,107.4,utilities,0,0,20,18,1226.6,0
2347,28.42,fuel,0,0,19,13,867.4,0
2348,101.55,online_retail,0,0,22,18,729.2,0
2349,14.14,electronics,0,1,18,19,1045.7,0
2350,9.79,fuel,1,0,21,22,731.8,0
2351,45.96,pharmacy,0,0,14,20,301.8,0
2352,83.16,online_retail,0,1,12,14,1044.5,0
2353,43.84,travel,0,0,17,13,221.7,0
2354,31.68,grocery,0,0,21,15,650.4,0
2355,38.87,grocery,0,1,11,16,494.6,0
2356,23.42,dining,0,1,9,16,886.4,0
2357,29.09,pharmacy,0,0,9,14,413.7,0
2358,4.15,travel,0,0,18,21,689.8,0
2359,67.63,online_retail,0,0,11,8,147.3,0
2360,153.47,online_retail,1,0,11,14,344.7,0
2361,52.36,travel,0,0,13,17,596.7,0
2362,73.7,fuel,0,0,7,15,50.3,0
2363,93.14,travel,0,0,7,19,142.7,0
2364,54.13,utilities,0,0,7,9,385.8,0
2365,288.63,jewelry,0,0,18,14,335.4,0
2366,77.16,entertainment,0,0,9,17,193.2,0
2367,110.14,grocery,0,0,18,11,267.0,0
2368,41.25,travel,0,0,22,11,734.4,0
2369,22.13,entertainment,0,0,14,13,72.9,0
2370,33.69,travel,0,1,17,14,202.2,0
2371,78.96,jewelry,0,0,17,15,155.7,0
2372,44.09,travel,0,0,15,17,322.1,0
2373,229.93,jewelry,0,0,20,20,89.5,0
2374,28.59,entertainment,0,0,10,16,487.5,0
2375,19.13,electronics,0,0,21,15,27.4,0
2376,39.75,utilities,0,0,6,12,663.7,0
2377,49.8,jewelry,0,0,6,14,574.5,0
2378,149.23,travel,0,0,18,25,105.0,0
2379,107.98,travel,0,0,19,15,516.7,0
2380,49.37,utilities,0,0,19,20,872.8,0
2381,127.09,pharmacy,0,0,19,22,927.2,0
2382,150.93,pharmacy,0,1,22,16,642.4,0
2383,143.5,fuel,0,1,11,8,1130.7,0
2384,42.87,jewelry,0,0,14,17,1214.0,0
2385,70.0,utilities,0,0,16,8,198.9,0
2386,51.76,pharmacy,0,0,7,11,648.9,0
2387,132.61,utilities,0,0,14,19,222.4,0
2388,96.6,grocery,0,0,13,17,572.8,0
2389,298.53,electronics,0,0,18,9,344.7,0
2390,175.68,utilities,0,0,15,14,1354.0,0
2391,46.74,fuel,0,0,10,21,6.1,0
2392,244.45,dining,0,0,11,14,52.8,0
2393,76.79,grocery,0,0,16,14,195.0,0
2394,43.9,dining,0,0,11,19,59.1,0
2395,146.93,online_retail,0,0,7,17,370.5,0
2396,256.88,grocery,0,0,9,11,161.6,0
2397,78.93,electronics,0,0,20,17,603.0,0
2398,105.9,online_retail,0,0,11,13,202.9,0
2399,14.32,fuel,0,0,15,15,172.5,0
2400,129.27,online_retail,0,0,18,15,604.6,0
2401,103.46,grocery,0,0,17,16,1280.4,0
2402,71.82,utilities,0,0,9,12,62.9,0
2403,58.25,jewelry,0,0,15,14,109.6,0
2404,19.61,electronics,0,0,13,9,264.6,0
2405,78.36,grocery,0,0,21,17,167.3,0
2406,19.28,dining,0,0,18,20,1881.2,0
2407,74.73,pharmacy,0,0,13,14,238.4,0
2408,408.7,electronics,0,0,7,10,316.8,0
2409,35.81,online_retail,0,1,17,15,345.9,0
2410,112.1,pharmacy,0,0,10,11,262.6,0
2411,111.61,fuel,0,0,14,11,292.1,0
2412,109.47,travel,0,0,21,14,155.3,0
2413,42.29,online_retail,0,0,18,13,1776.2,0
2414,71.59,fuel,0,0,6,12,46.0,0
2415,147.81,dining,0,0,8,16,132.5,0
2416,46.1,pharmacy,0,0,16,14,1068.0,0
2417,107.79,jewelry,0,0,15,12,1186.4,0
2418,30.35,electronics,0,0,12,18,1170.7,0
2419,36.37,dining,0,0,22,15,186.9,0
2420,59.62,jewelry,0,0,7,13,198.0,0
2421,148.11,utilities,0,0,15,13,796.9,0
2422,46.18,online_retail,0,0,7,15,3278.7,0
2423,139.82,jewelry,0,0,6,17,446.5,0
2424,217.56,online_retail,0,0,19,24,204.5,0
2425,57.07,online_retail,0,0,20,15,21.9,0
2426,123.34,fuel,0,0,22,14,186.5,0
2427,42.17,pharmacy,0,0,13,10,83.5,0
2428,55.21,travel,0,0,18,13,3206.8,0
2429,72.02,utilities,0,0,22,16,621.2,0
2430,27.05,fuel,0,0,10,17,542.4,0
2431,144.81,pharmacy,0,0,21,11,501.9,0
2432,911.69,fuel,1,1,0,3,5.8,1
2433,72.74,dining,1,0,7,13,778.2,0
2434,80.74,travel,0,0,15,15,410.8,0
2435,50.53,pharmacy,0,0,12,11,460.0,0
2436,14.01,travel,0,0,20,12,1348.3,0
2437,12.1,dining,0,0,9,16,159.0,0
2438,102.94,travel,0,0,15,16,1040.3,0
2439,60.03,utilities,0,0,22,12,680.8,0
2440,32.98,entertainment,0,0,13,14,779.4,0
2441,46.14,grocery,0,0,14,19,715.7,0
2442,28.93,travel,0,0,13,16,703.6,0
2443,51.98,utilities,0,0,21,9,23.8,0
2444,29.29,utilities,0,0,21,8,4523.8,0
2445,46.73,electronics,0,0,21,18,517.1,0
2446,113.57,grocery,0,0,14,11,143.8,0
2447,133.73,pharmacy,0,0,19,15,650.5,0
2448,24.49,pharmacy,0,0,16,15,1162.8,0
2449,31.39,pharmacy,0,0,8,16,1206.9,0
2450,118.45,online_retail,0,0,6,13,658.1,0
2451,38.85,entertainment,0,0,12,14,51.3,0
2452,46.72,entertainment,0,0,7,10,1490.9,0
2453,115.88,entertainment,1,0,20,8,249.4,0
2454,53.65,electronics,1,0,15,14,201.3,0
2455,66.3,utilities,0,0,8,15,262.9,0
2456,935.12,travel,0,0,4,2,2.3,1
2457,27.85,dining,0,0,21,16,965.3,0
2458,36.68,online_retail,0,0,16,18,821.8,0
2459,202.82,entertainment,0,0,17,17,1051.6,0
2460,43.17,fuel,0,0,7,16,87.2,0
2461,52.09,dining,0,0,20,10,947.9,0
2462,39.47,fuel,0,0,21,16,306.5,0
2463,108.84,fuel,0,0,9,24,1458.2,0
2464,88.98,travel,0,0,12,14,853.9,0
2465,41.48,fuel,0,0,14,12,484.9,0
2466,100.44,entertainment,0,0,22,11,10.3,0
2467,51.26,online_retail,0,0,8,16,183.8,0
2468,82.62,dining,0,0,15,17,324.5,0
2469,22.36,online_retail,0,0,11,8,831.8,0
2470,105.4,jewelry,0,1,15,16,5.8,0
2471,83.94,entertainment,0,0,21,17,1608.7,0
2472,76.83,fuel,0,0,20,19,571.7,0
2473,75.21,jewelry,0,0,14,19,37.5,0
2474,39.93,grocery,0,0,11,19,809.2,0
2475,44.95,travel,0,0,18,19,387.1,0
2476,46.58,grocery,1,0,6,13,15.1,0
2477,34.09,electronics,0,0,21,17,86.7,0
2478,96.86,utilities,0,0,18,8,370.9,0
2479,91.58,fuel,0,0,13,15,160.3,0
2480,88.04,online_retail,0,0,16,11,147.3,0
2481,116.27,dining,0,1,9,14,90.9,0
2482,160.54,travel,0,0,15,11,927.3,0
2483,31.8,utilities,0,0,13,15,159.7,0
2484,147.6,electronics,0,0,10,17,680.3,0
2485,33.18,electronics,0,1,12,16,886.6,0
2486,34.88,dining,0,0,20,20,347.8,0
2487,100.15,online_retail,0,0,21,13,430.8,0
2488,92.43,utilities,0,0,7,15,1.1,0
2489,182.4,dining,0,0,9,13,1213.5,0
2490,20.13,grocery,0,0,18,13,1557.0,0
2491,91.58,online_retail,0,0,21,14,307.3,0
2492,37.32,pharmacy,0,0,11,19,1180.1,0
2493,47.38,electronics,0,0,9,17,625.0,0
2494,23.33,dining,0,0,6,13,2531.4,0
2495,39.56,travel,0,0,8,16,103.6,0
2496,114.6,grocery,0,0,14,12,540.5,0
2497,54.11,entertainment,0,0,22,19,485.9,0
2498,69.22,pharmacy,0,0,6,14,370.0,0
2499,184.62,jewelry,0,0,8,19,76.7,0
2500,43.52,electronics,0,0,9,18,436.1,0
2501,57.68,dining,0,0,11,14,242.4,0
2502,189.65,jewelry,0,0,14,12,2160.1,0
2503,241.32,jewelry,0,0,19,21,17.0,0
2504,43.08,grocery,0,0,6,13,878.1,0
2505,187.8,dining,0,0,17,12,1197.2,0
2506,28.66,online_retail,0,0,7,11,65.8,0
2507,55.73,utilities,0,1,9,13,659.4,0
2508,51.23,grocery,0,0,14,11,1732.1,0
2509,145.69,online_retail,0,0,16,10,805.3,0
2510,90.34,electronics,0,0,19,9,719.2,0
2511,12.72,dining,0,0,16,20,820.6,0
2512,355.07,pharmacy,0,0,22,20,180.5,0
2513,25.15,grocery,0,0,17,8,1331.6,0
2514,74.1,utilities,0,0,17,22,64.3,0
2515,52.0,entertainment,0,0,9,19,948.2,0
2516,15.86,jewelry,0,0,11,11,425.3,0
2517,77.09,travel,0,0,12,13,2594.1,0
2518,182.01,electronics,0,0,19,19,620.6,0
2519,77.26,electronics,0,0,20,8,62.3,0
2520,31.38,jewelry,0,0,12,20,534.9,0
2521,213.55,dining,1,1,3,1,11.8,1
2522,39.54,grocery,0,0,16,17,600.1,0
2523,121.25,jewelry,0,0,11,18,25.2,0
2524,8.85,electronics,0,0,6,17,266.8,0
2525,25.98,utilities,0,0,20,11,883.8,0
2526,40.61,dining,0,0,9,9,1150.1,0
2527,222.4,utilities,0,0,10,15,1183.6,0
2528,38.37,electronics,0,0,20,21,479.1,0
2529,15.99,fuel,0,0,16,11,551.6,0
2530,54.26,entertainment,0,0,14,19,368.8,0
2531,561.85,travel,0,0,1,2,0.6,1
2532,77.24,dining,0,0,17,12,531.4,0
2533,105.63,online_retail,0,0,8,13,1517.2,0
2534,92.02,online_retail,0,0,18,14,111.0,0
2535,137.57,fuel,0,0,10,17,1307.4,0
2536,7.62,jewelry,0,0,7,16,184.8,0
2537,116.69,electronics,0,0,22,15,187.9,0
2538,62.52,dining,0,0,8,19,881.9,0
2539,37.39,online_retail,0,0,17,8,1652.1,0
2540,287.66,pharmacy,0,1,4,1,0.4,1
2541,33.76,grocery,0,0,16,14,782.2,0
2542,103.8,pharmacy,0,0,20,10,402.2,0
2543,100.01,electronics,0,0,20,18,697.1,0
2544,201.52,utilities,0,0,8,9,420.9,0
2545,77.7,electronics,0,0,18,15,9.3,0
2546,114.64,utilities,0,0,12,15,131.0,0
2547,208.34,entertainment,1,1,11,15,344.3,0
2548,75.29,utilities,0,0,8,15,287.5,0
2549,66.13,electronics,0,0,20,17,239.3,0
2550,192.27,grocery,0,0,22,17,498.6,0
2551,31.55,grocery,0,0,7,27,571.6,0
2552,15.19,dining,1,0,17,15,349.7,0
2553,77.89,travel,0,0,17,19,612.4,0
2554,95.17,electronics,0,0,18,12,284.4,0
2555,113.11,travel,0,0,11,16,640.9,0
2556,103.55,grocery,0,0,21,19,776.9,0
2557,66.69,grocery,0,0,19,22,1239.3,0
2558,73.89,fuel,0,0,8,16,335.1,0
2559,39.02,entertainment,0,0,13,12,347.9,0
2560,55.67,utilities,0,0,9,19,45.3,0
2561,2.85,pharmacy,0,0,19,11,1079.1,0
2562,134.09,fuel,0,0,16,22,632.8,0
2563,23.35,utilities,0,0,22,9,511.5,0
2564,47.78,pharmacy,0,0,6,17,1046.7,0
2565,79.89,dining,0,0,14,16,22.2,0
2566,150.51,online_retail,0,0,10,14,2021.9,0
2567,153.18,travel,0,0,15,13,523.0,0
2568,78.91,travel,0,0,10,11,132.5,0
2569,145.5,utilities,0,0,9,17,233.0,0
2570,99.48,electronics,0,0,21,29,629.3,0
2571,156.82,utilities,0,0,13,12,121.9,0
2572,33.2,entertainment,0,0,9,15,859.7,0
2573,71.89,pharmacy,0,0,11,23,102.7,0
2574,119.74,utilities,0,0,14,26,719.6,0
2575,70.25,fuel,0,0,7,15,112.3,0
2576,66.73,fuel,0,0,8,11,257.5,0
2577,7.67,utilities,0,0,11,17,927.6,0
2578,47.2,utilities,0,0,20,16,100.3,0
2579,42.19,utilities,0,0,19,12,119.5,0
2580,55.38,jewelry,0,0,14,22,47.8,0
2581,109.27,electronics,0,0,12,17,329.5,0
2582,18.74,dining,0,0,18,13,468.0,0
2583,67.78,dining,0,0,20,11,962.6,0
2584,42.27,entertainment,0,0,21,21,236.1,0
2585,57.95,jewelry,0,0,21,19,77.9,0
2586,4.76,dining,0,0,8,16,728.1,0
2587,110.42,dining,0,0,19,13,550.2,0
2588,42.65,jewelry,0,0,19,12,1099.9,0
2589,84.18,fuel,0,0,13,9,667.8,0
2590,404.45,fuel,0,1,1,2,4.5,1
2591,12.29,fuel,0,0,9,12,9.4,0
2592,33.35,entertainment,0,0,12,16,240.6,0
2593,100.2,entertainment,0,0,21,23,201.4,0
2594,65.13,online_retail,0,0,10,21,106.4,0
2595,43.52,electronics,0,0,15,10,203.5,0
2596,79.45,travel,0,0,12,7,392.4,0
2597,60.61,dining,0,0,8,15,4.0,0
2598,50.04,electronics,0,0,8,10,3302.2,0
2599,79.93,travel,0,0,14,20,372.0,0
2600,62.94,entertainment,0,0,16,19,2171.0,0
2601,144.72,grocery,0,0,9,14,1275.7,0
2602,53.23,dining,0,0,19,18,601.6,0
2603,62.41,utilities,0,0,7,9,254.9,0
2604,48.36,entertainment,0,0,15,11,161.1,0
2605,15.34,pharmacy,0,0,8,13,82.0,0
2606,31.49,entertainment,0,1,15,13,235.8,0
2607,91.32,travel,0,0,21,12,110.9,0
2608,84.46,pharmacy,1,0,9,16,212.0,0
2609,11.08,pharmacy,0,0,13,21,424.7,0
2610,55.93,dining,0,0,14,19,317.7,0
2611,15.07,entertainment,1,0,21,18,147.7,0
2612,59.62,pharmacy,0,0,12,17,825.0,0
2613,35.37,online_retail,0,0,10,17,219.2,0
2614,168.66,jewelry,0,0,15,16,815.2,0
2615,90.39,grocery,0,1,9,18,328.8,0
2616,29.82,dining,0,0,15,13,265.9,0
2617,53.67,fuel,0,0,22,14,156.4,0
2618,63.46,dining,0,0,19,8,300.2,0
2619,50.62,online_retail,0,0,11,17,168.8,0
2620,12.05,pharmacy,0,0,21,14,417.3,0
2621,44.32,electronics,0,0,11,17,428.8,0
2622,14.22,entertainment,0,0,13,15,2610.3,0
2623,60.01,fuel,0,0,18,19,150.9,0
2624,40.73,grocery,0,0,7,11,1313.1,0
2625,94.21,utilities,0,0,8,15,847.1,0
2626,18.87,travel,0,0,12,21,123.8,0
2627,181.36,fuel,0,1,16,29,721.0,0
2628,18.02,fuel,0,0,20,9,1146.8,0
2629,59.61,travel,0,0,12,20,759.3,0
2630,207.83,dining,0,0,12,16,415.6,0
2631,55.91,grocery,0,0,17,14,344.1,0
2632,24.25,utilities,0,0,19,14,1283.9,0
2633,144.69,electronics,0,0,17,14,31.1,0
2634,116.43,online_retail,0,1,17,16,393.8,0
2635,17.72,utilities,0,0,21,18,46.6,0
2636,25.91,jewelry,0,0,10,14,697.6,0
2637,48.65,dining,0,0,21,21,705.0,0
2638,48.84,jewelry,0,0,22,12,529.4,0
2639,68.97,travel,0,0,6,7,581.8,0
2640,57.35,travel,0,0,19,19,1886.8,0
2641,113.08,grocery,0,0,8,11,265.2,0
2642,69.18,fuel,0,0,6,21,551.8,0
2643,120.92,jewelry,0,0,13,12,162.5,0
2644,135.47,grocery,0,0,16,7,435.8,0
2645,134.96,utilities,0,0,10,16,1867.7,0
2646,149.18,electronics,0,0,16,15,2776.7,0
2647,134.99,grocery,0,0,16,15,465.4,0
2648,9.69,fuel,0,0,13,11,731.9,0
2649,39.96,online_retail,0,0,18,17,688.4,0
2650,11.27,fuel,0,0,20,19,164.8,0
2651,119.2,online_retail,0,0,11,15,1418.6,0
2652,60.48,electronics,0,0,14,17,1237.2,0
2653,18.14,utilities,0,0,8,14,154.9,0
2654,57.91,online_retail,0,0,21,14,38.6,0
2655,7.02,fuel,0,0,12,19,33.3,0
2656,146.41,dining,0,0,12,12,529.6,0
2657,29.49,utilities,0,0,22,8,528.5,0
2658,60.3,fuel,0,0,6,12,660.8,0
2659,205.26,fuel,0,0,15,11,749.3,0
2660,125.36,travel,0,0,16,18,355.5,0
2661,44.93,dining,1,0,21,16,2255.5,0
2662,29.33,fuel,0,0,21,21,723.8,0
2663,43.56,pharmacy,1,1,9,12,88.4,0
2664,5.59,dining,0,0,9,14,488.2,0
2665,83.46,travel,0,0,21,11,129.0,0
2666,93.69,dining,0,0,14,20,73.8,0
2667,19.77,fuel,0,0,8,17,989.3,0
2668,111.13,dining,0,0,10,14,323.7,0
2669,61.13,entertainment,0,0,18,16,152.3,0
2670,75.5,jewelry,0,0,7,25,936.0,0
2671,32.0,utilities,0,0,18,11,36.4,0
2672,15.56,utilities,0,0,11,17,1547.7,0
2673,90.15,electronics,0,1,20,8,1310.2,0
2674,124.01,jewelry,0,0,20,18,48.2,0
2675,30.12,pharmacy,1,0,18,17,361.0,0
2676,45.61,grocery,0,0,13,10,936.8,0
2677,103.97,jewelry,0,0,9,18,1105.0,0
2678,46.7,entertainment,1,1,19,15,3.5,0
2679,140.69,grocery,0,0,7,18,983.0,0
2680,50.7,fuel,0,0,16,14,719.2,0
2681,27.82,grocery,0,0,18,11,239.2,0
2682,1231.72,utilities,0,1,0,3,0.4,1
2683,68.85,jewelry,0,0,7,17,360.1,0
2684,146.4,jewelry,0,0,9,19,2383.6,0
2685,160.36,travel,0,0,13,18,373.5,0
2686,106.66,entertainment,0,0,21,14,1227.2,0
2687,206.67,grocery,0,1,22,16,453.4,0
2688,71.34,travel,0,0,6,24,1747.7,0
2689,42.9,grocery,0,0,12,18,878.0,0
2690,19.67,online_retail,0,0,6,8,136.5,0
2691,32.59,online_retail,0,0,12,13,216.9,0
2692,55.17,jewelry,0,0,8,15,434.9,0
2693,34.76,fuel,0,1,10,16,587.6,0
2694,20.31,dining,0,0,8,11,1707.0,0
2695,134.72,fuel,0,0,14,14,86.8,0
2696,22.07,jewelry,0,0,22,20,1302.9,0
2697,35.56,travel,0,0,18,11,2.7,0
2698,86.6,grocery,0,0,12,10,114.2,0
2699,35.27,electronics,0,0,15,14,335.7,0
2700,82.78,fuel,0,0,8,17,187.6,0
2701,68.53,grocery,0,0,21,19,102.7,0
2702,34.76,utilities,0,0,6,20,633.1,0
2703,86.45,fuel,0,1,8,17,275.2,0
2704,74.47,jewelry,1,0,13,13,1091.1,0
2705,148.06,online_retail,0,0,16,12,2.5,0
2706,90.26,utilities,0,0,17,12,1587.9,0
2707,33.91,entertainment,0,0,6,14,207.8,0
2708,66.3,pharmacy,0,0,19,10,104.3,0
2709,15.06,dining,0,1,13,17,272.3,0
2710,45.08,grocery,0,0,10,15,751.0,0
2711,70.86,travel,0,1,17,11,1670.1,0
2712,81.3,fuel,0,0,8,12,2473.4,0
2713,49.36,jewelry,0,0,10,19,134.4,0
2714,61.57,dining,0,0,22,13,544.7,0
2715,95.88,grocery,0,0,9,17,1080.0,0
2716,38.68,dining,0,0,11,7,0.6,0
2717,67.88,entertainment,0,0,13,13,286.1,0
2718,30.84,travel,0,0,14,15,1061.1,0
2719,105.96,jewelry,1,0,13,11,433.7,0
2720,198.71,fuel,0,0,20,11,110.8,0
2721,126.69,entertainment,0,1,13,17,1066.5,0
2722,138.21,fuel,0,0,22,13,121.5,0
2723,58.38,entertainment,0,0,7,12,92.4,0
2724,36.15,online_retail,0,0,22,15,59.1,0
2725,25.81,utilities,0,1,9,20,1180.6,0
2726,108.22,entertainment,0,0,17,16,803.0,0
2727,79.95,pharmacy,0,0,18,17,1107.3,0
2728,91.06,dining,0,0,21,14,55.4,0
2729,13.51,entertainment,0,0,10,19,1237.1,0
2730,76.89,pharmacy,0,0,12,16,25.2,0
2731,125.27,dining,0,0,12,15,256.8,0
2732,58.83,dining,0,0,21,16,501.5,0
2733,21.85,electronics,0,0,6,16,135.2,0
2734,70.08,jewelry,0,0,15,20,850.3,0
2735,137.9,online_retail,0,0,7,16,62.7,0
2736,13.65,utilities,0,0,10,10,1053.6,0
2737,86.33,entertainment,0,0,17,11,425.4,0
2738,38.18,dining,0,0,9,10,186.6,0
2739,17.64,entertainment,0,0,21,15,2180.3,0
2740,26.44,grocery,0,0,6,13,133.4,0
2741,60.07,electronics,0,0,21,16,227.3,0
2742,16.44,jewelry,0,0,14,16,39.2,0
2743,79.11,travel,0,0,19,17,199.8,0
2744,13.31,jewelry,0,0,19,15,539.2,0
2745,103.75,entertainment,0,0,9,21,56.2,0
2746,127.83,grocery,0,0,13,8,419.0,0
2747,138.19,pharmacy,0,0,12,23,596.5,0
2748,92.76,pharmacy,0,0,17,19,1261.1,0
2749,106.39,utilities,0,1,15,6,1154.7,0
2750,70.0,travel,0,0,19,15,799.4,0
2751,195.54,travel,1,0,4,2,7.9,1
2752,32.08,online_retail,1,0,14,18,106.3,0
2753,49.42,travel,0,0,10,15,298.6,0
2754,62.36,online_retail,0,0,11,19,250.9,0
2755,3.22,dining,1,0,8,14,181.2,0
2756,125.04,electronics,0,0,10,20,36.7,0
2757,50.25,fuel,0,0,9,14,858.8,0
2758,103.38,online_retail,0,0,6,22,969.9,0
2759,30.59,online_retail,0,1,7,18,1861.6,0
2760,87.22,utilities,0,0,11,13,528.9,0
2761,98.23,pharmacy,0,0,22,22,170.3,0
2762,100.81,online_retail,0,1,13,16,216.7,0
2763,32.84,entertainment,0,0,14,10,820.5,0
2764,44.47,electronics,0,0,17,19,798.6,0
2765,244.01,travel,0,0,7,11,632.4,0
2766,26.11,travel,0,0,18,8,243.3,0
2767,19.01,grocery,0,0,20,16,598.8,0
2768,142.3,utilities,0,0,12,19,1419.0,0
2769,55.95,grocery,0,0,13,20,691.3,0
2770,112.54,grocery,0,0,17,10,509.1,0
2771,73.71,jewelry,0,0,16,17,343.2,0
2772,83.23,dining,0,1,13,12,2245.7,0
2773,67.64,utilities,0,0,20,20,896.7,0
2774,39.66,grocery,0,0,15,12,250.4,0
2775,160.93,entertainment,0,0,8,22,204.4,0
2776,73.78,travel,0,0,15,24,1473.4,0
2777,43.32,jewelry,0,0,13,15,108.0,0
2778,38.59,utilities,0,0,22,12,466.9,0
2779,18.26,entertainment,0,0,20,17,75.0,0
2780,40.25,utilities,0,0,13,15,1143.3,0
2781,102.09,dining,0,0,9,14,1010.6,0
2782,98.49,entertainment,0,0,16,12,1294.4,0
2783,143.43,online_retail,0,0,22,16,103.2,0
2784,183.02,electronics,0,0,18,22,608.0,0
2785,72.87,jewelry,0,0,12,7,882.2,0
2786,610.07,utilities,0,1,3,2,2.4,1
2787,79.0,utilities,0,0,7,12,451.9,0
2788,79.49,pharmacy,0,0,17,16,497.4,0
2789,85.48,travel,0,0,18,17,0.9,0
2790,11.12,pharmacy,0,0,18,14,418.9,0
2791,50.45,entertainment,0,0,18,11,79.2,0
2792,290.16,dining,0,0,20,16,1016.9,0
2793,89.78,pharmacy,0,1,15,14,88.2,0
2794,123.9,travel,0,0,7,16,14.6,0
2795,61.89,entertainment,0,0,18,12,2275.3,0
2796,59.71,grocery,0,0,8,13,434.7,0
2797,20.1,online_retail,0,0,10,19,2493.2,0
2798,46.98,dining,0,0,7,17,438.9,0
2799,106.83,pharmacy,0,0,16,12,82.3,0
2800,43.46,jewelry,0,0,7,17,628.0,0
2801,17.55,entertainment,0,0,16,12,2022.3,0
2802,79.51,jewelry,0,0,15,21,290.1,0
2803,113.5,jewelry,0,0,18,15,41.1,0
2804,146.82,online_retail,0,0,15,7,135.0,0
2805,40.95,fuel,0,0,10,12,55.4,0
2806,56.21,online_retail,1,0,8,15,1492.6,0
2807,65.57,grocery,0,0,7,20,101.8,0
2808,29.27,jewelry,0,0,13,12,527.3,0
2809,51.67,electronics,0,0,12,14,209.0,0
2810,41.13,grocery,0,0,21,18,168.2,0
2811,63.05,pharmacy,0,0,20,12,1539.3,0
2812,159.32,pharmacy,0,0,7,17,920.7,0
2813,55.11,dining,0,0,9,9,628.2,0
2814,8.32,entertainment,0,0,14,14,69.4,0
2815,131.88,electronics,0,0,21,19,216.8,0
2816,102.1,entertainment,0,1,10,17,286.9,0
2817,96.2,electronics,0,0,11,7,104.0,0
2818,51.01,pharmacy,0,0,11,12,229.8,0
2819,162.78,entertainment,0,0,17,16,240.4,0
2820,62.55,entertainment,0,0,12,14,884.4,0
2821,81.81,jewelry,0,0,14,11,1062.9,0
2822,195.14,grocery,1,1,8,16,629.4,0
2823,74.4,jewelry,0,0,12,16,14.5,0
2824,58.09,jewelry,0,0,17,15,489.8,0
2825,34.23,pharmacy,0,0,18,15,455.9,0
2826,32.56,jewelry,0,0,15,14,1150.5,0
2827,45.6,grocery,0,0,12,23,904.2,0
2828,31.33,utilities,0,0,15,17,1974.1,0
2829,60.43,jewelry,0,0,15,15,1902.0,0
2830,44.02,pharmacy,0,0,17,15,141.9,0
2831,197.25,pharmacy,0,1,16,12,169.7,0
2832,167.47,travel,0,0,9,15,394.1,0
2833,16.85,grocery,0,0,11,19,814.2,0
2834,79.35,grocery,0,0,7,12,67.8,0
2835,52.14,electronics,0,1,7,13,441.0,0
2836,34.9,travel,0,1,22,11,470.8,0
2837,13.87,travel,0,0,21,13,977.3,0
2838,60.03,electronics,0,0,22,14,622.2,0
2839,77.34,entertainment,0,0,8,18,405.8,0
2840,207.24,dining,0,0,20,15,257.3,0
2841,91.35,fuel,0,0,9,13,2220.3,0
2842,79.81,electronics,0,0,15,23,1233.7,0
2843,112.44,electronics,0,0,12,21,84.5,0
2844,133.0,fuel,0,0,10,7,264.9,0
2845,14.95,travel,0,0,12,15,130.9,0
2846,28.28,entertainment,0,0,16,17,528.3,0
2847,7.94,jewelry,0,1,16,15,24.4,0
2848,853.29,grocery,1,0,0,3,7.2,1
2849,27.84,dining,0,0,15,20,2180.2,0
2850,104.21,utilities,0,1,15,7,475.9,0
2851,26.63,pharmacy,0,0,16,10,195.1,0
2852,7.32,grocery,0,0,6,18,1878.5,0
2853,99.36,fuel,0,0,20,13,205.9,0
2854,36.68,dining,0,0,12,12,1085.6,0
2855,97.37,online_retail,0,0,8,20,591.2,0
2856,25.93,grocery,1,0,17,10,405.4,0
2857,63.99,entertainment,0,0,17,14,241.4,0
2858,31.66,fuel,0,0,18,10,632.1,0
2859,187.18,fuel,0,0,8,16,2006.3,0
2860,67.14,utilities,0,0,12,14,1090.1,0
2861,42.12,entertainment,0,0,19,16,1149.0,0
2862,69.57,fuel,0,0,13,16,117.2,0
2863,84.19,dining,0,0,21,16,305.1,0
2864,51.08,jewelry,0,0,19,18,132.7,0
2865,46.9,jewelry,1,0,16,22,3.5,0
2866,89.76,fuel,0,0,21,16,148.9,0
2867,14.98,travel,0,0,20,14,1554.0,0
2868,203.97,fuel,0,0,15,22,665.6,0
2869,57.36,fuel,0,0,18,20,1556.3,0
2870,18.76,dining,0,0,12,13,115.8,0
2871,219.89,dining,0,0,20,12,2945.5,0
2872,138.93,utilities,0,0,20,17,1494.5,0
2873,159.88,online_retail,0,0,16,24,607.1,0
2874,109.09,electronics,0,0,11,19,127.4,0
2875,44.37,pharmacy,0,0,11,14,250.0,0
2876,71.61,dining,0,0,9,7,2140.1,0
2877,135.89,electronics,0,0,6,16,1139.5,0
2878,21.3,travel,0,0,21,13,482.8,0
2879,123.35,travel,0,0,16,13,603.6,0
2880,33.86,jewelry,0,0,10,12,26.4,0
2881,60.16,fuel,0,0,21,13,88.4,0
2882,100.46,entertainment,0,1,16,14,189.6,0
2883,59.01,entertainment,0,0,17,15,122.8,0
2884,36.46,utilities,0,0,18,17,375.6,0
2885,15.28,utilities,0,0,17,9,69.0,0
2886,126.15,electronics,0,0,12,18,2092.1,0
2887,63.43,travel,0,0,8,13,1225.6,0
2888,42.44,pharmacy,0,0,8,11,290.2,0
2889,86.62,entertainment,0,0,12,16,234.9,0
2890,102.46,jewelry,0,0,19,14,209.4,0
2891,20.05,utilities,0,0,9,19,1049.7,0
2892,88.37,online_retail,0,0,21,9,305.5,0
2893,75.61,pharmacy,0,0,21,16,704.3,0
2894,187.4,entertainment,0,0,20,17,689.6,0
2895,86.86,online_retail,0,0,20,23,165.3,0
2896,204.87,travel,0,0,10,10,349.3,0
2897,64.73,dining,0,0,12,15,424.2,0
2898,65.71,fuel,0,0,21,10,1161.4,0
2899,49.82,electronics,0,0,13,10,421.9,0
2900,67.28,dining,0,0,21,13,289.8,0
2901,175.64,dining,0,0,7,20,103.7,0
2902,123.25,entertainment,0,0,10,17,729.8,0
2903,69.27,entertainment,0,0,13,15,265.7,0
2904,77.96,fuel,0,0,9,10,260.5,0
2905,10.34,travel,0,0,7,13,55.4,0
2906,68.14,fuel,0,0,12,17,435.7,0
2907,203.6,jewelry,0,0,7,12,177.8,0
2908,166.01,entertainment,0,0,18,12,355.3,0
2909,32.78,entertainment,0,0,21,16,847.3,0
2910,88.29,jewelry,0,0,13,18,94.8,0
2911,33.53,pharmacy,0,0,16,13,96.2,0
2912,57.79,online_retail,0,0,19,15,266.3,0
2913,97.13,pharmacy,0,1,15,13,1617.1,0
2914,46.29,entertainment,0,0,20,19,166.1,0
2915,8.53,travel,0,0,17,16,451.8,0
2916,51.68,online_retail,0,0,11,11,0.6,0
2917,74.04,utilities,0,0,14,17,1065.5,0
2918,28.85,electronics,0,0,18,16,744.8,0
2919,7.88,entertainment,0,0,17,12,1699.0,0
2920,20.37,dining,0,0,10,24,887.3,0
2921,127.69,fuel,0,0,19,12,1091.7,0
2922,47.37,online_retail,0,0,17,5,1895.6,0
2923,221.32,jewelry,0,0,12,13,188.2,0
2924,59.63,entertainment,0,0,10,16,1270.3,0
2925,72.83,utilities,0,0,8,15,80.5,0
2926,89.85,pharmacy,0,0,22,11,272.8,0
2927,767.33,fuel,1,1,3,3,9.9,1
2928,68.68,travel,0,0,15,15,303.2,0
2929,19.47,fuel,0,0,17,19,823.0,0
2930,31.48,pharmacy,0,0,14,9,509.9,0
2931,118.27,utilities,0,0,10,8,235.0,0
2932,65.03,fuel,0,0,18,8,278.5,0
2933,71.81,utilities,0,0,8,9,2.3,0
2934,106.22,grocery,0,0,6,16,484.5,0
2935,78.45,electronics,0,0,8,15,5.9,0
2936,734.87,electronics,1,1,3,3,4.4,1
2937,23.5,electronics,1,0,7,12,276.7,0
2938,20.68,jewelry,1,0,21,21,374.0,0
2939,68.62,electronics,1,0,20,22,386.8,0
2940,187.23,fuel,0,0,6,20,370.6,0
2941,113.16,pharmacy,0,0,10,15,1784.7,0
2942,79.46,entertainment,0,0,6,15,1247.4,0
2943,78.33,jewelry,0,0,10,12,13.3,0
2944,1281.88,grocery,0,1,3,4,2.8,1
2945,73.56,fuel,1,0,10,13,168.4,0
2946,33.84,utilities,0,0,6,17,796.1,0
2947,44.46,online_retail,0,0,7,23,412.7,0
2948,66.13,electronics,0,0,15,13,353.8,0
2949,43.58,dining,0,0,8,22,231.9,0
2950,22.87,dining,0,0,6,20,1538.2,0
2951,78.5,electronics,0,0,14,14,299.6,0
2952,166.74,entertainment,0,0,18,13,124.8,0
2953,108.8,fuel,0,0,15,8,403.5,0
2954,30.04,grocery,0,1,21,15,336.5,0
2955,133.02,entertainment,0,0,9,16,364.1,0
2956,55.57,jewelry,0,1,6,13,881.4,0
2957,13.03,entertainment,0,0,18,15,878.2,0
2958,13.78,electronics,0,0,19,14,356.0,0
2959,52.9,travel,0,0,6,14,467.3,0
2960,107.97,grocery,0,0,17,12,94.4,0
2961,154.85,grocery,0,0,18,17,244.9,0
2962,111.33,utilities,0,1,11,5,350.1,0
2963,85.88,electronics,0,0,18,13,122.2,0
2964,77.85,electronics,0,0,10,12,331.2,0
2965,81.66,entertainment,0,0,13,11,245.1,0
2966,36.13,electronics,0,0,10,17,279.9,0
2967,146.08,fuel,0,0,11,14,122.5,0
2968,102.19,electronics,0,0,16,10,1387.7,0
2969,130.79,fuel,0,0,7,17,1660.2,0
2970,32.99,dining,0,0,20,8,33.3,0
2971,11.87,online_retail,0,0,10,16,1267.2,0
2972,48.93,electronics,0,0,11,21,177.8,0
2973,289.68,pharmacy,0,0,18,6,667.4,0
2974,49.65,grocery,0,0,7,9,926.4,0
2975,198.37,electronics,0,0,17,24,1578.7,0
2976,52.55,travel,0,0,20,16,736.3,0
2977,25.61,utilities,0,0,8,19,388.6,0
2978,13.72,jewelry,0,0,9,19,194.2,0
2979,59.23,grocery,0,0,8,18,265.6,0
2980,92.21,electronics,0,0,9,13,309.6,0
2981,75.35,travel,1,0,7,13,77.3,0
2982,50.47,dining,0,0,10,14,1050.0,0
2983,30.01,entertainment,0,1,8,10,365.3,0
2984,55.61,utilities,0,0,11,8,312.5,0
2985,46.79,grocery,0,0,19,17,351.3,0
2986,81.35,utilities,0,0,14,11,50.6,0
2987,116.55,entertainment,0,0,8,8,510.3,0
2988,29.04,fuel,0,0,16,11,727.5,0
2989,64.25,entertainment,0,0,14,22,256.9,0
2990,58.33,jewelry,0,0,18,12,659.0,0
2991,11.96,travel,0,0,13,17,109.2,0
2992,74.12,online_retail,0,0,21,16,37.8,0
2993,56.3,pharmacy,0,1,14,18,238.4,0
2994,34.39,jewelry,0,1,17,14,234.8,0
2995,78.52,dining,0,0,19,16,517.5,0
2996,47.78,electronics,0,0,13,17,864.6,0
2997,168.7,fuel,0,0,6,16,791.9,0
2998,34.28,dining,0,0,6,6,49.6,0
2999,67.77,fuel,0,0,6,19,128.9,0
3000,87.61,fuel,0,0,10,14,726.0,0
3001,170.2,fuel,0,0,9,18,60.3,0
3002,97.78,pharmacy,0,0,13,14,1375.7,0
3003,130.96,entertainment,0,0,13,15,520.3,0
3004,103.65,jewelry,0,0,16,15,910.2,0
3005,137.58,electronics,0,0,16,17,15.6,0
3006,144.57,online_retail,0,0,6,13,945.8,0
3007,152.94,travel,0,0,10,14,2148.5,0
3008,49.9,pharmacy,0,0,13,18,544.4,0
3009,8.99,fuel,0,0,22,17,58.9,0
3010,1563.89,travel,0,1,1,2,4.3,1
3011,61.07,utilities,0,1,15,15,585.6,0
3012,200.66,utilities,0,0,6,19,1488.8,0
3013,90.95,online_retail,0,0,8,21,76.2,0
3014,78.4,entertainment,0,0,7,16,435.5,0
3015,197.98,entertainment,0,1,6,9,62.3,0
3016,173.02,fuel,0,0,12,16,827.9,0
3017,119.41,electronics,0,0,19,9,1088.6,0
3018,19.7,online_retail,0,0,8,12,1197.3,0
3019,30.49,utilities,0,0,20,15,633.9,0
3020,41.82,entertainment,0,0,10,14,165.2,0
3021,51.34,grocery,0,0,14,13,963.3,0
3022,35.49,jewelry,0,0,7,10,35.1,0
3023,69.37,entertainment,1,0,18,21,612.5,0
3024,101.87,online_retail,0,0,21,19,242.6,0
3025,126.59,online_retail,0,0,17,16,995.9,0
3026,19.03,entertainment,0,0,14,18,316.5,0
3027,23.24,travel,0,0,20,11,241.7,0
3028,74.64,grocery,1,0,17,12,465.5,0
3029,118.86,pharmacy,0,0,18,8,336.1,0
3030,95.09,jewelry,0,0,22,11,306.1,0
3031,20.47,jewelry,0,0,10,17,1422.5,0
3032,178.03,dining,0,0,15,15,115.4,0
3033,83.84,dining,0,0,16,10,429.5,0
3034,305.24,electronics,0,0,15,11,8.1,0
3035,87.42,travel,0,0,19,10,442.3,0
3036,117.29,grocery,0,0,9,10,1077.1,0
3037,22.66,electronics,0,0,16,15,104.8,0
3038,146.69,online_retail,0,0,14,15,65.2,0
3039,84.74,dining,0,0,20,14,798.7,0
3040,58.34,travel,0,0,11,18,436.9,0
3041,21.16,grocery,0,0,14,13,741.7,0
3042,26.15,jewelry,0,0,16,13,562.9,0
3043,45.27,jewelry,0,0,21,13,1087.6,0
3044,56.04,utilities,0,0,8,11,1276.8,0
3045,73.5,online_retail,0,0,21,15,94.4,0
3046,70.35,jewelry,0,0,12,9,564.4,0
3047,35.38,pharmacy,0,0,20,15,583.7,0
3048,23.44,online_retail,0,0,10,8,400.9,0
3049,71.31,online_retail,0,0,14,18,27.8,0
3050,52.08,dining,0,0,13,16,53.7,0
3051,38.53,pharmacy,0,0,18,12,561.5,0
3052,38.55,jewelry,0,0,12,7,62.4,0
3053,68.85,fuel,1,0,7,14,1614.5,0
3054,10.34,fuel,0,0,18,14,1067.3,0
3055,52.39,online_retail,0,0,13,10,196.8,0
3056,48.92,fuel,0,0,16,16,988.7,0
3057,238.63,travel,0,0,11,13,1750.0,0
3058,300.82,pharmacy,0,0,10,15,61.8,0
3059,21.47,online_retail,0,0,8,13,789.8,0
3060,65.15,fuel,0,0,14,23,287.6,0
3061,12.09,fuel,0,0,6,13,41.1,0
3062,16.86,fuel,1,0,18,14,169.7,0
3063,204.88,fuel,0,0,9,19,661.0,0
3064,96.14,jewelry,0,0,11,12,1214.3,0
3065,45.72,fuel,0,1,6,14,1114.6,0
3066,57.58,pharmacy,0,0,7,9,1140.6,0
3067,60.98,grocery,0,0,10,14,214.9,0
3068,15.49,online_retail,0,0,18,19,50.6,0
3069,60.76,electronics,0,0,15,19,84.3,0
3070,27.24,dining,0,0,14,15,763.6,0
3071,102.11,dining,0,0,12,14,58.2,0
3072,41.85,pharmacy,0,0,21,15,110.6,0
3073,98.49,online_retail,0,0,9,10,1062.9,0
3074,50.68,utilities,0,0,19,16,125.2,0
3075,20.81,electronics,1,0,21,13,1144.3,0
3076,49.27,entertainment,0,0,16,10,1466.6,0
3077,132.94,online_retail,0,0,21,16,102.7,0
3078,36.56,entertainment,0,0,15,18,239.8,0
3079,54.0,online_retail,0,0,20,19,600.3,0
3080,69.37,pharmacy,0,0,13,19,169.0,0
3081,182.44,pharmacy,0,0,10,12,624.9,0
3082,54.55,electronics,0,0,13,6,536.3,0
3083,96.11,utilities,0,0,9,16,847.4,0
3084,301.88,fuel,0,0,12,22,704.4,0
3085,143.4,electronics,0,0,18,13,660.1,0
3086,102.08,entertainment,0,0,17,17,516.6,0
3087,116.66,entertainment,0,0,22,16,443.3,0
3088,103.36,travel,0,0,8,17,285.4,0
3089,5.26,online_retail,0,0,14,13,286.8,0
3090,20.38,electronics,0,0,17,14,841.7,0
3091,69.35,grocery,1,0,8,16,3351.2,0
3092,115.44,electronics,0,0,20,18,4416.3,0
3093,27.03,travel,1,0,9,12,109.3,0
3094,107.53,travel,0,0,16,24,113.1,0
3095,62.19,online_retail,0,0,13,7,852.9,0
3096,49.61,dining,0,0,21,23,2546.2,0
3097,55.11,pharmacy,0,0,18,19,293.1,0
3098,53.13,jewelry,0,0,9,15,1373.7,0
3099,34.26,fuel,0,0,13,12,60.8,0
3100,69.64,online_retail,0,0,9,11,737.2,0
3101,19.91,electronics,1,1,15,12,1227.9,0
3102,60.34,pharmacy,0,0,16,13,730.9,0
3103,117.78,online_retail,0,0,9,13,175.2,0
3104,168.27,electronics,1,0,16,21,905.5,0
3105,11.62,grocery,0,0,19,16,94.4,0
3106,64.66,online_retail,0,0,14,19,73.3,0
3107,146.69,utilities,0,1,20,16,1271.5,0
3108,84.88,utilities,0,1,12,9,488.7,0
3109,155.82,entertainment,0,0,13,17,467.1,0
3110,61.24,jewelry,0,0,17,14,361.0,0
3111,24.38,electronics,0,0,19,10,247.8,0
3112,296.05,online_retail,0,0,19,18,365.0,0
3113,72.78,travel,0,0,14,16,554.8,0
3114,203.73,entertainment,0,0,17,10,311.5,0
3115,88.54,entertainment,0,0,8,10,79.1,0
3116,28.37,pharmacy,0,0,12,18,58.5,0
3117,34.89,online_retail,0,0,16,19,1048.1,0
3118,86.55,fuel,0,0,19,19,537.9,0
3119,84.55,dining,0,0,21,18,166.1,0
3120,126.22,entertainment,0,0,6,15,382.2,0
3121,104.72,online_retail,0,0,16,11,277.5,0
3122,122.11,dining,0,0,9,14,41.0,0
3123,50.31,entertainment,0,0,13,21,41.2,0
3124,296.1,electronics,1,0,3,2,8.9,1
3125,14.68,fuel,0,0,22,16,899.0,0
3126,175.17,electronics,0,1,20,13,139.4,0
3127,35.01,online_retail,0,1,7,18,623.1,0
3128,92.19,utilities,1,0,18,13,1006.5,0
3129,102.87,online_retail,0,0,11,8,159.4,0
3130,12.54,electronics,0,0,14,16,310.0,0
3131,61.47,pharmacy,0,0,21,14,69.7,0
3132,158.41,pharmacy,0,0,20,13,992.9,0
3133,191.68,online_retail,0,0,8,18,111.7,0
3134,40.8,grocery,0,0,14,21,692.2,0
3135,46.19,electronics,0,0,17,14,107.2,0
3136,63.43,dining,0,0,16,12,115.9,0
3137,75.5,pharmacy,0,0,6,11,488.0,0
3138,97.35,jewelry,0,0,14,12,221.4,0
3139,689.77,jewelry,1,1,3,5,2.2,1
3140,119.55,fuel,0,0,22,11,121.7,0
3141,40.59,grocery,0,1,10,19,11.4,0
3142,240.2,entertainment,0,0,10,16,37.3,0
3143,11.69,travel,0,0,22,18,766.4,0
3144,82.04,fuel,0,0,22,18,1424.3,0
3145,36.69,pharmacy,0,0,19,15,174.9,0
3146,142.85,electronics,0,0,7,19,198.8,0
3147,150.57,grocery,0,0,20,12,165.7,0
3148,46.37,entertainment,0,0,17,17,454.3,0
3149,141.74,online_retail,0,0,13,15,581.6,0
3150,95.75,travel,0,0,13,10,464.2,0
3151,131.25,entertainment,0,0,16,11,119.6,0
3152,81.87,electronics,0,1,9,14,308.6,0
3153,83.42,grocery,0,0,15,11,1230.6,0
3154,71.35,pharmacy,0,0,10,16,1396.8,0
3155,128.74,grocery,0,0,19,11,178.8,0
3156,15.69,travel,0,0,7,18,76.0,0
3157,40.67,fuel,0,0,22,9,616.8,0
3158,26.22,jewelry,0,0,15,22,589.3,0
3159,121.14,travel,0,0,19,13,443.3,0
3160,36.15,online_retail,0,1,10,16,260.4,0
3161,41.44,entertainment,0,0,8,14,9.7,0
3162,51.28,travel,0,0,22,17,1153.7,0
3163,46.23,grocery,0,0,20,19,115.4,0
3164,145.09,travel,0,0,10,20,54.3,0
3165,50.26,pharmacy,0,0,18,16,53.1,0
3166,203.67,pharmacy,0,0,22,16,1098.0,0
3167,105.77,pharmacy,0,0,21,10,964.7,0
3168,200.5,online_retail,1,0,16,22,240.3,0
3169,8.28,grocery,0,0,8,11,487.5,0
3170,25.84,electronics,0,0,8,21,503.4,0
3171,31.29,pharmacy,0,0,20,13,376.5,0
3172,30.74,travel,0,0,13,18,521.1,0
3173,991.09,pharmacy,1,1,3,0,5.0,1
3174,20.91,online_retail,0,0,13,13,106.3,0
3175,44.33,electronics,0,0,11,23,838.2,0
3176,55.51,utilities,0,0,22,22,189.9,0
3177,3.01,jewelry,0,0,10,10,214.5,0
3178,14.09,entertainment,0,0,15,12,96.0,0
3179,104.02,travel,0,0,15,21,17.6,0
3180,19.65,electronics,0,0,15,12,247.4,0
3181,233.49,electronics,0,0,17,13,319.2,0
3182,59.24,pharmacy,1,0,15,16,223.2,0
3183,195.75,jewelry,1,0,20,13,352.6,0
3184,642.86,jewelry,0,1,1,3,0.0,1
3185,65.04,fuel,0,0,20,18,2022.3,0
3186,123.39,fuel,0,0,14,16,519.0,0
3187,54.69,travel,0,0,9,20,7.8,0
3188,9.53,online_retail,0,0,9,18,583.2,0
3189,47.85,pharmacy,0,1,16,10,1669.8,0
3190,74.93,jewelry,0,0,14,13,289.5,0
3191,94.6,dining,0,0,20,15,144.6,0
3192,20.83,electronics,0,0,10,13,805.8,0
3193,91.91,grocery,0,0,20,20,391.6,0
3194,46.28,fuel,0,0,13,12,557.7,0
3195,74.68,pharmacy,1,0,21,13,1090.7,0
3196,53.11,entertainment,0,0,11,12,242.2,0
3197,16.03,electronics,0,0,7,17,491.0,0
3198,66.58,jewelry,0,0,22,12,818.2,0
3199,93.53,online_retail,0,0,22,8,54.9,0
3200,43.54,pharmacy,0,0,11,17,379.1,0
3201,63.31,fuel,0,1,6,9,232.9,0
3202,100.32,online_retail,0,1,22,19,2307.9,0
3203,54.97,electronics,0,0,20,11,333.0,0
3204,11.42,utilities,1,0,10,14,887.9,0
3205,27.15,pharmacy,0,0,9,17,53.8,0
3206,32.39,travel,0,0,8,21,61.2,0
3207,140.15,travel,0,0,21,28,88.9,0
3208,186.25,travel,0,0,11,15,409.4,0
3209,36.0,grocery,0,0,6,19,45.6,0
3210,10.7,pharmacy,0,0,18,17,88.1,0
3211,91.76,entertainment,0,0,13,20,649.6,0
3212,66.09,entertainment,0,0,20,18,10.6,0
3213,903.43,pharmacy,1,1,3,3,4.7,1
3214,110.98,jewelry,0,0,7,21,699.8,0
3215,164.29,fuel,0,0,19,21,298.2,0
3216,116.96,pharmacy,0,0,22,10,2020.9,0
3217,75.8,online_retail,0,0,15,14,1140.2,0
3218,138.48,fuel,0,0,10,17,1111.5,0
3219,56.59,online_retail,0,0,6,18,1664.7,0
3220,66.66,utilities,0,0,11,10,42.5,0
3221,41.0,electronics,0,0,15,12,694.9,0
3222,49.92,jewelry,1,0,6,15,175.5,0
3223,51.87,pharmacy,0,0,8,17,843.3,0
3224,19.01,jewelry,0,0,6,10,502.6,0
3225,53.64,grocery,0,0,16,12,618.3,0
3226,34.86,fuel,0,0,22,13,1091.1,0
3227,107.63,dining,0,0,20,28,594.1,0
3228,45.16,online_retail,0,0,13,19,487.5,0
3229,64.86,electronics,0,0,12,16,499.8,0
3230,8.14,online_retail,0,0,18,17,233.4,0
3231,43.82,utilities,0,0,15,13,26.0,0
3232,81.38,electronics,0,0,9,17,223.3,0
3233,56.0,jewelry,0,0,6,8,863.2,0
3234,35.23,electronics,0,0,17,20,704.4,0
3235,27.56,online_retail,0,0,14,20,154.4,0
3236,20.51,entertainment,0,0,7,21,888.4,0
3237,78.09,entertainment,0,0,7,12,1992.5,0
3238,13.82,utilities,0,0,15,17,86.4,0
3239,124.26,grocery,0,0,7,22,290.6,0
3240,127.15,travel,0,0,11,10,1189.3,0
3241,43.2,dining,0,0,22,13,1721.9,0
3242,85.28,online_retail,0,0,8,10,18.6,0
3243,33.73,grocery,0,0,21,20,2058.4,0
3244,326.88,fuel,0,0,20,15,1290.8,0
3245,78.38,grocery,1,0,14,17,470.0,0
3246,223.5,utilities,0,0,17,28,338.1,0
3247,57.65,fuel,0,0,8,14,1511.1,0
3248,49.75,jewelry,0,1,18,14,141.7,0
3249,136.48,grocery,0,0,18,17,445.5,0
3250,6.45,dining,0,0,21,17,303.1,0
3251,23.89,online_retail,0,0,16,20,22.5,0
3252,42.52,jewelry,0,0,17,11,172.7,0
3253,54.66,travel,0,1,17,18,53.1,0
3254,14.3,jewelry,0,0,10,11,36.8,0
3255,4.47,pharmacy,0,0,14,14,635.0,0
3256,29.5,utilities,0,0,10,16,83.5,0
3257,149.02,online_retail,0,0,17,11,221.0,0
3258,58.91,electronics,0,1,20,17,558.8,0
3259,19.1,grocery,0,0,16,17,372.1,0
3260,63.78,electronics,0,0,9,17,216.9,0
3261,38.57,electronics,0,0,18,19,121.2,0
3262,24.14,entertainment,0,0,16,16,110.0,0
3263,107.41,pharmacy,0,0,10,21,96.2,0
3264,52.79,utilities,0,0,11,17,1618.1,0
3265,110.4,electronics,0,0,6,11,168.8,0
3266,32.83,fuel,0,0,6,17,145.6,0
3267,122.76,grocery,0,0,9,17,282.4,0
3268,11.13,grocery,0,0,13,16,1514.7,0
3269,31.99,fuel,1,0,6,21,775.0,0
3270,25.14,online_retail,0,0,18,17,120.6,0
3271,99.61,electronics,0,1,9,15,122.7,0
3272,114.16,utilities,0,0,12,15,804.9,0
3273,21.39,pharmacy,0,0,6,18,418.6,0
3274,81.84,entertainment,0,0,12,17,348.3,0
3275,189.92,entertainment,0,0,20,17,1318.4,0
3276,134.94,travel,0,0,22,16,860.0,0
3277,50.93,utilities,0,0,12,13,650.0,0
3278,72.32,grocery,0,0,12,12,508.4,0
3279,29.02,fuel,0,1,12,15,509.6,0
3280,67.22,pharmacy,0,0,17,14,44.8,0
3281,41.6,online_retail,0,0,16,21,1209.7,0
3282,62.04,pharmacy,0,0,8,14,347.2,0
3283,94.3,entertainment,0,1,19,13,351.3,0
3284,78.89,fuel,1,0,6,15,737.0,0
3285,60.72,jewelry,0,0,12,24,60.4,0
3286,61.49,entertainment,0,1,19,15,272.9,0
3287,454.83,pharmacy,1,1,4,1,6.2,1
3288,127.58,online_retail,0,0,15,13,525.9,0
3289,97.8,dining,0,0,12,16,157.9,0
3290,65.87,jewelry,0,1,19,14,37.5,0
3291,42.8,jewelry,0,0,15,15,1277.2,0
3292,130.88,utilities,0,0,15,18,1613.9,0
3293,59.6,fuel,0,0,11,16,241.2,0
3294,241.6,grocery,0,0,22,13,2241.6,0
3295,38.86,travel,0,0,15,14,576.7,0
3296,32.52,online_retail,0,0,8,13,115.4,0
3297,74.35,utilities,0,1,17,23,181.0,0
3298,84.59,dining,0,0,10,22,125.2,0
3299,161.81,pharmacy,0,0,22,14,244.2,0
3300,42.45,grocery,0,0,13,18,1168.3,0
3301,40.97,travel,0,0,11,8,433.1,0
3302,180.93,entertainment,1,0,15,16,592.5,0
3303,19.88,grocery,0,1,6,19,728.6,0
3304,64.56,online_retail,0,1,20,13,149.8,0
3305,82.86,utilities,0,0,18,13,1331.0,0
3306,118.71,dining,0,0,12,15,111.3,0
3307,238.19,pharmacy,0,0,11,14,519.4,0
3308,88.24,dining,0,1,18,16,446.0,0
3309,49.01,jewelry,0,0,9,19,367.6,0
3310,59.83,pharmacy,0,0,16,15,435.6,0
3311,776.77,travel,0,1,3,7,1.6,1
3312,59.29,fuel,0,0,21,14,641.3,0
3313,14.14,travel,0,0,20,17,806.4,0
3314,190.81,utilities,0,0,16,23,10.8,0
3315,24.07,online_retail,0,0,22,15,749.0,0
3316,205.13,fuel,0,0,11,15,1343.2,0
3317,25.08,pharmacy,0,0,22,12,11.5,0
3318,53.6,utilities,0,0,14,17,1958.9,0
3319,88.62,online_retail,0,0,12,21,335.5,0
3320,121.87,fuel,0,0,6,15,142.3,0
3321,241.19,electronics,0,0,18,16,1.9,0
3322,73.33,grocery,0,0,21,24,8.0,0
3323,72.38,dining,0,1,21,15,522.1,0
3324,132.79,electronics,0,0,17,18,393.2,0
3325,80.98,utilities,0,0,22,28,330.6,0
3326,15.74,fuel,0,0,17,11,31.3,0
3327,109.02,pharmacy,0,0,14,18,259.2,0
3328,63.56,jewelry,0,0,21,15,106.2,0
3329,138.42,dining,0,0,6,10,506.8,0
3330,30.74,pharmacy,0,0,16,13,1994.7,0
3331,24.55,fuel,0,0,7,17,661.4,0
3332,56.39,grocery,0,0,7,12,144.2,0
3333,168.54,entertainment,0,0,15,21,108.9,0
3334,37.0,jewelry,0,0,17,17,807.7,0
3335,81.77,electronics,0,0,20,16,102.0,0
3336,74.92,jewelry,0,0,6,13,261.9,0
3337,52.19,entertainment,0,0,21,16,54.0,0
3338,44.75,pharmacy,1,0,20,19,345.1,0
3339,341.28,electronics,1,1,3,3,6.3,1
3340,74.72,grocery,0,0,8,12,702.5,0
3341,81.83,electronics,0,0,12,14,77.6,0
3342,15.17,electronics,0,0,16,20,13.9,0
3343,13.31,electronics,0,0,15,17,219.8,0
3344,96.88,online_retail,0,0,14,16,1720.0,0
3345,45.48,jewelry,0,0,15,19,1415.0,0
3346,38.76,jewelry,0,0,18,13,5.5,0
3347,35.59,jewelry,0,0,16,20,186.2,0
3348,170.33,electronics,0,0,17,23,1.1,0
3349,131.94,electronics,0,0,14,15,194.6,0
3350,42.17,travel,0,0,13,9,1337.1,0
3351,98.66,dining,0,0,16,14,429.2,0
3352,158.06,fuel,0,0,19,20,1027.1,0
3353,57.88,online_retail,0,0,12,16,2613.4,0
3354,53.34,entertainment,0,0,14,15,238.4,0
3355,52.42,jewelry,0,0,15,11,440.5,0
3356,108.26,jewelry,0,0,6,11,147.3,0
3357,47.88,grocery,0,0,12,16,1302.9,0
3358,97.91,online_retail,0,0,20,11,586.1,0
3359,36.33,travel,0,0,21,10,64.6,0
3360,1249.62,dining,1,1,3,2,7.4,1
3361,50.88,electronics,0,0,13,16,1067.9,0
3362,23.36,entertainment,0,0,13,16,5.2,0
3363,45.63,dining,0,0,9,18,493.5,0
3364,88.41,electronics,0,0,6,15,215.0,0
3365,28.78,jewelry,0,0,15,20,104.7,0
3366,53.16,jewelry,0,0,16,15,295.3,0
3367,114.02,travel,0,0,14,20,1482.9,0
3368,79.59,travel,0,0,7,16,1097.3,0
3369,103.3,electronics,0,1,14,17,488.0,0
3370,46.74,travel,0,0,19,16,569.8,0
3371,18.63,online_retail,0,0,21,22,227.6,0
3372,122.44,jewelry,0,0,8,11,788.1,0
3373,85.36,fuel,0,0,18,10,532.1,0
3374,83.13,fuel,0,1,11,17,129.5,0
3375,146.79,dining,0,1,20,15,289.7,0
3376,19.24,online_retail,0,0,22,14,1677.8,0
3377,68.13,grocery,0,0,18,16,446.8,0
3378,18.77,electronics,0,0,10,8,1720.4,0
3379,148.23,fuel,0,0,19,20,339.0,0
3380,32.17,utilities,0,0,6,12,1293.4,0
3381,49.78,online_retail,0,1,21,15,116.7,0
3382,197.11,grocery,0,1,11,11,284.4,0
3383,66.29,fuel,0,0,13,11,211.2,0
3384,34.04,grocery,0,0,10,10,1286.7,0
3385,30.77,electronics,0,0,7,20,1943.4,0
3386,132.87,travel,0,1,15,12,1039.2,0
3387,138.82,dining,0,0,13,17,658.9,0
3388,210.42,electronics,0,0,20,13,194.8,0
3389,40.4,electronics,0,0,7,20,415.1,0
3390,116.08,dining,0,0,17,16,1654.2,0
3391,60.2,fuel,0,0,9,16,361.7,0
3392,61.39,online_retail,0,0,19,12,167.8,0
3393,103.43,grocery,0,0,21,21,839.6,0
3394,104.27,pharmacy,0,0,10,18,90.5,0
3395,55.05,fuel,0,0,20,21,350.3,0
3396,126.23,jewelry,0,0,10,16,979.3,0
3397,39.43,utilities,0,0,9,21,352.5,0
3398,5.41,electronics,0,0,11,18,173.3,0
3399,225.67,dining,0,0,15,17,437.6,0
3400,55.56,utilities,0,0,19,15,476.2,0
3401,82.85,jewelry,0,0,12,11,911.2,0
3402,61.6,jewelry,0,0,11,13,86.2,0
3403,63.99,jewelry,0,1,17,16,565.2,0
3404,50.38,jewelry,0,0,11,17,1032.8,0
3405,68.25,grocery,0,0,19,13,497.4,0
3406,14.48,online_retail,1,0,21,20,370.6,0
3407,229.69,online_retail,0,0,6,16,373.8,0
3408,75.42,jewelry,0,1,10,14,236.5,0
3409,63.48,electronics,0,0,10,17,801.0,0
3410,33.11,fuel,0,0,8,19,524.4,0
3411,179.34,dining,0,0,12,20,897.7,0
3412,24.92,utilities,0,0,15,15,29.0,0
3413,93.18,entertainment,0,0,18,10,638.5,0
3414,107.14,fuel,0,0,21,14,1638.2,0
3415,62.72,entertainment,0,1,18,18,606.1,0
3416,64.96,jewelry,0,1,15,17,385.2,0
3417,30.76,fuel,0,0,22,20,434.7,0
3418,256.55,travel,0,1,2,2,4.1,1
3419,31.38,entertainment,0,0,12,15,319.6,0
3420,40.77,online_retail,0,0,10,14,1907.2,0
3421,19.36,jewelry,0,0,19,13,1147.0,0
3422,88.48,online_retail,1,0,14,12,2286.6,0
3423,68.24,grocery,0,0,15,8,567.6,0
3424,126.45,electronics,0,0,16,16,582.8,0
3425,115.67,travel,0,1,8,13,10.8,0
3426,50.3,dining,0,0,15,14,354.0,0
3427,9.85,utilities,1,0,13,11,2.9,0
3428,39.79,travel,0,0,6,19,97.4,0
3429,32.05,online_retail,0,0,12,13,562.2,0
3430,42.11,entertainment,0,0,6,15,14.2,0
3431,20.17,electronics,0,0,14,13,1978.2,0
3432,110.16,travel,0,0,12,18,81.4,0
3433,32.55,dining,0,0,19,12,307.9,0
3434,206.0,dining,0,0,9,21,1499.5,0
3435,20.28,dining,0,1,12,13,238.7,0
3436,217.75,electronics,0,0,19,13,26.0,0
3437,99.69,online_retail,0,0,7,15,1062.6,0
3438,28.64,online_retail,0,0,17,10,30.7,0
3439,188.53,entertainment,0,0,16,16,188.8,0
3440,65.93,online_retail,0,0,19,9,3947.7,0
3441,63.4,online_retail,0,0,20,12,340.2,0
3442,31.91,dining,0,0,18,9,950.8,0
3443,38.47,travel,0,0,20,14,541.3,0
3444,39.59,jewelry,0,1,8,15,547.3,0
3445,54.05,electronics,0,0,8,15,308.5,0
3446,65.55,entertainment,0,0,16,10,524.3,0
3447,234.89,travel,0,1,4,2,15.8,1
3448,133.04,utilities,0,0,19,20,429.6,0
3449,31.51,travel,0,0,18,10,1991.6,0
3450,161.29,fuel,0,0,14,25,261.9,0
3451,56.85,electronics,0,0,8,15,21.4,0
3452,23.58,utilities,0,0,14,17,709.4,0
3453,4.11,jewelry,0,0,19,18,137.0,0
3454,47.98,online_retail,0,0,8,17,1015.6,0
3455,131.38,electronics,0,0,15,20,380.7,0
3456,132.44,electronics,0,0,6,20,160.0,0
3457,34.67,travel,0,1,11,22,1431.9,0
3458,13.51,fuel,0,0,16,13,2.9,0
3459,61.63,grocery,0,0,22,17,214.2,0
3460,836.09,entertainment,0,1,3,5,12.8,1
3461,92.19,online_retail,0,0,6,22,592.7,0
3462,21.42,entertainment,0,0,13,14,678.3,0
3463,64.28,travel,0,0,8,16,11.9,0
3464,45.18,fuel,0,0,9,13,286.3,0
3465,79.36,travel,0,0,12,19,169.4,0
3466,66.05,jewelry,0,0,12,17,212.9,0
3467,113.7,jewelry,0,0,14,9,988.4,0
3468,71.02,electronics,0,0,20,18,636.7,0
3469,187.98,electronics,0,0,13,18,646.2,0
3470,72.0,online_retail,0,0,11,16,1343.6,0
3471,97.42,utilities,0,0,22,15,521.0,0
3472,71.72,online_retail,0,0,14,14,1791.0,0
3473,68.01,electronics,0,0,10,9,190.7,0
3474,237.76,jewelry,0,0,14,12,23.0,0
3475,87.45,fuel,1,0,12,16,724.9,0
3476,69.98,grocery,0,0,11,16,131.2,0
3477,81.51,utilities,0,0,16,22,45.8,0
3478,43.87,online_retail,0,0,7,16,818.2,0
3479,230.53,jewelry,0,0,20,19,578.8,0
3480,35.96,dining,0,0,6,12,207.5,0
3481,51.48,grocery,0,0,16,16,435.3,0
3482,81.27,jewelry,0,0,13,15,1148.4,0
3483,12.54,dining,0,0,7,7,972.1,0
3484,57.66,jewelry,0,0,19,14,502.1,0
3485,80.09,electronics,1,0,17,20,30.0,0
3486,58.21,fuel,0,0,18,14,161.2,0
3487,98.69,electronics,0,0,17,14,766.0,0
3488,14.71,fuel,0,0,16,16,1309.4,0
3489,122.1,entertainment,0,0,18,14,559.1,0
3490,498.69,pharmacy,1,1,2,6,0.5,1
3491,31.84,pharmacy,0,0,13,8,1957.6,0
3492,95.6,travel,0,0,9,19,394.5,0
3493,108.32,pharmacy,0,0,11,21,223.5,0
3494,90.81,pharmacy,0,0,10,12,156.4,0
3495,123.37,entertainment,0,0,11,15,5.3,0
3496,138.41,grocery,0,1,20,19,520.7,0
3497,41.21,electronics,0,0,12,16,229.6,0
3498,13.38,utilities,0,0,20,15,107.6,0
3499,20.91,pharmacy,0,0,19,13,514.7,0
3500,49.92,travel,0,0,10,14,71.4,0
3501,88.89,entertainment,0,0,20,17,442.9,0
3502,91.29,utilities,0,0,13,18,30.0,0
3503,33.99,dining,1,0,13,15,102.2,0
3504,29.46,fuel,0,0,9,17,680.5,0
3505,66.74,pharmacy,0,0,11,12,84.2,0
3506,196.96,utilities,0,1,11,14,165.4,0
3507,25.24,dining,0,0,15,12,264.5,0
3508,14.12,utilities,0,0,11,17,261.6,0
3509,153.91,travel,0,0,20,24,374.8,0
3510,66.57,pharmacy,0,0,15,22,485.7,0
3511,70.92,fuel,0,1,16,17,910.9,0
3512,671.56,online_retail,1,1,3,2,4.0,1
3513,83.47,pharmacy,0,0,10,12,989.2,0
3514,56.11,grocery,0,0,9,12,62.2,0
3515,90.69,utilities,0,0,15,12,1491.7,0
3516,171.48,pharmacy,0,0,7,19,1665.1,0
3517,24.0,online_retail,0,0,8,10,1000.1,0
3518,27.54,travel,0,0,22,21,1266.8,0
3519,138.66,pharmacy,0,0,15,14,1532.3,0
3520,38.28,jewelry,0,0,22,10,55.5,0
3521,72.95,pharmacy,0,0,18,10,141.8,0
3522,67.08,travel,0,0,14,27,212.1,0
3523,14.33,fuel,0,0,7,12,279.9,0
3524,65.42,jewelry,0,0,20,16,244.5,0
3525,37.35,fuel,0,0,18,23,521.8,0
3526,58.6,jewelry,0,0,7,13,197.6,0
3527,30.23,pharmacy,0,0,20,10,230.7,0
3528,194.64,online_retail,0,0,21,12,618.9,0
3529,25.34,entertainment,0,0,10,13,318.4,0
3530,173.01,pharmacy,0,1,8,18,678.3,0
3531,31.51,electronics,0,0,16,13,215.1,0
3532,254.89,fuel,0,0,9,18,157.4,0
3533,32.72,fuel,0,0,6,15,479.5,0
3534,201.23,travel,0,0,8,15,160.4,0
3535,101.78,fuel,0,0,19,17,97.3,0
3536,168.32,pharmacy,0,0,11,15,2190.0,0
3537,5.09,pharmacy,0,0,13,26,863.8,0
3538,50.65,grocery,0,0,15,21,97.6,0
3539,115.43,entertainment,0,1,20,11,545.1,0
3540,6.72,utilities,0,0,6,19,148.2,0
3541,68.98,dining,0,0,16,13,806.9,0
3542,199.06,electronics,0,0,8,15,918.3,0
3543,60.4,utilities,0,0,11,12,123.0,0
3544,35.45,grocery,0,0,17,16,207.8,0
3545,56.05,utilities,0,0,22,7,1493.0,0
3546,72.94,grocery,0,0,10,13,527.2,0
3547,72.19,travel,0,0,12,15,468.0,0
3548,32.47,electronics,0,0,21,17,77.7,0
3549,58.17,travel,0,0,8,15,182.1,0
3550,76.31,grocery,0,0,14,20,1983.3,0
3551,61.98,travel,0,0,12,11,687.9,0
3552,118.38,entertainment,0,0,18,12,1428.8,0
3553,151.41,entertainment,0,0,19,16,591.4,0
3554,425.81,dining,0,0,2,1,12.1,1
3555,94.09,online_retail,0,0,22,7,155.0,0
3556,126.81,fuel,0,0,14,16,259.4,0
3557,27.62,jewelry,0,0,21,20,189.6,0
3558,37.06,travel,0,0,21,14,174.5,0
3559,114.99,entertainment,0,0,12,14,479.8,0
3560,37.66,grocery,0,0,8,16,122.7,0
3561,83.81,travel,0,0,9,14,563.6,0
3562,48.62,electronics,0,0,17,14,360.7,0
3563,54.3,dining,0,0,22,6,409.3,0
3564,60.65,jewelry,0,0,21,14,320.6,0
3565,218.45,travel,0,0,7,8,109.0,0
3566,38.56,travel,0,0,15,12,783.2,0
3567,98.96,jewelry,0,0,10,18,738.0,0
3568,33.75,online_retail,0,0,14,11,1444.5,0
3569,56.76,fuel,0,0,7,12,133.3,0
3570,50.87,grocery,0,0,18,17,811.7,0
3571,211.63,travel,0,0,16,21,729.5,0
3572,37.77,grocery,0,0,22,19,495.1,0
3573,123.25,fuel,0,0,9,14,994.7,0
3574,121.64,utilities,0,0,19,16,247.6,0
3575,43.28,travel,0,0,8,15,751.6,0
3576,54.99,jewelry,0,0,8,20,133.7,0
3577,132.38,travel,0,0,17,14,94.7,0
3578,30.17,entertainment,0,0,17,17,712.2,0
3579,99.52,jewelry,0,0,12,8,385.5,0
3580,121.46,entertainment,0,0,11,15,435.7,0
3581,13.02,fuel,0,0,13,12,225.9,0
3582,47.72,grocery,0,0,11,21,589.5,0
3583,81.4,electronics,0,0,18,11,559.4,0
3584,67.56,electronics,0,0,6,17,99.6,0
3585,55.14,jewelry,0,0,14,13,240.6,0
3586,62.58,pharmacy,0,0,22,16,875.0,0
3587,156.74,fuel,0,1,9,15,1685.8,0
3588,181.02,dining,0,1,18,7,451.2,0
3589,221.01,dining,0,0,16,13,229.6,0
3590,79.67,pharmacy,0,0,7,15,14.2,0
3591,45.87,online_retail,0,0,19,16,535.0,0
3592,70.54,fuel,0,0,15,17,503.5,0
3593,205.27,electronics,0,0,13,12,224.8,0
3594,33.03,utilities,0,0,22,15,8.3,0
3595,26.33,electronics,0,0,17,14,275.1,0
3596,92.94,travel,0,0,19,15,409.1,0
3597,138.96,dining,0,1,22,19,2288.2,0
3598,62.44,jewelry,0,0,8,12,743.3,0
3599,27.96,grocery,0,0,9,12,319.1,0
3600,111.82,grocery,0,0,18,13,2.4,0
3601,127.71,electronics,0,0,11,9,265.0,0
3602,115.63,dining,0,1,22,14,21.6,0
3603,107.03,fuel,0,1,18,6,1109.7,0
3604,95.01,online_retail,0,0,21,17,526.7,0
3605,388.15,online_retail,0,1,1,1,4.0,1
3606,67.67,dining,0,0,15,18,1478.8,0
3607,47.47,entertainment,0,0,14,24,102.1,0
3608,70.0,utilities,0,0,15,15,49.4,0
3609,1184.39,electronics,0,1,3,3,4.6,1
3610,30.68,entertainment,0,0,16,17,165.6,0
3611,64.38,electronics,0,0,8,24,85.2,0
3612,32.0,electronics,0,0,17,20,411.0,0
3613,95.98,jewelry,0,0,16,11,393.2,0
3614,76.8,jewelry,0,0,9,18,116.8,0
3615,49.2,electronics,0,0,10,17,179.5,0
3616,36.06,entertainment,0,0,21,13,966.0,0
3617,56.74,travel,0,0,16,13,443.8,0
3618,48.1,utilities,0,0,8,24,1437.2,0
3619,51.0,utilities,0,0,9,13,181.3,0
3620,59.16,grocery,0,0,21,21,28.7,0
3621,126.39,travel,0,0,10,18,486.7,0
3622,152.53,electronics,0,0,17,16,891.8,0
3623,50.05,online_retail,0,0,18,10,1152.4,0
3624,64.39,grocery,0,0,14,13,474.8,0
3625,103.33,electronics,0,0,22,20,446.6,0
3626,179.21,travel,0,1,13,18,176.0,0
3627,51.94,grocery,0,0,15,14,222.2,0
3628,56.24,grocery,0,0,14,11,249.1,0
3629,99.58,travel,0,1,15,15,192.7,0
3630,50.36,dining,0,0,17,9,255.7,0
3631,64.48,grocery,0,0,6,12,564.5,0
3632,33.89,online_retail,0,0,6,11,1189.0,0
3633,34.54,electronics,0,0,15,13,32.6,0
3634,260.73,jewelry,0,0,14,21,367.2,0
3635,67.15,online_retail,0,0,6,12,218.2,0
3636,27.9,dining,0,0,17,25,11.4,0
3637,54.2,pharmacy,0,0,15,14,288.7,0
3638,26.42,pharmacy,0,0,14,17,1077.6,0
3639,54.27,online_retail,0,0,19,12,644.4,0
3640,173.43,online_retail,0,0,2,2,1.7,1
3641,40.15,jewelry,0,0,11,14,6.4,0
3642,76.22,pharmacy,0,0,11,16,325.5,0
3643,136.09,utilities,0,0,19,11,9.9,0
3644,232.22,utilities,0,0,6,20,62.6,0
3645,137.22,pharmacy,0,1,10,11,93.2,0
3646,27.65,fuel,0,0,7,18,47.1,0
3647,223.49,pharmacy,0,0,9,18,114.5,0
3648,49.47,pharmacy,0,0,17,12,536.6,0
3649,40.84,travel,0,0,18,15,351.9,0
3650,163.69,online_retail,0,0,17,16,926.0,0
3651,12.54,fuel,0,0,11,15,398.8,0
3652,167.35,pharmacy,0,0,9,16,239.5,0
3653,170.39,fuel,0,0,8,21,304.7,0
3654,20.53,entertainment,0,0,19,20,709.0,0
3655,86.05,jewelry,0,0,6,23,637.5,0
3656,110.49,pharmacy,0,0,6,13,356.7,0
3657,103.0,online_retail,0,0,8,22,532.6,0
3658,21.88,online_retail,0,0,17,13,24.3,0
3659,160.35,jewelry,0,0,20,17,1074.6,0
3660,12.28,online_retail,0,0,16,9,246.1,0
3661,38.55,entertainment,0,0,18,15,2973.0,0
3662,51.01,pharmacy,0,0,15,19,344.5,0
3663,78.57,dining,0,1,17,13,971.9,0
3664,61.92,fuel,0,0,21,11,145.7,0
3665,33.8,entertainment,1,0,15,16,170.6,0
3666,36.67,grocery,0,0,7,11,503.9,0
3667,1469.76,pharmacy,1,1,4,1,10.5,1
3668,34.51,travel,0,0,8,21,15.2,0
3669,42.91,fuel,0,0,12,13,268.5,0
3670,120.85,grocery,0,1,21,17,1218.5,0
3671,167.52,electronics,0,0,13,17,207.0,0
3672,131.62,utilities,0,0,16,19,672.3,0
3673,38.34,travel,0,0,18,14,287.4,0
3674,33.82,online_retail,0,0,19,18,765.1,0
3675,100.17,entertainment,0,0,11,10,688.7,0
3676,50.58,entertainment,0,0,15,16,234.0,0
3677,30.68,travel,0,0,20,15,472.5,0
3678,13.16,online_retail,0,0,12,17,905.3,0
3679,191.88,entertainment,0,0,11,17,100.4,0
3680,68.42,jewelry,0,0,11,20,247.5,0
3681,104.33,travel,0,0,14,23,194.0,0
3682,6.84,jewelry,0,0,7,18,264.6,0
3683,114.3,fuel,0,1,20,25,118.1,0
3684,253.67,entertainment,0,0,20,16,103.4,0
3685,42.09,utilities,0,0,16,15,15.8,0
3686,61.9,electronics,0,0,9,15,1622.7,0
3687,47.73,online_retail,1,0,17,21,52.1,0
3688,49.65,electronics,0,1,11,15,162.4,0
3689,109.66,travel,0,0,16,19,302.2,0
3690,221.05,electronics,0,0,14,13,74.6,0
3691,61.48,grocery,0,0,6,11,30.6,0
3692,105.87,pharmacy,0,0,22,20,1319.4,0
3693,67.77,utilities,0,1,14,20,1214.2,0
3694,17.9,entertainment,0,1,10,17,1099.7,0
3695,76.84,grocery,0,0,14,12,271.3,0
3696,394.05,utilities,1,1,4,2,3.0,1
3697,26.11,dining,0,0,15,15,241.7,0
3698,19.44,online_retail,0,1,18,24,662.7,0
3699,21.29,grocery,0,0,13,16,368.1,0
3700,41.33,electronics,0,0,6,17,290.0,0
3701,31.48,dining,0,0,7,14,530.3,0
3702,114.44,fuel,0,1,20,12,92.9,0
3703,7.23,jewelry,0,1,15,12,13.6,0
3704,21.69,pharmacy,0,0,15,18,888.0,0
3705,80.66,entertainment,0,0,18,18,84.2,0
3706,102.41,dining,0,0,22,15,1182.9,0
3707,57.66,entertainment,0,0,18,19,647.3,0
3708,27.72,electronics,0,0,13,14,88.1,0
3709,60.75,travel,0,0,16,14,24.1,0
3710,144.92,utilities,0,0,9,17,108.7,0
3711,42.99,travel,0,0,10,12,605.7,0
3712,300.62,grocery,1,0,12,19,19.3,0
3713,41.62,jewelry,0,0,13,13,3193.8,0
3714,23.54,online_retail,0,0,11,10,646.1,0
3715,24.13,entertainment,0,0,21,10,1018.5,0
3716,55.41,utilities,0,1,13,18,294.6,0
3717,231.44,pharmacy,0,0,11,10,200.5,0
3718,23.21,travel,0,0,15,17,706.5,0
3719,201.01,online_retail,0,0,21,10,1919.0,0
3720,43.6,electronics,0,0,10,15,108.4,0
3721,58.36,fuel,0,0,15,15,602.8,0
3722,111.48,entertainment,0,0,10,18,12.7,0
3723,13.67,dining,0,0,11,12,226.4,0
3724,15.02,online_retail,0,0,21,16,181.5,0
3725,141.73,pharmacy,0,0,22,20,2901.9,0
3726,41.21,pharmacy,0,0,15,11,1216.0,0
3727,88.93,jewelry,0,0,21,18,323.2,0
3728,51.06,online_retail,0,0,16,13,183.0,0
3729,29.93,entertainment,0,0,6,15,321.8,0
3730,68.72,pharmacy,0,0,19,11,768.4,0
3731,23.24,electronics,0,0,10,17,438.7,0
3732,57.73,grocery,0,0,20,24,64.0,0
3733,106.26,electronics,0,0,14,19,746.8,0
3734,42.07,pharmacy,0,0,8,15,409.8,0
3735,110.33,dining,0,0,18,14,141.7,0
3736,39.46,grocery,1,0,15,11,635.9,0
3737,73.75,fuel,0,0,20,15,693.2,0
3738,117.53,pharmacy,1,0,19,9,150.6,0
3739,24.84,utilities,0,0,7,10,257.7,0
3740,1.21,travel,0,1,6,11,1538.9,0
3741,6.14,utilities,0,0,17,13,625.0,0
3742,97.34,grocery,0,0,18,10,194.9,0
3743,121.46,grocery,0,0,20,16,171.4,0
3744,59.64,entertainment,0,0,18,9,215.0,0
3745,55.08,pharmacy,0,0,19,18,16.9,0
3746,116.72,travel,0,0,16,21,3.5,0
3747,130.65,dining,0,0,9,8,1155.5,0
3748,34.82,utilities,0,0,12,12,667.6,0
3749,93.21,fuel,0,0,8,16,112.1,0
3750,128.83,utilities,0,0,8,17,1620.8,0
3751,102.96,travel,0,0,17,14,38.0,0
3752,58.83,electronics,0,0,17,15,105.2,0
3753,125.36,travel,0,0,22,15,337.4,0
3754,11.39,fuel,0,0,18,14,421.6,0
3755,220.39,grocery,0,0,10,24,369.8,0
3756,114.11,electronics,0,0,9,8,0.9,0
3757,76.0,pharmacy,0,0,7,13,5.9,0
3758,64.55,online_retail,0,0,16,15,418.8,0
3759,67.99,online_retail,0,0,21,10,1065.5,0
3760,216.88,online_retail,0,0,14,16,42.8,0
3761,209.95,grocery,0,0,8,19,653.4,0
3762,35.89,grocery,0,0,6,10,642.7,0
3763,94.75,online_retail,0,0,21,11,592.0,0
3764,71.81,electronics,0,0,20,18,855.8,0
3765,62.41,electronics,0,0,10,19,248.4,0
3766,102.67,jewelry,0,0,15,15,810.4,0
3767,55.32,online_retail,0,0,16,13,34.6,0
3768,134.05,jewelry,0,0,14,8,143.9,0
3769,20.81,jewelry,0,0,20,17,886.5,0
3770,72.86,jewelry,0,0,21,10,143.8,0
3771,109.06,jewelry,1,0,13,21,1196.4,0
3772,160.19,jewelry,0,0,12,13,613.5,0
3773,20.52,entertainment,1,0,20,14,366.0,0
3774,75.87,online_retail,0,0,19,15,309.0,0
3775,31.28,jewelry,0,0,8,17,172.7,0
3776,64.06,entertainment,0,0,7,14,57.6,0
3777,70.64,fuel,0,0,19,18,231.5,0
3778,99.04,online_retail,0,0,21,20,2302.8,0
3779,14.52,entertainment,0,0,10,10,32.1,0
3780,74.18,grocery,0,0,18,12,1011.9,0
3781,55.22,entertainment,0,0,10,15,57.1,0
3782,51.58,grocery,0,0,11,20,170.4,0
3783,51.94,electronics,0,0,21,15,767.7,0
3784,23.95,pharmacy,0,0,13,18,434.7,0
3785,146.41,grocery,0,0,17,12,394.6,0
3786,79.03,electronics,1,0,15,15,93.1,0
3787,38.26,electronics,0,0,12,12,13.4,0
3788,73.44,jewelry,0,0,21,15,18.0,0
3789,128.23,utilities,0,0,21,11,1017.3,0
3790,87.09,utilities,0,0,16,17,933.2,0
3791,134.05,utilities,0,0,18,21,621.0,0
3792,162.15,fuel,0,0,21,10,2050.9,0
3793,42.96,entertainment,0,0,15,13,586.7,0
3794,18.81,fuel,0,0,11,18,82.8,0
3795,60.17,pharmacy,0,0,14,13,9.5,0
3796,153.19,entertainment,0,0,13,13,134.1,0
3797,12.67,entertainment,0,0,21,12,210.6,0
3798,53.95,online_retail,1,0,12,15,83.7,0
3799,70.66,utilities,0,0,12,24,60.6,0
3800,32.85,utilities,0,0,13,12,239.8,0
3801,109.16,pharmacy,0,0,20,14,1576.8,0
3802,74.25,electronics,0,0,7,16,209.7,0
3803,141.8,jewelry,0,0,8,18,278.8,0
3804,63.65,grocery,0,0,20,14,120.5,0
3805,34.74,fuel,0,0,20,24,897.9,0
3806,37.92,entertainment,0,0,15,10,846.3,0
3807,55.22,utilities,0,0,19,21,1717.6,0
3808,39.45,online_retail,0,1,21,18,220.8,0
3809,114.95,dining,0,0,8,21,286.3,0
3810,54.78,jewelry,1,0,19,12,14.8,0
3811,47.9,pharmacy,0,0,8,17,900.8,0
3812,85.46,fuel,0,0,9,17,1209.9,0
3813,85.8,dining,0,1,9,11,315.8,0
3814,122.5,utilities,0,0,13,16,482.2,0
3815,195.37,entertainment,0,0,13,14,350.0,0
3816,87.83,utilities,0,0,8,13,30.3,0
3817,57.27,online_retail,0,0,21,21,671.5,0
3818,747.98,entertainment,1,1,2,0,3.7,1
3819,69.06,pharmacy,0,0,19,17,48.5,0
3820,130.19,entertainment,0,0,19,13,735.5,0
3821,21.86,travel,0,0,21,15,122.6,0
3822,67.51,grocery,1,0,7,10,1129.3,0
3823,92.56,electronics,0,0,6,12,414.4,0
3824,95.23,pharmacy,0,0,6,13,647.9,0
3825,17.85,utilities,1,0,11,19,1108.7,0
3826,96.46,utilities,0,0,10,6,46.5,0
3827,57.91,fuel,0,0,8,9,156.0,0
3828,26.56,fuel,0,0,18,22,80.1,0
3829,97.26,fuel,0,0,13,15,1469.0,0
3830,117.8,pharmacy,0,0,11,13,33.6,0
3831,174.72,fuel,0,0,12,19,134.6,0
3832,8.24,utilities,0,0,16,10,766.5,0
3833,168.35,fuel,0,0,20,13,298.0,0
3834,77.08,online_retail,0,0,20,21,859.2,0
3835,68.91,electronics,0,0,20,8,597.4,0
3836,135.34,utilities,0,0,6,12,111.6,0
3837,85.66,online_retail,1,1,16,14,7.3,0
3838,104.51,entertainment,0,1,6,12,920.0,0
3839,43.11,electronics,0,0,13,22,37.5,0
3840,10.01,dining,0,0,18,14,305.3,0
3841,107.89,travel,0,0,9,19,456.8,0
3842,14.5,grocery,0,0,18,12,84.7,0
3843,150.05,jewelry,0,0,9,11,301.3,0
3844,68.03,travel,0,0,18,9,480.4,0
3845,87.61,grocery,0,0,15,13,260.1,0
3846,120.18,travel,0,0,22,13,173.2,0
3847,49.71,dining,0,0,14,17,745.9,0
3848,69.52,utilities,0,0,7,13,1239.3,0
3849,80.09,entertainment,0,1,12,20,281.9,0
3850,57.85,travel,0,0,12,17,102.8,0
3851,106.33,pharmacy,0,0,10,13,103.6,0
3852,116.68,grocery,0,0,15,19,444.5,0
3853,35.83,jewelry,0,0,7,16,403.6,0
3854,46.09,entertainment,0,0,19,17,380.6,0
3855,120.0,grocery,0,0,17,16,790.3,0
3856,40.91,travel,0,0,9,9,106.5,0
3857,32.81,electronics,0,0,9,18,288.8,0
3858,13.8,entertainment,0,0,9,10,1402.3,0
3859,53.81,jewelry,0,0,15,17,358.1,0
3860,77.46,utilities,0,1,19,13,127.0,0
3861,79.36,online_retail,1,0,10,16,30.9,0
3862,64.46,jewelry,0,0,21,21,2001.3,0
3863,101.4,electronics,0,0,11,19,118.6,0
3864,76.67,dining,0,0,6,13,242.9,0
3865,116.21,utilities,0,0,18,21,428.0,0
3866,76.36,electronics,0,0,12,12,804.9,0
3867,511.15,pharmacy,1,1,0,1,6.6,1
3868,49.34,pharmacy,0,0,18,17,1297.2,0
3869,63.9,grocery,0,0,20,16,1091.3,0
3870,47.38,utilities,0,0,20,22,148.2,0
3871,174.39,utilities,0,0,8,10,742.9,0
3872,183.59,fuel,0,0,19,12,1018.0,0
3873,458.99,dining,1,1,0,5,1.8,1
3874,54.43,fuel,0,0,18,20,3050.8,0
3875,28.38,entertainment,0,0,18,7,388.7,0
3876,17.33,entertainment,0,0,12,8,748.6,0
3877,168.11,jewelry,0,0,12,18,17.2,0
3878,102.77,online_retail,0,0,8,14,959.5,0
3879,180.53,utilities,0,0,7,10,2527.2,0
3880,61.77,fuel,0,0,16,11,436.1,0
3881,74.59,jewelry,0,0,7,11,55.0,0
3882,116.85,fuel,0,0,18,21,548.4,0
3883,92.48,online_retail,0,0,15,17,600.6,0
3884,173.64,online_retail,0,0,21,14,1783.2,0
3885,92.48,entertainment,0,0,22,14,182.3,0
3886,39.17,pharmacy,0,1,19,19,2155.8,0
3887,9.04,grocery,0,0,19,14,273.0,0
3888,140.61,online_retail,0,0,12,19,368.9,0
3889,248.69,grocery,0,0,8,17,2048.5,0
3890,50.81,grocery,0,0,13,16,1546.2,0
3891,107.49,electronics,0,0,6,20,121.9,0
3892,40.64,utilities,0,0,8,16,431.6,0
3893,41.11,utilities,0,0,7,9,17.5,0
3894,68.95,entertainment,0,0,17,14,75.2,0
3895,101.25,utilities,0,0,21,11,1495.1,0
3896,257.28,entertainment,0,0,14,13,10.3,0
3897,196.58,grocery,1,0,20,21,133.6,0
3898,34.42,dining,0,0,14,11,1606.0,0
3899,79.03,online_retail,0,0,12,14,1025.6,0
3900,38.14,dining,1,0,14,17,1282.9,0
3901,106.28,dining,0,0,21,18,262.7,0
3902,32.36,utilities,0,0,18,14,539.6,0
3903,32.26,electronics,0,0,6,12,25.7,0
3904,113.27,entertainment,0,0,9,22,215.0,0
3905,53.59,entertainment,0,0,12,12,3812.5,0
3906,27.83,travel,0,0,19,17,34.3,0
3907,49.81,dining,0,0,7,14,37.6,0
3908,144.78,fuel,0,0,8,18,613.5,0
3909,166.19,fuel,0,0,8,27,50.5,0
3910,27.18,entertainment,0,0,9,13,69.1,0
3911,84.99,fuel,0,0,21,22,547.5,0
3912,130.42,grocery,0,0,7,18,441.2,0
3913,144.75,grocery,0,0,6,16,675.8,0
3914,196.11,dining,0,0,11,18,375.0,0
3915,134.74,dining,0,0,14,11,83.5,0
3916,2.79,utilities,0,0,13,11,1119.0,0
3917,76.57,entertainment,0,0,8,13,584.2,0
3918,31.71,dining,0,0,22,17,393.6,0
3919,26.32,dining,0,0,22,12,108.3,0
3920,35.53,dining,0,0,11,19,1763.8,0
3921,28.71,grocery,0,0,21,11,1193.4,0
3922,82.17,grocery,0,1,10,14,176.6,0
3923,19.59,fuel,1,0,8,19,2.9,0
3924,15.05,electronics,0,0,14,12,1309.5,0
3925,60.19,fuel,0,0,11,12,124.9,0
3926,93.42,entertainment,0,0,18,15,306.8,0
3927,94.6,jewelry,0,0,6,7,1468.6,0
3928,88.22,electronics,0,0,21,15,596.9,0
3929,136.99,electronics,0,0,11,11,2422.1,0
3930,27.64,online_retail,0,1,17,11,300.8,0
3931,94.51,jewelry,0,0,21,15,667.7,0
3932,36.33,electronics,0,0,20,17,1313.6,0
3933,124.26,fuel,0,0,6,12,105.1,0
3934,45.43,utilities,0,0,10,12,714.5,0
3935,17.92,grocery,0,0,9,12,219.4,0
3936,219.94,pharmacy,0,0,11,13,496.1,0
3937,62.44,jewelry,0,0,8,13,851.2,0
3938,125.82,online_retail,0,1,20,10,626.7,0
3939,43.14,pharmacy,0,0,9,13,389.4,0
3940,54.98,grocery,0,0,13,15,203.2,0
3941,63.98,pharmacy,1,0,6,16,951.1,0
3942,80.53,entertainment,0,0,7,10,1149.9,0
3943,67.53,grocery,0,0,8,17,94.8,0
3944,32.22,jewelry,0,0,21,17,881.6,0
3945,55.78,grocery,0,1,21,13,277.9,0
3946,133.0,entertainment,0,0,8,14,823.6,0
3947,31.8,electronics,0,0,8,23,572.7,0
3948,56.82,electronics,0,0,16,20,384.0,0
3949,29.08,grocery,0,0,15,10,99.2,0
3950,80.02,travel,0,1,19,18,402.9,0
3951,66.58,jewelry,0,0,7,22,229.0,0
3952,77.6,entertainment,0,0,10,14,489.7,0
3953,13.76,utilities,0,0,13,22,454.7,0
3954,101.08,dining,0,0,11,9,111.0,0
3955,112.08,utilities,0,0,14,14,1212.2,0
3956,41.4,electronics,0,0,12,13,633.7,0
3957,183.76,entertainment,0,0,21,12,832.2,0
3958,24.38,utilities,0,0,21,23,399.1,0
3959,34.95,jewelry,0,0,14,13,419.9,0
3960,34.25,jewelry,0,0,10,9,202.7,0
3961,90.5,fuel,0,0,11,12,677.7,0
3962,9.13,pharmacy,0,0,12,17,195.1,0
3963,10.97,jewelry,0,0,16,15,396.9,0
3964,30.26,entertainment,0,0,19,19,783.4,0
3965,93.3,travel,0,0,7,14,844.8,0
3966,116.74,utilities,0,0,6,18,103.6,0
3967,51.64,dining,0,0,6,20,1156.9,0
3968,72.26,travel,0,0,17,16,1401.7,0
3969,22.3,pharmacy,0,0,17,15,131.7,0
3970,35.59,online_retail,0,0,19,23,689.6,0
3971,43.48,utilities,0,0,8,12,10.8,0
3972,45.23,online_retail,0,1,9,17,268.4,0
3973,24.55,electronics,0,1,6,22,177.5,0
3974,170.96,jewelry,0,0,9,15,657.0,0
3975,110.34,pharmacy,0,0,12,16,299.2,0
3976,15.29,online_retail,0,0,18,15,2449.5,0
3977,38.17,entertainment,0,0,21,8,1528.3,0
3978,47.93,grocery,0,0,7,17,1638.8,0
3979,25.36,electronics,0,0,11,24,24.2,0
3980,139.44,fuel,0,0,17,14,562.0,0
3981,27.72,entertainment,0,0,12,12,134.1,0
3982,146.5,pharmacy,0,0,17,11,943.3,0
3983,58.42,electronics,0,0,11,18,1511.0,0
3984,45.56,grocery,0,0,10,21,91.0,0
3985,87.16,fuel,0,0,22,17,1798.4,0
3986,133.26,grocery,0,0,14,8,271.3,0
3987,74.14,grocery,0,0,12,17,667.4,0
3988,30.71,electronics,0,0,20,14,89.4,0
3989,41.66,online_retail,0,0,10,8,34.1,0
3990,45.32,travel,0,0,11,18,240.3,0
3991,227.74,online_retail,0,0,6,9,377.8,0
3992,59.36,dining,0,0,10,18,1020.8,0
3993,126.29,fuel,0,0,19,16,20.8,0
3994,12.04,jewelry,0,0,20,12,511.2,0
3995,128.94,entertainment,0,0,18,17,306.3,0
3996,51.64,grocery,0,0,13,11,998.7,0
3997,9.65,travel,0,0,9,13,68.3,0
3998,44.93,online_retail,1,1,10,15,713.9,0
3999,28.23,utilities,0,0,15,15,133.0,0
4000,64.11,fuel,0,0,7,15,168.8,0
4001,48.92,utilities,0,0,10,10,43.6,0
4002,85.32,grocery,0,0,8,22,122.0,0
4003,7.03,fuel,0,0,9,10,326.8,0
4004,48.67,jewelry,0,0,18,28,238.8,0
4005,72.32,travel,0,0,16,16,1968.8,0
4006,46.22,pharmacy,1,0,16,15,25.4,0
4007,146.22,jewelry,0,0,22,17,515.2,0
4008,52.91,utilities,0,0,8,14,86.8,0
4009,202.04,entertainment,0,0,12,16,618.9,0
4010,47.08,entertainment,0,0,10,17,287.2,0
4011,9.62,travel,0,0,10,21,366.6,0
4012,90.34,online_retail,0,0,18,23,731.3,0
4013,69.09,jewelry,0,1,18,11,15.3,0
4014,190.82,jewelry,0,0,16,14,102.8,0
4015,64.2,dining,0,0,9,16,807.7,0
4016,94.54,fuel,0,0,12,14,255.0,0
4017,36.18,jewelry,0,0,6,16,51.5,0
4018,155.43,utilities,0,0,16,11,131.7,0
4019,182.62,electronics,0,0,9,14,32.3,0
4020,91.77,jewelry,0,0,10,15,1719.8,0
4021,179.42,dining,0,0,7,14,1214.7,0
4022,691.5,jewelry,1,1,2,5,1.7,1
4023,24.77,pharmacy,0,0,19,11,928.4,0
4024,114.43,entertainment,0,0,22,7,214.4,0
4025,201.37,electronics,0,0,14,16,190.3,0
4026,87.56,entertainment,0,0,11,10,137.0,0
4027,156.98,electronics,0,0,17,10,185.5,0
4028,99.99,dining,0,0,21,12,679.9,0
4029,159.04,dining,1,0,7,10,57.7,0
4030,35.02,utilities,0,0,10,15,64.5,0
4031,64.64,fuel,0,0,12,16,278.9,0
4032,140.94,dining,0,1,7,15,1002.1,0
4033,75.04,online_retail,0,0,13,9,100.3,0
4034,19.51,entertainment,0,0,22,12,29.3,0
4035,21.16,jewelry,0,0,6,25,299.8,0
4036,222.17,utilities,0,0,8,11,224.1,0
4037,80.34,jewelry,0,0,18,18,359.0,0
4038,119.02,entertainment,0,0,18,10,378.4,0
4039,265.56,utilities,0,0,7,15,605.4,0
4040,104.21,pharmacy,0,0,8,18,186.7,0
4041,46.14,electronics,0,0,13,19,1946.1,0
4042,21.21,grocery,0,0,19,19,584.0,0
4043,206.89,dining,0,0,16,14,212.5,0
4044,90.94,dining,0,0,10,7,320.3,0
4045,54.97,electronics,0,0,7,17,487.9,0
4046,88.74,fuel,0,0,6,16,920.2,0
4047,116.13,dining,0,0,20,21,555.0,0
4048,154.43,electronics,0,0,13,20,287.2,0
4049,44.8,pharmacy,0,0,19,16,1296.0,0
4050,110.57,travel,0,0,11,20,545.7,0
4051,80.26,pharmacy,0,0,21,14,41.1,0
4052,165.63,dining,0,0,20,19,204.6,0
4053,65.6,travel,0,0,9,19,1297.3,0
4054,219.4,travel,0,0,16,12,262.8,0
4055,1042.23,jewelry,1,0,3,2,7.4,1
4056,132.54,pharmacy,0,0,6,13,199.6,0
4057,129.27,grocery,0,0,19,17,373.0,0
4058,94.47,jewelry,0,0,13,7,609.4,0
4059,78.61,utilities,0,0,15,15,657.4,0
4060,74.18,utilities,0,0,7,13,188.2,0
4061,17.78,utilities,0,0,8,24,1012.8,0
4062,17.31,grocery,0,0,9,18,597.8,0
4063,61.77,fuel,1,0,22,17,256.3,0
4064,96.01,electronics,0,0,15,12,208.7,0
4065,16.25,travel,0,0,6,8,1681.9,0
4066,95.74,jewelry,0,0,10,14,791.6,0
4067,96.84,entertainment,0,0,17,14,686.4,0
4068,14.97,fuel,0,0,7,10,721.2,0
4069,101.77,jewelry,0,0,21,16,715.2,0
4070,79.49,travel,0,0,22,13,336.4,0
4071,49.53,pharmacy,0,0,7,17,540.7,0
4072,6.0,entertainment,1,0,10,13,463.6,0
4073,1631.21,online_retail,0,1,3,3,6.9,1
4074,116.87,entertainment,0,0,12,18,2045.1,0
4075,160.43,entertainment,0,0,14,13,467.5,0
4076,87.45,electronics,0,0,11,11,158.5,0
4077,49.78,online_retail,0,0,15,10,234.0,0
4078,174.89,entertainment,0,0,17,16,1031.0,0
4079,45.64,fuel,0,0,20,20,138.4,0
4080,25.27,pharmacy,0,0,10,17,1892.6,0
4081,907.15,grocery,1,0,1,3,2.3,1
4082,68.65,entertainment,0,0,12,10,518.8,0
4083,943.51,entertainment,1,1,1,2,0.2,1
4084,11.17,fuel,0,0,20,16,771.2,0
4085,170.86,travel,0,0,20,16,377.8,0
4086,25.25,jewelry,0,0,13,20,2721.6,0
4087,148.25,entertainment,0,0,7,21,8.9,0
4088,39.04,utilities,1,0,9,14,485.6,0
4089,85.8,pharmacy,0,0,14,19,159.1,0
4090,1225.34,travel,0,1,2,0,2.6,1
4091,220.95,dining,0,0,19,14,225.9,0
4092,106.92,pharmacy,1,0,20,18,2042.1,0
4093,82.83,entertainment,0,0,20,10,249.9,0
4094,200.55,jewelry,0,1,13,7,29.5,0
4095,21.92,dining,0,0,14,11,1021.5,0
4096,24.48,travel,0,0,22,16,174.9,0
4097,126.8,pharmacy,0,0,10,16,1574.2,0
4098,32.02,utilities,0,0,10,9,152.9,0
4099,22.07,electronics,0,0,20,11,128.2,0
4100,21.45,pharmacy,0,0,13,14,257.3,0
4101,47.72,online_retail,0,0,6,14,199.2,0
4102,68.04,grocery,0,0,20,18,686.2,0
4103,103.92,jewelry,0,0,8,18,360.4,0
4104,109.45,jewelry,0,0,11,20,23.6,0
4105,104.4,online_retail,0,0,14,11,774.7,0
4106,13.29,jewelry,0,0,8,14,859.0,0
4107,32.74,online_retail,0,0,12,12,188.1,0
4108,48.52,dining,0,0,15,14,1133.7,0
4109,8.15,pharmacy,0,0,21,15,1433.4,0
4110,7.31,travel,0,0,19,11,488.7,0
4111,85.99,utilities,0,0,18,14,668.0,0
4112,37.74,utilities,0,0,14,21,153.4,0
4113,99.31,pharmacy,0,0,15,24,185.9,0
4114,106.21,entertainment,0,0,16,18,1261.8,0
4115,35.76,grocery,0,1,6,13,349.5,0
4116,56.59,jewelry,0,0,11,21,2768.6,0
4117,50.76,electronics,0,0,13,16,93.5,0
4118,132.28,online_retail,0,0,13,15,427.7,0
4119,85.69,dining,0,0,12,20,188.6,0
4120,61.45,dining,0,0,22,7,527.1,0
4121,53.45,dining,0,0,18,18,139.4,0
4122,150.35,entertainment,0,1,14,12,787.0,0
4123,50.0,dining,0,0,10,15,262.4,0
4124,49.29,jewelry,0,0,6,21,187.7,0
4125,151.85,utilities,0,1,14,9,966.7,0
4126,30.36,utilities,0,0,8,21,100.3,0
4127,99.96,jewelry,0,0,20,15,369.5,0
4128,95.3,entertainment,0,0,21,16,26.4,0
4129,809.6,travel,1,1,4,3,4.8,1
4130,94.34,fuel,0,0,13,13,165.7,0
4131,62.7,grocery,0,0,20,18,499.7,0
4132,27.69,utilities,0,0,13,14,634.1,0
4133,40.61,utilities,0,0,19,13,1266.6,0
4134,29.27,jewelry,0,0,16,12,798.3,0
4135,81.12,electronics,0,0,22,17,1763.8,0
4136,37.14,grocery,0,0,19,15,27.8,0
4137,124.22,travel,0,0,22,18,19.3,0
4138,119.41,travel,0,0,8,11,647.1,0
4139,153.35,pharmacy,0,0,14,15,33.7,0
4140,56.43,entertainment,0,0,10,16,687.4,0
4141,50.14,fuel,0,0,17,17,237.1,0
4142,173.94,pharmacy,0,0,9,16,531.9,0
4143,50.17,entertainment,0,0,16,16,307.3,0
4144,67.32,utilities,0,0,18,11,377.1,0
4145,74.11,entertainment,0,1,13,13,352.2,0
4146,132.3,entertainment,0,0,22,11,79.5,0
4147,55.94,grocery,0,0,22,16,101.9,0
4148,49.1,travel,0,0,21,19,79.7,0
4149,78.44,entertainment,0,0,8,18,374.5,0
4150,16.12,travel,0,0,13,14,1060.0,0
4151,125.28,online_retail,0,0,12,24,1212.2,0
4152,40.87,grocery,0,0,10,16,87.2,0
4153,58.75,travel,1,0,15,13,818.0,0
4154,36.46,online_retail,0,0,6,21,585.1,0
4155,50.02,fuel,0,0,22,14,1307.6,0
4156,20.0,utilities,0,0,18,19,522.7,0
4157,105.38,dining,0,0,11,18,1457.4,0
4158,142.93,dining,0,0,18,19,40.6,0
4159,49.44,grocery,0,0,9,20,1240.3,0
4160,43.87,entertainment,0,1,10,16,627.1,0
4161,71.5,electronics,0,0,14,11,485.3,0
4162,33.53,entertainment,0,0,8,23,386.3,0
4163,46.91,fuel,0,0,18,19,1808.0,0
4164,137.75,pharmacy,0,0,22,16,181.7,0
4165,106.53,travel,0,0,22,15,678.9,0
4166,74.82,entertainment,0,0,13,10,163.6,0
4167,195.67,online_retail,0,0,18,17,393.9,0
4168,55.52,utilities,0,0,13,12,1312.9,0
4169,92.95,dining,0,0,20,14,356.0,0
4170,207.66,entertainment,0,0,17,15,755.3,0
4171,55.63,entertainment,0,0,15,9,125.7,0
4172,49.19,utilities,0,0,10,13,998.4,0
4173,59.62,utilities,0,0,20,14,643.1,0
4174,86.1,electronics,0,0,14,19,105.0,0
4175,20.27,electronics,1,0,19,20,129.7,0
4176,111.61,fuel,0,0,10,21,815.0,0
4177,147.65,jewelry,0,0,10,20,210.7,0
4178,55.9,jewelry,0,0,21,17,150.7,0
4179,13.34,utilities,0,0,6,16,812.0,0
4180,106.85,online_retail,0,0,8,10,511.3,0
4181,54.96,fuel,0,0,21,16,442.1,0
4182,70.39,travel,0,0,18,18,175.9,0
4183,154.9,utilities,0,0,9,9,239.9,0
4184,80.34,fuel,0,0,6,20,174.7,0
4185,81.86,pharmacy,0,1,16,22,257.2,0
4186,91.43,entertainment,0,0,10,15,215.3,0
4187,610.31,utilities,1,0,4,1,4.9,1
4188,239.39,entertainment,0,0,14,14,237.5,0
4189,63.92,jewelry,0,0,16,15,455.0,0
4190,68.17,electronics,0,0,20,18,1996.5,0
4191,47.95,jewelry,0,0,11,17,274.2,0
4192,111.04,travel,0,0,10,9,340.3,0
4193,117.91,pharmacy,0,0,14,17,136.6,0
4194,76.73,dining,0,0,16,22,1003.6,0
4195,25.0,utilities,0,0,20,13,350.6,0
4196,79.75,utilities,0,0,18,17,183.0,0
4197,143.71,entertainment,0,0,6,17,408.7,0
4198,65.42,travel,0,0,17,13,689.6,0
4199,13.23,pharmacy,0,0,22,13,522.7,0
4200,146.35,fuel,0,0,21,16,993.3,0
4201,129.69,grocery,0,0,20,15,956.8,0
4202,92.57,grocery,0,0,19,13,294.8,0
4203,69.77,jewelry,0,0,18,18,1279.5,0
4204,94.1,jewelry,0,0,19,9,531.7,0
4205,45.48,utilities,0,0,6,11,62.0,0
4206,494.36,grocery,0,1,3,2,2.9,1
4207,78.22,grocery,0,0,7,9,1353.3,0
4208,154.83,travel,0,0,20,15,322.8,0
4209,88.26,travel,0,0,7,7,375.1,0
4210,28.19,jewelry,0,0,21,24,854.2,0
4211,110.29,grocery,0,0,14,12,834.3,0
4212,117.38,dining,0,0,10,10,65.1,0
4213,127.34,grocery,0,0,11,12,306.3,0
4214,79.71,dining,0,0,21,19,1564.3,0
4215,33.68,jewelry,0,0,8,15,13.3,0
4216,74.14,travel,0,0,13,16,484.0,0
4217,815.76,dining,1,0,3,2,4.1,1
4218,75.81,jewelry,1,0,14,12,1396.1,0
4219,165.48,online_retail,0,0,12,14,435.6,0
4220,53.18,pharmacy,0,0,8,18,314.9,0
4221,79.99,pharmacy,1,0,10,9,43.0,0
4222,83.85,dining,0,0,8,17,209.1,0
4223,96.39,electronics,0,0,21,22,149.3,0
4224,170.87,entertainment,0,0,21,24,309.3,0
4225,51.8,utilities,0,1,21,15,121.2,0
4226,158.19,fuel,0,0,7,17,1205.0,0
4227,73.36,dining,0,0,11,15,113.2,0
4228,66.04,dining,0,0,8,18,347.8,0
4229,82.14,entertainment,0,0,16,16,60.6,0
4230,54.0,electronics,0,0,9,10,703.3,0
4231,7.86,utilities,0,0,13,13,434.2,0
4232,51.78,jewelry,0,0,18,13,221.1,0
4233,68.81,travel,0,1,18,15,110.8,0
4234,59.59,jewelry,0,0,22,15,283.0,0
4235,77.95,entertainment,0,0,12,15,135.9,0
4236,110.75,electronics,0,0,11,21,256.2,0
4237,52.11,pharmacy,0,0,17,11,247.9,0
4238,44.84,electronics,0,0,6,12,1135.7,0
4239,80.52,pharmacy,0,0,20,16,376.1,0
4240,52.68,travel,0,0,13,11,132.7,0
4241,48.61,travel,0,1,17,16,2129.0,0
4242,59.24,pharmacy,0,0,15,19,658.6,0
4243,23.6,travel,0,0,19,11,369.5,0
4244,19.03,dining,0,0,6,24,154.2,0
4245,8.35,entertainment,0,0,7,13,760.2,0
4246,149.78,fuel,0,0,22,11,996.0,0
4247,64.99,travel,0,0,9,21,328.3,0
4248,69.99,dining,0,0,9,17,647.7,0
4249,22.08,electronics,0,0,21,17,174.2,0
4250,38.57,utilities,0,0,15,18,185.6,0
4251,126.49,grocery,0,0,12,10,1520.6,0
4252,100.98,entertainment,0,0,14,20,97.8,0
4253,45.15,pharmacy,0,0,7,10,1905.7,0
4254,33.29,utilities,0,0,6,10,104.0,0
4255,35.68,utilities,0,0,7,14,413.7,0
4256,40.53,pharmacy,0,0,6,8,858.0,0
4257,35.68,pharmacy,0,0,11,16,17.2,0
4258,153.06,jewelry,0,0,9,18,293.1,0
4259,145.53,utilities,0,0,11,14,4.1,0
4260,50.7,dining,0,0,22,14,1029.0,0
4261,42.34,pharmacy,0,0,16,11,633.1,0
4262,34.63,online_retail,1,0,10,15,743.4,0
4263,56.86,jewelry,0,0,20,20,220.2,0
4264,29.55,fuel,0,0,14,11,794.1,0
4265,63.35,utilities,0,0,7,20,609.7,0
4266,67.45,electronics,0,0,14,10,346.3,0
4267,72.25,dining,0,1,19,5,509.2,0
4268,24.16,online_retail,0,0,9,12,21.0,0
4269,66.78,pharmacy,0,0,6,17,2127.7,0
4270,476.49,fuel,1,0,0,1,5.5,1
4271,60.51,pharmacy,0,0,21,12,1025.7,0
4272,50.57,pharmacy,0,0,16,15,615.8,0
4273,20.02,entertainment,0,0,8,20,1005.7,0
4274,45.73,dining,0,0,14,20,122.9,0
4275,74.0,utilities,0,0,7,20,975.2,0
4276,100.69,travel,0,0,15,10,340.2,0
4277,125.78,dining,0,0,15,17,62.9,0
4278,72.4,travel,0,0,13,19,252.3,0
4279,104.08,online_retail,0,0,18,20,152.4,0
4280,135.95,entertainment,1,0,19,20,884.7,0
4281,72.26,utilities,0,0,6,13,921.5,0
4282,32.29,online_retail,0,0,13,21,299.2,0
4283,65.4,jewelry,0,0,6,8,511.4,0
4284,40.36,pharmacy,0,0,10,18,422.7,0
4285,3.41,dining,0,0,6,14,38.0,0
4286,207.81,online_retail,0,0,8,14,364.1,0
4287,242.83,electronics,0,0,10,12,348.7,0
4288,55.7,pharmacy,0,0,14,16,13.3,0
4289,60.96,travel,0,1,16,15,198.4,0
4290,107.33,jewelry,0,1,22,11,103.9,0
4291,25.41,dining,0,0,21,13,81.0,0
4292,77.62,grocery,0,0,16,11,1637.2,0
4293,48.31,travel,0,0,7,12,207.7,0
4294,168.47,fuel,0,0,22,13,498.8,0
4295,101.3,online_retail,0,0,15,10,207.8,0
4296,55.71,entertainment,0,0,17,13,743.4,0
4297,29.13,entertainment,0,0,10,15,1160.1,0
4298,39.54,utilities,0,0,12,10,87.2,0
4299,67.47,electronics,0,0,14,23,339.0,0
4300,117.27,utilities,0,0,20,11,379.5,0
4301,141.7,entertainment,0,0,11,18,345.2,0
4302,27.83,grocery,0,0,9,13,356.2,0
4303,81.78,pharmacy,0,0,22,15,56.2,0
4304,5.46,electronics,0,0,11,12,969.2,0
4305,58.6,entertainment,0,0,21,15,537.3,0
4306,29.15,fuel,0,0,13,8,203.3,0
4307,74.54,electronics,0,0,19,17,148.4,0
4308,214.98,grocery,0,0,12,12,152.2,0
4309,47.56,fuel,0,0,8,15,193.6,0
4310,107.51,online_retail,0,0,9,13,265.1,0
4311,43.01,dining,0,0,12,11,355.8,0
4312,26.9,grocery,0,0,14,11,992.8,0
4313,93.49,jewelry,0,1,22,14,1408.2,0
4314,42.21,grocery,0,0,19,15,582.3,0
4315,46.08,fuel,0,0,14,13,83.9,0
4316,110.25,utilities,1,0,19,21,3401.5,0
4317,55.74,pharmacy,0,0,9,11,140.0,0
4318,69.11,pharmacy,0,0,8,15,162.3,0
4319,49.52,utilities,0,0,13,15,194.0,0
4320,34.84,entertainment,0,0,13,6,903.0,0
4321,169.46,fuel,0,0,20,13,150.0,0
4322,33.32,pharmacy,0,0,7,14,801.4,0
4323,95.74,jewelry,0,0,12,16,58.0,0
4324,59.19,pharmacy,0,0,13,21,342.2,0
4325,79.96,dining,0,0,15,21,1012.0,0
4326,89.7,entertainment,1,0,22,21,303.4,0
4327,49.31,grocery,0,0,21,8,24.3,0
4328,27.05,utilities,0,0,8,16,168.4,0
4329,32.99,utilities,0,0,12,15,360.7,0
4330,74.21,fuel,0,0,22,10,194.2,0
4331,125.41,electronics,0,0,22,13,212.0,0
4332,41.87,travel,0,0,20,15,680.0,0
4333,20.48,travel,0,0,11,19,1506.6,0
4334,128.28,utilities,0,0,22,8,322.8,0
4335,19.7,entertainment,0,0,16,14,2854.9,0
4336,187.41,fuel,0,0,17,8,846.1,0
4337,8.04,entertainment,1,0,10,14,300.1,0
4338,106.8,travel,0,0,15,12,829.3,0
4339,132.2,online_retail,0,0,14,12,56.7,0
4340,30.5,dining,0,0,8,11,265.4,0
4341,283.73,entertainment,0,0,7,17,200.7,0
4342,43.73,electronics,0,1,7,13,1209.6,0
4343,44.03,dining,0,0,10,15,279.1,0
4344,68.06,online_retail,1,0,17,14,579.6,0
4345,115.71,pharmacy,0,0,6,12,495.7,0
4346,26.27,grocery,0,0,14,17,483.5,0
4347,54.01,fuel,0,0,13,16,570.3,0
4348,90.85,jewelry,0,0,22,15,55.2,0
4349,90.46,pharmacy,0,0,7,9,2617.1,0
4350,74.79,online_retail,0,1,21,18,2241.1,0
4351,110.92,travel,0,0,10,16,1319.6,0
4352,151.65,entertainment,0,0,13,11,449.1,0
4353,234.67,travel,0,0,20,10,397.3,0
4354,26.09,electronics,0,0,19,17,0.6,0
4355,39.92,electronics,0,0,8,15,528.6,0
4356,37.81,pharmacy,0,0,18,16,625.4,0
4357,50.54,entertainment,0,0,7,10,672.6,0
4358,49.13,pharmacy,0,0,12,12,503.2,0
4359,60.71,electronics,0,1,11,15,806.8,0
4360,137.65,entertainment,0,0,9,24,247.7,0
4361,46.52,pharmacy,0,0,14,15,181.5,0
4362,120.18,jewelry,0,0,7,18,550.3,0
4363,9.64,jewelry,0,0,11,13,41.0,0
4364,111.33,utilities,0,0,21,16,33.7,0
4365,150.85,travel,1,0,21,18,536.8,0
4366,45.76,utilities,0,0,18,8,1.0,0
4367,61.87,electronics,0,0,7,12,79.8,0
4368,68.84,fuel,0,1,7,18,193.2,0
4369,12.37,electronics,0,0,13,12,9.2,0
4370,65.72,utilities,0,0,14,17,1030.0,0
4371,3.35,utilities,0,0,6,14,737.1,0
4372,30.54,entertainment,0,0,9,21,1113.3,0
4373,118.13,electronics,0,0,8,13,259.0,0
4374,23.05,jewelry,0,0,19,12,698.7,0
4375,11.29,jewelry,0,0,16,22,341.0,0
4376,80.33,entertainment,0,1,16,10,45.0,0
4377,127.74,online_retail,0,0,7,22,202.0,0
4378,42.8,fuel,0,0,12,5,817.7,0
4379,103.05,online_retail,0,0,7,16,231.2,0
4380,54.9,travel,0,0,21,5,14.1,0
4381,127.62,online_retail,1,0,18,17,584.0,0
4382,43.19,jewelry,0,0,12,15,468.3,0
4383,135.19,utilities,0,0,15,12,895.7,0
4384,24.96,grocery,0,0,16,18,106.9,0
4385,46.86,pharmacy,1,0,10,15,587.8,0
4386,53.1,jewelry,0,0,15,10,1452.4,0
4387,57.06,travel,0,0,17,15,1523.5,0
4388,57.64,travel,0,0,11,21,484.8,0
4389,59.53,online_retail,0,0,22,15,391.8,0
4390,14.88,utilities,0,0,18,18,1112.0,0
4391,129.57,pharmacy,0,0,17,13,273.5,0
4392,7.43,entertainment,0,0,6,17,701.7,0
4393,156.2,online_retail,0,0,11,12,231.4,0
4394,92.33,travel,0,0,16,20,255.4,0
4395,134.46,fuel,0,0,12,14,71.2,0
4396,42.97,dining,0,0,21,17,117.4,0
4397,43.38,jewelry,0,1,16,20,194.2,0
4398,48.73,electronics,0,0,9,15,1093.1,0
4399,208.6,travel,0,0,12,13,23.8,0
4400,24.42,grocery,0,0,7,14,191.6,0
4401,111.22,jewelry,0,0,12,14,158.9,0
4402,44.7,pharmacy,0,0,8,15,826.5,0
4403,84.09,jewelry,0,0,21,8,184.5,0
4404,71.33,electronics,0,0,13,16,667.5,0
4405,60.14,travel,0,0,16,9,838.5,0
4406,113.31,dining,0,0,10,14,19.7,0
4407,98.84,pharmacy,1,0,7,13,44.7,0
4408,42.28,grocery,0,0,22,20,600.7,0
4409,38.85,fuel,0,0,18,11,245.6,0
4410,126.19,entertainment,1,0,15,13,160.7,0
4411,90.55,dining,0,1,9,14,390.7,0
4412,106.75,utilities,0,0,19,25,1898.8,0
4413,21.67,online_retail,0,0,6,18,565.7,0
4414,11.4,pharmacy,0,1,20,18,153.1,0
4415,58.8,grocery,0,0,13,12,576.1,0
4416,149.51,utilities,0,0,7,16,11.9,0
4417,85.34,electronics,0,0,18,17,69.8,0
4418,57.77,utilities,0,0,22,17,113.3,0
4419,14.4,grocery,0,0,18,11,918.8,0
4420,53.86,utilities,0,0,18,19,553.6,0
4421,53.24,jewelry,0,0,21,12,13.1,0
4422,71.09,dining,0,0,16,8,132.0,0
4423,125.15,utilities,0,0,22,11,1970.8,0
4424,62.73,utilities,0,0,16,17,742.6,0
4425,133.61,dining,0,0,15,15,68.7,0
4426,53.25,fuel,0,0,10,8,863.3,0
4427,205.44,electronics,0,0,16,12,643.8,0
4428,87.02,online_retail,0,0,8,19,1115.8,0
4429,51.06,grocery,0,0,9,21,132.8,0
4430,67.83,pharmacy,0,0,18,11,115.2,0
4431,112.75,entertainment,0,0,14,17,326.5,0
4432,40.33,grocery,0,0,13,18,64.3,0
4433,67.28,dining,0,0,15,14,2093.6,0
4434,65.0,online_retail,0,0,15,21,2687.1,0
4435,89.02,pharmacy,0,0,10,12,78.0,0
4436,15.09,electronics,0,0,15,20,289.6,0
4437,31.8,fuel,1,0,8,15,780.0,0
4438,83.7,grocery,0,0,16,15,20.8,0
4439,89.37,fuel,0,1,21,10,979.3,0
4440,50.04,utilities,0,0,6,19,1158.0,0
4441,59.22,dining,0,0,20,15,536.3,0
4442,138.6,utilities,0,0,21,17,161.4,0
4443,33.94,online_retail,0,0,6,15,509.6,0
4444,711.18,dining,1,1,0,4,2.3,1
4445,37.1,entertainment,0,0,10,16,408.8,0
4446,1168.86,electronics,1,1,2,4,2.1,1
4447,62.55,travel,0,0,18,15,50.2,0
4448,32.99,online_retail,0,0,12,16,784.0,0
4449,127.89,dining,0,0,20,13,381.5,0
4450,16.3,grocery,0,0,21,9,458.1,0
4451,39.13,dining,0,0,13,13,15.7,0
4452,219.82,online_retail,0,0,21,13,730.5,0
4453,64.34,utilities,0,0,6,19,926.9,0
4454,118.28,fuel,0,0,17,13,347.2,0
4455,33.28,grocery,0,1,16,13,202.7,0
4456,22.06,dining,0,0,19,13,593.7,0
4457,37.22,pharmacy,0,0,21,20,316.1,0
4458,56.39,entertainment,0,0,11,15,3083.4,0
4459,7.4,online_retail,0,0,19,6,419.9,0
4460,64.49,jewelry,0,0,13,12,1445.4,0
4461,89.19,travel,0,1,19,15,253.7,0
4462,128.09,fuel,0,0,17,16,517.0,0
4463,74.23,electronics,0,0,9,20,157.3,0
4464,83.83,utilities,0,0,13,21,48.5,0
4465,61.15,dining,0,0,12,18,183.0,0
4466,75.29,utilities,0,0,17,6,260.1,0
4467,228.78,utilities,0,0,15,17,409.3,0
4468,350.59,travel,0,0,14,17,132.2,0
4469,97.7,utilities,0,0,17,14,210.5,0
4470,60.38,fuel,0,0,18,12,154.3,0
4471,62.85,jewelry,0,1,21,10,1533.6,0
4472,113.44,electronics,0,0,22,9,198.5,0
4473,26.03,utilities,0,0,14,13,722.7,0
4474,34.85,fuel,0,0,6,14,657.4,0
4475,51.27,online_retail,0,0,10,18,31.8,0
4476,95.58,pharmacy,0,0,11,19,484.6,0
4477,6.33,travel,0,0,12,16,142.8,0
4478,31.4,entertainment,0,0,14,17,157.7,0
4479,63.64,travel,0,0,14,10,249.6,0
4480,39.6,travel,0,0,17,16,2168.4,0
4481,90.36,jewelry,0,0,22,22,77.8,0
4482,81.27,online_retail,1,0,11,12,133.5,0
4483,72.65,entertainment,0,0,11,17,730.5,0
4484,97.43,electronics,0,0,6,15,170.7,0
4485,64.04,jewelry,0,0,10,14,861.8,0
4486,57.58,online_retail,0,0,14,8,137.1,0
4487,38.44,online_retail,0,0,16,11,476.4,0
4488,26.2,fuel,0,0,20,13,377.3,0
4489,146.93,dining,0,0,17,18,111.4,0
4490,19.62,pharmacy,0,0,18,11,438.4,0
4491,66.99,entertainment,0,0,6,14,428.0,0
4492,62.44,travel,0,0,8,9,358.8,0
4493,76.29,electronics,0,0,16,14,1790.9,0
4494,50.63,grocery,0,0,9,11,361.7,0
4495,96.34,grocery,0,0,12,14,575.5,0
4496,42.65,online_retail,0,0,12,15,989.9,0
4497,65.5,fuel,1,0,6,18,462.2,0
4498,62.57,entertainment,0,0,10,12,14.4,0
4499,45.25,fuel,0,0,20,20,18.7,0
4500,59.13,entertainment,0,0,9,7,410.7,0
4501,144.93,pharmacy,0,0,11,13,48.9,0
4502,97.74,dining,0,0,16,17,2711.0,0
4503,47.91,online_retail,0,0,19,13,85.8,0
4504,88.21,jewelry,0,0,10,14,17.0,0
4505,51.98,dining,0,0,14,13,677.7,0
4506,215.77,jewelry,0,0,19,15,237.0,0
4507,102.22,entertainment,0,0,8,11,1009.2,0
4508,113.03,travel,0,0,20,10,268.1,0
4509,76.56,pharmacy,0,0,8,17,851.1,0
4510,20.45,electronics,0,0,21,10,1055.6,0
4511,161.45,travel,0,0,21,17,648.6,0
4512,25.4,jewelry,0,1,7,14,410.6,0
4513,82.97,fuel,0,0,21,15,48.2,0
4514,29.06,travel,0,0,19,19,1920.0,0
4515,35.77,utilities,0,0,16,15,188.3,0
4516,39.97,grocery,0,0,16,18,150.7,0
4517,66.87,fuel,0,0,10,10,45.9,0
4518,175.16,travel,0,0,20,16,9.2,0
4519,50.11,entertainment,0,0,11,22,511.3,0
4520,54.84,dining,0,0,11,20,120.3,0
4521,46.8,dining,0,0,12,12,265.2,0
4522,104.92,electronics,0,0,21,13,426.2,0
4523,29.36,online_retail,0,0,21,18,401.4,0
4524,156.46,fuel,0,0,14,13,380.1,0
4525,36.8,pharmacy,0,0,22,17,734.7,0
4526,93.16,travel,0,0,6,16,91.0,0
4527,156.28,grocery,0,0,6,14,280.8,0
4528,102.91,dining,0,0,14,16,330.4,0
4529,5.21,pharmacy,0,0,16,16,265.0,0
4530,23.11,online_retail,0,0,16,21,152.7,0
4531,74.44,dining,0,0,18,20,747.3,0
4532,26.35,pharmacy,0,0,10,12,264.2,0
4533,108.97,electronics,0,0,22,14,430.3,0
4534,56.5,dining,0,0,10,19,998.1,0
4535,56.24,entertainment,0,1,22,9,1238.5,0
4536,62.02,utilities,0,0,6,14,1047.3,0
4537,161.2,electronics,0,0,11,15,306.6,0
4538,51.79,online_retail,0,0,6,12,46.5,0
4539,73.23,jewelry,0,0,7,13,888.7,0
4540,86.69,dining,0,0,15,11,290.5,0
4541,42.05,grocery,0,0,22,14,153.6,0
4542,84.84,pharmacy,0,0,16,12,355.0,0
4543,154.8,electronics,0,0,21,19,364.6,0
4544,14.32,grocery,0,0,8,12,20.4,0
4545,53.13,travel,0,0,22,23,470.8,0
4546,107.59,entertainment,0,0,17,20,1109.1,0
4547,838.81,pharmacy,0,0,2,2,11.0,1
4548,218.15,travel,0,0,16,18,1071.3,0
4549,89.24,grocery,0,0,6,9,702.0,0
4550,46.05,pharmacy,0,0,13,18,2915.9,0
4551,102.51,travel,0,0,10,14,153.4,0
4552,100.96,jewelry,0,0,9,15,261.1,0
4553,99.92,utilities,0,0,7,19,8.3,0
4554,171.26,jewelry,0,0,17,13,433.6,0
4555,26.2,utilities,0,0,10,17,284.9,0
4556,184.43,travel,0,0,7,15,144.1,0
4557,28.09,travel,0,0,15,13,178.8,0
4558,112.25,dining,1,0,7,13,1496.1,0
4559,22.7,fuel,0,0,9,16,376.3,0
4560,35.99,pharmacy,0,0,10,16,43.2,0
4561,9.55,travel,0,0,19,19,807.5,0
4562,143.38,jewelry,0,0,12,18,162.5,0
4563,35.9,entertainment,0,0,15,18,60.8,0
4564,98.19,dining,0,1,13,11,809.3,0
4565,62.82,dining,0,0,14,15,102.6,0
4566,136.23,dining,0,0,13,15,1441.9,0
4567,31.65,travel,0,0,7,14,1510.0,0
4568,60.5,entertainment,0,0,17,12,381.7,0
4569,11.16,fuel,0,0,16,10,260.9,0
4570,195.86,grocery,0,0,15,18,347.9,0
4571,72.98,pharmacy,0,0,10,27,48.1,0
4572,113.12,utilities,0,0,22,23,13.2,0
4573,132.97,grocery,0,0,21,14,1150.9,0
4574,121.73,entertainment,0,0,11,10,149.1,0
4575,22.39,fuel,0,0,17,8,1344.7,0
4576,56.38,online_retail,0,0,7,20,102.1,0
4577,141.04,entertainment,0,0,6,12,39.0,0
4578,20.19,travel,0,0,19,12,151.2,0
4579,10.15,entertainment,0,0,9,10,689.5,0
4580,101.13,jewelry,0,0,15,14,265.7,0
4581,98.46,dining,0,0,7,15,379.1,0
4582,92.93,pharmacy,0,0,8,11,732.5,0
4583,9.72,travel,0,0,18,10,360.5,0
4584,455.72,entertainment,0,1,4,4,2.7,1
4585,126.24,grocery,0,0,9,19,76.0,0
4586,66.39,pharmacy,0,0,19,18,286.4,0
4587,34.39,dining,0,0,17,8,552.2,0
4588,132.9,utilities,0,0,13,17,1071.3,0
4589,18.52,pharmacy,0,0,15,24,255.9,0
4590,70.97,travel,0,0,16,12,29.4,0
4591,129.2,pharmacy,0,0,20,19,75.9,0
4592,210.86,electronics,0,0,10,11,12.1,0
4593,84.84,online_retail,0,0,9,13,6.4,0
4594,121.83,electronics,0,0,13,21,230.6,0
4595,28.69,pharmacy,0,0,11,14,279.2,0
4596,162.82,electronics,0,0,8,16,955.2,0
4597,51.23,dining,0,0,22,17,115.9,0
4598,14.52,pharmacy,0,0,15,19,1128.9,0
4599,79.56,jewelry,0,0,22,10,1083.7,0
4600,106.79,pharmacy,0,0,21,8,395.9,0
4601,139.68,online_retail,0,0,16,9,42.5,0
4602,62.42,travel,0,0,20,20,511.6,0
4603,21.26,grocery,0,0,8,17,337.2,0
4604,20.74,electronics,0,0,18,22,549.4,0
4605,65.01,online_retail,0,1,18,12,90.1,0
4606,55.22,grocery,0,0,22,18,169.3,0
4607,78.72,travel,0,0,19,15,290.5,0
4608,35.69,grocery,0,0,14,13,380.1,0
4609,234.61,travel,0,0,7,21,896.5,0
4610,26.48,dining,0,1,14,12,71.1,0
4611,169.2,entertainment,0,0,19,13,10.1,0
4612,425.56,dining,1,1,2,3,11.7,1
4613,224.63,electronics,0,0,14,17,378.5,0
4614,138.99,dining,0,0,20,19,227.8,0
4615,27.12,electronics,1,0,21,15,722.0,0
4616,54.24,utilities,0,0,14,15,679.3,0
4617,158.16,utilities,0,0,12,8,117.9,0
4618,103.41,online_retail,0,0,20,14,897.7,0
4619,53.29,electronics,0,0,20,14,239.8,0
4620,38.21,jewelry,0,0,9,18,76.9,0
4621,74.65,jewelry,0,0,17,17,924.6,0
4622,83.91,entertainment,0,0,7,15,689.9,0
4623,602.35,pharmacy,1,1,2,2,7.7,1
4624,6.54,dining,0,0,17,18,1052.1,0
4625,141.4,online_retail,0,0,13,13,1085.7,0
4626,64.98,fuel,0,0,14,18,141.7,0
4627,191.07,grocery,0,0,7,19,869.4,0
4628,284.3,dining,0,0,10,21,343.6,0
4629,43.86,entertainment,0,0,12,13,1883.2,0
4630,164.35,fuel,0,0,8,14,420.7,0
4631,66.23,grocery,0,0,18,18,205.9,0
4632,192.56,dining,0,0,19,16,231.3,0
4633,38.66,pharmacy,0,0,16,7,298.1,0
4634,92.21,travel,0,0,8,15,76.3,0
4635,49.36,utilities,0,0,7,13,2.3,0
4636,80.98,jewelry,0,0,17,20,97.8,0
4637,2.42,entertainment,0,0,19,10,119.5,0
4638,29.78,pharmacy,0,0,11,13,1.6,0
4639,53.76,travel,0,0,17,16,961.8,0
4640,33.02,online_retail,0,0,9,14,850.2,0
4641,113.89,pharmacy,0,0,14,19,295.4,0
4642,247.8,online_retail,0,0,16,15,1710.4,0
4643,78.34,jewelry,0,1,12,20,191.2,0
4644,80.17,grocery,0,0,10,16,130.6,0
4645,44.86,entertainment,0,0,10,17,397.0,0
4646,43.39,dining,0,0,16,16,79.6,0
4647,102.62,fuel,0,0,11,9,351.0,0
4648,48.13,travel,0,0,15,11,452.0,0
4649,130.37,pharmacy,0,0,8,14,36.5,0
4650,121.28,entertainment,0,0,12,11,148.7,0
4651,61.54,grocery,0,0,9,17,1280.9,0
4652,15.47,entertainment,0,0,10,14,206.0,0
4653,17.37,grocery,0,0,22,16,9.6,0
4654,124.03,utilities,0,0,12,10,1628.5,0
4655,93.21,entertainment,0,0,18,18,1776.7,0
4656,77.42,electronics,0,0,11,13,146.8,0
4657,40.51,grocery,0,0,9,16,2347.1,0
4658,107.16,electronics,0,0,14,17,75.0,0
4659,94.54,travel,0,0,6,16,1283.0,0
4660,53.57,electronics,0,0,7,14,639.3,0
4661,57.76,grocery,0,1,16,19,148.4,0
4662,62.02,dining,0,0,18,16,171.0,0
4663,116.4,grocery,0,0,20,13,737.3,0
4664,57.45,jewelry,0,0,9,12,264.2,0
4665,27.4,pharmacy,1,0,10,18,278.8,0
4666,49.75,utilities,0,0,17,19,324.9,0
4667,270.94,grocery,0,0,16,16,575.3,0
4668,64.02,jewelry,0,0,13,15,2716.5,0
4669,37.97,electronics,0,0,19,13,29.3,0
4670,37.01,electronics,0,0,21,19,685.7,0
4671,101.59,entertainment,0,0,21,11,1164.6,0
4672,10.61,pharmacy,1,0,22,18,137.1,0
4673,35.38,travel,0,0,9,8,389.1,0
4674,115.38,dining,0,0,12,17,562.3,0
4675,49.01,utilities,0,0,19,11,31.6,0
4676,97.68,utilities,0,0,13,13,201.4,0
4677,111.01,travel,0,0,18,16,379.1,0
4678,166.54,pharmacy,0,0,15,8,112.1,0
4679,54.29,fuel,0,0,13,21,852.4,0
4680,31.99,entertainment,0,0,13,19,1428.9,0
4681,130.85,fuel,0,0,16,19,297.5,0
4682,113.68,pharmacy,0,0,14,8,881.1,0
4683,50.74,dining,0,0,9,13,99.0,0
4684,116.34,jewelry,0,0,22,16,322.4,0
4685,52.18,utilities,0,0,9,18,825.2,0
4686,88.34,jewelry,0,0,15,15,37.4,0
4687,56.24,electronics,0,0,16,16,213.3,0
4688,29.14,dining,0,0,16,14,789.2,0
4689,44.37,pharmacy,0,0,15,13,627.1,0
4690,39.89,grocery,0,0,12,19,590.4,0
4691,51.93,grocery,0,0,16,21,0.2,0
4692,32.37,fuel,0,0,9,13,1045.3,0
4693,22.61,pharmacy,0,0,15,12,986.7,0
4694,104.79,grocery,0,1,9,14,425.4,0
4695,255.35,grocery,0,0,14,16,510.5,0
4696,30.72,grocery,0,0,12,18,1106.7,0
4697,58.58,travel,0,0,21,19,83.5,0
4698,211.56,electronics,0,1,11,16,17.6,0
4699,47.91,online_retail,0,0,11,15,532.1,0
4700,60.31,utilities,0,0,11,10,176.5,0
4701,71.0,jewelry,0,0,13,17,986.6,0
4702,3.94,travel,0,0,12,11,1533.0,0
4703,42.36,jewelry,0,0,19,14,46.3,0
4704,46.51,fuel,0,0,14,16,46.6,0
4705,55.2,electronics,0,0,20,16,520.4,0
4706,26.1,entertainment,0,0,13,13,1392.0,0
4707,53.64,grocery,0,0,17,17,718.3,0
4708,154.57,fuel,0,0,11,10,174.2,0
4709,33.83,fuel,0,0,7,17,138.3,0
4710,32.76,dining,0,0,10,15,579.2,0
4711,72.82,utilities,0,0,16,14,105.0,0
4712,22.49,jewelry,0,0,6,15,31.9,0
4713,56.41,grocery,0,0,22,19,291.1,0
4714,43.86,electronics,0,0,11,11,110.8,0
4715,38.13,utilities,0,0,11,8,558.0,0
4716,188.47,electronics,0,0,17,11,2110.6,0
4717,43.74,jewelry,0,0,9,20,908.7,0
4718,96.04,travel,0,0,11,11,207.9,0
4719,206.29,entertainment,0,0,18,21,106.8,0
4720,39.74,electronics,0,0,7,20,511.3,0
4721,54.21,grocery,0,0,6,8,209.0,0
4722,41.48,dining,1,0,21,19,398.8,0
4723,108.15,pharmacy,0,1,7,15,232.7,0
4724,632.17,utilities,1,1,0,4,4.0,1
4725,256.53,fuel,0,1,22,20,121.8,0
4726,142.55,utilities,0,0,19,7,770.7,0
4727,47.91,utilities,0,0,17,7,908.9,0
4728,83.04,pharmacy,0,0,11,20,125.3,0
4729,8.41,pharmacy,1,0,19,9,466.7,0
4730,29.06,entertainment,1,0,20,16,2177.4,0
4731,57.29,online_retail,0,0,8,23,848.1,0
4732,44.51,jewelry,0,0,22,18,512.6,0
4733,22.83,entertainment,0,0,8,13,312.0,0
4734,13.08,fuel,0,0,8,17,857.0,0
4735,48.59,fuel,0,0,11,20,82.7,0
4736,33.33,dining,0,0,15,14,470.8,0
4737,43.03,online_retail,0,0,20,10,187.2,0
4738,38.25,dining,0,0,20,14,766.9,0
4739,29.16,travel,0,0,18,13,583.7,0
4740,14.65,grocery,0,0,13,18,835.5,0
4741,38.0,electronics,0,1,15,15,925.2,0
4742,42.89,electronics,0,0,18,11,1240.7,0
4743,26.87,fuel,0,1,10,17,723.4,0
4744,30.26,entertainment,0,0,22,10,271.5,0
4745,109.03,jewelry,0,1,18,10,55.1,0
4746,17.97,jewelry,0,0,7,22,44.3,0
4747,17.21,utilities,0,0,14,17,312.4,0
4748,78.76,fuel,0,0,8,13,313.2,0
4749,53.5,utilities,0,0,16,15,3311.9,0
4750,149.09,pharmacy,0,0,7,13,888.5,0
4751,112.1,pharmacy,0,0,18,11,1411.7,0
4752,23.94,online_retail,1,0,14,11,593.4,0
4753,52.4,jewelry,0,0,12,11,180.1,0
4754,98.56,utilities,0,0,19,10,209.0,0
4755,66.75,utilities,0,0,17,15,766.5,0
4756,61.22,utilities,0,0,15,13,1729.8,0
4757,52.8,electronics,0,0,21,13,82.0,0
4758,131.75,pharmacy,0,0,6,9,1202.4,0
4759,372.36,utilities,0,0,13,20,365.4,0
4760,35.48,dining,0,0,22,23,927.9,0
4761,69.31,electronics,0,0,8,10,473.5,0
4762,8.0,jewelry,0,1,7,10,1007.8,0
4763,91.72,jewelry,0,0,9,14,713.6,0
4764,40.5,entertainment,0,0,20,21,493.7,0
4765,21.17,pharmacy,0,0,12,14,525.3,0
4766,147.9,pharmacy,0,0,11,18,842.3,0
4767,21.0,pharmacy,0,0,11,16,50.3,0
4768,82.42,grocery,0,0,15,10,1221.9,0
4769,126.13,utilities,0,0,21,21,591.4,0
4770,8.59,utilities,0,0,22,10,124.9,0
4771,60.25,dining,0,0,10,14,341.7,0
4772,95.4,dining,0,0,6,16,443.2,0
4773,50.94,dining,0,0,22,23,2.7,0
4774,134.54,pharmacy,0,0,13,7,53.1,0
4775,86.24,online_retail,0,0,9,22,28.9,0
4776,8.66,dining,1,0,14,11,345.9,0
4777,19.87,online_retail,0,0,12,15,791.1,0
4778,33.97,pharmacy,0,0,17,17,307.2,0
4779,368.42,travel,1,1,2,1,3.2,1
4780,36.96,fuel,0,0,8,8,81.5,0
4781,318.19,dining,0,0,7,15,144.2,0
4782,45.2,travel,0,0,21,17,1357.6,0
4783,38.17,jewelry,0,0,14,11,366.0,0
4784,39.69,pharmacy,0,0,15,15,1694.3,0
4785,128.41,jewelry,0,0,22,14,867.4,0
4786,41.18,electronics,0,1,20,21,123.9,0
4787,75.73,entertainment,0,0,10,6,410.6,0
4788,102.66,utilities,0,0,20,12,105.3,0
4789,41.93,electronics,0,0,13,11,293.7,0
4790,51.09,entertainment,0,0,10,18,371.2,0
4791,15.43,entertainment,0,0,19,13,250.3,0
4792,45.41,utilities,0,0,22,24,266.9,0
4793,94.95,electronics,0,0,7,13,948.4,0
4794,88.8,dining,0,0,15,15,311.2,0
4795,41.77,grocery,0,0,15,13,592.9,0
4796,63.04,grocery,0,0,20,9,1014.0,0
4797,209.24,utilities,0,0,6,12,593.7,0
4798,54.47,jewelry,0,1,13,14,523.7,0
4799,115.32,pharmacy,0,0,10,12,223.3,0
4800,42.08,electronics,0,0,20,9,358.5,0
4801,3.84,online_retail,0,0,11,14,813.4,0
4802,74.92,grocery,0,0,6,11,189.5,0
4803,45.03,entertainment,0,0,12,15,1108.7,0
4804,38.35,travel,0,0,11,23,763.1,0
4805,104.91,entertainment,0,0,14,13,97.9,0
4806,37.69,online_retail,0,0,7,14,12.4,0
4807,65.46,electronics,0,0,19,19,275.0,0
4808,150.48,dining,0,0,13,11,494.5,0
4809,10.96,grocery,0,0,20,16,190.0,0
4810,85.04,fuel,0,0,15,8,2042.0,0
4811,28.87,fuel,0,0,17,21,500.7,0
4812,82.75,fuel,0,0,11,15,315.7,0
4813,77.55,fuel,0,0,15,8,988.4,0
4814,81.59,entertainment,0,0,15,25,600.0,0
4815,68.18,electronics,0,0,22,20,24.1,0
4816,23.31,entertainment,0,0,8,11,64.1,0
4817,124.92,grocery,0,0,17,10,488.3,0
4818,203.35,travel,0,0,6,10,2953.8,0
4819,155.99,travel,0,1,17,9,1040.1,0
4820,128.44,electronics,0,0,20,16,874.1,0
4821,1083.98,online_retail,0,1,2,7,6.0,1
4822,41.08,travel,0,0,14,14,509.4,0
4823,99.42,travel,0,0,11,16,810.2,0
4824,37.53,grocery,0,1,7,9,918.1,0
4825,51.35,utilities,0,0,21,14,1156.1,0
4826,106.41,electronics,0,0,7,8,1406.8,0
4827,84.55,pharmacy,0,0,6,18,568.0,0
4828,190.68,pharmacy,0,0,11,18,185.5,0
4829,52.63,utilities,0,0,13,8,2057.3,0
4830,15.12,dining,0,1,13,10,654.4,0
4831,98.01,entertainment,0,0,8,17,513.0,0
4832,35.34,travel,0,0,6,14,2700.2,0
4833,82.48,electronics,0,0,9,15,18.1,0
4834,35.82,jewelry,0,0,11,15,2935.4,0
4835,56.31,entertainment,0,0,14,18,310.9,0
4836,39.64,online_retail,0,0,19,18,434.7,0
4837,106.85,utilities,0,0,11,7,429.4,0
4838,83.07,online_retail,0,0,10,21,2050.9,0
4839,77.03,pharmacy,1,0,22,16,117.9,0
4840,63.57,entertainment,0,0,14,9,1077.6,0
4841,69.44,online_retail,0,0,21,13,659.4,0
4842,84.31,pharmacy,0,0,7,16,1042.5,0
4843,85.08,grocery,0,1,15,20,136.8,0
4844,55.42,travel,0,0,7,10,66.1,0
4845,41.54,electronics,0,0,18,17,32.0,0
4846,142.42,dining,0,0,17,13,643.9,0
4847,145.8,utilities,0,0,22,17,749.8,0
4848,78.18,entertainment,0,0,20,16,237.9,0
4849,34.29,online_retail,0,0,19,16,958.5,0
4850,44.36,online_retail,0,0,17,20,408.7,0
4851,66.38,online_retail,0,1,14,8,2199.7,0
4852,145.95,jewelry,0,0,9,13,642.7,0
4853,163.61,pharmacy,0,0,12,13,307.5,0
4854,59.17,online_retail,0,0,18,14,1382.4,0
4855,25.91,travel,0,0,16,19,160.1,0
4856,47.23,jewelry,0,0,17,17,814.6,0
4857,162.33,online_retail,0,0,17,14,658.5,0
4858,43.67,entertainment,0,0,17,9,1769.2,0
4859,51.21,utilities,0,0,20,6,1048.7,0
4860,220.53,fuel,0,0,8,24,2196.1,0
4861,118.4,pharmacy,0,0,15,15,3327.0,0
4862,94.2,travel,0,0,21,19,335.7,0
4863,71.04,utilities,0,1,9,16,110.4,0
4864,66.34,entertainment,0,0,6,14,115.1,0
4865,67.72,electronics,0,0,13,20,1813.3,0
4866,31.49,electronics,0,0,21,18,314.4,0
4867,104.66,travel,0,0,8,11,24.5,0
4868,25.04,grocery,0,0,6,16,6.6,0
4869,33.95,grocery,1,0,18,9,96.9,0
4870,64.05,travel,0,0,18,14,3.0,0
4871,15.53,entertainment,0,0,15,17,43.0,0
4872,65.19,dining,0,0,10,14,1451.0,0
4873,102.88,fuel,0,0,7,9,3091.3,0
4874,72.06,entertainment,0,0,9,15,1590.7,0
4875,144.94,pharmacy,0,0,19,20,13.8,0
4876,221.62,utilities,0,0,12,15,595.6,0
4877,126.69,grocery,0,0,12,19,974.7,0
4878,61.46,grocery,0,0,13,15,1257.3,0
4879,34.23,fuel,0,0,17,14,26.9,0
4880,55.91,online_retail,0,1,7,16,265.8,0
4881,147.32,jewelry,0,0,8,19,128.9,0
4882,121.09,entertainment,0,0,16,13,335.5,0
4883,100.89,travel,0,0,22,21,1020.7,0
4884,22.36,dining,0,0,10,13,434.4,0
4885,134.68,dining,0,0,20,14,371.8,0
4886,45.17,travel,0,0,21,8,43.4,0
4887,70.99,grocery,0,0,15,10,218.6,0
4888,133.26,online_retail,0,0,19,12,367.3,0
4889,6.02,grocery,0,0,7,15,466.9,0
4890,44.39,online_retail,0,0,13,15,190.2,0
4891,34.3,utilities,0,0,9,13,19.8,0
4892,65.7,entertainment,0,0,10,12,192.9,0
4893,44.55,entertainment,0,0,6,15,140.0,0
4894,63.83,pharmacy,0,1,7,18,992.8,0
4895,112.28,fuel,0,0,14,14,1193.3,0
4896,100.28,travel,0,0,18,11,422.2,0
4897,72.12,utilities,0,0,6,23,249.6,0
4898,115.75,travel,0,0,10,7,1414.4,0
4899,10.23,travel,0,0,17,15,801.8,0
4900,87.77,fuel,0,0,18,11,250.5,0
4901,38.0,grocery,1,0,22,26,651.7,0
4902,72.94,dining,0,0,16,16,520.8,0
4903,40.92,entertainment,0,0,9,18,437.9,0
4904,197.81,electronics,0,0,21,19,1193.5,0
4905,92.69,fuel,0,0,13,21,165.9,0
4906,47.86,jewelry,0,0,20,22,1068.9,0
4907,92.94,dining,0,0,15,17,1285.6,0
4908,86.08,fuel,0,0,20,9,625.6,0
4909,219.15,entertainment,0,0,21,19,983.1,0
4910,29.6,jewelry,0,0,20,15,274.8,0
4911,62.1,online_retail,1,0,10,16,732.0,0
4912,61.28,dining,0,0,14,14,1203.9,0
4913,171.13,jewelry,0,0,13,22,1964.2,0
4914,61.19,travel,0,0,14,11,34.9,0
4915,145.93,entertainment,0,0,18,13,1196.8,0
4916,91.14,entertainment,1,0,12,14,156.4,0
4917,119.32,electronics,0,1,13,10,0.9,0
4918,111.68,dining,0,0,11,20,514.6,0
4919,50.63,online_retail,0,0,22,17,204.5,0
4920,113.44,fuel,0,0,6,15,6.8,0
4921,52.44,entertainment,0,0,14,16,571.1,0
4922,66.33,online_retail,0,0,8,9,157.7,0
4923,67.97,electronics,0,0,19,18,2217.3,0
4924,1205.98,online_retail,1,0,3,2,2.8,1
4925,113.84,jewelry,0,0,15,18,223.5,0
4926,1327.33,travel,1,0,2,0,2.0,1
4927,48.7,dining,0,0,19,15,577.9,0
4928,30.85,grocery,0,0,19,13,1084.4,0
4929,93.26,entertainment,0,0,21,14,1093.8,0
4930,116.64,travel,0,0,14,12,1580.7,0
4931,22.98,fuel,0,0,16,17,376.9,0
4932,44.81,entertainment,0,0,16,12,1012.3,0
4933,80.88,dining,0,0,8,18,172.8,0
4934,34.56,pharmacy,0,0,11,22,1623.1,0
4935,76.81,electronics,0,0,8,21,264.4,0
4936,24.41,utilities,0,1,16,12,788.8,0
4937,42.81,grocery,0,0,15,12,274.9,0
4938,95.99,dining,0,0,8,13,1854.4,0
4939,92.51,dining,0,0,15,14,1383.6,0
4940,188.01,jewelry,0,0,15,11,59.2,0
4941,185.98,fuel,1,0,4,3,1.7,1
4942,114.07,electronics,0,0,19,17,14.6,0
4943,205.53,entertainment,0,0,8,15,839.6,0
4944,36.6,pharmacy,0,0,18,15,1246.6,0
4945,105.14,grocery,0,0,19,14,970.5,0
4946,232.0,dining,0,0,17,13,798.6,0
4947,15.75,dining,0,0,15,16,206.0,0
4948,145.43,utilities,0,0,6,10,888.5,0
4949,59.95,grocery,0,0,10,16,338.9,0
4950,95.1,jewelry,0,0,21,17,418.1,0
4951,210.36,utilities,0,0,7,19,335.1,0
4952,161.72,jewelry,0,0,20,13,266.1,0
4953,81.29,fuel,0,1,7,15,1567.6,0
4954,59.27,jewelry,0,0,18,10,135.3,0
4955,12.11,fuel,0,0,10,19,214.8,0
4956,72.26,dining,0,0,10,20,516.2,0
4957,72.73,electronics,0,0,11,13,60.8,0
4958,111.21,grocery,0,0,9,16,16.2,0
4959,49.75,fuel,0,0,16,17,321.1,0
4960,184.18,pharmacy,0,0,15,10,368.8,0
4961,81.67,entertainment,0,0,22,19,227.1,0
4962,241.24,entertainment,0,0,15,7,516.9,0
4963,88.17,dining,0,0,10,15,302.4,0
4964,92.15,electronics,0,0,17,13,587.7,0
4965,59.28,grocery,0,0,7,18,614.2,0
4966,61.92,online_retail,0,0,16,18,307.8,0
4967,176.47,fuel,0,1,7,13,259.0,0
4968,26.67,online_retail,0,0,20,9,42.7,0
4969,118.69,jewelry,0,0,8,12,55.8,0
4970,35.42,electronics,0,0,21,8,120.8,0
4971,66.61,dining,0,0,13,14,216.8,0
4972,27.72,dining,0,0,14,14,827.6,0
4973,46.11,travel,0,0,12,12,171.6,0
4974,135.92,grocery,0,0,10,10,895.6,0
4975,64.19,dining,0,0,9,15,78.7,0
4976,93.15,electronics,0,0,11,13,781.9,0
4977,89.05,online_retail,0,1,7,16,563.3,0
4978,96.67,jewelry,1,1,21,19,167.9,0
4979,74.69,utilities,0,0,15,14,156.6,0
4980,159.13,online_retail,0,1,0,2,8.1,1
4981,281.18,entertainment,0,0,9,16,1230.7,0
4982,32.9,travel,0,0,18,14,329.9,0
4983,199.77,electronics,0,0,10,16,365.2,0
4984,11.77,dining,0,0,16,16,994.9,0
4985,38.68,utilities,0,0,12,20,147.3,0
4986,50.1,entertainment,0,0,22,21,42.7,0
4987,37.35,pharmacy,0,0,12,17,2073.6,0
4988,47.11,dining,0,1,19,10,80.9,0
4989,20.74,grocery,0,0,16,8,134.9,0
4990,16.36,dining,0,0,7,14,46.4,0
4991,89.13,jewelry,0,0,14,11,118.0,0
4992,169.14,utilities,0,0,16,15,273.2,0
4993,3.82,utilities,0,0,21,13,190.5,0
4994,19.58,entertainment,0,0,20,12,639.4,0
4995,254.69,electronics,0,0,6,16,65.8,0
4996,29.94,jewelry,0,0,7,16,1524.9,0
4997,166.04,fuel,0,0,8,10,871.9,0
4998,82.77,electronics,0,0,12,16,380.2,0
4999,199.78,electronics,0,0,10,23,1053.1,0
5000,15.41,entertainment,0,1,11,15,251.4,0
5001,25.73,travel,0,0,13,10,721.2,0
5002,37.51,jewelry,0,0,15,10,483.9,0
5003,14.04,electronics,0,0,18,17,605.8,0
5004,88.63,grocery,0,0,7,12,666.6,0
5005,59.7,travel,0,0,22,14,17.1,0
5006,84.97,utilities,0,0,18,16,766.3,0
5007,19.85,fuel,0,0,21,21,176.3,0
5008,41.05,online_retail,0,0,19,15,221.7,0
5009,22.6,online_retail,0,0,19,18,274.1,0
5010,3.23,dining,0,0,7,20,316.0,0
5011,70.02,grocery,0,0,6,7,183.4,0
5012,342.16,entertainment,0,0,6,18,406.7,0
5013,21.15,jewelry,0,0,14,13,437.2,0
5014,98.44,utilities,0,0,21,20,312.3,0
5015,1136.9,travel,1,0,0,3,1.2,1
5016,34.37,grocery,0,0,13,15,165.9,0
5017,89.14,entertainment,0,0,8,11,72.8,0
5018,29.8,online_retail,0,0,20,15,2024.4,0
5019,282.32,grocery,0,0,15,13,278.8,0
5020,71.45,utilities,0,0,13,18,14.4,0
5021,47.66,entertainment,1,0,7,12,593.1,0
5022,112.37,electronics,0,0,6,13,340.9,0
5023,58.14,online_retail,0,0,12,17,236.1,0
5024,64.22,electronics,0,0,17,10,253.4,0
5025,129.17,electronics,0,0,13,18,2449.5,0
5026,54.29,electronics,0,1,12,21,10.6,0
5027,21.05,electronics,0,0,12,8,331.5,0
5028,53.65,jewelry,0,0,20,13,361.0,0
5029,281.69,dining,0,0,13,17,1699.5,0
5030,87.09,dining,0,0,20,12,1318.6,0
5031,30.67,electronics,0,0,13,12,177.0,0
5032,92.41,online_retail,0,0,17,14,2667.8,0
5033,39.76,pharmacy,0,0,18,17,2631.0,0
5034,168.4,travel,0,0,12,10,2195.2,0
5035,57.99,entertainment,0,0,16,12,1644.7,0
5036,8.1,electronics,0,0,16,17,362.9,0
5037,211.74,fuel,0,0,11,23,890.9,0
5038,22.05,electronics,0,0,18,18,202.2,0
5039,98.06,online_retail,0,0,21,14,576.7,0
5040,62.46,fuel,0,0,21,11,1510.5,0
5041,134.71,dining,0,0,22,19,77.1,0
5042,53.5,utilities,0,0,13,8,670.3,0
5043,68.09,electronics,0,0,9,19,267.5,0
5044,73.26,fuel,0,0,12,16,47.1,0
5045,43.09,travel,0,0,20,18,489.3,0
5046,1054.65,online_retail,1,1,2,1,6.8,1
5047,13.26,utilities,0,0,11,12,53.5,0
5048,40.74,grocery,0,0,10,13,550.1,0
5049,51.81,online_retail,0,0,7,18,1272.3,0
5050,60.2,travel,0,0,21,11,54.3,0
5051,56.7,online_retail,0,0,18,11,278.8,0
5052,34.57,online_retail,0,0,10,13,366.0,0
5053,72.56,fuel,0,0,15,16,599.8,0
5054,45.09,utilities,0,1,21,12,63.7,0
5055,170.38,fuel,0,0,14,11,593.7,0
5056,74.4,online_retail,0,1,20,13,1434.6,0
5057,170.26,electronics,0,1,17,19,839.5,0
5058,122.95,online_retail,0,0,10,14,269.1,0
5059,119.01,utilities,0,0,13,18,1333.7,0
5060,23.58,fuel,0,0,8,14,199.2,0
5061,181.3,online_retail,1,0,10,20,608.4,0
5062,61.27,electronics,0,0,15,17,29.0,0
5063,198.15,grocery,0,0,21,11,143.6,0
5064,24.35,dining,0,0,10,13,40.2,0
5065,74.35,electronics,0,0,18,13,790.7,0
5066,128.73,utilities,0,0,16,17,221.9,0
5067,99.38,grocery,0,0,10,15,238.7,0
5068,278.44,online_retail,0,0,10,17,498.3,0
5069,176.42,utilities,0,0,16,22,991.7,0
5070,47.48,entertainment,0,0,15,16,222.9,0
5071,64.78,travel,1,0,20,17,1592.5,0
5072,63.99,utilities,0,0,15,15,174.1,0
5073,118.22,entertainment,0,0,19,19,1903.3,0
5074,71.21,grocery,0,0,12,20,542.2,0
5075,35.29,jewelry,0,0,22,14,127.8,0
5076,44.76,utilities,0,0,17,13,233.2,0
5077,35.07,fuel,0,0,17,12,119.7,0
5078,28.69,grocery,0,0,18,14,20.4,0
5079,75.31,electronics,0,0,6,16,382.5,0
5080,103.54,online_retail,0,0,10,18,502.7,0
5081,70.55,grocery,0,0,17,11,177.5,0
5082,39.77,dining,0,0,17,18,294.7,0
5083,36.07,grocery,1,0,6,11,583.4,0
5084,24.64,grocery,0,0,10,15,7.5,0
5085,39.75,online_retail,0,0,16,12,191.7,0
5086,52.95,pharmacy,0,0,22,18,213.5,0
5087,54.59,fuel,0,0,6,11,728.5,0
5088,93.24,fuel,0,0,19,12,863.7,0
5089,26.53,fuel,0,0,11,14,300.4,0
5090,20.45,entertainment,0,0,11,15,374.6,0
5091,32.71,pharmacy,0,0,6,18,134.1,0
5092,9.79,utilities,0,0,19,16,238.7,0
5093,29.77,utilities,0,0,14,19,1811.2,0
5094,235.93,pharmacy,0,0,12,14,1919.4,0
5095,96.42,fuel,0,0,19,15,273.0,0
5096,104.37,utilities,0,0,19,11,372.6,0
5097,264.52,grocery,0,0,15,13,310.6,0
5098,58.02,dining,0,0,21,13,54.1,0
5099,248.57,travel,0,0,13,19,1434.7,0
5100,1358.24,grocery,0,1,4,6,2.8,1
5101,23.69,jewelry,0,0,6,19,253.7,0
5102,51.56,pharmacy,0,0,22,18,679.4,0
5103,48.68,grocery,0,0,22,15,458.3,0
5104,31.82,travel,0,0,22,14,335.0,0
5105,42.34,dining,0,0,10,9,441.2,0
5106,18.43,entertainment,0,0,7,17,32.3,0
5107,3.8,pharmacy,0,0,12,17,166.6,0
5108,49.55,utilities,0,0,17,10,556.7,0
5109,66.26,utilities,0,0,6,14,969.8,0
5110,108.83,pharmacy,0,0,22,12,105.2,0
5111,74.06,jewelry,0,0,21,14,430.7,0
5112,107.51,pharmacy,0,1,10,16,78.3,0
5113,98.99,entertainment,0,0,20,12,109.2,0
5114,95.14,fuel,0,0,8,7,432.5,0
5115,116.77,online_retail,1,0,10,16,826.8,0
5116,86.77,dining,0,0,22,15,149.1,0
5117,187.52,jewelry,0,0,8,19,48.8,0
5118,39.81,travel,0,0,16,9,739.6,0
5119,40.09,grocery,0,1,10,10,202.1,0
5120,79.68,jewelry,0,0,12,16,633.9,0
5121,123.35,electronics,0,0,21,17,608.0,0
5122,55.29,entertainment,0,0,16,14,28.6,0
5123,115.07,pharmacy,0,0,18,10,837.5,0
5124,53.58,grocery,0,0,12,22,95.2,0
5125,25.62,jewelry,0,1,9,20,29.1,0
5126,127.87,jewelry,0,0,19,22,539.6,0
5127,7.28,electronics,0,0,22,16,312.1,0
5128,14.01,utilities,0,0,6,14,2.7,0
5129,18.14,travel,0,0,14,14,2922.4,0
5130,100.83,jewelry,0,0,11,17,34.8,0
5131,71.41,pharmacy,0,0,17,11,109.0,0
5132,9.33,pharmacy,0,0,12,19,126.3,0
5133,51.41,travel,1,0,17,21,673.8,0
5134,135.15,utilities,0,0,9,17,267.9,0
5135,230.81,travel,1,1,2,2,4.8,1
5136,145.0,dining,1,0,22,19,436.8,0
5137,111.85,pharmacy,0,0,15,27,1579.8,0
5138,30.79,electronics,0,0,14,12,23.6,0
5139,146.75,online_retail,0,0,17,16,1128.5,0
5140,1476.92,fuel,1,1,0,3,0.4,1
5141,32.73,jewelry,0,1,18,14,42.5,0
5142,47.51,utilities,0,0,19,14,510.4,0
5143,29.19,electronics,0,0,18,18,1844.3,0
5144,106.1,grocery,1,0,15,8,310.2,0
5145,28.4,pharmacy,0,0,11,11,419.6,0
5146,139.44,online_retail,1,0,22,25,182.0,0
5147,126.2,jewelry,0,0,20,15,121.4,0
5148,67.59,fuel,0,1,9,13,840.8,0
5149,72.28,grocery,0,0,19,15,872.3,0
5150,171.23,electronics,0,0,7,23,547.7,0
5151,17.92,jewelry,0,0,11,23,152.2,0
5152,77.13,utilities,0,0,14,15,1.3,0
5153,81.7,dining,0,0,14,15,1171.8,0
5154,28.53,grocery,0,0,12,18,253.3,0
5155,73.17,dining,0,0,15,13,365.4,0
5156,129.69,fuel,0,0,12,13,570.0,0
5157,83.26,jewelry,0,0,16,18,51.6,0
5158,93.97,grocery,0,0,7,13,523.0,0
5159,169.4,pharmacy,0,0,20,14,723.7,0
5160,39.65,travel,0,0,21,11,1953.5,0
5161,7.33,pharmacy,0,0,22,11,654.4,0
5162,38.23,utilities,0,0,17,5,839.3,0
5163,119.02,entertainment,0,0,13,11,219.9,0
5164,244.32,fuel,0,1,12,20,827.6,0
5165,77.72,travel,0,0,16,19,129.5,0
5166,92.51,dining,0,0,17,16,170.7,0
5167,107.93,grocery,0,0,22,15,638.2,0
5168,51.45,travel,1,0,15,15,71.5,0
5169,301.74,grocery,1,1,3,6,5.1,1
5170,53.58,fuel,0,0,21,18,6.1,0
5171,124.99,jewelry,0,0,15,4,1097.0,0
5172,184.59,dining,0,0,21,8,200.5,0
5173,973.52,dining,1,1,3,3,5.8,1
5174,108.98,utilities,0,0,18,15,1053.4,0
5175,150.77,grocery,0,0,11,8,242.0,0
5176,28.53,dining,0,0,12,10,55.7,0
5177,89.74,grocery,0,0,8,19,1145.3,0
5178,113.09,grocery,0,1,14,18,122.7,0
5179,124.3,jewelry,0,0,16,14,249.4,0
5180,54.92,dining,0,0,20,15,20.5,0
5181,123.94,electronics,0,0,19,16,1921.6,0
5182,91.14,online_retail,0,0,7,15,858.5,0
5183,141.88,jewelry,0,0,13,15,181.0,0
5184,234.07,fuel,0,0,12,10,704.4,0
5185,28.5,travel,0,0,21,18,768.5,0
5186,65.36,electronics,0,0,13,14,1150.3,0
5187,135.56,electronics,0,1,12,11,1238.8,0
5188,34.73,electronics,0,0,19,20,1514.1,0
5189,28.09,electronics,0,0,9,20,413.1,0
5190,108.56,grocery,0,0,16,16,83.4,0
5191,42.91,grocery,0,0,12,15,488.0,0
5192,42.1,jewelry,0,0,8,23,448.7,0
5193,19.71,entertainment,0,0,21,17,308.1,0
5194,15.07,grocery,0,1,9,13,12.3,0
5195,60.52,entertainment,0,0,19,18,723.3,0
5196,54.21,online_retail,0,0,21,14,500.1,0
5197,105.8,travel,0,0,13,15,243.0,0
5198,34.85,electronics,0,0,15,15,631.0,0
5199,148.57,grocery,0,1,18,18,28.9,0
5200,44.67,jewelry,0,0,13,19,621.0,0
5201,92.84,jewelry,0,0,15,17,317.0,0
5202,253.14,electronics,1,0,8,16,636.2,0
5203,112.55,fuel,0,0,7,7,182.3,0
5204,84.43,travel,0,0,9,18,240.8,0
5205,25.75,electronics,0,0,18,14,746.2,0
5206,205.18,jewelry,1,0,6,15,731.7,0
5207,40.05,travel,0,0,22,22,195.7,0
5208,69.79,dining,0,0,13,20,102.0,0
5209,112.67,dining,0,0,22,17,236.0,0
5210,143.21,electronics,0,0,17,11,167.2,0
5211,72.9,dining,1,0,11,19,256.5,0
5212,56.35,pharmacy,0,0,21,10,128.7,0
5213,143.91,pharmacy,0,0,7,11,1290.1,0
5214,35.42,utilities,0,0,10,14,785.0,0
5215,39.14,fuel,0,0,11,19,1408.8,0
5216,28.9,travel,0,0,18,12,601.0,0
5217,108.44,fuel,0,0,18,18,1186.6,0
5218,59.19,pharmacy,0,0,9,14,119.0,0
5219,29.1,entertainment,0,0,10,20,1683.9,0
5220,24.15,jewelry,0,0,21,22,1446.1,0
5221,25.33,pharmacy,0,0,6,16,612.5,0
5222,64.51,online_retail,0,0,20,8,234.4,0
5223,37.38,dining,0,0,18,10,151.1,0
5224,120.86,online_retail,0,0,22,17,1076.8,0
5225,25.07,online_retail,0,0,9,18,154.8,0
5226,73.81,fuel,0,0,20,15,253.1,0
5227,137.99,pharmacy,0,0,9,17,415.1,0
5228,84.21,entertainment,0,0,20,14,263.4,0
5229,40.75,fuel,0,0,22,20,1794.0,0
5230,45.72,dining,0,0,15,13,1009.4,0
5231,61.85,jewelry,0,0,14,15,1034.8,0
5232,19.67,utilities,0,0,9,12,160.8,0
5233,125.14,fuel,0,0,14,16,337.6,0
5234,126.68,online_retail,0,0,18,18,22.0,0
5235,656.41,jewelry,0,1,3,0,5.4,1
5236,162.3,pharmacy,0,0,8,11,172.7,0
5237,34.92,utilities,0,0,12,19,4.1,0
5238,37.49,pharmacy,0,0,15,14,78.0,0
5239,129.26,pharmacy,0,0,15,14,1054.1,0
5240,212.02,jewelry,0,0,17,16,342.2,0
5241,10.62,dining,0,0,6,12,808.1,0
5242,119.38,online_retail,0,1,13,17,63.6,0
5243,161.87,entertainment,0,0,11,17,262.8,0
5244,34.2,online_retail,0,0,22,26,623.0,0
5245,141.79,dining,0,0,16,15,415.2,0
5246,91.35,dining,0,0,6,10,371.2,0
5247,41.58,jewelry,0,0,15,12,908.2,0
5248,109.4,utilities,0,0,7,15,850.7,0
5249,10.69,pharmacy,0,0,17,13,0.4,0
5250,24.52,grocery,1,0,13,11,352.9,0
5251,497.14,utilities,1,1,2,5,19.5,1
5252,67.4,electronics,0,0,11,19,155.9,0
5253,68.64,electronics,0,0,17,15,297.6,0
5254,12.09,jewelry,0,0,14,21,39.7,0
5255,64.39,pharmacy,0,0,8,9,338.1,0
5256,63.67,travel,0,0,19,9,35.7,0
5257,90.53,travel,0,0,15,19,450.6,0
5258,52.85,travel,0,0,13,14,817.4,0
5259,201.47,utilities,0,0,14,16,431.5,0
5260,24.34,electronics,0,0,13,12,53.5,0
5261,17.93,grocery,0,0,10,12,50.1,0
5262,148.38,grocery,0,0,21,14,357.2,0
5263,86.17,grocery,0,1,11,16,171.9,0
5264,36.24,pharmacy,1,0,11,8,1519.9,0
5265,70.78,entertainment,0,0,9,25,882.2,0
5266,119.67,jewelry,0,0,19,7,861.0,0
5267,194.66,travel,0,0,13,17,1684.1,0
5268,127.74,travel,0,0,10,16,555.1,0
5269,128.19,online_retail,0,0,17,10,787.5,0
5270,28.34,fuel,0,0,11,16,546.9,0
5271,87.28,fuel,0,0,19,15,753.2,0
5272,245.59,electronics,0,0,20,14,81.6,0
5273,63.58,travel,0,0,17,10,617.6,0
5274,102.25,jewelry,0,0,10,15,244.7,0
5275,70.04,electronics,0,0,16,10,46.7,0
5276,164.52,electronics,0,0,8,9,248.1,0
5277,164.51,pharmacy,0,0,12,9,1312.3,0
5278,47.78,online_retail,0,1,20,12,825.7,0
5279,85.02,pharmacy,0,0,7,16,1106.3,0
5280,83.28,jewelry,0,0,6,15,42.5,0
5281,70.07,entertainment,1,0,7,7,128.2,0
5282,161.62,entertainment,0,0,11,18,768.2,0
5283,112.81,pharmacy,0,0,18,13,372.1,0
5284,111.75,electronics,0,0,13,12,637.1,0
5285,14.18,jewelry,0,0,17,15,1010.0,0
5286,90.83,pharmacy,0,0,10,12,205.3,0
5287,140.56,online_retail,0,0,11,14,407.2,0
5288,36.04,utilities,0,0,7,15,216.0,0
5289,39.08,online_retail,1,0,11,15,168.6,0
5290,97.33,dining,0,0,17,15,1023.9,0
5291,77.54,grocery,0,0,17,17,419.5,0
5292,79.18,entertainment,0,1,19,22,442.6,0
5293,48.89,electronics,0,0,13,11,478.4,0
5294,63.72,electronics,0,0,10,19,681.0,0
5295,37.4,pharmacy,0,0,12,13,1045.6,0
5296,137.8,fuel,0,0,16,17,414.2,0
5297,76.59,fuel,0,1,13,12,139.7,0
5298,79.11,pharmacy,0,0,12,12,2006.9,0
5299,78.57,travel,0,0,20,12,717.4,0
5300,137.76,utilities,0,0,7,13,139.9,0
5301,115.19,travel,0,0,16,13,1241.8,0
5302,22.06,jewelry,0,0,18,20,271.0,0
5303,161.79,travel,0,0,19,22,616.7,0
5304,33.65,travel,0,0,17,15,1225.4,0
5305,46.0,online_retail,0,0,17,11,110.4,0
5306,2.94,online_retail,0,0,7,12,70.8,0
5307,9.6,jewelry,0,0,17,15,141.3,0
5308,24.83,utilities,0,1,22,21,1575.8,0
5309,149.23,travel,0,0,10,10,781.6,0
5310,94.62,electronics,0,0,19,16,182.5,0
5311,46.58,utilities,0,0,8,12,298.9,0
5312,94.69,electronics,0,0,16,16,66.1,0
5313,111.19,online_retail,0,0,19,15,185.1,0
5314,41.72,entertainment,0,0,11,11,1235.8,0
5315,125.43,jewelry,0,0,14,16,311.6,0
5316,34.05,online_retail,0,0,18,21,372.1,0
5317,80.41,travel,0,0,14,9,281.6,0
5318,74.21,dining,1,0,6,17,218.1,0
5319,68.65,dining,0,0,15,12,842.7,0
5320,61.15,travel,0,0,13,12,280.2,0
5321,123.62,dining,0,0,8,14,396.1,0
5322,104.44,dining,0,0,18,13,478.3,0
5323,65.77,dining,0,0,10,10,166.2,0
5324,163.79,entertainment,0,1,16,17,52.1,0
5325,61.25,entertainment,0,0,6,15,586.7,0
5326,24.87,dining,1,0,22,21,732.9,0
5327,72.6,online_retail,0,0,6,11,162.8,0
5328,35.35,fuel,0,0,9,13,403.5,0
5329,138.86,entertainment,0,0,19,20,512.9,0
5330,42.46,travel,0,0,20,15,372.5,0
5331,53.15,travel,1,0,9,15,101.0,0
5332,43.08,pharmacy,0,0,14,15,760.6,0
5333,56.24,utilities,0,0,19,13,144.2,0
5334,59.27,utilities,0,0,15,15,1043.9,0
5335,108.09,jewelry,1,0,17,18,77.9,0
5336,0.93,entertainment,0,0,15,14,331.1,0
5337,54.37,dining,0,0,17,14,727.5,0
5338,112.27,online_retail,0,0,17,12,406.2,0
5339,119.35,grocery,0,0,12,21,581.5,0
5340,70.32,dining,0,0,11,9,99.0,0
5341,14.18,jewelry,0,0,18,10,263.1,0
5342,81.03,utilities,0,0,12,19,1870.8,0
5343,64.74,dining,0,0,16,9,255.4,0
5344,139.69,grocery,0,0,15,18,52.0,0
5345,159.62,grocery,0,0,11,12,1420.6,0
5346,125.56,online_retail,0,0,18,16,615.8,0
5347,21.07,online_retail,0,0,16,12,1316.4,0
5348,38.12,entertainment,0,0,16,12,476.5,0
5349,156.55,fuel,0,0,13,14,1.9,0
5350,37.74,online_retail,0,1,20,22,484.2,0
5351,117.91,entertainment,0,0,17,14,330.8,0
5352,2.36,fuel,0,0,13,14,456.1,0
5353,78.71,entertainment,0,0,21,12,165.1,0
5354,49.69,utilities,0,0,7,18,271.5,0
5355,36.12,travel,0,1,22,15,226.6,0
5356,111.23,travel,0,0,20,8,170.2,0
5357,15.67,entertainment,0,0,12,12,291.0,0
5358,71.5,utilities,0,0,21,18,152.0,0
5359,54.58,entertainment,0,0,18,14,144.8,0
5360,146.18,online_retail,0,0,21,8,1223.4,0
5361,47.67,fuel,0,0,8,13,768.7,0
5362,29.92,electronics,0,0,12,10,1812.0,0
5363,111.56,entertainment,0,0,8,15,124.1,0
5364,109.48,travel,1,0,22,16,183.5,0
5365,186.06,electronics,0,0,11,14,405.4,0
5366,75.88,travel,0,1,18,16,79.0,0
5367,10.39,utilities,0,0,16,8,259.9,0
5368,85.46,jewelry,0,0,16,17,486.0,0
5369,22.18,electronics,0,0,18,10,264.5,0
5370,99.8,entertainment,0,0,18,16,258.7,0
5371,32.3,utilities,0,1,10,12,431.7,0
5372,44.73,electronics,0,1,13,11,1551.7,0
5373,41.36,pharmacy,0,0,10,16,315.9,0
5374,55.77,dining,0,0,16,7,1012.6,0
5375,48.61,pharmacy,0,0,14,13,238.7,0
5376,79.96,entertainment,0,0,15,17,2309.6,0
5377,10.64,grocery,0,0,7,11,94.1,0
5378,65.6,travel,0,0,6,19,1654.6,0
5379,28.92,online_retail,0,0,7,14,47.4,0
5380,94.3,online_retail,0,0,9,12,425.6,0
5381,84.23,pharmacy,0,0,7,13,159.4,0
5382,289.4,electronics,0,0,10,9,589.1,0
5383,51.79,online_retail,0,0,14,15,212.5,0
5384,95.11,dining,0,1,9,9,682.9,0
5385,49.06,online_retail,0,0,12,12,241.2,0
5386,59.73,utilities,0,0,9,13,292.2,0
5387,34.4,electronics,1,0,14,14,291.9,0
5388,89.89,travel,0,0,17,10,266.1,0
5389,130.01,travel,0,0,7,18,264.2,0
5390,93.29,grocery,0,0,16,13,1356.4,0
5391,161.95,dining,0,0,16,16,231.4,0
5392,14.09,grocery,0,0,15,18,2240.3,0
5393,125.23,grocery,0,0,18,20,389.8,0
5394,96.5,dining,0,0,9,16,462.5,0
5395,65.04,dining,0,0,6,11,812.8,0
5396,23.85,grocery,0,0,18,13,1398.4,0
5397,54.89,travel,0,0,14,15,2422.8,0
5398,30.28,travel,0,0,11,15,93.9,0
5399,7.58,jewelry,0,0,8,13,462.2,0
5400,16.55,utilities,0,0,7,9,730.4,0
5401,93.77,dining,0,0,10,19,657.2,0
5402,76.02,utilities,1,0,13,16,165.0,0
5403,108.97,online_retail,0,0,20,17,145.4,0
5404,53.43,utilities,0,0,16,16,34.8,0
5405,97.09,jewelry,0,0,8,15,159.5,0
5406,21.71,utilities,0,0,10,17,152.7,0
5407,76.32,online_retail,0,0,6,18,2773.0,0
5408,91.1,pharmacy,0,0,17,11,534.5,0
5409,208.75,pharmacy,0,0,8,12,652.1,0
5410,93.37,grocery,0,0,20,20,591.7,0
5411,6.47,dining,0,0,8,15,22.2,0
5412,164.59,pharmacy,0,1,11,11,566.5,0
5413,582.66,online_retail,0,1,2,0,18.4,1
5414,5.76,dining,0,0,7,15,48.9,0
5415,8.45,fuel,0,0,16,11,20.9,0
5416,43.9,electronics,0,0,6,19,1056.8,0
5417,55.63,electronics,0,0,7,15,525.4,0
5418,25.81,fuel,0,0,19,22,334.0,0
5419,47.94,online_retail,0,0,15,17,311.1,0
5420,146.45,dining,0,0,6,18,521.7,0
5421,27.96,utilities,0,0,8,10,283.3,0
5422,6.23,jewelry,0,1,16,18,647.1,0
5423,37.05,utilities,0,0,7,15,411.8,0
5424,685.47,travel,1,0,0,4,8.2,1
5425,84.94,electronics,0,0,22,7,293.7,0
5426,77.55,pharmacy,0,0,19,13,104.2,0
5427,44.83,fuel,0,0,9,8,225.3,0
5428,110.04,pharmacy,0,0,21,7,1040.2,0
5429,28.44,travel,0,1,8,10,725.9,0
5430,71.85,electronics,0,0,17,13,797.2,0
5431,70.76,entertainment,0,0,20,16,93.2,0
5432,78.39,online_retail,0,0,18,17,292.7,0
5433,139.69,jewelry,0,0,9,9,1434.4,0
5434,72.7,utilities,0,0,11,18,14.6,0
5435,79.35,dining,0,0,16,12,456.2,0
5436,63.09,travel,0,0,9,14,3497.3,0
5437,74.98,online_retail,0,0,8,14,30.2,0
5438,132.93,jewelry,0,0,10,19,1558.5,0
5439,42.86,entertainment,0,0,20,14,346.1,0
5440,53.14,fuel,0,0,19,12,227.5,0
5441,75.53,electronics,0,0,6,17,452.2,0
5442,39.91,pharmacy,0,0,22,8,2569.7,0
5443,114.66,travel,1,0,21,23,994.0,0
5444,25.42,fuel,0,0,20,21,1171.9,0
5445,128.86,jewelry,0,0,9,15,97.5,0
5446,77.13,fuel,1,0,21,19,568.6,0
5447,40.01,pharmacy,0,0,18,13,136.8,0
5448,15.69,jewelry,0,0,19,16,503.5,0
5449,114.1,jewelry,0,0,12,18,1838.3,0
5450,55.41,pharmacy,1,1,7,14,71.1,0
5451,676.15,electronics,1,1,4,1,1.8,1
5452,142.26,travel,0,0,9,12,1367.5,0
5453,94.8,fuel,0,0,22,13,297.0,0
5454,148.59,fuel,0,0,19,11,176.2,0
5455,79.39,jewelry,0,0,8,14,2420.0,0
5456,48.58,grocery,0,0,15,16,863.0,0
5457,85.67,utilities,0,0,13,20,500.9,0
5458,44.03,fuel,0,0,16,6,516.2,0
5459,20.96,fuel,0,0,10,18,2590.0,0
5460,187.83,grocery,0,0,11,21,790.5,0
5461,107.96,fuel,0,0,7,18,610.4,0
5462,267.45,travel,0,0,15,11,86.8,0
5463,112.79,grocery,0,1,17,11,453.4,0
5464,13.96,online_retail,0,0,6,11,334.1,0
5465,138.52,jewelry,0,0,12,15,445.4,0
5466,58.73,grocery,0,0,15,11,118.7,0
5467,40.72,pharmacy,0,0,18,8,399.0,0
5468,54.61,dining,0,0,12,13,369.6,0
5469,88.16,jewelry,0,0,15,15,308.4,0
5470,38.55,travel,0,0,8,11,2108.6,0
5471,65.13,fuel,0,1,16,12,176.7,0
5472,80.6,entertainment,0,0,14,19,40.4,0
5473,105.4,online_retail,0,0,14,14,124.9,0
5474,167.85,grocery,0,0,7,15,116.4,0
5475,100.11,pharmacy,0,0,13,8,530.1,0
5476,114.8,jewelry,0,0,10,16,35.1,0
5477,356.12,jewelry,1,0,3,1,1.7,1
5478,20.24,utilities,0,0,21,16,646.6,0
5479,25.34,entertainment,0,0,17,15,73.3,0
5480,69.71,electronics,0,1,15,9,1514.8,0
5481,224.32,dining,0,0,20,9,91.2,0
5482,91.72,pharmacy,0,0,20,24,2579.8,0
5483,44.87,grocery,0,0,22,16,439.9,0
5484,48.88,jewelry,0,0,16,19,247.4,0
5485,267.53,fuel,0,0,16,17,307.7,0
5486,244.5,jewelry,1,1,3,4,4.0,1
5487,96.04,online_retail,0,0,17,13,294.8,0
5488,102.04,jewelry,0,0,20,9,241.1,0
5489,14.11,dining,0,0,9,12,69.2,0
5490,55.8,grocery,0,0,22,20,23.1,0
5491,89.56,utilities,0,0,22,13,20.2,0
5492,72.13,pharmacy,0,0,18,11,459.4,0
5493,103.24,utilities,0,0,19,10,836.0,0
5494,147.51,online_retail,0,0,17,18,2149.0,0
5495,947.19,fuel,1,1,2,2,3.1,1
5496,133.18,fuel,0,0,19,14,814.7,0
5497,4.04,dining,0,0,7,10,871.3,0
5498,22.64,travel,0,0,16,10,291.7,0
5499,140.09,utilities,0,0,16,17,569.5,0
5500,128.24,electronics,0,0,19,12,70.2,0
5501,30.82,grocery,0,0,9,18,213.3,0
5502,317.35,pharmacy,0,0,4,1,2.3,1
5503,94.75,pharmacy,0,0,13,13,908.9,0
5504,67.03,online_retail,0,0,12,10,520.5,0
5505,60.53,travel,0,0,9,16,1515.0,0
5506,211.43,entertainment,0,0,12,14,1186.8,0
5507,27.35,grocery,0,0,14,12,1381.4,0
5508,80.44,dining,0,0,22,14,566.9,0
5509,78.15,pharmacy,0,0,16,12,405.6,0
5510,32.2,jewelry,0,0,22,7,19.6,0
5511,160.38,dining,0,0,11,13,1158.2,0
5512,34.53,dining,0,1,11,17,1561.6,0
5513,116.48,travel,0,0,17,11,140.5,0
5514,61.57,fuel,0,0,15,16,645.2,0
5515,645.38,online_retail,0,1,1,3,4.2,1
5516,67.66,grocery,0,0,7,12,2036.1,0
5517,59.39,electronics,0,0,9,12,380.3,0
5518,77.95,dining,0,0,12,10,641.6,0
5519,189.03,pharmacy,0,0,22,20,125.8,0
5520,42.03,pharmacy,0,0,7,14,383.3,0
5521,25.13,jewelry,0,0,22,14,379.2,0
5522,36.37,grocery,0,0,17,14,124.5,0
5523,90.08,grocery,0,0,9,10,370.4,0
5524,10.66,electronics,0,1,15,20,364.4,0
5525,159.79,electronics,0,0,13,23,857.1,0
5526,29.33,jewelry,1,0,19,12,558.6,0
5527,115.71,travel,0,0,11,8,545.8,0
5528,81.89,entertainment,0,0,12,19,945.4,0
5529,23.84,pharmacy,0,1,15,12,473.5,0
5530,50.46,grocery,0,0,7,9,1433.2,0
5531,234.14,online_retail,0,0,9,17,2279.0,0
5532,100.73,travel,0,0,15,17,1597.4,0
5533,36.79,utilities,0,0,19,15,1448.5,0
5534,23.41,utilities,1,0,15,11,251.6,0
5535,28.54,entertainment,0,0,22,11,1033.0,0
5536,62.1,online_retail,0,0,12,12,507.4,0
5537,154.55,online_retail,0,0,22,10,329.3,0
5538,101.25,entertainment,0,0,21,19,360.1,0
5539,28.11,dining,0,0,20,15,29.2,0
5540,1153.84,pharmacy,0,1,4,0,15.3,1
5541,181.0,grocery,0,0,8,9,491.7,0
5542,32.89,travel,0,0,9,14,553.6,0
5543,217.74,pharmacy,0,0,6,13,1039.1,0
5544,20.41,utilities,0,1,8,22,601.6,0
5545,9.43,pharmacy,0,0,6,15,683.5,0
5546,157.48,online_retail,0,0,18,18,440.6,0
5547,140.85,grocery,0,0,12,11,653.9,0
5548,125.18,utilities,0,1,22,12,3277.5,0
5549,134.22,electronics,0,0,13,19,1308.6,0
5550,29.87,entertainment,0,0,20,11,222.8,0
5551,199.45,grocery,0,0,19,27,1283.8,0
5552,48.43,entertainment,0,1,22,16,30.0,0
5553,23.33,travel,0,0,11,15,25.3,0
5554,111.05,online_retail,0,0,13,16,800.9,0
5555,542.06,electronics,0,0,1,7,16.0,1
5556,195.26,jewelry,0,0,17,14,862.4,0
5557,50.0,fuel,0,1,21,17,19.1,0
5558,27.94,jewelry,0,0,15,16,379.5,0
5559,41.31,grocery,0,0,22,11,536.2,0
5560,29.75,travel,1,0,13,15,31.7,0
5561,112.69,fuel,0,0,6,13,613.0,0
5562,76.0,travel,0,0,16,17,837.1,0
5563,176.76,utilities,0,0,15,10,134.8,0
5564,49.45,electronics,0,0,6,13,446.6,0
5565,54.53,dining,0,0,18,18,61.8,0
5566,23.69,jewelry,0,0,8,6,356.0,0
5567,104.25,pharmacy,0,0,7,20,496.1,0
5568,50.64,grocery,0,0,19,21,134.5,0
5569,95.69,utilities,0,0,6,13,271.8,0
5570,24.67,grocery,0,1,20,14,371.7,0
5571,171.3,entertainment,0,0,7,20,3.8,0
5572,40.0,entertainment,0,0,18,14,208.1,0
5573,174.9,grocery,0,0,12,14,976.5,0
5574,10.26,grocery,0,0,21,10,547.1,0
5575,17.21,entertainment,0,0,22,18,4.2,0
5576,34.53,jewelry,0,0,20,13,20.4,0
5577,48.97,pharmacy,0,0,10,14,25.6,0
5578,118.12,online_retail,0,0,20,19,99.1,0
5579,46.34,fuel,0,0,22,14,35.5,0
5580,45.33,travel,0,0,16,14,204.7,0
5581,80.08,pharmacy,0,0,17,15,1438.2,0
5582,31.38,entertainment,0,0,21,13,124.5,0
5583,130.38,travel,0,0,17,14,276.6,0
5584,33.6,dining,0,0,22,14,132.8,0
5585,168.24,travel,0,0,18,10,54.0,0
5586,38.86,online_retail,0,0,16,22,195.6,0
5587,67.7,utilities,0,0,16,13,203.9,0
5588,315.04,dining,0,0,8,14,1160.4,0
5589,20.36,fuel,1,0,18,14,2573.3,0
5590,47.99,pharmacy,0,0,17,14,1689.7,0
5591,45.92,travel,0,0,16,5,639.2,0
5592,25.77,fuel,0,0,10,15,129.4,0
5593,42.08,pharmacy,0,0,17,14,1122.8,0
5594,74.1,jewelry,0,0,6,6,193.7,0
5595,121.06,online_retail,0,0,10,10,1110.5,0
5596,675.14,grocery,1,1,2,4,18.2,1
5597,226.93,utilities,0,0,9,14,1496.4,0
5598,55.87,electronics,1,0,13,16,103.5,0
5599,159.95,entertainment,0,1,19,16,2153.5,0
5600,35.09,utilities,0,0,15,17,487.2,0
5601,108.76,utilities,0,0,20,16,802.8,0
5602,202.8,online_retail,0,0,13,14,164.1,0
5603,36.28,online_retail,0,0,16,17,365.1,0
5604,34.54,grocery,0,0,11,14,310.6,0
5605,152.4,fuel,0,0,21,25,176.8,0
5606,105.14,utilities,0,0,6,12,806.1,0
5607,394.34,dining,1,1,3,2,0.2,1
5608,73.42,travel,0,0,12,14,272.8,0
5609,38.9,electronics,1,0,7,15,458.6,0
5610,169.77,dining,0,0,21,14,286.2,0
5611,178.83,jewelry,0,0,16,17,969.8,0
5612,75.31,entertainment,0,0,14,15,835.9,0
5613,78.17,entertainment,0,0,16,19,3254.2,0
5614,47.81,travel,0,1,21,15,1161.2,0
5615,95.4,online_retail,0,0,17,18,474.6,0
5616,123.21,entertainment,0,1,22,18,81.4,0
5617,108.32,utilities,0,0,18,9,472.8,0
5618,30.74,utilities,0,0,22,13,1626.0,0
5619,36.03,utilities,0,0,10,21,651.9,0
5620,79.3,entertainment,0,0,12,13,332.8,0
5621,46.44,pharmacy,0,0,10,16,734.1,0
5622,120.09,entertainment,0,0,19,13,122.7,0
5623,47.08,grocery,0,0,6,11,302.1,0
5624,74.28,travel,0,0,8,20,161.6,0
5625,93.55,fuel,0,0,9,15,516.5,0
5626,71.85,pharmacy,0,0,15,22,13.0,0
5627,38.62,electronics,0,0,8,21,4483.7,0
5628,91.28,dining,0,0,11,11,121.2,0
5629,185.7,pharmacy,0,0,9,17,315.3,0
5630,41.14,pharmacy,0,0,12,14,40.5,0
5631,55.87,jewelry,0,0,13,12,5.7,0
5632,21.73,electronics,0,0,11,21,1138.5,0
5633,70.12,online_retail,0,0,21,12,833.6,0
5634,66.42,online_retail,0,0,12,20,182.5,0
5635,918.82,entertainment,1,1,2,2,1.8,1
5636,193.63,pharmacy,0,1,9,8,1566.0,0
5637,53.51,electronics,0,0,20,15,506.4,0
5638,34.13,dining,0,0,7,11,229.4,0
5639,130.3,dining,0,0,19,10,153.1,0
5640,93.23,grocery,0,1,14,15,550.6,0
5641,1.97,entertainment,0,0,19,20,178.2,0
5642,118.65,pharmacy,0,0,20,20,578.5,0
5643,52.76,travel,0,0,6,17,722.8,0
5644,2.06,pharmacy,0,0,18,20,302.7,0
5645,140.44,entertainment,0,0,15,21,990.3,0
5646,48.16,grocery,0,0,10,19,198.4,0
5647,92.89,utilities,0,0,12,11,112.4,0
5648,26.65,pharmacy,0,0,16,11,133.9,0
5649,176.06,online_retail,0,0,19,14,69.4,0
5650,40.08,grocery,0,0,21,21,185.6,0
5651,18.72,pharmacy,0,0,20,12,1508.6,0
5652,97.87,electronics,0,0,9,17,1151.5,0
5653,115.39,electronics,0,0,15,14,14.6,0
5654,179.42,travel,0,0,13,10,219.5,0
5655,47.96,travel,0,0,12,15,50.8,0
5656,221.99,grocery,0,0,16,15,251.7,0
5657,29.41,utilities,0,0,22,19,48.7,0
5658,55.74,grocery,0,0,14,19,530.6,0
5659,47.45,utilities,0,0,18,16,581.6,0
5660,88.71,grocery,0,0,10,21,1853.8,0
5661,160.48,pharmacy,0,0,13,10,331.7,0
5662,42.35,entertainment,0,0,21,19,73.8,0
5663,67.92,utilities,0,0,9,9,199.9,0
5664,36.66,fuel,0,0,7,12,5.2,0
5665,30.66,online_retail,0,0,17,14,209.7,0
5666,122.0,utilities,0,0,17,19,25.9,0
5667,129.45,online_retail,0,0,13,14,952.5,0
5668,84.8,pharmacy,0,0,15,22,793.9,0
5669,9.12,electronics,0,0,13,16,570.8,0
5670,88.33,entertainment,0,0,8,16,166.2,0
5671,89.9,utilities,0,0,20,14,392.1,0
5672,109.34,entertainment,0,0,15,12,38.9,0
5673,181.29,utilities,0,0,8,24,229.9,0
5674,95.94,fuel,0,0,8,18,1013.5,0
5675,73.37,online_retail,0,0,15,13,563.5,0
5676,39.93,travel,0,0,19,15,170.7,0
5677,94.62,grocery,0,0,21,19,78.2,0
5678,19.42,travel,0,0,9,18,144.3,0
5679,175.14,utilities,0,0,18,10,1544.3,0
5680,16.76,grocery,0,0,17,15,299.6,0
5681,46.28,jewelry,0,0,10,17,1136.4,0
5682,82.1,dining,0,0,7,15,567.4,0
5683,25.62,online_retail,0,0,20,14,11.1,0
5684,14.17,pharmacy,0,0,13,19,551.3,0
5685,136.34,jewelry,0,0,9,17,388.1,0
5686,119.42,online_retail,0,0,6,17,1393.3,0
5687,23.8,jewelry,0,0,19,16,71.2,0
5688,79.02,grocery,0,0,8,16,265.4,0
5689,11.8,electronics,0,0,19,22,684.9,0
5690,83.87,dining,0,1,9,15,1091.2,0
5691,100.38,online_retail,0,1,22,13,826.9,0
5692,76.06,electronics,0,0,22,13,84.3,0
5693,69.35,utilities,1,1,15,11,197.3,0
5694,86.72,dining,0,0,9,20,73.3,0
5695,25.61,online_retail,0,0,13,14,1687.8,0
5696,25.79,fuel,0,0,13,27,647.8,0
5697,43.24,jewelry,0,0,19,12,2145.6,0
5698,123.16,online_retail,0,1,7,11,119.9,0
5699,92.47,dining,0,0,8,13,333.6,0
5700,82.05,online_retail,0,0,12,11,1353.7,0
5701,87.07,travel,0,0,7,23,470.6,0
5702,295.7,dining,1,0,3,1,0.4,1
5703,102.32,jewelry,0,0,17,18,2902.2,0
5704,115.66,grocery,0,0,7,15,364.1,0
5705,38.18,online_retail,1,0,18,9,1990.2,0
5706,51.92,entertainment,0,0,11,12,106.4,0
5707,22.5,utilities,0,0,10,25,668.2,0
5708,123.35,pharmacy,0,0,9,11,76.1,0
5709,136.97,electronics,0,0,20,6,444.6,0
5710,167.2,fuel,0,0,14,13,110.8,0
5711,190.07,pharmacy,1,1,18,16,249.8,0
5712,308.87,entertainment,0,0,7,13,922.2,0
5713,142.06,electronics,0,0,15,12,743.4,0
5714,287.2,online_retail,0,0,10,6,29.0,0
5715,81.49,fuel,0,0,10,10,78.5,0
5716,73.89,entertainment,0,0,20,17,26.7,0
5717,22.06,electronics,1,0,7,15,739.4,0
5718,40.34,pharmacy,0,0,6,16,638.8,0
5719,21.09,electronics,0,0,14,17,147.3,0
5720,62.92,fuel,0,0,6,19,1959.2,0
5721,20.16,fuel,0,1,11,16,143.4,0
5722,167.43,utilities,0,0,7,17,1075.1,0
5723,141.12,online_retail,0,0,10,15,783.2,0
5724,100.88,grocery,0,0,19,22,89.6,0
5725,83.93,entertainment,0,0,6,18,8.3,0
5726,43.67,jewelry,0,0,22,18,147.5,0
5727,27.01,online_retail,0,0,8,18,2026.4,0
5728,80.05,utilities,0,0,13,13,56.8,0
5729,115.1,entertainment,0,0,9,11,7.9,0
5730,67.46,utilities,1,0,9,15,964.8,0
5731,50.26,entertainment,0,0,20,15,520.2,0
5732,33.09,utilities,0,0,11,13,66.4,0
5733,116.85,fuel,0,0,16,17,14.5,0
5734,144.85,pharmacy,0,0,13,14,327.6,0
5735,47.76,online_retail,0,0,6,12,1016.8,0
5736,223.56,travel,0,0,15,18,698.3,0
5737,256.52,utilities,0,0,13,15,975.9,0
5738,28.6,entertainment,0,1,12,10,517.0,0
5739,95.91,utilities,0,0,6,17,26.8,0
5740,49.09,pharmacy,0,0,22,26,733.2,0
5741,521.81,dining,0,1,3,6,11.9,1
5742,42.04,grocery,0,0,21,18,590.7,0
5743,196.98,electronics,0,0,7,19,309.9,0
5744,36.12,fuel,0,0,17,12,756.7,0
5745,56.24,pharmacy,0,0,12,7,1561.2,0
5746,21.75,dining,0,0,12,9,1747.9,0
5747,62.32,utilities,0,0,8,27,385.8,0
5748,53.5,grocery,1,0,14,15,59.1,0
5749,100.51,entertainment,0,0,6,16,653.6,0
5750,50.02,travel,0,1,20,22,353.4,0
5751,59.45,grocery,0,1,9,11,1202.9,0
5752,127.68,fuel,0,0,20,15,45.4,0
5753,28.36,dining,0,0,10,5,193.0,0
5754,618.01,fuel,0,1,0,4,0.7,1
5755,68.8,travel,0,0,17,15,173.3,0
5756,672.7,dining,1,1,2,6,1.7,1
5757,80.4,dining,0,0,11,18,1359.2,0
5758,108.75,fuel,0,0,10,13,1929.1,0
5759,22.05,travel,0,0,19,16,960.2,0
5760,63.02,dining,0,0,8,13,568.4,0
5761,58.72,utilities,0,0,14,12,324.2,0
5762,159.31,utilities,0,0,20,17,194.8,0
5763,83.03,online_retail,0,0,20,14,306.9,0
5764,54.71,online_retail,0,1,19,16,624.8,0
5765,28.2,jewelry,0,0,16,16,961.8,0
5766,164.81,jewelry,0,0,10,10,46.5,0
5767,153.09,entertainment,0,0,10,18,1334.3,0
5768,42.32,electronics,0,0,22,22,2186.2,0
5769,69.86,electronics,0,0,15,9,328.2,0
5770,92.43,jewelry,0,0,20,12,642.9,0
5771,86.49,travel,0,0,17,14,320.0,0
5772,51.79,online_retail,0,0,18,18,182.4,0
5773,56.73,electronics,0,0,22,13,1097.0,0
5774,85.99,dining,0,0,10,15,2471.6,0
5775,45.73,utilities,0,0,16,18,204.3,0
5776,7.23,grocery,0,0,20,11,908.4,0
5777,71.88,fuel,0,0,10,16,352.7,0
5778,192.97,utilities,0,0,15,17,722.8,0
5779,48.33,jewelry,0,0,7,8,1185.9,0
5780,153.88,utilities,0,0,10,15,217.0,0
5781,161.48,fuel,0,0,20,17,2364.2,0
5782,111.39,jewelry,0,0,8,10,158.6,0
5783,34.41,pharmacy,0,0,14,16,952.6,0
5784,52.22,dining,0,0,9,13,177.1,0
5785,74.1,online_retail,0,0,17,5,987.3,0
5786,27.01,dining,0,0,22,19,90.6,0
5787,114.67,fuel,0,0,20,18,808.5,0
5788,67.75,fuel,0,0,11,11,187.1,0
5789,27.48,fuel,0,0,21,14,3216.8,0
5790,146.32,jewelry,0,0,13,13,1812.9,0
5791,54.79,pharmacy,0,0,15,11,376.2,0
5792,80.51,fuel,0,0,8,18,162.6,0
5793,67.46,fuel,0,0,8,15,190.5,0
5794,178.45,pharmacy,0,0,19,20,128.9,0
5795,89.03,entertainment,0,0,20,15,1517.3,0
5796,69.37,online_retail,0,0,17,13,88.4,0
5797,64.03,utilities,0,0,19,15,278.7,0
5798,17.23,electronics,0,0,10,13,728.1,0
5799,196.14,travel,0,0,6,28,1403.9,0
5800,127.12,jewelry,0,0,19,19,1045.5,0
5801,58.61,electronics,0,0,10,15,551.4,0
5802,43.65,online_retail,0,0,22,16,1620.2,0
5803,151.67,online_retail,0,0,17,13,816.4,0
5804,50.4,pharmacy,0,0,8,19,210.5,0
5805,55.82,grocery,0,0,11,12,887.2,0
5806,57.72,travel,0,0,15,14,1240.2,0
5807,111.16,travel,0,0,17,5,1263.6,0
5808,157.98,dining,0,0,19,15,75.1,0
5809,33.3,grocery,0,1,11,13,1182.3,0
5810,76.98,pharmacy,0,0,19,20,774.3,0
5811,90.47,entertainment,0,0,12,19,10.0,0
5812,43.76,dining,0,0,16,12,34.0,0
5813,52.76,dining,0,0,9,13,111.8,0
5814,64.22,pharmacy,0,0,10,15,400.1,0
5815,22.14,dining,1,1,21,20,1045.7,0
5816,80.03,grocery,0,0,15,14,123.4,0
5817,137.13,grocery,0,0,22,12,1165.1,0
5818,99.5,fuel,0,0,13,23,307.8,0
5819,49.18,travel,0,0,17,18,455.2,0
5820,6.92,entertainment,0,0,21,10,370.3,0
5821,27.88,online_retail,0,0,20,15,316.6,0
5822,31.36,fuel,0,0,12,11,129.8,0
5823,55.18,utilities,0,0,13,12,375.7,0
5824,93.38,grocery,0,0,7,14,163.8,0
5825,96.51,dining,0,0,21,14,1381.7,0
5826,151.66,entertainment,0,0,9,17,468.6,0
5827,86.86,online_retail,0,0,20,23,290.1,0
5828,129.48,utilities,0,0,17,15,76.3,0
5829,69.86,electronics,0,0,17,15,781.5,0
5830,47.4,entertainment,0,0,18,12,745.4,0
5831,12.26,dining,0,1,6,13,377.9,0
5832,37.29,dining,0,0,22,13,2708.0,0
5833,116.58,online_retail,0,0,9,14,236.1,0
5834,59.88,travel,0,0,17,15,1591.7,0
5835,103.28,grocery,1,0,15,16,139.3,0
5836,245.27,grocery,0,0,21,9,1652.4,0
5837,116.34,jewelry,0,0,12,12,303.9,0
5838,119.3,fuel,0,0,11,12,16.7,0
5839,98.61,online_retail,0,0,11,17,1515.3,0
5840,124.49,pharmacy,0,0,11,15,284.6,0
5841,126.99,fuel,0,0,17,15,8.7,0
5842,111.72,grocery,1,1,18,13,230.9,0
5843,78.82,electronics,0,0,7,11,540.6,0
5844,10.17,travel,0,0,17,13,479.7,0
5845,155.89,pharmacy,0,0,8,15,120.3,0
5846,59.15,electronics,0,0,17,17,1630.8,0
5847,79.76,grocery,0,1,6,18,415.6,0
5848,267.66,grocery,0,1,19,15,340.0,0
5849,40.37,travel,0,0,12,21,407.1,0
5850,28.29,utilities,0,0,17,17,54.1,0
5851,7.42,jewelry,0,0,11,14,285.2,0
5852,51.52,electronics,0,0,10,10,913.9,0
5853,67.59,jewelry,0,0,10,12,73.4,0
5854,149.11,utilities,0,0,22,9,2066.5,0
5855,37.87,pharmacy,0,0,6,15,16.5,0
5856,144.4,online_retail,0,0,13,7,246.3,0
5857,28.46,dining,0,0,21,14,4.9,0
5858,125.81,travel,0,0,19,14,1384.0,0
5859,128.79,online_retail,0,1,6,17,521.8,0
5860,42.96,travel,0,0,13,19,1967.3,0
5861,744.0,grocery,1,0,2,1,0.5,1
5862,27.62,fuel,0,0,13,11,698.8,0
5863,95.15,entertainment,0,0,22,21,865.8,0
5864,64.12,jewelry,0,0,16,21,716.7,0
5865,52.02,travel,0,0,16,11,1585.0,0
5866,82.23,dining,0,0,7,11,219.8,0
5867,83.57,entertainment,0,0,11,20,26.1,0
5868,76.85,electronics,0,0,8,18,307.8,0
5869,82.26,electronics,0,0,6,10,63.0,0
5870,133.37,pharmacy,0,0,8,15,898.1,0
5871,53.78,electronics,0,0,9,12,779.1,0
5872,94.38,entertainment,0,0,20,14,51.7,0
5873,221.26,electronics,0,0,16,11,31.5,0
5874,24.34,online_retail,1,0,12,15,837.4,0
5875,50.81,grocery,0,0,12,12,398.7,0
5876,131.48,grocery,0,0,21,21,198.1,0
5877,158.47,travel,0,0,15,17,266.6,0
5878,182.76,online_retail,0,0,16,10,216.2,0
5879,204.37,dining,0,0,6,23,257.4,0
5880,85.19,jewelry,0,0,22,9,122.4,0
5881,3.55,electronics,0,0,7,12,592.3,0
5882,126.8,travel,0,0,11,14,478.3,0
5883,55.46,dining,0,0,16,10,306.1,0
5884,48.07,pharmacy,0,0,11,14,610.3,0
5885,83.02,fuel,0,0,7,14,60.0,0
5886,57.87,entertainment,0,0,11,17,2097.5,0
5887,79.93,dining,0,0,9,16,490.3,0
5888,79.07,pharmacy,0,0,12,13,411.4,0
5889,89.01,jewelry,0,0,15,21,1079.2,0
5890,7.21,jewelry,0,1,22,15,644.1,0
5891,16.2,travel,0,0,15,13,513.3,0
5892,78.96,utilities,0,0,11,8,167.7,0
5893,66.85,utilities,0,0,13,16,483.7,0
5894,80.06,dining,0,0,14,16,18.0,0
5895,80.07,pharmacy,0,0,15,10,24.5,0
5896,103.11,pharmacy,0,0,17,10,1488.3,0
5897,34.37,fuel,0,0,11,19,854.5,0
5898,55.69,pharmacy,0,0,22,20,2613.2,0
5899,94.33,entertainment,0,0,10,18,1147.3,0
5900,136.68,electronics,0,0,22,14,1302.0,0
5901,62.04,pharmacy,0,0,7,12,242.3,0
5902,95.34,dining,0,0,11,22,343.6,0
5903,152.42,dining,0,0,12,19,423.9,0
5904,70.71,fuel,0,0,20,17,1089.1,0
5905,60.74,electronics,0,0,10,12,760.8,0
5906,105.6,electronics,0,0,14,13,3.2,0
5907,29.66,travel,0,1,19,9,1447.2,0
5908,26.22,dining,0,0,20,19,54.6,0
5909,82.27,electronics,0,0,20,13,428.4,0
5910,66.77,pharmacy,1,0,11,13,92.1,0
5911,196.07,entertainment,0,0,11,16,1349.6,0
5912,33.88,pharmacy,0,0,10,17,339.6,0
5913,60.79,online_retail,0,0,13,15,1267.8,0
5914,23.55,travel,0,0,20,20,527.7,0
5915,21.99,electronics,0,0,7,14,747.4,0
5916,92.42,pharmacy,0,0,14,12,57.9,0
5917,96.17,pharmacy,0,0,9,24,390.6,0
5918,94.53,dining,0,0,15,10,456.4,0
5919,23.06,jewelry,0,0,21,15,232.4,0
5920,84.57,dining,1,0,18,15,887.7,0
5921,9.48,utilities,0,0,19,17,283.3,0
5922,296.81,fuel,0,0,18,14,7.8,0
5923,21.88,pharmacy,0,1,19,18,608.2,0
5924,127.83,travel,0,0,22,16,147.5,0
5925,108.53,jewelry,0,0,20,14,100.4,0
5926,74.25,electronics,0,1,12,23,252.1,0
5927,7.9,fuel,0,0,16,16,72.4,0
5928,32.09,travel,0,0,15,11,77.6,0
5929,14.44,entertainment,0,0,22,16,164.7,0
5930,62.56,electronics,0,0,9,12,531.6,0
5931,26.95,fuel,0,0,10,11,951.9,0
5932,6.54,dining,0,0,7,17,13.3,0
5933,145.1,fuel,0,0,12,17,646.6,0
5934,35.78,grocery,0,0,19,13,118.7,0
5935,32.73,utilities,0,0,8,12,429.3,0
5936,28.86,entertainment,0,0,18,23,652.7,0
5937,37.1,online_retail,0,1,7,8,934.2,0
5938,165.0,fuel,0,0,6,18,18.0,0
5939,158.85,online_retail,0,0,8,19,1486.7,0
5940,208.37,entertainment,0,0,17,15,1108.6,0
5941,127.58,travel,0,1,20,15,555.2,0
5942,147.95,electronics,0,0,16,17,161.4,0
5943,119.96,online_retail,0,1,6,8,104.0,0
5944,121.68,fuel,0,0,12,18,266.1,0
5945,28.45,travel,0,0,22,17,730.3,0
5946,49.76,grocery,0,0,9,13,2172.2,0
5947,124.88,online_retail,0,0,10,15,1881.9,0
5948,65.63,online_retail,0,0,7,20,253.5,0
5949,11.04,grocery,0,0,19,10,8.6,0
5950,59.3,travel,0,0,7,19,954.2,0
5951,49.67,jewelry,0,0,9,15,1515.6,0
5952,93.83,fuel,0,0,6,18,810.7,0
5953,15.63,entertainment,0,0,6,17,596.2,0
5954,132.0,travel,0,0,14,17,944.2,0
5955,133.06,fuel,0,0,12,12,438.8,0
5956,219.83,electronics,0,0,15,19,208.6,0
5957,46.34,jewelry,0,0,21,14,288.5,0
5958,21.67,dining,0,0,21,15,929.8,0
5959,74.57,travel,0,0,20,14,420.4,0
5960,55.23,dining,0,0,20,17,1233.2,0
5961,77.97,electronics,0,0,14,16,568.9,0
5962,69.14,jewelry,0,0,8,19,1415.8,0
5963,69.65,online_retail,0,0,13,23,125.3,0
5964,21.61,electronics,0,0,11,9,445.3,0
5965,841.67,utilities,1,1,4,5,19.1,1
5966,85.52,jewelry,1,0,7,19,38.6,0
5967,71.63,travel,0,0,20,12,639.8,0
5968,25.21,electronics,0,0,11,15,272.6,0
5969,67.56,travel,0,0,16,15,15.6,0
5970,203.99,travel,0,0,9,19,1261.5,0
5971,139.87,grocery,0,1,0,3,4.6,1
5972,209.99,electronics,0,0,11,18,254.0,0
5973,48.72,grocery,0,0,13,15,75.3,0
5974,54.79,utilities,0,0,12,12,1006.6,0
5975,118.41,travel,0,1,17,12,411.2,0
5976,145.13,travel,0,0,21,11,1674.3,0
5977,65.83,utilities,0,0,18,11,75.4,0
5978,107.82,fuel,0,0,10,19,1089.3,0
5979,68.32,electronics,0,0,6,11,735.5,0
5980,133.37,pharmacy,0,0,9,14,45.3,0
5981,18.67,fuel,0,0,6,17,93.5,0
5982,81.53,pharmacy,0,0,9,23,182.3,0
5983,116.55,fuel,0,0,6,15,728.0,0
5984,38.45,entertainment,0,0,22,13,399.7,0
5985,36.63,jewelry,0,1,22,15,1034.4,0
5986,529.88,travel,0,1,2,2,1.8,1
5987,39.46,pharmacy,0,1,14,13,142.3,0
5988,9.47,travel,0,0,9,10,147.5,0
5989,297.79,travel,0,0,15,19,431.8,0
5990,24.52,dining,0,0,10,11,525.9,0
5991,90.1,entertainment,0,0,22,18,550.9,0
5992,117.26,pharmacy,0,0,10,16,202.8,0
5993,62.99,electronics,0,0,9,10,22.6,0
5994,22.44,jewelry,0,0,14,17,48.5,0
5995,45.45,entertainment,0,0,9,17,1549.8,0
5996,146.53,entertainment,0,0,14,11,160.2,0
5997,496.74,grocery,0,0,12,19,937.8,0
5998,62.3,electronics,0,0,18,22,243.3,0
5999,54.13,utilities,1,0,11,20,215.9,0
6000,59.93,fuel,0,0,17,15,475.1,0
6001,9.19,pharmacy,0,0,9,19,181.7,0
6002,47.5,grocery,0,0,22,9,81.4,0
6003,59.54,travel,0,0,9,19,1609.7,0
6004,600.27,electronics,1,1,1,3,3.1,1
6005,128.3,entertainment,0,0,18,13,81.2,0
6006,731.87,fuel,1,0,4,2,3.2,1
6007,121.07,online_retail,0,0,8,13,1877.3,0
6008,75.86,grocery,0,0,16,17,1021.8,0
6009,134.17,dining,0,0,16,11,736.9,0
6010,181.84,jewelry,0,0,22,11,1518.5,0
6011,138.68,dining,0,0,19,14,333.8,0
6012,27.88,fuel,0,0,15,15,40.9,0
6013,67.83,grocery,0,0,9,19,259.7,0
6014,29.19,entertainment,0,1,17,17,5.6,0
6015,158.42,jewelry,0,0,11,17,211.3,0
6016,77.58,pharmacy,0,0,6,10,158.4,0
6017,121.34,dining,0,0,20,17,190.7,0
6018,183.63,utilities,0,0,21,10,287.1,0
6019,42.91,entertainment,0,0,20,19,770.5,0
6020,95.11,online_retail,0,0,20,12,83.1,0
6021,71.09,pharmacy,1,0,15,22,14.2,0
6022,133.24,grocery,0,0,12,9,721.7,0
6023,69.05,dining,0,0,21,20,53.6,0
6024,20.82,fuel,0,0,12,21,579.8,0
6025,16.16,entertainment,0,0,14,11,630.0,0
6026,46.01,electronics,0,0,18,15,557.5,0
6027,102.06,pharmacy,0,0,6,16,141.3,0
6028,23.3,travel,0,0,18,10,154.9,0
6029,42.63,jewelry,0,0,9,12,201.7,0
6030,200.77,pharmacy,0,0,13,8,1579.3,0
6031,55.46,jewelry,0,0,11,17,593.0,0
6032,153.81,fuel,0,0,16,19,671.7,0
6033,138.75,electronics,0,0,15,17,57.9,0
6034,20.64,pharmacy,0,0,15,19,61.1,0
6035,114.59,electronics,0,0,9,11,103.1,0
6036,17.25,jewelry,0,0,22,13,340.9,0
6037,72.89,grocery,0,0,17,13,586.0,0
6038,79.09,entertainment,0,0,20,13,148.1,0
6039,93.35,entertainment,0,0,18,17,768.9,0
6040,168.61,dining,0,0,22,15,512.5,0
6041,31.17,electronics,0,0,20,24,748.1,0
6042,112.54,grocery,0,0,17,10,195.2,0
6043,233.48,grocery,0,0,22,26,445.7,0
6044,128.98,travel,0,0,16,18,401.2,0
6045,258.42,fuel,0,0,14,17,68.5,0
6046,26.51,pharmacy,0,0,22,12,903.5,0
6047,95.74,entertainment,0,0,7,13,182.1,0
6048,104.3,utilities,0,0,18,10,738.7,0
6049,43.74,pharmacy,0,0,8,19,2878.8,0
6050,19.98,dining,0,0,10,11,433.6,0
6051,39.23,fuel,0,0,15,10,60.7,0
6052,236.77,dining,0,0,10,11,712.3,0
6053,136.76,online_retail,0,0,22,21,580.1,0
6054,41.46,jewelry,0,0,12,20,490.9,0
6055,141.04,online_retail,0,0,7,10,1036.2,0
6056,48.72,fuel,0,0,10,19,759.9,0
6057,93.64,jewelry,0,0,13,15,1028.3,0
6058,64.71,travel,0,0,18,17,580.9,0
6059,96.97,grocery,0,0,9,10,107.5,0
6060,18.85,electronics,0,0,12,10,461.1,0
6061,25.8,online_retail,0,0,16,15,60.5,0
6062,109.18,utilities,1,0,22,14,734.6,0
6063,55.21,online_retail,0,0,14,17,926.3,0
6064,77.69,dining,0,0,11,19,504.9,0
6065,141.2,electronics,0,0,9,11,28.2,0
6066,89.2,jewelry,0,0,10,10,2231.4,0
6067,42.21,jewelry,0,0,6,18,203.4,0
6068,77.64,electronics,0,0,22,11,618.3,0
6069,80.79,dining,0,0,11,12,439.4,0
6070,72.13,grocery,0,0,6,6,499.7,0
6071,98.56,travel,0,0,6,13,146.2,0
6072,39.03,electronics,0,0,11,23,935.2,0
6073,101.47,entertainment,0,0,8,8,508.0,0
6074,47.68,online_retail,0,0,7,12,153.7,0
6075,57.11,grocery,0,0,18,12,321.0,0
6076,68.89,utilities,0,0,18,25,1085.5,0
6077,19.79,pharmacy,0,0,15,10,249.2,0
6078,21.65,dining,0,0,22,9,194.1,0
6079,32.52,entertainment,0,0,18,19,1016.6,0
6080,22.07,utilities,0,0,6,18,206.7,0
6081,46.52,travel,0,0,22,9,11.9,0
6082,60.38,utilities,0,0,21,14,792.3,0
6083,46.85,grocery,0,0,9,11,51.2,0
6084,50.48,electronics,1,0,8,31,43.7,0
6085,36.63,pharmacy,0,0,22,14,101.5,0
6086,98.09,online_retail,0,0,6,9,44.4,0
6087,37.78,online_retail,0,0,11,16,74.0,0
6088,10.26,electronics,0,0,6,22,652.5,0
6089,183.4,electronics,0,0,8,18,746.7,0
6090,18.4,pharmacy,0,0,14,14,1252.9,0
6091,137.33,grocery,0,0,9,19,515.7,0
6092,20.06,online_retail,0,0,14,19,239.3,0
6093,21.56,entertainment,0,0,20,8,597.6,0
6094,70.88,fuel,0,0,8,16,887.1,0
6095,48.11,grocery,0,1,9,19,99.8,0
6096,43.36,online_retail,0,0,11,15,99.4,0
6097,52.3,jewelry,0,0,21,14,24.6,0
6098,165.16,travel,1,0,10,18,152.8,0
6099,46.66,electronics,0,0,11,17,229.6,0
6100,33.6,pharmacy,0,0,14,12,1278.8,0
6101,147.44,electronics,0,0,19,15,11.1,0
6102,7.95,utilities,1,0,21,18,85.1,0
6103,19.11,grocery,0,0,13,9,1393.5,0
6104,208.34,travel,0,0,14,11,57.2,0
6105,218.18,grocery,0,0,19,18,6.1,0
6106,69.22,pharmacy,0,0,16,14,85.5,0
6107,71.43,grocery,0,0,10,15,261.6,0
6108,101.85,fuel,0,0,17,27,1025.9,0
6109,31.17,jewelry,0,0,7,15,1277.7,0
6110,127.08,dining,0,0,17,14,597.8,0
6111,79.86,grocery,0,0,11,15,162.9,0
6112,85.33,grocery,0,0,13,19,391.1,0
6113,43.17,fuel,0,0,16,10,1208.9,0
6114,212.22,electronics,0,0,18,9,15.4,0
6115,164.36,electronics,0,1,21,13,435.2,0
6116,43.25,travel,0,0,15,12,241.6,0
6117,50.24,utilities,0,0,8,11,1479.5,0
6118,93.5,fuel,0,0,11,14,235.7,0
6119,194.67,dining,0,0,17,12,489.9,0
6120,114.41,electronics,0,0,9,20,90.7,0
6121,60.14,utilities,0,0,9,13,547.5,0
6122,112.7,fuel,0,0,15,12,457.1,0
6123,52.32,electronics,0,0,10,13,219.5,0
6124,97.19,online_retail,0,0,11,17,572.6,0
6125,6.14,online_retail,0,0,19,13,33.6,0
6126,51.38,travel,0,0,15,21,506.4,0
6127,17.74,grocery,0,0,13,10,1418.6,0
6128,169.42,entertainment,1,0,8,9,1190.2,0
6129,101.62,fuel,0,0,15,14,261.3,0
6130,119.84,travel,0,0,11,10,126.5,0
6131,50.06,travel,0,0,9,15,1039.2,0
6132,132.79,dining,0,0,16,16,77.8,0
6133,49.34,pharmacy,0,0,11,14,92.9,0
6134,30.32,electronics,0,0,15,16,759.9,0
6135,95.35,grocery,0,0,22,16,445.7,0
6136,3.12,pharmacy,0,0,9,15,697.0,0
6137,45.64,jewelry,0,0,19,21,579.1,0
6138,21.61,pharmacy,0,0,7,16,597.8,0
6139,39.75,pharmacy,0,0,13,9,40.9,0
6140,101.74,fuel,0,0,13,8,97.2,0
6141,36.9,travel,0,0,7,20,1498.1,0
6142,37.02,travel,0,0,18,12,584.7,0
6143,91.22,utilities,0,0,12,15,97.6,0
6144,62.74,pharmacy,0,0,9,19,989.4,0
6145,18.63,fuel,0,0,10,18,733.2,0
6146,41.81,dining,0,0,14,14,377.0,0
6147,72.76,travel,0,0,8,9,298.6,0
6148,51.12,dining,0,0,20,12,2160.4,0
6149,36.53,dining,0,0,9,22,846.1,0
6150,101.51,electronics,0,0,10,13,424.6,0
6151,251.54,pharmacy,0,0,20,18,1435.7,0
6152,124.87,dining,0,0,16,15,12.9,0
6153,232.43,jewelry,1,0,10,18,213.9,0
6154,67.58,utilities,0,0,19,13,52.3,0
6155,54.29,travel,0,0,19,9,548.9,0
6156,42.91,online_retail,0,0,15,15,474.6,0
6157,66.54,grocery,0,0,19,11,724.9,0
6158,48.79,online_retail,0,0,18,11,437.7,0
6159,250.88,entertainment,0,0,20,14,291.1,0
6160,20.75,utilities,0,1,13,15,256.8,0
6161,233.41,travel,0,0,12,11,29.7,0
6162,122.03,pharmacy,0,0,8,22,1485.9,0
6163,113.14,travel,0,0,15,8,40.0,0
6164,22.31,fuel,0,0,21,14,251.0,0
6165,101.81,travel,1,1,9,23,590.0,0
6166,48.36,entertainment,0,0,6,21,1249.2,0
6167,43.77,online_retail,0,0,18,21,97.0,0
6168,33.76,travel,0,0,16,12,185.7,0
6169,77.35,utilities,0,0,22,18,347.0,0
6170,77.1,grocery,0,1,15,10,545.1,0
6171,25.55,jewelry,0,0,9,15,192.4,0
6172,66.06,utilities,0,0,6,18,53.4,0
6173,32.24,jewelry,0,0,7,19,1184.6,0
6174,119.31,pharmacy,0,0,18,16,106.1,0
6175,75.45,jewelry,0,0,16,21,2468.9,0
6176,228.21,utilities,0,0,22,17,416.6,0
6177,52.53,entertainment,0,0,22,14,490.2,0
6178,11.08,pharmacy,0,1,6,13,184.3,0
6179,60.97,travel,0,0,13,14,1065.9,0
6180,40.55,travel,0,0,7,18,558.1,0
6181,48.95,electronics,0,0,9,20,2042.9,0
6182,97.14,utilities,0,0,8,13,449.4,0
6183,31.86,dining,0,0,6,21,262.5,0
6184,70.21,electronics,0,0,20,13,692.9,0
6185,130.52,fuel,0,0,10,13,426.9,0
6186,106.1,utilities,0,0,19,18,28.2,0
6187,44.05,fuel,0,0,21,21,61.3,0
6188,38.05,entertainment,0,0,14,17,1954.1,0
6189,109.33,fuel,0,0,13,27,689.9,0
6190,90.53,pharmacy,0,0,20,15,109.3,0
6191,33.03,utilities,0,0,19,14,226.2,0
6192,72.89,utilities,0,0,15,17,276.0,0
6193,55.64,online_retail,0,0,15,12,363.4,0
6194,43.3,dining,0,0,21,9,319.3,0
6195,16.8,pharmacy,0,0,18,14,905.2,0
6196,60.75,dining,0,0,18,20,1658.4,0
6197,57.4,utilities,0,0,10,18,755.2,0
6198,38.77,entertainment,0,0,12,17,640.8,0
6199,17.77,pharmacy,0,0,6,18,40.7,0
6200,58.05,fuel,0,0,18,16,186.7,0
6201,64.79,dining,0,0,12,11,382.9,0
6202,67.04,grocery,0,0,13,15,90.2,0
6203,159.42,utilities,0,0,19,20,784.2,0
6204,93.72,fuel,0,0,8,17,212.2,0
6205,165.26,entertainment,0,0,18,12,935.7,0
6206,54.8,travel,0,0,22,15,421.5,0
6207,51.99,entertainment,0,0,7,12,169.9,0
6208,54.7,pharmacy,0,0,10,15,22.2,0
6209,75.35,grocery,1,1,21,16,221.4,0
6210,43.6,grocery,0,0,16,19,173.0,0
6211,41.71,dining,0,0,11,13,225.5,0
6212,51.81,entertainment,0,0,7,10,163.2,0
6213,85.51,utilities,0,0,10,13,112.3,0
6214,608.03,online_retail,1,1,3,2,2.2,1
6215,34.73,grocery,0,0,6,22,83.4,0
6216,39.17,dining,0,0,8,15,1805.2,0
6217,39.21,online_retail,0,0,11,11,948.2,0
6218,86.24,entertainment,0,0,7,15,691.0,0
6219,55.95,electronics,1,0,8,11,1259.5,0
6220,105.64,dining,0,0,12,20,752.2,0
6221,51.26,electronics,0,0,20,16,691.9,0
6222,29.35,utilities,0,0,22,19,480.7,0
6223,51.21,travel,0,0,17,21,452.7,0
6224,208.22,electronics,1,0,13,20,1043.6,0
6225,86.27,travel,0,0,11,10,440.8,0
6226,47.71,utilities,0,0,7,14,362.1,0
6227,63.36,online_retail,0,0,21,14,542.5,0
6228,188.07,pharmacy,0,0,11,12,510.9,0
6229,47.11,entertainment,0,0,7,20,33.4,0
6230,159.25,utilities,0,0,9,14,950.4,0
6231,73.79,online_retail,0,0,11,13,745.6,0
6232,45.5,dining,0,0,12,13,56.4,0
6233,259.73,fuel,0,0,18,19,140.5,0
6234,13.3,utilities,0,0,11,11,841.3,0
6235,45.5,travel,0,0,12,15,794.5,0
6236,109.3,travel,0,0,17,18,676.0,0
6237,9.66,jewelry,0,1,10,12,1080.7,0
6238,176.92,entertainment,0,0,16,13,514.7,0
6239,59.9,online_retail,0,0,11,16,218.7,0
6240,36.81,entertainment,0,1,9,15,612.1,0
6241,100.71,fuel,0,0,7,17,699.0,0
6242,12.57,utilities,0,0,17,13,524.5,0
6243,92.79,pharmacy,0,0,6,10,567.4,0
6244,43.04,travel,0,0,22,20,1213.3,0
6245,36.04,pharmacy,0,0,12,13,297.6,0
6246,76.07,entertainment,0,0,16,19,28.3,0
6247,73.36,dining,0,0,11,19,964.8,0
6248,143.33,online_retail,0,0,22,19,442.4,0
6249,16.06,entertainment,0,1,11,24,82.8,0
6250,132.76,entertainment,0,0,13,13,227.7,0
6251,164.46,grocery,0,0,17,15,506.1,0
6252,168.46,pharmacy,0,0,13,16,41.0,0
6253,42.3,electronics,0,0,15,17,480.3,0
6254,60.89,online_retail,0,0,13,12,489.4,0
6255,23.71,pharmacy,0,1,10,18,1347.1,0
6256,0.79,pharmacy,0,0,13,10,608.4,0
6257,6.99,utilities,0,0,16,11,1110.1,0
6258,48.23,fuel,0,0,11,14,946.5,0
6259,43.77,fuel,0,0,21,21,1104.8,0
6260,62.97,online_retail,0,0,11,13,547.8,0
6261,24.74,travel,0,1,22,19,503.6,0
6262,37.32,grocery,0,0,18,12,54.9,0
6263,80.98,pharmacy,0,0,17,13,165.1,0
6264,27.82,grocery,0,0,6,12,422.1,0
6265,52.23,entertainment,0,0,18,23,942.5,0
6266,40.64,entertainment,0,0,20,19,238.5,0
6267,126.21,utilities,0,0,10,21,1413.6,0
6268,35.47,dining,1,0,21,13,1208.8,0
6269,61.42,online_retail,0,0,12,13,253.6,0
6270,74.65,grocery,0,0,18,15,1064.0,0
6271,81.98,grocery,0,0,12,19,2510.7,0
6272,49.94,jewelry,0,0,11,11,672.3,0
6273,77.4,jewelry,0,0,8,10,1131.4,0
6274,167.62,grocery,0,0,17,9,1218.5,0
6275,6.63,grocery,0,0,16,16,1131.6,0
6276,150.13,grocery,0,0,10,9,192.4,0
6277,63.89,utilities,0,0,20,15,140.5,0
6278,20.59,electronics,0,0,19,11,184.2,0
6279,73.29,entertainment,0,0,12,18,125.0,0
6280,10.87,entertainment,0,0,21,8,218.3,0
6281,39.88,dining,0,0,16,19,383.7,0
6282,77.14,grocery,0,0,11,17,426.3,0
6283,78.01,utilities,0,0,18,18,598.9,0
6284,14.08,entertainment,0,0,21,15,111.8,0
6285,31.96,entertainment,0,0,21,18,781.8,0
6286,139.34,electronics,0,0,7,12,28.0,0
6287,145.4,utilities,0,0,17,10,293.0,0
6288,104.35,entertainment,0,0,16,20,115.1,0
6289,81.59,jewelry,0,0,21,8,1039.1,0
6290,71.89,online_retail,0,0,22,23,62.6,0
6291,27.51,fuel,0,1,14,9,358.0,0
6292,75.02,entertainment,0,0,19,19,723.1,0
6293,71.62,grocery,0,0,14,16,54.0,0
6294,6.62,entertainment,0,0,9,19,59.6,0
6295,26.17,pharmacy,0,0,19,12,549.8,0
6296,65.57,electronics,0,0,16,14,204.6,0
6297,27.95,fuel,0,0,7,14,570.7,0
6298,688.37,electronics,1,1,0,1,6.8,1
6299,61.32,grocery,0,1,6,14,621.8,0
6300,27.36,online_retail,0,0,18,13,227.1,0
6301,35.64,pharmacy,0,0,19,12,258.2,0
6302,39.25,online_retail,0,0,8,9,1838.7,0
6303,60.53,dining,0,0,17,7,272.8,0
6304,149.39,fuel,0,0,19,15,376.4,0
6305,18.01,entertainment,0,0,7,19,42.6,0
6306,11.87,fuel,0,0,21,13,316.9,0
6307,26.98,grocery,0,0,6,19,83.0,0
6308,84.07,grocery,0,0,21,23,2323.6,0
6309,132.58,pharmacy,0,0,7,24,751.9,0
6310,245.97,dining,0,0,11,13,361.9,0
6311,114.6,grocery,0,0,6,14,306.3,0
6312,3.15,jewelry,0,0,7,21,71.2,0
6313,157.59,electronics,0,0,15,16,91.4,0
6314,46.76,entertainment,0,1,10,17,99.3,0
6315,115.71,fuel,0,0,12,17,2398.2,0
6316,61.83,entertainment,0,0,10,15,220.8,0
6317,32.18,electronics,0,0,20,12,308.4,0
6318,28.0,dining,0,0,16,15,374.2,0
6319,48.61,dining,0,0,14,9,63.5,0
6320,139.2,electronics,0,0,19,16,813.6,0
6321,58.03,pharmacy,0,0,6,12,344.4,0
6322,171.73,travel,0,0,10,11,292.4,0
6323,23.61,fuel,0,0,15,13,1495.4,0
6324,24.92,fuel,0,0,13,9,1188.9,0
6325,50.66,travel,0,1,11,19,1410.9,0
6326,115.96,jewelry,0,1,14,16,134.0,0
6327,56.13,utilities,0,0,21,12,54.6,0
6328,60.46,jewelry,0,0,12,19,2322.7,0
6329,27.29,travel,0,0,21,13,324.7,0
6330,45.31,electronics,0,0,8,19,582.2,0
6331,51.45,electronics,0,1,19,11,320.4,0
6332,62.47,utilities,0,0,20,15,1188.4,0
6333,45.38,electronics,0,0,21,16,1375.2,0
6334,14.94,jewelry,0,0,13,15,1502.2,0
6335,26.82,utilities,0,1,14,13,1880.9,0
6336,562.9,entertainment,0,1,1,2,5.2,1
6337,77.12,pharmacy,0,0,8,13,585.4,0
6338,17.37,online_retail,0,0,8,11,517.5,0
6339,46.89,utilities,0,0,18,17,595.4,0
6340,67.9,jewelry,0,0,20,12,43.4,0
6341,155.5,grocery,0,0,10,24,1634.0,0
6342,44.64,online_retail,0,1,12,21,11.8,0
6343,72.09,grocery,0,0,7,22,107.8,0
6344,24.54,jewelry,0,0,15,14,492.5,0
6345,103.72,travel,0,0,6,14,123.7,0
6346,83.12,entertainment,0,0,18,22,955.9,0
6347,97.34,electronics,0,0,21,10,2106.0,0
6348,211.14,fuel,0,0,22,16,100.4,0
6349,101.96,pharmacy,0,0,6,13,634.4,0
6350,58.68,electronics,0,0,7,21,802.6,0
6351,25.57,grocery,0,0,15,18,88.5,0
6352,91.74,electronics,0,0,20,12,1161.9,0
6353,113.68,jewelry,0,0,14,18,35.8,0
6354,127.39,entertainment,0,0,16,20,1601.8,0
6355,108.8,electronics,0,0,21,15,611.1,0
6356,67.65,entertainment,0,0,13,12,543.2,0
6357,35.69,utilities,0,0,10,14,1056.6,0
6358,43.49,electronics,0,1,9,11,508.2,0
6359,27.71,electronics,0,0,9,21,886.8,0
6360,74.36,electronics,0,0,9,8,83.2,0
6361,91.48,pharmacy,0,0,12,15,662.1,0
6362,1076.97,entertainment,1,1,4,4,2.2,1
6363,48.08,pharmacy,0,0,21,13,91.6,0
6364,22.4,pharmacy,0,0,21,23,184.3,0
6365,109.99,grocery,0,0,12,13,387.3,0
6366,39.65,jewelry,0,0,9,12,343.5,0
6367,91.04,jewelry,0,0,19,10,1722.2,0
6368,8.2,utilities,0,0,14,13,146.4,0
6369,65.35,travel,0,0,9,11,144.6,0
6370,93.12,dining,0,0,8,10,96.2,0
6371,121.8,electronics,0,1,20,14,41.5,0
6372,113.52,fuel,0,0,12,12,105.1,0
6373,191.99,utilities,0,0,6,18,323.0,0
6374,21.73,online_retail,0,0,19,16,727.6,0
6375,26.24,dining,0,0,15,14,2686.6,0
6376,23.92,entertainment,0,0,17,12,588.8,0
6377,17.77,jewelry,0,0,7,16,607.1,0
6378,55.96,pharmacy,0,0,13,14,324.2,0
6379,126.48,jewelry,0,0,21,11,1649.7,0
6380,45.84,dining,0,0,18,20,1552.6,0
6381,16.61,dining,0,0,11,14,264.8,0
6382,54.03,travel,0,0,18,16,569.0,0
6383,93.51,jewelry,0,0,6,13,2718.3,0
6384,153.18,pharmacy,0,0,8,16,59.8,0
6385,34.66,entertainment,0,0,15,13,386.5,0
6386,138.08,online_retail,0,0,10,12,1067.0,0
6387,53.65,utilities,0,0,7,16,19.8,0
6388,165.87,pharmacy,0,0,22,11,616.2,0
6389,81.74,utilities,0,0,21,20,674.3,0
6390,35.21,pharmacy,0,0,15,10,66.2,0
6391,63.63,travel,0,0,19,15,273.8,0
6392,37.16,grocery,0,0,17,14,428.5,0
6393,148.55,jewelry,0,0,19,17,43.9,0
6394,105.73,pharmacy,0,0,16,21,457.9,0
6395,89.56,entertainment,1,0,20,21,832.2,0
6396,59.36,entertainment,0,0,7,13,188.5,0
6397,266.11,jewelry,0,0,18,13,61.3,0
6398,144.88,grocery,0,0,22,20,282.0,0
6399,77.5,grocery,0,0,6,20,209.7,0
6400,40.61,electronics,0,0,17,15,266.8,0
6401,230.52,entertainment,0,0,9,13,435.1,0
6402,157.27,electronics,0,1,9,11,2744.9,0
6403,37.68,dining,0,0,15,13,38.2,0
6404,899.49,jewelry,0,0,0,5,5.8,1
6405,105.11,utilities,0,0,10,12,48.6,0
6406,71.2,travel,0,0,15,16,575.8,0
6407,28.67,electronics,0,0,6,15,202.3,0
6408,91.86,jewelry,0,0,9,14,304.2,0
6409,62.06,pharmacy,0,0,17,13,295.9,0
6410,147.46,pharmacy,1,0,11,11,597.7,0
6411,92.12,fuel,0,0,16,15,1647.2,0
6412,25.58,online_retail,0,0,14,16,52.2,0
6413,10.3,travel,0,0,11,19,362.1,0
6414,66.05,jewelry,0,0,17,16,141.0,0
6415,95.06,electronics,0,0,19,24,971.4,0
6416,41.61,travel,0,1,13,19,58.6,0
6417,103.5,entertainment,0,0,11,15,597.6,0
6418,141.21,pharmacy,0,0,14,17,511.0,0
6419,69.14,grocery,0,0,19,16,119.6,0
6420,93.98,travel,0,1,19,12,1496.1,0
6421,184.49,electronics,0,0,18,14,532.8,0
6422,54.72,utilities,0,0,20,15,322.4,0
6423,251.73,travel,0,0,10,6,163.8,0
6424,78.06,travel,0,0,15,13,297.1,0
6425,201.05,entertainment,0,0,8,19,117.1,0
6426,52.31,fuel,0,0,22,11,1344.8,0
6427,71.48,jewelry,0,0,20,12,197.1,0
6428,67.65,grocery,0,0,13,12,2.1,0
6429,87.77,jewelry,0,0,12,15,601.5,0
6430,73.07,travel,0,0,16,25,385.1,0
6431,15.32,grocery,0,0,11,19,379.6,0
6432,36.73,jewelry,0,0,14,15,110.0,0
6433,47.24,electronics,0,0,22,16,872.4,0
6434,111.01,grocery,0,0,17,21,282.6,0
6435,24.62,travel,0,1,22,13,832.9,0
6436,153.92,fuel,0,0,20,18,688.9,0
6437,53.09,utilities,0,0,18,14,762.3,0
6438,72.15,grocery,0,0,16,16,867.6,0
6439,49.12,dining,0,0,16,10,2142.2,0
6440,101.0,fuel,0,0,14,14,1803.0,0
6441,18.93,electronics,0,0,13,14,2079.5,0
6442,58.17,electronics,0,0,19,12,194.1,0
6443,81.56,electronics,0,0,13,14,993.5,0
6444,24.82,travel,0,0,7,14,28.3,0
6445,68.13,grocery,0,0,20,15,812.2,0
6446,289.16,entertainment,0,0,17,12,932.5,0
6447,92.19,jewelry,0,0,6,6,136.0,0
6448,67.61,electronics,0,0,13,15,3.8,0
6449,29.62,travel,0,0,13,18,635.3,0
6450,36.34,entertainment,0,0,9,11,711.4,0
6451,81.75,online_retail,0,0,20,23,555.1,0
6452,27.12,travel,0,0,22,24,84.3,0
6453,6.65,grocery,0,0,18,16,324.6,0
6454,60.29,travel,0,0,6,17,826.0,0
6455,191.43,online_retail,0,0,18,11,1279.0,0
6456,116.23,pharmacy,0,0,22,20,2036.1,0
6457,94.3,fuel,0,0,13,18,1174.6,0
6458,90.39,pharmacy,1,0,20,18,1121.9,0
6459,158.28,dining,0,0,11,23,1235.4,0
6460,214.98,electronics,0,0,14,12,825.6,0
6461,163.48,grocery,0,0,16,17,677.7,0
6462,100.17,jewelry,0,0,10,21,326.8,0
6463,85.41,dining,0,0,13,16,182.7,0
6464,141.28,electronics,0,0,7,11,793.9,0
6465,25.6,jewelry,0,0,7,20,187.4,0
6466,31.75,jewelry,0,0,15,20,575.7,0
6467,7.59,electronics,0,0,8,18,804.8,0
6468,34.13,electronics,0,1,20,17,361.7,0
6469,111.59,fuel,0,0,21,16,250.0,0
6470,48.37,electronics,0,0,14,18,23.7,0
6471,115.79,travel,0,0,16,12,431.2,0
6472,125.07,utilities,0,0,17,17,586.0,0
6473,57.09,dining,0,0,14,15,187.5,0
6474,89.64,jewelry,0,0,18,13,710.0,0
6475,69.93,utilities,0,0,12,15,1479.1,0
6476,69.81,entertainment,1,0,12,11,59.8,0
6477,91.0,dining,0,0,11,17,732.5,0
6478,48.97,utilities,1,0,16,12,4.0,0
6479,60.07,electronics,0,0,17,19,794.1,0
6480,181.76,electronics,0,0,7,12,201.8,0
6481,67.49,grocery,0,0,14,11,1867.7,0
6482,521.23,online_retail,0,1,2,2,5.7,1
6483,87.37,travel,0,0,11,21,143.3,0
6484,152.39,pharmacy,0,0,14,18,969.3,0
6485,73.95,dining,0,0,12,15,869.6,0
6486,248.63,jewelry,0,0,9,18,86.5,0
6487,63.01,dining,0,0,13,10,560.5,0
6488,68.95,fuel,0,1,7,14,491.5,0
6489,196.14,dining,0,0,17,17,290.4,0
6490,27.14,online_retail,0,0,20,17,1236.7,0
6491,39.71,fuel,0,0,19,23,829.5,0
6492,49.91,utilities,0,0,6,11,57.7,0
6493,9.48,pharmacy,0,0,18,14,324.0,0
6494,40.0,pharmacy,0,0,19,6,556.2,0
6495,20.23,electronics,0,0,10,18,460.4,0
6496,81.45,fuel,0,0,21,13,187.5,0
6497,134.54,jewelry,0,0,9,13,161.2,0
6498,39.78,utilities,0,1,10,17,3122.0,0
6499,122.67,pharmacy,0,0,6,13,409.3,0
6500,60.34,travel,0,0,7,14,907.8,0
6501,70.27,pharmacy,1,0,12,17,254.7,0
6502,31.25,electronics,0,0,8,13,150.7,0
6503,44.75,online_retail,0,1,7,17,641.5,0
6504,142.94,electronics,0,0,6,7,232.4,0
6505,337.32,online_retail,1,1,3,3,5.0,1
6506,5.27,fuel,0,0,10,16,206.3,0
6507,120.44,utilities,0,0,10,8,1245.7,0
6508,48.35,fuel,0,0,19,19,1224.0,0
6509,103.97,fuel,0,0,8,13,217.6,0
6510,99.97,travel,0,0,22,17,860.8,0
6511,32.75,travel,0,0,20,16,1763.4,0
6512,141.25,utilities,0,0,17,11,1147.2,0
6513,33.84,fuel,0,0,16,14,428.9,0
6514,69.25,electronics,0,0,15,18,1730.2,0
6515,87.55,online_retail,0,0,10,10,2655.2,0
6516,31.71,travel,0,0,19,19,78.2,0
6517,105.44,entertainment,0,0,10,11,505.9,0
6518,114.74,fuel,0,0,13,11,1578.4,0
6519,505.81,travel,1,1,1,0,6.8,1
6520,118.93,fuel,0,0,19,13,46.4,0
6521,107.67,grocery,0,1,9,10,409.6,0
6522,143.51,entertainment,0,0,8,15,834.7,0
6523,95.09,utilities,0,0,12,17,491.8,0
6524,19.57,electronics,0,0,14,7,115.9,0
6525,139.11,fuel,0,0,8,16,358.2,0
6526,80.57,travel,0,0,13,17,1324.2,0
6527,66.85,pharmacy,0,1,16,19,454.6,0
6528,78.92,dining,0,0,10,9,1813.0,0
6529,47.45,electronics,0,0,8,15,1846.6,0
6530,15.44,fuel,0,0,20,8,620.8,0
6531,63.69,fuel,0,0,22,11,179.6,0
6532,58.19,fuel,0,0,11,21,1556.5,0
6533,51.79,entertainment,0,0,19,16,685.3,0
6534,66.77,electronics,0,0,9,18,595.8,0
6535,69.73,fuel,0,0,7,14,1163.5,0
6536,28.37,entertainment,0,0,9,18,756.9,0
6537,53.1,travel,0,1,15,9,9.1,0
6538,141.56,utilities,0,0,19,14,589.0,0
6539,67.34,fuel,0,0,10,16,200.4,0
6540,214.84,electronics,0,0,14,11,13.2,0
6541,61.79,fuel,0,0,18,21,149.2,0
6542,186.01,grocery,0,0,9,17,504.6,0
6543,101.56,entertainment,0,0,20,12,1763.6,0
6544,65.4,travel,0,0,7,10,1052.7,0
6545,102.18,dining,0,0,7,13,220.5,0
6546,13.3,fuel,0,0,21,12,14.1,0
6547,44.43,entertainment,0,0,14,15,1562.6,0
6548,70.13,dining,0,0,15,12,14.6,0
6549,58.75,jewelry,0,0,9,14,1066.9,0
6550,86.91,jewelry,0,1,8,8,336.2,0
6551,78.63,pharmacy,0,0,19,12,936.3,0
6552,19.58,online_retail,0,0,15,17,316.7,0
6553,1192.65,grocery,0,0,2,2,0.9,1
6554,204.62,travel,0,0,8,21,723.6,0
6555,166.23,grocery,0,0,10,14,1576.3,0
6556,61.8,travel,0,0,19,16,80.6,0
6557,112.56,electronics,0,0,18,13,270.7,0
6558,23.75,entertainment,1,0,20,21,307.3,0
6559,58.97,jewelry,0,0,14,16,914.9,0
6560,108.42,entertainment,0,0,20,13,788.6,0
6561,70.67,travel,0,0,12,13,967.2,0
6562,91.29,travel,0,0,22,10,1015.7,0
6563,131.92,pharmacy,0,0,15,14,306.4,0
6564,21.01,travel,0,0,22,8,52.8,0
6565,92.49,utilities,0,0,7,22,955.4,0
6566,66.92,electronics,0,0,13,15,581.8,0
6567,33.19,pharmacy,0,0,21,17,113.9,0
6568,70.8,grocery,0,0,20,10,52.9,0
6569,721.77,grocery,1,0,1,5,0.9,1
6570,48.5,fuel,0,0,16,13,1046.9,0
6571,23.18,dining,0,1,18,13,783.1,0
6572,27.59,fuel,0,0,21,16,644.1,0
6573,142.68,utilities,0,0,21,5,226.3,0
6574,142.53,grocery,0,0,21,20,331.6,0
6575,17.75,pharmacy,0,0,7,8,3346.7,0
6576,30.2,travel,0,0,11,10,972.7,0
6577,117.19,online_retail,0,0,20,14,1449.2,0
6578,720.31,utilities,1,1,4,0,0.8,1
6579,133.27,electronics,0,0,8,12,1260.8,0
6580,49.93,grocery,0,0,21,11,333.9,0
6581,51.94,pharmacy,0,0,10,13,229.3,0
6582,39.95,pharmacy,0,0,15,14,314.0,0
6583,121.96,electronics,0,0,7,15,584.4,0
6584,32.23,grocery,0,0,14,23,129.8,0
6585,106.33,grocery,0,0,12,15,29.6,0
6586,120.87,travel,0,0,16,14,30.6,0
6587,55.19,grocery,0,0,13,10,345.9,0
6588,144.89,electronics,0,0,15,9,707.7,0
6589,75.74,grocery,0,0,7,14,49.8,0
6590,24.17,grocery,0,0,22,19,974.9,0
6591,42.17,fuel,0,0,15,17,667.1,0
6592,55.33,jewelry,0,1,10,16,1057.2,0
6593,79.92,travel,0,0,6,13,75.8,0
6594,51.93,dining,1,0,9,21,570.5,0
6595,61.3,fuel,0,0,20,20,633.6,0
6596,86.83,entertainment,0,0,18,14,353.4,0
6597,102.69,pharmacy,0,0,19,11,269.8,0
6598,146.37,pharmacy,0,0,8,21,683.6,0
6599,59.97,online_retail,1,0,16,17,26.3,0
6600,84.88,travel,0,0,17,17,963.8,0
6601,132.87,entertainment,0,0,6,22,631.1,0
6602,49.37,dining,0,0,12,11,1617.8,0
6603,21.81,travel,0,0,16,18,844.9,0
6604,62.53,utilities,0,0,17,15,351.1,0
6605,75.83,pharmacy,0,0,14,12,268.5,0
6606,42.89,grocery,0,0,15,13,1889.1,0
6607,75.49,jewelry,0,0,6,16,350.6,0
6608,134.68,utilities,0,0,7,11,478.5,0
6609,57.99,dining,1,0,20,18,1051.6,0
6610,85.76,fuel,0,0,16,14,647.4,0
6611,871.73,electronics,1,1,1,3,2.7,1
6612,72.36,travel,0,0,21,17,1526.1,0
6613,64.93,jewelry,0,0,10,15,474.6,0
6614,135.21,travel,0,0,8,15,1456.9,0
6615,145.35,fuel,0,0,16,20,105.8,0
6616,239.75,fuel,0,0,21,11,1125.6,0
6617,74.07,grocery,0,0,15,13,378.4,0
6618,17.82,fuel,0,0,18,15,630.1,0
6619,313.32,fuel,1,1,4,4,4.7,1
6620,233.76,online_retail,0,0,9,15,120.0,0
6621,97.57,dining,0,0,16,12,1121.3,0
6622,11.8,fuel,1,0,21,22,219.8,0
6623,188.51,dining,0,0,16,11,656.4,0
6624,79.35,grocery,0,0,17,14,2589.7,0
6625,147.44,fuel,0,0,21,14,942.0,0
6626,38.9,fuel,0,0,18,18,928.5,0
6627,34.41,grocery,0,0,10,9,459.6,0
6628,168.83,utilities,0,0,21,22,472.2,0
6629,26.3,grocery,0,0,12,18,3430.6,0
6630,16.06,jewelry,0,0,17,20,940.9,0
6631,76.7,grocery,0,0,19,18,127.9,0
6632,87.36,entertainment,0,1,21,15,107.2,0
6633,58.61,online_retail,0,0,13,15,15.7,0
6634,60.82,dining,0,0,9,15,711.9,0
6635,94.34,electronics,0,0,9,11,254.4,0
6636,19.78,fuel,1,0,16,13,177.5,0
6637,62.58,pharmacy,0,0,21,18,1292.4,0
6638,27.6,grocery,0,0,19,20,32.0,0
6639,39.83,dining,0,0,18,12,386.9,0
6640,65.85,travel,0,1,8,15,170.4,0
6641,93.1,entertainment,0,0,16,11,372.6,0
6642,100.3,fuel,0,0,17,22,453.7,0
6643,141.41,grocery,0,0,20,16,286.2,0
6644,26.8,online_retail,0,0,14,11,360.8,0
6645,80.2,fuel,0,0,19,20,648.0,0
6646,64.88,dining,0,0,7,11,766.1,0
6647,29.05,dining,0,0,21,18,1039.7,0
6648,80.48,online_retail,0,0,20,13,2047.4,0
6649,945.11,travel,1,1,3,2,3.4,1
6650,90.18,online_retail,0,0,11,13,152.0,0
6651,129.94,travel,0,0,12,14,937.7,0
6652,50.57,travel,0,0,16,21,1037.9,0
6653,81.02,travel,0,0,7,14,60.2,0
6654,136.32,electronics,0,0,9,21,27.3,0
6655,32.09,fuel,0,0,18,15,397.9,0
6656,107.42,jewelry,0,0,21,22,139.3,0
6657,158.0,entertainment,0,1,11,24,64.9,0
6658,58.68,travel,0,0,14,12,307.2,0
6659,26.99,entertainment,0,0,17,17,39.0,0
6660,83.01,utilities,0,0,13,14,852.9,0
6661,22.64,electronics,0,0,20,15,1219.9,0
6662,73.04,dining,0,0,16,16,22.2,0
6663,39.14,pharmacy,0,0,14,16,14.7,0
6664,26.06,online_retail,0,0,22,11,923.9,0
6665,78.93,online_retail,0,0,10,19,672.0,0
6666,66.77,electronics,0,0,18,16,400.8,0
6667,51.13,travel,0,0,17,16,1241.4,0
6668,50.89,dining,0,0,21,17,1101.9,0
6669,78.15,online_retail,0,0,9,8,170.9,0
6670,43.07,dining,0,0,15,17,281.9,0
6671,201.94,dining,0,0,12,9,818.4,0
6672,148.74,electronics,0,0,6,10,450.1,0
6673,72.85,dining,0,0,22,16,2544.7,0
6674,68.28,jewelry,0,0,10,15,44.3,0
6675,110.24,utilities,1,0,7,12,949.3,0
6676,16.42,fuel,0,0,17,14,972.3,0
6677,583.82,travel,0,0,2,1,19.1,1
6678,35.86,utilities,0,0,8,13,265.1,0
6679,201.45,grocery,0,0,6,18,611.6,0
6680,169.15,electronics,0,0,8,9,1342.3,0
6681,81.57,fuel,0,0,7,17,2761.5,0
6682,63.28,grocery,0,0,17,10,8.7,0
6683,11.15,pharmacy,0,0,9,11,28.3,0
6684,21.85,pharmacy,0,0,6,14,815.2,0
6685,32.89,electronics,0,0,19,15,180.0,0
6686,52.4,electronics,0,0,13,22,347.6,0
6687,129.34,jewelry,0,0,6,17,526.4,0
6688,74.65,dining,0,0,7,20,127.5,0
6689,72.78,utilities,0,0,9,22,493.3,0
6690,42.77,utilities,0,0,18,12,29.1,0
6691,42.13,electronics,0,0,9,14,171.3,0
6692,60.08,grocery,0,0,14,26,106.2,0
6693,28.64,fuel,1,0,18,9,47.8,0
6694,235.58,electronics,0,0,18,16,119.1,0
6695,42.89,online_retail,0,0,18,21,237.3,0
6696,13.1,fuel,0,0,21,20,517.1,0
6697,15.59,jewelry,0,0,7,14,1044.0,0
6698,57.55,fuel,0,0,22,16,426.2,0
6699,104.95,fuel,0,0,13,12,1.4,0
6700,85.95,dining,0,0,20,15,79.0,0
6701,54.73,electronics,0,0,13,19,1309.4,0
6702,51.51,jewelry,0,0,20,13,762.2,0
6703,42.82,electronics,0,0,7,10,1231.4,0
6704,72.1,dining,0,0,14,11,1609.8,0
6705,183.74,utilities,0,1,6,16,1231.3,0
6706,45.52,dining,0,0,7,18,418.4,0
6707,34.97,electronics,0,0,19,10,296.4,0
6708,737.08,jewelry,1,0,3,2,3.9,1
6709,152.25,utilities,0,0,8,12,300.5,0
6710,63.16,dining,0,0,15,15,1263.4,0
6711,101.81,utilities,0,0,22,13,628.7,0
6712,150.33,grocery,0,0,16,10,485.5,0
6713,68.75,online_retail,0,0,10,16,1641.1,0
6714,101.77,online_retail,0,0,15,9,115.3,0
6715,149.84,online_retail,1,0,6,15,320.8,0
6716,102.77,dining,0,0,9,16,982.7,0
6717,35.1,fuel,0,0,12,16,14.1,0
6718,157.57,fuel,0,0,11,15,831.4,0
6719,21.96,dining,1,0,12,12,1828.7,0
6720,12.81,jewelry,0,0,19,14,308.9,0
6721,24.54,utilities,0,1,18,14,1005.3,0
6722,134.24,entertainment,0,0,19,20,1529.9,0
6723,66.19,grocery,0,0,14,11,1138.7,0
6724,91.59,electronics,0,1,16,5,146.5,0
6725,119.86,entertainment,1,0,22,26,43.8,0
6726,113.54,online_retail,0,0,8,13,264.4,0
6727,21.88,dining,0,0,6,20,280.0,0
6728,4.45,fuel,0,0,9,15,1040.1,0
6729,78.23,online_retail,0,0,16,17,52.1,0
6730,21.27,grocery,0,0,6,17,351.8,0
6731,64.36,electronics,0,0,21,16,598.4,0
6732,26.42,online_retail,0,0,10,19,74.6,0
6733,108.16,jewelry,0,0,6,19,962.5,0
6734,122.48,electronics,0,0,11,12,634.7,0
6735,10.26,dining,0,0,18,12,1400.9,0
6736,126.6,grocery,0,1,19,15,1371.9,0
6737,51.83,entertainment,0,0,16,20,80.6,0
6738,154.6,travel,0,0,12,14,1173.8,0
6739,166.77,utilities,0,0,12,13,377.0,0
6740,52.13,pharmacy,0,0,6,25,112.6,0
6741,32.76,travel,0,0,8,14,566.0,0
6742,62.43,fuel,0,0,7,13,343.6,0
6743,98.48,grocery,0,0,10,16,1348.9,0
6744,106.74,utilities,0,0,22,12,270.8,0
6745,80.02,utilities,0,0,21,18,734.3,0
6746,15.42,electronics,0,0,7,16,19.0,0
6747,33.19,jewelry,0,0,18,11,1304.9,0
6748,144.57,travel,0,0,21,22,586.2,0
6749,72.74,fuel,0,1,15,13,321.2,0
6750,200.42,utilities,0,0,11,8,442.2,0
6751,121.45,fuel,0,0,11,13,618.0,0
6752,34.12,entertainment,1,0,20,15,1348.7,0
6753,34.83,electronics,0,0,22,16,181.7,0
6754,30.13,grocery,0,0,10,16,255.4,0
6755,39.86,utilities,0,0,6,14,95.2,0
6756,17.29,online_retail,0,0,13,13,1662.0,0
6757,165.6,jewelry,0,0,17,18,415.3,0
6758,77.56,utilities,0,0,6,14,301.2,0
6759,173.53,online_retail,0,0,14,19,1307.5,0
6760,69.81,electronics,0,0,18,8,88.8,0
6761,22.02,utilities,0,0,6,14,202.0,0
6762,593.84,entertainment,1,1,4,7,17.0,1
6763,185.02,jewelry,0,0,17,18,552.0,0
6764,214.94,entertainment,0,1,20,17,126.5,0
6765,47.09,pharmacy,0,0,19,18,749.9,0
6766,14.42,fuel,0,0,6,18,1200.4,0
6767,70.08,dining,0,0,16,12,131.9,0
6768,115.09,pharmacy,0,0,12,17,60.1,0
6769,73.32,electronics,0,0,6,10,389.3,0
6770,106.91,fuel,0,0,10,20,3001.6,0
6771,6.17,entertainment,0,0,17,14,435.1,0
6772,129.91,entertainment,0,0,13,16,430.8,0
6773,181.53,pharmacy,0,0,10,16,562.5,0
6774,36.24,utilities,0,0,20,9,966.4,0
6775,61.15,electronics,0,0,22,13,130.6,0
6776,8.67,jewelry,0,0,8,9,627.4,0
6777,14.1,pharmacy,0,0,16,14,4133.3,0
6778,129.12,pharmacy,0,0,11,17,184.0,0
6779,47.96,travel,0,0,7,10,338.8,0
6780,50.82,utilities,0,0,7,16,592.1,0
6781,150.57,grocery,0,0,20,13,707.2,0
6782,341.12,utilities,0,0,15,14,2666.1,0
6783,62.16,pharmacy,0,0,7,18,76.4,0
6784,19.95,jewelry,0,0,8,14,175.5,0
6785,30.62,pharmacy,0,0,8,16,693.6,0
6786,90.39,fuel,1,0,11,13,171.0,0
6787,44.2,pharmacy,0,0,6,12,1243.0,0
6788,91.33,dining,0,0,14,14,1117.3,0
6789,84.86,pharmacy,0,0,15,18,108.3,0
6790,59.56,pharmacy,0,0,11,23,715.0,0
6791,19.86,pharmacy,0,0,13,19,640.2,0
6792,25.28,entertainment,0,0,8,21,151.1,0
6793,55.01,online_retail,0,0,10,14,382.2,0
6794,28.96,entertainment,0,0,17,10,534.3,0
6795,217.07,online_retail,0,0,12,13,1022.6,0
6796,30.78,pharmacy,1,0,17,13,250.1,0
6797,16.42,fuel,0,0,21,16,682.1,0
6798,24.29,pharmacy,0,0,19,11,1398.6,0
6799,180.45,pharmacy,0,0,22,10,129.5,0
6800,10.7,travel,0,0,20,12,195.9,0
6801,23.42,entertainment,0,0,6,16,1826.9,0
6802,45.08,online_retail,0,0,7,11,1503.4,0
6803,60.63,dining,0,0,20,16,129.7,0
6804,17.21,utilities,0,0,6,19,358.2,0
6805,64.14,travel,0,0,18,13,58.9,0
6806,9.92,dining,0,0,6,12,616.7,0
6807,29.81,fuel,0,0,10,20,885.9,0
6808,112.32,electronics,0,0,10,12,1404.5,0
6809,19.04,jewelry,0,0,18,10,289.1,0
6810,57.59,pharmacy,0,1,9,13,388.4,0
6811,85.73,grocery,1,0,6,13,254.7,0
6812,48.7,entertainment,0,0,9,18,774.1,0
6813,1572.23,dining,0,1,4,4,7.4,1
6814,10.43,grocery,0,0,16,18,300.7,0
6815,104.5,online_retail,0,0,6,19,441.4,0
6816,30.11,travel,0,0,8,10,792.7,0
6817,83.62,grocery,0,0,11,18,1929.7,0
6818,40.35,pharmacy,0,0,20,16,306.1,0
6819,16.35,online_retail,1,1,6,17,162.2,0
6820,102.69,dining,0,0,17,16,350.3,0
6821,67.52,entertainment,0,0,16,15,1747.3,0
6822,838.62,entertainment,1,1,2,1,9.8,1
6823,158.69,utilities,0,0,21,11,295.5,0
6824,44.94,grocery,0,0,6,23,630.8,0
6825,70.73,travel,0,0,15,25,118.4,0
6826,114.57,travel,0,0,21,12,707.3,0
6827,123.93,utilities,0,0,13,12,1324.6,0
6828,142.88,pharmacy,0,0,22,13,586.9,0
6829,32.63,jewelry,0,0,9,21,253.0,0
6830,70.5,dining,0,0,21,14,864.8,0
6831,103.09,electronics,0,0,14,12,217.3,0
6832,16.88,online_retail,1,0,9,22,1193.1,0
6833,69.51,utilities,0,0,13,19,1510.1,0
6834,127.44,grocery,0,0,10,9,100.5,0
6835,97.41,fuel,0,0,14,11,416.4,0
6836,35.07,travel,0,0,8,16,2742.1,0
6837,43.47,jewelry,0,0,17,15,651.4,0
6838,716.85,entertainment,1,0,3,7,13.4,1
6839,99.22,fuel,0,0,19,13,76.3,0
6840,98.41,pharmacy,0,0,15,11,245.4,0
6841,192.11,online_retail,0,0,13,11,648.3,0
6842,91.07,jewelry,0,0,22,14,740.1,0
6843,117.85,fuel,0,0,8,12,317.8,0
6844,39.69,grocery,0,0,7,18,540.3,0
6845,51.96,entertainment,0,0,16,15,85.6,0
6846,157.59,entertainment,0,0,17,15,314.6,0
6847,191.47,jewelry,0,0,13,10,1157.5,0
6848,51.18,utilities,0,0,17,20,177.2,0
6849,83.76,grocery,0,0,16,6,5.4,0
6850,82.49,grocery,0,0,20,15,528.3,0
6851,64.16,electronics,0,0,18,15,426.5,0
6852,26.77,online_retail,1,1,22,14,513.8,0
6853,15.04,utilities,0,0,11,11,1442.6,0
6854,23.04,dining,1,1,18,20,258.6,0
6855,51.7,utilities,0,0,21,17,485.5,0
6856,81.46,fuel,0,1,14,9,559.9,0
6857,66.94,utilities,0,0,16,11,215.5,0
6858,64.79,dining,0,0,17,9,388.9,0
6859,44.92,fuel,0,0,8,14,311.8,0
6860,50.41,pharmacy,0,0,21,20,10.4,0
6861,70.57,dining,0,0,18,23,352.8,0
6862,21.07,dining,0,0,17,20,395.1,0
6863,752.94,utilities,1,0,0,2,18.8,1
6864,54.04,grocery,0,1,20,16,203.3,0
6865,36.1,pharmacy,0,0,22,12,574.4,0
6866,205.72,pharmacy,0,0,15,15,1833.9,0
6867,85.07,grocery,0,0,11,18,1062.5,0
6868,118.8,pharmacy,0,0,8,18,60.9,0
6869,108.58,fuel,1,0,14,12,481.6,0
6870,12.0,dining,0,0,17,18,450.6,0
6871,54.76,travel,0,0,6,19,760.1,0
6872,215.82,fuel,0,0,13,10,278.3,0
6873,110.89,online_retail,0,0,19,12,1466.5,0
6874,80.27,travel,0,0,15,16,2678.6,0
6875,86.14,dining,0,0,14,12,394.3,0
6876,53.03,grocery,0,0,22,11,1525.8,0
6877,44.08,electronics,0,0,6,15,549.6,0
6878,64.93,fuel,0,0,22,12,918.5,0
6879,71.19,utilities,1,0,19,11,293.8,0
6880,88.79,utilities,0,0,20,15,192.7,0
6881,98.25,pharmacy,0,0,11,15,1137.1,0
6882,23.1,electronics,0,0,6,15,342.6,0
6883,145.74,electronics,0,0,10,13,409.9,0
6884,881.91,online_retail,0,0,1,4,4.2,1
6885,65.57,jewelry,0,0,11,18,1200.0,0
6886,127.14,dining,0,0,6,6,209.9,0
6887,87.52,utilities,0,0,17,13,3096.4,0
6888,71.82,fuel,0,0,13,19,1689.7,0
6889,240.52,fuel,1,0,17,15,1021.9,0
6890,173.4,travel,0,0,14,10,411.2,0
6891,444.38,pharmacy,1,0,3,4,1.3,1
6892,89.2,travel,0,0,6,18,883.6,0
6893,119.33,entertainment,0,0,11,15,1115.6,0
6894,52.11,pharmacy,0,0,19,15,333.3,0
6895,17.09,fuel,0,0,18,17,82.6,0
6896,11.96,online_retail,0,0,16,13,533.6,0
6897,120.19,pharmacy,0,0,18,18,329.9,0
6898,181.01,travel,0,0,9,18,1024.6,0
6899,150.48,travel,0,0,13,19,354.0,0
6900,18.53,utilities,0,0,7,13,180.4,0
6901,129.56,travel,0,0,20,17,14.1,0
6902,111.9,pharmacy,0,0,10,15,1423.1,0
6903,127.41,pharmacy,1,0,10,16,2282.0,0
6904,127.7,online_retail,0,0,14,14,277.8,0
6905,34.15,fuel,0,0,20,19,2.7,0
6906,92.17,fuel,0,0,16,14,80.7,0
6907,26.63,jewelry,0,0,12,10,315.8,0
6908,12.19,grocery,0,0,18,22,2.8,0
6909,46.87,fuel,0,1,8,13,129.3,0
6910,936.49,grocery,0,1,3,6,0.4,1
6911,85.86,dining,0,0,19,18,415.4,0
6912,17.31,travel,0,0,19,11,250.9,0
6913,35.37,utilities,0,0,18,19,822.6,0
6914,65.0,electronics,0,0,18,21,227.9,0
6915,36.92,pharmacy,0,0,7,22,266.8,0
6916,37.67,travel,0,0,16,12,335.6,0
6917,94.2,travel,0,0,17,17,1126.9,0
6918,64.26,travel,0,0,14,11,648.4,0
6919,108.23,grocery,0,0,21,11,35.4,0
6920,159.36,dining,0,0,17,16,356.0,0
6921,112.06,electronics,0,0,11,20,199.9,0
6922,80.52,online_retail,0,0,17,18,99.5,0
6923,215.6,travel,0,0,22,11,1666.2,0
6924,36.39,utilities,0,0,21,14,396.2,0
6925,16.47,electronics,0,0,10,16,880.7,0
6926,123.9,travel,0,0,9,18,147.8,0
6927,43.64,fuel,0,0,20,12,254.1,0
6928,96.3,utilities,0,0,6,12,165.4,0
6929,43.41,dining,0,0,14,19,328.8,0
6930,54.27,grocery,0,0,10,13,365.9,0
6931,49.23,jewelry,0,0,15,23,93.0,0
6932,146.49,online_retail,0,0,12,12,270.8,0
6933,88.02,electronics,0,1,11,8,654.1,0
6934,64.54,dining,0,0,9,14,2266.5,0
6935,29.62,fuel,0,0,20,19,49.3,0
6936,89.78,utilities,0,0,15,13,111.6,0
6937,66.51,pharmacy,0,0,19,20,329.5,0
6938,71.8,electronics,0,1,18,10,1758.6,0
6939,43.25,dining,0,0,6,20,609.0,0
6940,63.23,online_retail,0,0,11,16,671.6,0
6941,56.19,grocery,0,0,15,12,1274.2,0
6942,58.27,pharmacy,0,0,20,9,443.3,0
6943,66.93,online_retail,0,0,18,14,116.6,0
6944,8.93,entertainment,0,0,18,20,21.7,0
6945,63.57,pharmacy,0,0,18,14,517.6,0
6946,66.65,travel,0,0,18,11,1345.0,0
6947,88.61,entertainment,0,0,22,17,92.3,0
6948,45.22,electronics,0,0,16,14,296.8,0
6949,22.75,utilities,0,0,10,12,897.7,0
6950,74.38,dining,0,0,19,12,924.6,0
6951,84.31,pharmacy,0,0,13,12,1074.7,0
6952,23.48,online_retail,1,1,11,15,62.1,0
6953,94.56,dining,0,0,12,10,210.6,0
6954,54.68,electronics,0,0,13,5,259.0,0
6955,95.82,dining,0,0,9,12,110.7,0
6956,49.29,electronics,0,0,20,12,73.1,0
6957,9.5,online_retail,0,0,15,13,244.6,0
6958,37.55,travel,0,1,20,20,222.9,0
6959,68.23,utilities,0,0,9,20,564.3,0
6960,62.28,fuel,0,0,10,17,447.0,0
6961,51.79,utilities,0,0,20,10,2884.4,0
6962,47.22,pharmacy,0,0,7,13,468.2,0
6963,1148.91,electronics,1,0,4,2,6.0,1
6964,112.95,online_retail,0,0,7,24,1158.5,0
6965,81.28,dining,0,0,6,12,909.0,0
6966,56.22,jewelry,0,0,8,9,1234.1,0
6967,29.29,travel,0,0,12,21,824.1,0
6968,75.87,online_retail,0,0,12,8,536.9,0
6969,71.66,electronics,0,0,13,19,10.8,0
6970,71.6,online_retail,0,0,18,15,512.7,0
6971,34.35,electronics,0,0,16,24,759.9,0
6972,85.26,jewelry,0,0,19,14,1.0,0
6973,391.44,grocery,1,1,2,2,0.6,1
6974,110.49,grocery,0,0,8,10,482.7,0
6975,73.96,dining,0,0,18,14,892.8,0
6976,79.5,dining,0,1,11,17,388.8,0
6977,26.09,dining,0,0,10,13,100.3,0
6978,73.03,entertainment,0,0,12,10,393.8,0
6979,166.94,fuel,0,0,21,21,527.2,0
6980,75.64,grocery,0,0,16,15,39.7,0
6981,63.88,pharmacy,0,0,21,25,499.6,0
6982,95.43,electronics,0,0,22,18,258.3,0
6983,67.05,pharmacy,0,0,6,18,352.3,0
6984,7.52,travel,0,0,13,16,37.3,0
6985,38.41,dining,0,0,12,17,458.4,0
6986,93.59,jewelry,0,0,22,13,593.2,0
6987,15.98,entertainment,0,0,8,19,216.2,0
6988,158.99,online_retail,0,0,14,11,163.2,0
6989,38.26,entertainment,0,0,16,17,1004.2,0
6990,51.32,travel,0,0,16,12,112.3,0
6991,58.35,pharmacy,0,0,7,11,115.0,0
6992,124.46,fuel,0,1,15,15,96.9,0
6993,146.56,pharmacy,0,0,21,15,190.4,0
6994,26.72,grocery,0,0,13,15,1325.9,0
6995,83.53,dining,0,0,8,18,626.8,0
6996,51.12,online_retail,0,0,14,19,106.1,0
6997,150.97,travel,0,0,18,11,718.4,0
6998,797.26,pharmacy,0,1,0,9,0.4,1
6999,239.21,dining,0,0,11,13,0.5,0
7000,65.01,entertainment,1,0,19,16,40.3,0
7001,207.09,travel,0,0,18,10,154.3,0
7002,48.29,travel,0,1,13,14,344.4,0
7003,35.47,utilities,1,0,16,18,43.1,0
7004,12.03,jewelry,0,1,14,14,2177.1,0
7005,45.3,fuel,0,1,22,10,1060.0,0
7006,67.98,fuel,0,0,22,15,47.7,0
7007,35.06,grocery,0,0,21,18,755.6,0
7008,751.53,electronics,1,1,0,1,15.6,1
7009,23.72,utilities,0,0,18,17,75.8,0
7010,181.3,pharmacy,0,0,8,7,1362.6,0
7011,198.25,dining,0,0,9,14,1815.0,0
7012,65.5,jewelry,0,0,17,17,353.2,0
7013,55.3,dining,0,0,21,9,1195.2,0
7014,33.55,dining,0,0,14,13,167.8,0
7015,77.27,utilities,0,0,20,8,1267.7,0
7016,45.8,utilities,0,0,12,17,643.2,0
7017,29.06,online_retail,0,0,13,17,62.6,0
7018,31.51,fuel,0,1,13,19,565.2,0
7019,42.52,dining,0,0,13,14,170.2,0
7020,99.64,pharmacy,0,0,9,11,646.8,0
7021,82.26,pharmacy,0,0,8,16,1168.9,0
7022,14.61,utilities,0,0,20,13,160.6,0
7023,96.25,dining,0,0,20,4,190.0,0
7024,38.44,online_retail,0,0,11,13,1721.7,0
7025,14.38,fuel,0,0,12,13,117.6,0
7026,95.87,jewelry,0,0,9,19,739.9,0
7027,141.63,online_retail,0,0,13,23,67.7,0
7028,59.29,online_retail,0,0,19,10,483.9,0
7029,102.54,entertainment,0,0,12,18,792.9,0
7030,57.8,fuel,0,0,14,17,4022.6,0
7031,125.58,jewelry,0,0,11,14,707.0,0
7032,116.98,fuel,0,0,13,17,573.9,0
7033,1227.89,jewelry,0,0,4,4,2.1,1
7034,181.44,travel,0,0,7,13,476.7,0
7035,8.55,fuel,0,0,21,18,176.6,0
7036,199.67,electronics,1,0,8,15,301.2,0
7037,115.52,utilities,0,1,22,15,715.0,0
7038,36.59,dining,0,0,15,20,260.7,0
7039,18.08,entertainment,0,0,17,14,683.9,0
7040,50.3,fuel,0,0,9,8,184.0,0
7041,25.99,grocery,0,0,12,10,321.8,0
7042,27.13,utilities,0,0,10,15,2.9,0
7043,35.2,pharmacy,0,0,16,13,1080.4,0
7044,85.35,online_retail,0,0,13,21,201.1,0
7045,77.49,online_retail,0,0,21,16,907.9,0
7046,32.2,online_retail,0,0,7,10,1229.1,0
7047,78.91,entertainment,0,0,12,11,1022.7,0
7048,17.13,utilities,0,0,15,13,537.2,0
7049,85.44,electronics,0,0,10,13,51.5,0
7050,44.53,utilities,0,1,14,20,291.3,0
7051,180.84,dining,0,0,15,10,4.1,0
7052,8.36,grocery,0,0,17,9,75.3,0
7053,7.84,entertainment,0,0,12,7,85.9,0
7054,14.93,jewelry,0,0,21,11,170.7,0
7055,85.75,online_retail,1,0,22,18,297.0,0
7056,50.37,electronics,0,0,21,8,1257.0,0
7057,38.66,utilities,0,0,20,14,82.2,0
7058,61.36,fuel,0,0,21,17,231.3,0
7059,68.15,utilities,0,0,22,13,228.4,0
7060,39.81,jewelry,0,0,6,12,1616.0,0
7061,42.13,electronics,0,0,14,20,225.1,0
7062,73.06,grocery,0,0,16,15,359.2,0
7063,46.71,grocery,1,0,20,6,701.1,0
7064,53.23,fuel,0,0,17,22,35.5,0
7065,88.64,entertainment,0,0,7,14,209.3,0
7066,55.22,dining,0,0,15,21,622.1,0
7067,85.51,online_retail,0,0,8,8,1022.9,0
7068,1192.63,grocery,1,0,4,5,4.3,1
7069,79.91,online_retail,0,0,6,14,1516.8,0
7070,25.88,entertainment,0,0,19,13,104.4,0
7071,48.35,entertainment,0,0,6,11,844.1,0
7072,21.34,electronics,0,1,15,12,1720.1,0
7073,103.17,utilities,0,0,7,18,853.4,0
7074,41.18,pharmacy,0,0,21,14,595.5,0
7075,95.45,grocery,0,0,19,7,1546.2,0
7076,62.1,dining,0,0,20,17,6.4,0
7077,27.19,entertainment,0,0,8,17,597.0,0
7078,57.15,fuel,0,0,20,21,251.3,0
7079,98.11,entertainment,0,0,15,21,159.4,0
7080,24.94,grocery,0,0,11,15,719.8,0
7081,235.32,entertainment,0,0,13,16,726.4,0
7082,28.9,jewelry,0,0,6,12,819.7,0
7083,72.4,grocery,1,0,21,18,308.5,0
7084,18.78,fuel,0,0,13,16,835.8,0
7085,36.09,pharmacy,0,0,22,16,344.8,0
7086,22.15,online_retail,0,0,18,13,102.2,0
7087,25.84,dining,0,0,10,14,431.7,0
7088,22.38,pharmacy,0,0,13,23,224.2,0
7089,82.05,fuel,0,0,21,15,362.2,0
7090,258.48,travel,0,0,10,18,537.6,0
7091,36.89,online_retail,0,1,6,9,860.7,0
7092,99.61,fuel,0,0,19,14,1876.7,0
7093,80.39,entertainment,0,0,10,15,1696.7,0
7094,182.92,grocery,0,0,17,12,1009.5,0
7095,63.47,electronics,0,0,21,18,627.5,0
7096,49.69,online_retail,0,0,11,17,721.6,0
7097,102.97,travel,1,0,22,16,514.4,0
7098,123.66,online_retail,0,0,15,16,1376.5,0
7099,76.1,online_retail,0,0,8,13,262.8,0
7100,35.44,travel,0,0,9,22,466.6,0
7101,66.82,utilities,0,0,15,13,143.5,0
7102,44.85,electronics,0,0,19,16,812.4,0
7103,52.1,fuel,1,1,16,17,26.8,0
7104,770.92,electronics,0,0,4,2,6.5,1
7105,75.61,fuel,0,0,19,19,858.5,0
7106,14.73,electronics,0,0,7,9,102.7,0
7107,63.89,fuel,0,1,9,19,34.6,0
7108,23.81,grocery,0,0,7,15,684.2,0
7109,23.55,fuel,0,0,18,12,775.4,0
7110,649.7,pharmacy,1,0,1,2,2.9,1
7111,72.87,dining,0,0,6,16,1340.4,0
7112,146.85,fuel,0,0,6,18,181.1,0
7113,35.9,electronics,0,0,8,13,94.3,0
7114,600.52,electronics,1,0,1,2,3.7,1
7115,73.98,electronics,1,0,6,13,1.0,0
7116,59.77,electronics,1,0,12,12,217.5,0
7117,96.76,entertainment,0,1,15,15,371.6,0
7118,1231.77,grocery,1,1,4,4,20.1,1
7119,22.64,jewelry,0,0,14,13,715.7,0
7120,155.6,electronics,0,0,15,19,78.9,0
7121,115.24,entertainment,0,0,12,23,431.5,0
7122,42.67,dining,0,1,8,16,711.7,0
7123,186.94,electronics,0,1,9,19,18.0,0
7124,111.39,grocery,0,0,9,12,606.5,0
7125,79.31,jewelry,0,0,11,10,199.7,0
7126,134.66,grocery,0,0,22,14,1197.8,0
7127,92.8,online_retail,0,0,15,16,25.4,0
7128,49.19,travel,0,0,11,15,1654.1,0
7129,7.7,travel,0,0,16,14,28.5,0
7130,171.42,travel,0,0,7,20,197.2,0
7131,124.55,jewelry,0,0,21,21,524.0,0
7132,24.35,electronics,0,0,8,14,1995.8,0
7133,43.81,fuel,0,1,10,12,1050.5,0
7134,70.65,online_retail,0,0,21,15,229.0,0
7135,120.74,pharmacy,0,0,14,16,246.3,0
7136,3.52,utilities,0,0,22,10,838.7,0
7137,101.89,pharmacy,0,0,14,14,622.6,0
7138,39.24,jewelry,0,0,8,11,1595.0,0
7139,170.58,electronics,0,0,13,15,851.3,0
7140,176.53,jewelry,0,0,7,12,218.6,0
7141,56.99,pharmacy,0,0,12,13,8.7,0
7142,43.77,pharmacy,0,0,13,15,1074.4,0
7143,27.26,utilities,0,0,12,23,357.1,0
7144,1.03,travel,0,0,19,8,21.2,0
7145,111.5,utilities,0,0,20,17,833.4,0
7146,85.56,pharmacy,0,0,6,15,335.9,0
7147,170.02,travel,0,0,18,18,809.0,0
7148,82.35,fuel,0,0,15,9,224.9,0
7149,206.45,online_retail,0,0,12,13,339.0,0
7150,91.81,entertainment,0,0,19,17,1209.1,0
7151,864.52,utilities,1,0,4,1,2.3,1
7152,839.53,jewelry,1,1,3,4,7.5,1
7153,95.32,online_retail,0,0,21,12,135.6,0
7154,81.72,fuel,0,0,6,8,673.9,0
7155,13.69,dining,0,0,12,14,208.1,0
7156,133.52,utilities,0,1,22,11,153.2,0
7157,66.72,utilities,0,0,21,7,833.5,0
7158,80.76,entertainment,0,0,15,18,986.3,0
7159,30.28,travel,0,0,12,19,1085.2,0
7160,29.91,jewelry,0,0,15,12,1063.1,0
7161,67.37,fuel,0,0,8,17,215.0,0
7162,80.23,grocery,0,0,21,19,9.9,0
7163,258.03,online_retail,0,0,7,9,2245.4,0
7164,70.67,fuel,0,0,16,14,1096.0,0
7165,110.5,fuel,0,0,19,14,191.3,0
7166,467.2,online_retail,0,1,4,1,11.2,1
7167,22.78,dining,0,0,16,11,261.1,0
7168,53.31,fuel,0,0,16,11,103.7,0
7169,32.97,travel,0,0,12,21,190.7,0
7170,157.82,online_retail,0,0,18,16,32.7,0
7171,93.92,fuel,0,0,15,15,691.6,0
7172,57.63,utilities,0,0,21,13,630.5,0
7173,125.29,fuel,0,0,19,28,479.1,0
7174,53.36,grocery,1,0,13,11,70.3,0
7175,33.94,dining,0,0,19,20,721.9,0
7176,82.87,pharmacy,0,0,19,14,1329.1,0
7177,115.81,electronics,0,0,19,16,195.7,0
7178,102.13,travel,0,0,21,15,36.6,0
7179,124.5,travel,0,0,19,11,163.6,0
7180,227.22,entertainment,0,0,20,10,96.5,0
7181,127.86,travel,0,0,11,11,17.4,0
7182,76.05,utilities,0,0,22,21,170.3,0
7183,35.53,jewelry,0,0,18,15,305.0,0
7184,74.65,grocery,0,0,14,15,420.5,0
7185,16.16,entertainment,0,0,12,13,2870.0,0
7186,100.92,online_retail,0,0,19,11,1495.5,0
7187,40.78,entertainment,0,0,13,14,375.7,0
7188,136.47,jewelry,0,0,15,14,389.4,0
7189,49.57,grocery,0,0,17,19,47.8,0
7190,186.85,grocery,0,0,15,12,788.4,0
7191,195.61,utilities,0,0,10,16,191.8,0
7192,852.41,grocery,1,0,4,0,8.0,1
7193,28.29,entertainment,0,0,7,14,136.0,0
7194,67.0,utilities,0,0,8,14,257.6,0
7195,149.72,electronics,0,1,21,12,255.4,0
7196,27.47,electronics,0,0,17,17,331.9,0
7197,167.81,utilities,0,0,18,9,304.5,0
7198,36.74,jewelry,0,0,18,24,126.9,0
7199,104.54,utilities,0,0,19,13,992.5,0
7200,60.84,electronics,0,0,17,17,518.6,0
7201,52.02,dining,0,0,13,21,74.4,0
7202,95.9,fuel,0,1,18,19,106.5,0
7203,30.49,pharmacy,0,0,11,12,141.8,0
7204,98.23,jewelry,0,0,13,15,1581.6,0
7205,59.72,grocery,0,0,7,9,412.8,0
7206,14.97,dining,0,0,20,18,454.6,0
7207,113.99,electronics,0,0,19,11,2.7,0
7208,145.95,fuel,0,1,6,13,405.8,0
7209,15.65,entertainment,0,0,8,19,693.3,0
7210,190.09,dining,0,0,9,16,115.5,0
7211,30.26,online_retail,0,0,13,14,453.5,0
7212,102.34,travel,0,0,13,12,1080.4,0
7213,25.29,utilities,0,0,20,15,727.4,0
7214,63.94,fuel,0,0,11,9,1168.7,0
7215,32.94,online_retail,0,0,10,16,122.1,0
7216,108.54,travel,0,0,6,15,583.2,0
7217,55.18,online_retail,0,0,15,14,237.2,0
7218,26.97,utilities,1,0,17,16,1248.9,0
7219,31.35,fuel,0,0,7,21,243.9,0
7220,46.01,utilities,0,0,15,9,704.4,0
7221,108.13,utilities,0,0,11,15,262.9,0
7222,19.2,dining,0,0,9,17,139.3,0
7223,2.18,dining,0,0,19,21,522.4,0
7224,40.5,utilities,0,0,22,21,39.4,0
7225,34.19,online_retail,0,0,9,13,1150.1,0
7226,22.77,jewelry,0,0,19,12,2256.5,0
7227,122.96,electronics,0,0,21,16,1583.3,0
7228,137.51,online_retail,0,1,12,12,115.2,0
7229,252.39,travel,0,0,19,12,2158.0,0
7230,144.63,travel,0,1,11,10,253.4,0
7231,129.24,online_retail,0,0,22,14,296.0,0
7232,21.95,travel,0,0,10,23,338.6,0
7233,39.49,fuel,0,0,18,21,1126.9,0
7234,34.19,fuel,0,0,16,19,161.7,0
7235,249.95,dining,1,1,0,4,2.3,1
7236,38.89,travel,0,0,13,12,493.2,0
7237,122.24,entertainment,0,0,7,19,820.7,0
7238,37.13,fuel,0,0,6,16,232.6,0
7239,123.94,utilities,0,0,13,12,2039.1,0
7240,53.99,entertainment,0,0,22,14,1231.6,0
7241,93.36,dining,0,0,21,18,454.6,0
7242,35.55,utilities,0,0,13,19,57.8,0
7243,130.46,electronics,0,0,21,11,707.3,0
7244,79.69,fuel,0,0,20,17,1274.4,0
7245,60.1,electronics,0,0,15,20,562.1,0
7246,81.12,utilities,0,0,14,13,322.4,0
7247,62.67,pharmacy,1,0,12,17,1503.2,0
7248,58.94,online_retail,0,0,17,14,82.2,0
7249,25.37,grocery,0,0,6,17,394.4,0
7250,81.06,online_retail,0,0,6,18,784.0,0
7251,22.95,entertainment,0,0,15,8,4.3,0
7252,103.41,travel,0,0,20,20,1989.5,0
7253,344.7,fuel,0,0,22,12,26.4,0
7254,16.12,online_retail,0,0,8,10,306.2,0
7255,94.24,pharmacy,0,0,9,18,394.1,0
7256,54.31,utilities,0,0,13,14,146.8,0
7257,395.24,utilities,0,0,16,12,540.7,0
7258,14.86,dining,0,0,15,14,2009.0,0
7259,137.25,electronics,0,0,6,15,2527.0,0
7260,21.35,online_retail,0,0,6,22,567.8,0
7261,70.0,grocery,0,0,18,10,28.0,0
7262,3.67,pharmacy,0,0,8,16,1115.8,0
7263,6.59,fuel,0,0,22,10,650.8,0
7264,29.11,online_retail,0,0,16,24,899.7,0
7265,78.5,travel,0,0,20,19,505.9,0
7266,219.56,jewelry,0,0,12,17,519.8,0
7267,84.81,fuel,0,0,22,14,342.6,0
7268,72.43,fuel,0,0,9,19,257.4,0
7269,116.94,dining,0,0,16,13,62.9,0
7270,19.88,online_retail,0,0,16,13,151.4,0
7271,120.09,entertainment,0,0,13,13,265.3,0
7272,545.77,electronics,1,1,4,2,5.8,1
7273,76.23,jewelry,0,0,15,14,530.3,0
7274,120.55,fuel,0,1,16,14,623.5,0
7275,63.82,travel,0,0,7,15,171.6,0
7276,50.17,entertainment,1,0,9,14,416.7,0
7277,147.09,utilities,1,0,21,6,562.9,0
7278,135.02,online_retail,0,0,19,17,764.2,0
7279,102.98,fuel,0,0,15,15,1415.8,0
7280,19.44,online_retail,0,0,14,20,892.1,0
7281,45.92,utilities,0,0,12,17,948.4,0
7282,15.82,jewelry,0,0,6,12,3659.8,0
7283,101.94,fuel,0,0,14,19,27.8,0
7284,76.52,grocery,0,0,17,11,495.6,0
7285,7.67,electronics,0,0,20,18,408.7,0
7286,44.98,dining,0,1,18,10,296.1,0
7287,88.81,jewelry,0,0,17,16,564.1,0
7288,172.77,jewelry,0,0,12,12,1738.4,0
7289,11.38,entertainment,0,0,17,24,901.7,0
7290,91.69,pharmacy,0,0,12,13,1221.3,0
7291,112.17,grocery,0,0,6,20,2450.2,0
7292,127.6,online_retail,1,0,6,16,649.7,0
7293,20.97,grocery,0,0,7,15,1190.7,0
7294,73.91,pharmacy,0,0,16,10,20.2,0
7295,13.87,online_retail,0,0,19,14,43.7,0
7296,130.19,fuel,0,0,9,13,80.5,0
7297,86.64,grocery,0,0,9,11,323.2,0
7298,30.77,jewelry,0,0,8,11,43.6,0
7299,172.25,travel,1,0,8,12,348.6,0
7300,17.93,jewelry,0,0,18,16,94.5,0
7301,24.85,online_retail,0,0,18,19,1272.5,0
7302,11.61,grocery,0,0,13,13,109.4,0
7303,65.9,dining,0,0,11,16,2817.3,0
7304,35.24,jewelry,0,0,9,11,647.5,0
7305,69.46,online_retail,0,0,13,13,185.2,0
7306,79.82,electronics,0,0,9,12,1196.7,0
7307,55.6,jewelry,0,0,13,16,136.2,0
7308,16.22,travel,0,0,7,18,1012.3,0
7309,32.47,online_retail,0,1,20,13,214.6,0
7310,15.45,entertainment,0,0,22,14,1751.5,0
7311,68.41,jewelry,0,0,6,15,213.6,0
7312,65.36,online_retail,0,0,15,22,188.5,0
7313,72.56,utilities,0,0,6,17,186.1,0
7314,33.17,entertainment,0,0,15,15,495.3,0
7315,34.35,fuel,0,0,12,12,117.6,0
7316,71.13,travel,0,0,17,18,783.1,0
7317,91.37,utilities,1,0,11,15,890.0,0
7318,120.29,pharmacy,0,0,10,10,813.6,0
7319,132.54,electronics,0,0,16,11,394.1,0
7320,35.45,travel,0,0,9,12,260.6,0
7321,105.31,fuel,0,0,21,13,11.7,0
7322,34.12,online_retail,0,0,11,18,236.4,0
7323,42.64,fuel,1,0,13,12,1313.4,0
7324,12.41,travel,0,0,22,14,2052.7,0
7325,104.66,utilities,0,0,20,15,266.0,0
7326,36.77,travel,0,0,6,7,148.9,0
7327,57.37,utilities,0,0,12,21,1230.6,0
7328,32.9,electronics,0,0,22,16,317.5,0
7329,40.6,travel,0,0,9,14,75.3,0
7330,60.34,jewelry,0,0,7,22,743.6,0
7331,82.64,pharmacy,0,0,6,17,342.9,0
7332,61.48,pharmacy,0,0,12,21,1159.2,0
7333,125.3,pharmacy,0,0,7,21,741.7,0
7334,87.05,fuel,0,0,16,14,270.8,0
7335,104.47,fuel,0,0,20,9,123.8,0
7336,67.15,entertainment,0,0,12,18,1612.5,0
7337,21.86,fuel,0,0,14,17,625.0,0
7338,59.22,dining,0,0,19,13,281.1,0
7339,26.8,grocery,0,0,19,17,502.6,0
7340,191.15,travel,0,0,21,14,2407.2,0
7341,65.68,pharmacy,0,0,6,9,952.0,0
7342,37.73,fuel,0,0,14,13,1762.8,0
7343,210.19,utilities,0,0,10,17,811.2,0
7344,88.36,dining,0,1,9,10,1879.9,0
7345,65.15,fuel,0,0,17,18,478.3,0
7346,67.39,electronics,0,0,12,15,41.2,0
7347,34.95,jewelry,0,0,17,11,259.5,0
7348,86.51,online_retail,0,0,11,11,1277.8,0
7349,268.88,electronics,0,0,22,11,11.7,0
7350,186.95,online_retail,0,0,17,15,76.2,0
7351,118.56,jewelry,0,0,6,25,1249.4,0
7352,95.68,grocery,0,0,10,19,559.3,0
7353,165.26,travel,0,0,11,23,716.3,0
7354,149.42,utilities,0,1,12,19,544.2,0
7355,116.18,electronics,0,0,9,15,866.8,0
7356,65.67,travel,0,0,20,12,297.2,0
7357,38.32,jewelry,0,0,6,18,1095.7,0
7358,18.0,utilities,0,0,21,10,417.7,0
7359,88.81,dining,1,0,14,11,263.1,0
7360,55.83,travel,0,0,14,21,3639.3,0
7361,33.39,online_retail,0,0,21,16,1113.4,0
7362,21.83,jewelry,0,0,9,15,212.7,0
7363,23.14,jewelry,1,0,19,18,415.6,0
7364,93.19,fuel,0,1,12,17,108.6,0
7365,135.77,jewelry,0,0,18,25,93.8,0
7366,172.87,online_retail,0,0,6,15,1095.1,0
7367,140.5,online_retail,0,0,9,14,707.4,0
7368,209.18,electronics,0,0,22,17,331.7,0
7369,109.5,utilities,0,0,10,9,1022.0,0
7370,25.32,grocery,0,0,20,16,20.8,0
7371,57.22,utilities,1,0,11,13,363.3,0
7372,128.76,utilities,0,0,20,10,201.9,0
7373,59.95,fuel,0,0,7,21,237.6,0
7374,27.37,pharmacy,0,0,21,18,255.9,0
7375,284.98,electronics,0,0,8,11,819.6,0
7376,52.63,grocery,0,1,12,12,1000.1,0
7377,78.86,dining,0,0,19,11,18.5,0
7378,97.31,electronics,0,1,7,15,3090.9,0
7379,19.72,jewelry,0,0,15,15,262.6,0
7380,53.41,travel,0,0,7,17,136.1,0
7381,29.05,fuel,0,0,8,20,465.0,0
7382,55.21,electronics,0,0,21,9,112.3,0
7383,113.96,grocery,1,0,22,12,57.2,0
7384,37.42,utilities,0,0,10,9,151.6,0
7385,140.22,online_retail,0,0,21,11,52.3,0
7386,44.41,fuel,0,0,8,14,436.1,0
7387,143.77,entertainment,0,0,10,14,142.1,0
7388,142.56,utilities,0,0,15,20,430.2,0
7389,66.81,grocery,0,0,6,12,2828.3,0
7390,28.86,utilities,0,0,20,15,470.5,0
7391,45.3,online_retail,0,0,19,10,982.3,0
7392,32.04,dining,0,0,12,7,163.4,0
7393,94.1,grocery,0,0,21,10,371.0,0
7394,41.58,grocery,0,0,15,19,311.7,0
7395,138.62,online_retail,0,0,18,15,301.5,0
7396,43.68,travel,0,0,16,16,211.3,0
7397,13.58,electronics,0,0,22,23,347.7,0
7398,136.49,travel,0,0,7,14,72.4,0
7399,945.05,fuel,1,0,2,4,12.0,1
7400,5.36,travel,0,0,20,22,2262.7,0
7401,208.44,dining,0,0,8,18,797.1,0
7402,108.45,entertainment,0,0,7,12,337.5,0
7403,76.67,jewelry,0,0,8,18,822.9,0
7404,49.51,grocery,0,0,8,9,406.8,0
7405,48.42,fuel,0,0,20,13,1421.0,0
7406,72.47,jewelry,0,0,11,14,838.7,0
7407,71.02,travel,0,0,13,19,370.2,0
7408,34.32,travel,0,0,13,15,989.8,0
7409,23.68,grocery,0,0,10,12,656.3,0
7410,201.89,jewelry,0,0,20,13,41.2,0
7411,56.48,utilities,0,0,14,14,45.5,0
7412,58.76,fuel,0,0,9,17,210.4,0
7413,82.76,travel,0,0,21,13,153.0,0
7414,43.44,pharmacy,0,0,8,20,17.3,0
7415,65.43,utilities,0,0,15,18,1569.2,0
7416,19.86,travel,0,0,15,14,188.5,0
7417,47.54,online_retail,0,0,14,9,467.8,0
7418,98.77,electronics,0,0,22,7,185.8,0
7419,54.94,pharmacy,0,0,17,19,261.7,0
7420,61.97,pharmacy,1,0,11,16,763.4,0
7421,117.35,entertainment,0,0,6,11,588.5,0
7422,78.75,entertainment,0,0,21,7,13.5,0
7423,591.65,travel,0,0,0,0,3.9,1
7424,94.91,electronics,0,1,7,14,1794.1,0
7425,168.98,electronics,0,0,13,15,30.0,0
7426,151.44,online_retail,0,0,8,18,2300.1,0
7427,96.13,travel,0,0,22,9,43.7,0
7428,80.14,electronics,0,0,21,16,914.0,0
7429,126.96,fuel,0,0,17,16,515.6,0
7430,58.46,travel,0,0,18,9,579.6,0
7431,693.91,travel,1,1,0,2,7.2,1
7432,12.52,utilities,0,0,10,12,1259.1,0
7433,31.86,jewelry,0,0,15,17,506.8,0
7434,50.34,dining,1,0,15,15,726.2,0
7435,43.15,dining,0,1,10,18,1193.8,0
7436,211.83,jewelry,0,0,6,13,91.0,0
7437,82.04,online_retail,0,0,22,22,37.7,0
7438,129.98,electronics,0,0,21,12,54.3,0
7439,154.65,jewelry,0,0,22,16,475.5,0
7440,131.53,dining,1,0,9,11,354.7,0
7441,33.81,grocery,0,0,8,9,1194.5,0
7442,62.73,electronics,0,0,14,13,254.3,0
7443,249.24,entertainment,0,0,6,18,1216.6,0
7444,53.66,grocery,0,0,15,11,799.1,0
7445,102.1,entertainment,0,0,12,14,229.6,0
7446,65.56,online_retail,0,0,6,13,321.7,0
7447,26.97,fuel,0,0,9,13,1503.8,0
7448,137.59,entertainment,0,0,8,12,1415.0,0
7449,106.37,utilities,0,0,18,23,234.2,0
7450,50.64,utilities,0,0,10,12,70.7,0
7451,129.37,pharmacy,0,0,17,16,674.6,0
7452,147.91,entertainment,0,0,19,9,186.0,0
7453,13.57,pharmacy,0,0,16,17,137.2,0
7454,113.86,jewelry,0,0,15,13,186.9,0
7455,51.92,electronics,0,0,10,14,226.3,0
7456,11.03,grocery,0,0,13,9,251.2,0
7457,66.4,jewelry,0,0,18,20,1258.0,0
7458,223.77,online_retail,0,0,8,15,592.5,0
7459,44.63,jewelry,0,0,8,21,1285.9,0
7460,391.94,dining,1,1,2,0,13.8,1
7461,52.6,dining,0,0,14,13,841.1,0
7462,310.04,travel,0,0,19,9,80.1,0
7463,159.36,pharmacy,0,0,14,12,242.4,0
7464,54.6,fuel,1,0,11,13,70.3,0
7465,40.71,electronics,0,0,20,17,549.0,0
7466,113.62,online_retail,0,0,10,19,492.1,0
7467,22.26,online_retail,0,0,14,19,169.0,0
7468,134.55,travel,1,0,17,13,764.3,0
7469,127.49,entertainment,0,0,13,9,14.2,0
7470,23.2,electronics,1,0,18,14,51.7,0
7471,115.37,pharmacy,0,1,11,19,767.2,0
7472,10.9,electronics,0,0,7,18,165.4,0
7473,166.57,travel,0,0,16,19,1172.3,0
7474,46.02,dining,0,0,22,17,2474.1,0
7475,38.9,entertainment,0,0,8,17,4195.3,0
7476,93.36,online_retail,0,0,10,13,404.2,0
7477,31.7,pharmacy,0,0,22,14,292.0,0
7478,145.99,jewelry,0,1,10,12,1365.1,0
7479,77.59,grocery,0,0,8,11,559.3,0
7480,14.94,online_retail,0,0,7,13,1318.1,0
7481,12.29,grocery,1,1,16,20,159.4,0
7482,35.88,electronics,0,0,21,14,541.2,0
7483,172.35,utilities,0,0,8,20,874.5,0
7484,159.76,travel,0,0,8,15,993.3,0
7485,14.05,dining,1,0,10,13,130.1,0
7486,82.62,utilities,0,0,7,24,57.5,0
7487,64.76,grocery,0,0,10,22,610.1,0
7488,59.25,entertainment,0,0,22,10,82.8,0
7489,92.74,travel,0,1,15,12,1038.1,0
7490,267.3,dining,0,0,20,19,226.2,0
7491,67.77,utilities,0,0,6,12,725.4,0
7492,106.2,travel,0,0,15,16,136.6,0
7493,133.4,fuel,0,0,7,13,350.1,0
7494,50.86,online_retail,0,0,10,16,571.0,0
7495,39.7,fuel,0,0,22,12,139.3,0
7496,43.92,dining,0,1,9,16,343.2,0
7497,37.72,grocery,0,0,9,15,87.8,0
7498,52.63,dining,0,0,22,12,2250.9,0
7499,68.63,travel,0,0,6,12,1261.7,0
7500,34.91,fuel,0,0,22,16,263.0,0
7501,33.31,electronics,0,0,12,13,890.4,0
7502,67.66,grocery,0,0,15,13,3292.9,0
7503,30.78,dining,0,0,14,11,995.7,0
7504,40.16,travel,0,0,14,11,187.9,0
7505,140.19,entertainment,0,0,6,18,72.1,0
7506,90.43,grocery,0,0,13,15,18.9,0
7507,56.85,pharmacy,0,0,21,16,450.4,0
7508,118.03,pharmacy,0,0,21,14,1813.7,0
7509,152.26,jewelry,0,0,9,12,20.9,0
7510,136.47,dining,0,0,6,16,706.4,0
7511,19.36,jewelry,0,0,21,17,944.1,0
7512,76.36,electronics,0,0,21,10,244.9,0
7513,87.01,dining,0,0,14,14,1365.3,0
7514,36.65,fuel,0,0,21,16,653.4,0
7515,283.89,electronics,0,0,21,12,385.3,0
7516,112.78,entertainment,0,1,15,6,83.3,0
7517,15.65,entertainment,0,0,15,21,140.1,0
7518,73.6,jewelry,0,0,7,24,708.7,0
7519,83.5,electronics,0,0,13,13,1066.0,0
7520,195.51,online_retail,0,0,7,14,174.6,0
7521,67.84,online_retail,0,0,8,15,1004.8,0
7522,63.0,online_retail,0,0,17,16,435.1,0
7523,28.43,travel,0,0,12,17,563.6,0
7524,88.54,jewelry,0,1,20,19,178.9,0
7525,47.7,grocery,0,0,21,17,807.1,0
7526,55.39,utilities,0,0,20,10,268.0,0
7527,35.02,utilities,0,0,9,11,2037.3,0
7528,138.38,fuel,0,0,9,10,229.6,0
7529,100.58,fuel,0,0,20,14,13.7,0
7530,16.21,pharmacy,0,0,18,16,59.0,0
7531,30.07,entertainment,0,0,15,11,120.3,0
7532,95.48,dining,0,0,15,20,603.9,0
7533,113.48,grocery,0,0,13,11,1689.3,0
7534,85.94,electronics,0,0,18,20,670.3,0
7535,212.81,dining,0,0,17,24,473.8,0
7536,129.59,fuel,0,0,10,11,1526.4,0
7537,79.24,fuel,0,0,16,14,414.1,0
7538,116.22,grocery,0,0,13,10,606.0,0
7539,17.99,entertainment,0,0,11,19,301.8,0
7540,87.43,jewelry,0,0,10,9,77.9,0
7541,25.52,utilities,0,0,15,13,663.4,0
7542,204.22,grocery,0,0,7,18,177.0,0
7543,139.51,fuel,1,0,19,21,113.6,0
7544,123.97,online_retail,1,0,13,12,229.9,0
7545,149.66,pharmacy,0,0,20,15,957.0,0
7546,79.3,jewelry,0,0,15,23,243.7,0
7547,28.6,fuel,0,0,13,15,459.4,0
7548,100.6,travel,0,0,9,13,1364.1,0
7549,24.53,dining,0,0,11,13,173.9,0
7550,76.99,online_retail,0,0,10,8,153.4,0
7551,204.28,utilities,0,0,14,13,423.5,0
7552,74.51,electronics,0,0,12,15,4.9,0
7553,77.54,jewelry,0,0,8,12,187.4,0
7554,25.46,travel,0,0,18,16,886.5,0
7555,25.51,utilities,0,0,9,17,1400.7,0
7556,165.1,pharmacy,0,0,10,16,0.0,0
7557,21.71,fuel,0,0,19,21,54.5,0
7558,11.21,grocery,0,0,11,20,1032.9,0
7559,26.58,fuel,0,0,13,16,303.3,0
7560,155.14,entertainment,0,0,12,18,1948.7,0
7561,19.07,online_retail,0,0,21,10,524.4,0
7562,17.37,electronics,0,0,8,16,86.6,0
7563,79.22,jewelry,0,0,11,11,405.5,0
7564,119.49,pharmacy,0,0,6,17,22.7,0
7565,26.28,jewelry,0,1,10,12,795.1,0
7566,102.57,jewelry,0,0,12,19,567.9,0
7567,290.42,jewelry,0,0,21,8,1203.2,0
7568,46.76,utilities,0,0,12,10,2021.3,0
7569,72.54,fuel,1,0,11,16,1048.7,0
7570,679.47,fuel,1,1,2,1,3.3,1
7571,46.79,travel,0,0,10,16,513.9,0
7572,34.36,pharmacy,0,0,20,14,672.0,0
7573,257.31,utilities,0,0,13,12,260.6,0
7574,54.7,jewelry,0,0,15,12,271.7,0
7575,60.64,pharmacy,0,0,18,17,825.7,0
7576,46.86,electronics,0,0,10,18,71.7,0
7577,25.02,grocery,0,0,9,13,382.2,0
7578,39.62,electronics,0,1,12,11,59.9,0
7579,111.64,entertainment,0,0,14,14,428.3,0
7580,102.98,travel,0,0,15,13,215.8,0
7581,22.4,fuel,0,1,7,11,73.6,0
7582,312.86,utilities,0,0,21,13,64.9,0
7583,3.01,travel,0,0,6,18,3475.3,0
7584,35.86,utilities,0,0,9,14,396.0,0
7585,5.79,entertainment,0,1,14,18,2735.7,0
7586,33.35,grocery,0,0,10,21,516.1,0
7587,172.57,fuel,0,0,7,20,64.0,0
7588,128.22,travel,0,0,13,11,424.5,0
7589,135.75,online_retail,0,0,19,13,300.4,0
7590,251.35,dining,0,0,17,16,1657.0,0
7591,31.9,grocery,0,0,21,16,1213.5,0
7592,123.25,pharmacy,0,0,8,15,22.6,0
7593,168.33,fuel,0,0,16,13,295.1,0
7594,127.89,online_retail,0,0,22,20,243.1,0
7595,136.27,dining,0,0,16,14,501.5,0
7596,82.91,travel,0,0,6,17,4098.1,0
7597,256.39,entertainment,0,0,21,18,226.0,0
7598,49.01,online_retail,0,0,12,14,17.0,0
7599,54.99,jewelry,0,0,6,15,561.7,0
7600,63.88,dining,1,0,19,18,84.1,0
7601,63.0,dining,0,1,9,11,20.2,0
7602,56.69,entertainment,0,0,13,10,1179.8,0
7603,148.22,jewelry,0,0,19,8,1274.4,0
7604,16.15,pharmacy,0,1,8,11,1479.5,0
7605,133.4,travel,0,0,22,10,784.2,0
7606,146.82,fuel,0,0,18,23,743.9,0
7607,89.15,travel,0,0,13,22,744.3,0
7608,32.58,entertainment,0,0,12,11,843.4,0
7609,52.38,fuel,0,0,20,16,325.2,0
7610,38.95,grocery,0,0,9,14,772.0,0
7611,38.28,pharmacy,0,0,12,20,764.5,0
7612,15.3,dining,0,0,7,20,962.6,0
7613,30.13,grocery,0,0,21,9,546.5,0
7614,93.01,online_retail,0,0,10,20,404.5,0
7615,145.81,utilities,0,0,14,17,690.6,0
7616,86.54,utilities,0,0,22,14,132.5,0
7617,91.88,grocery,0,0,8,9,534.8,0
7618,101.15,travel,0,0,11,13,144.8,0
7619,64.38,fuel,0,0,20,11,666.0,0
7620,364.59,dining,0,0,2,1,5.1,1
7621,191.49,jewelry,0,0,20,15,951.8,0
7622,25.08,dining,0,0,8,14,793.0,0
7623,177.67,jewelry,0,0,22,15,311.2,0
7624,101.65,grocery,0,0,14,12,173.7,0
7625,112.95,fuel,0,0,20,18,366.4,0
7626,33.01,dining,0,0,20,20,334.5,0
7627,706.71,electronics,0,0,3,1,0.4,1
7628,67.74,jewelry,0,0,8,15,40.9,0
7629,121.52,fuel,0,0,18,19,32.9,0
7630,70.19,travel,0,0,20,19,694.2,0
7631,37.01,jewelry,0,0,22,23,641.7,0
7632,83.77,entertainment,0,0,6,13,47.6,0
7633,61.19,fuel,0,1,9,22,9.0,0
7634,22.7,online_retail,0,0,11,9,945.1,0
7635,54.68,pharmacy,0,0,13,13,221.3,0
7636,23.02,travel,0,1,7,21,17.5,0
7637,16.73,pharmacy,1,0,20,11,921.6,0
7638,103.82,fuel,0,0,8,14,1377.4,0
7639,271.86,grocery,0,0,18,24,1292.2,0
7640,182.74,grocery,1,0,11,19,50.0,0
7641,32.14,pharmacy,0,0,17,11,66.1,0
7642,114.05,pharmacy,0,0,17,15,1317.4,0
7643,111.48,utilities,0,0,11,20,758.0,0
7644,105.78,online_retail,0,1,13,10,1225.2,0
7645,265.05,fuel,0,0,13,27,553.0,0
7646,91.63,electronics,0,0,10,17,319.1,0
7647,35.37,jewelry,0,0,21,16,242.8,0
7648,56.46,utilities,0,0,6,22,367.8,0
7649,161.1,fuel,0,0,7,10,525.9,0
7650,123.72,jewelry,0,0,19,15,134.4,0
7651,42.3,dining,0,0,17,17,3.9,0
7652,58.87,fuel,0,0,15,14,1671.3,0
7653,34.19,travel,0,0,13,11,9.4,0
7654,7.74,online_retail,0,0,8,19,655.1,0
7655,54.45,entertainment,0,0,14,20,69.1,0
7656,95.76,dining,0,1,11,23,300.9,0
7657,39.85,pharmacy,0,0,17,21,1087.7,0
7658,83.34,online_retail,0,0,12,13,195.8,0
7659,94.06,dining,0,0,16,11,86.3,0
7660,336.16,dining,0,0,17,20,139.1,0
7661,52.94,entertainment,0,0,22,9,1387.6,0
7662,73.27,dining,0,0,17,12,166.1,0
7663,6.67,online_retail,0,0,8,18,687.8,0
7664,112.12,pharmacy,0,0,19,17,441.4,0
7665,96.1,jewelry,0,0,6,14,981.3,0
7666,95.28,utilities,0,0,17,14,1279.1,0
7667,58.05,fuel,0,0,19,8,749.2,0
7668,63.92,jewelry,0,0,10,16,266.5,0
7669,45.34,online_retail,0,1,12,15,634.3,0
7670,157.56,grocery,0,0,20,24,203.4,0
7671,78.02,fuel,0,0,7,13,896.3,0
7672,20.61,fuel,0,1,10,17,1229.4,0
7673,105.01,entertainment,0,0,9,14,1763.6,0
7674,20.67,travel,0,0,13,19,358.9,0
7675,12.38,electronics,0,1,14,14,606.9,0
7676,100.68,grocery,0,0,7,24,448.3,0
7677,52.3,travel,0,0,15,12,59.9,0
7678,44.68,grocery,0,1,17,17,82.2,0
7679,6.24,utilities,0,0,18,11,882.2,0
7680,21.13,grocery,0,0,17,14,130.6,0
7681,85.06,grocery,0,0,14,15,358.5,0
7682,149.04,jewelry,0,0,7,10,644.6,0
7683,30.09,dining,0,0,14,16,1150.2,0
7684,78.56,travel,0,0,13,18,802.6,0
7685,96.93,fuel,0,0,9,14,506.4,0
7686,85.05,dining,0,0,12,14,425.6,0
7687,144.55,travel,0,0,20,14,1479.0,0
7688,53.62,travel,0,0,17,11,126.6,0
7689,78.91,dining,0,0,19,17,375.7,0
7690,90.67,fuel,0,1,9,14,19.7,0
7691,49.69,pharmacy,0,0,18,18,622.0,0
7692,142.9,online_retail,0,0,16,18,306.7,0
7693,115.92,online_retail,0,0,6,22,629.9,0
7694,812.25,entertainment,0,1,2,4,7.9,1
7695,39.34,utilities,0,1,15,12,368.5,0
7696,82.78,dining,0,0,13,13,1014.7,0
7697,19.66,electronics,0,0,18,14,467.3,0
7698,127.63,utilities,0,0,6,14,946.0,0
7699,70.23,fuel,0,0,14,13,2362.3,0
7700,81.94,utilities,0,0,22,12,1580.7,0
7701,191.59,electronics,0,0,19,11,1337.9,0
7702,7.79,entertainment,0,0,17,19,171.1,0
7703,27.11,grocery,0,0,18,17,295.2,0
7704,71.13,pharmacy,1,0,20,16,140.9,0
7705,47.15,entertainment,0,0,20,14,919.0,0
7706,128.36,dining,0,0,17,5,333.0,0
7707,25.02,dining,0,0,6,12,2663.6,0
7708,98.63,pharmacy,0,0,22,18,381.6,0
7709,23.62,utilities,0,0,12,17,748.6,0
7710,43.82,entertainment,0,0,22,16,392.9,0
7711,122.56,pharmacy,0,0,6,21,74.1,0
7712,27.79,electronics,0,0,12,16,356.3,0
7713,52.83,electronics,0,0,10,9,80.6,0
7714,144.81,pharmacy,0,1,22,6,543.8,0
7715,98.87,utilities,0,0,16,14,67.6,0
7716,30.47,electronics,0,0,13,13,112.6,0
7717,22.06,entertainment,0,0,18,14,43.2,0
7718,56.24,entertainment,0,1,13,13,890.2,0
7719,195.83,dining,0,0,19,16,126.8,0
7720,190.44,dining,0,0,20,9,753.0,0
7721,162.25,travel,0,0,18,7,159.0,0
7722,80.39,electronics,0,0,12,19,667.3,0
7723,134.56,fuel,0,0,8,17,173.5,0
7724,58.87,online_retail,0,0,20,20,111.1,0
7725,108.64,pharmacy,0,0,17,16,267.3,0
7726,44.52,electronics,0,0,15,13,829.2,0
7727,105.49,jewelry,0,0,16,10,1059.0,0
7728,21.49,fuel,0,0,12,11,605.3,0
7729,105.19,pharmacy,0,0,15,17,124.4,0
7730,32.88,online_retail,0,0,7,17,573.7,0
7731,27.96,jewelry,0,0,8,17,355.9,0
7732,204.9,jewelry,0,0,20,17,407.4,0
7733,82.16,travel,0,0,21,23,167.7,0
7734,82.05,utilities,0,1,6,10,553.7,0
7735,122.12,pharmacy,0,0,19,15,368.8,0
7736,43.34,travel,0,0,9,16,1343.0,0
7737,27.84,dining,0,1,18,11,1800.7,0
7738,67.0,grocery,0,1,8,19,1066.0,0
7739,12.79,travel,0,0,20,14,862.5,0
7740,68.82,online_retail,0,0,13,18,952.5,0
7741,49.15,fuel,0,0,19,12,66.1,0
7742,160.52,fuel,0,0,19,9,668.6,0
7743,152.22,dining,0,0,16,16,2546.7,0
7744,26.05,utilities,0,0,22,13,814.8,0
7745,27.09,entertainment,0,0,17,11,274.0,0
7746,72.51,dining,0,0,13,18,809.8,0
7747,58.82,pharmacy,1,0,18,18,356.8,0
7748,63.25,pharmacy,0,0,22,15,949.3,0
7749,33.05,utilities,0,0,14,18,177.7,0
7750,33.12,pharmacy,1,0,22,14,798.2,0
7751,94.77,online_retail,0,1,22,8,2099.5,0
7752,12.99,pharmacy,0,0,19,13,1026.3,0
7753,4.02,online_retail,0,0,6,13,74.5,0
7754,92.1,fuel,0,0,8,13,518.9,0
7755,273.19,grocery,0,0,12,15,1470.7,0
7756,84.31,online_retail,0,0,16,20,170.0,0
7757,103.16,dining,0,0,11,14,632.7,0
7758,19.16,dining,0,0,18,15,255.8,0
7759,45.68,online_retail,0,0,6,11,978.5,0
7760,105.19,pharmacy,0,0,13,16,10.6,0
7761,13.71,electronics,0,0,14,21,667.5,0
7762,82.99,entertainment,0,0,11,23,907.4,0
7763,25.52,fuel,0,0,14,13,491.6,0
7764,49.7,fuel,0,0,19,10,458.6,0
7765,124.61,pharmacy,0,0,14,16,796.5,0
7766,127.22,online_retail,0,0,7,18,237.7,0
7767,81.25,grocery,0,0,12,14,760.4,0
7768,152.54,pharmacy,0,0,14,10,2475.3,0
7769,71.49,online_retail,0,0,15,16,300.2,0
7770,8.0,dining,0,0,18,12,1684.3,0
7771,96.9,pharmacy,0,0,6,16,2412.6,0
7772,74.7,jewelry,0,0,11,12,108.6,0
7773,69.59,pharmacy,0,0,16,20,1924.9,0
7774,37.48,travel,0,0,22,15,260.9,0
7775,15.22,dining,0,0,15,14,137.6,0
7776,56.93,utilities,0,0,17,28,23.2,0
7777,42.77,pharmacy,0,0,11,23,276.5,0
7778,42.13,pharmacy,0,0,16,20,212.3,0
7779,69.25,entertainment,0,0,11,17,391.0,0
7780,105.85,pharmacy,0,0,11,14,54.8,0
7781,57.89,online_retail,0,0,16,17,1070.4,0
7782,62.5,dining,0,0,22,14,100.2,0
7783,37.9,utilities,0,0,19,19,510.2,0
7784,8.33,electronics,0,0,7,17,1705.6,0
7785,46.79,utilities,0,0,19,11,305.7,0
7786,39.82,pharmacy,0,0,18,16,36.2,0
7787,102.14,utilities,1,0,17,19,290.6,0
7788,104.31,online_retail,0,0,6,20,1904.2,0
7789,89.46,grocery,0,0,7,9,931.2,0
7790,64.27,travel,0,0,6,13,64.1,0
7791,40.61,pharmacy,0,0,14,7,266.9,0
7792,28.96,fuel,0,0,10,6,675.8,0
7793,362.25,utilities,0,0,7,11,121.3,0
7794,92.18,online_retail,0,0,12,11,771.4,0
7795,69.44,pharmacy,0,0,8,17,149.2,0
7796,29.23,jewelry,0,0,6,13,157.0,0
7797,165.81,dining,0,0,22,16,971.4,0
7798,28.91,travel,0,0,16,13,104.5,0
7799,123.26,electronics,0,0,21,29,358.7,0
7800,76.86,jewelry,0,0,17,11,43.5,0
7801,87.08,utilities,1,0,18,24,1271.7,0
7802,71.25,dining,0,0,7,20,220.3,0
7803,19.57,utilities,0,0,11,15,196.6,0
7804,55.42,online_retail,0,0,21,19,306.4,0
7805,340.96,jewelry,0,0,22,15,616.5,0
7806,106.06,online_retail,0,0,8,10,431.2,0
7807,19.72,jewelry,0,0,19,17,99.4,0
7808,113.86,jewelry,0,0,11,20,311.9,0
7809,62.42,fuel,0,0,14,12,699.7,0
7810,1174.61,fuel,1,1,0,1,5.9,1
7811,201.06,online_retail,0,0,10,13,305.9,0
7812,139.64,entertainment,0,0,10,17,1360.4,0
7813,104.02,electronics,0,0,8,14,8.8,0
7814,28.78,utilities,1,0,19,10,261.9,0
7815,251.52,jewelry,0,0,7,27,196.2,0
7816,63.33,jewelry,0,0,20,14,260.7,0
7817,39.96,utilities,0,0,11,15,296.8,0
7818,20.6,jewelry,0,0,17,17,335.7,0
7819,41.91,dining,0,0,8,16,359.3,0
7820,125.6,travel,0,0,6,14,825.4,0
7821,60.36,utilities,0,0,11,19,610.9,0
7822,59.46,fuel,0,0,13,12,800.7,0
7823,126.36,grocery,0,0,22,19,81.2,0
7824,114.33,grocery,0,0,6,17,666.4,0
7825,69.64,travel,0,0,12,15,2250.6,0
7826,34.31,online_retail,0,1,9,21,689.5,0
7827,17.64,grocery,0,0,19,16,30.2,0
7828,123.75,online_retail,0,0,7,15,662.4,0
7829,51.14,jewelry,0,0,14,9,672.7,0
7830,193.27,utilities,0,0,6,12,509.4,0
7831,33.95,utilities,0,0,9,20,322.4,0
7832,33.93,pharmacy,0,0,8,16,735.2,0
7833,83.73,entertainment,0,0,18,9,886.9,0
7834,148.81,travel,0,0,20,13,76.3,0
7835,16.8,fuel,0,0,18,16,134.5,0
7836,33.24,electronics,0,0,13,12,1442.0,0
7837,30.17,online_retail,0,0,21,16,363.6,0
7838,17.22,dining,0,0,11,14,262.1,0
7839,57.32,grocery,0,0,15,20,446.8,0
7840,34.96,grocery,0,0,16,19,983.7,0
7841,19.88,pharmacy,0,0,15,20,1287.9,0
7842,81.56,utilities,0,0,8,12,52.3,0
7843,156.28,electronics,0,0,20,8,187.8,0
7844,80.8,pharmacy,0,0,6,15,66.3,0
7845,86.72,fuel,0,0,11,19,742.7,0
7846,20.14,electronics,0,0,16,11,138.4,0
7847,39.33,grocery,0,0,9,21,578.5,0
7848,94.22,electronics,0,0,20,12,107.5,0
7849,41.38,fuel,0,0,13,25,991.0,0
7850,36.79,fuel,0,0,16,14,70.3,0
7851,166.07,grocery,0,0,22,12,661.7,0
7852,141.77,online_retail,0,0,8,20,549.4,0
7853,46.84,jewelry,0,1,17,16,669.3,0
7854,39.76,grocery,0,0,19,10,1081.5,0
7855,94.52,electronics,0,0,10,15,841.5,0
7856,116.28,electronics,0,0,10,6,1019.3,0
7857,52.34,utilities,0,0,16,16,805.5,0
7858,95.93,dining,0,0,14,19,252.4,0
7859,54.95,travel,0,0,20,10,1374.4,0
7860,106.41,entertainment,0,0,18,18,607.1,0
7861,134.18,fuel,0,0,15,22,369.2,0
7862,15.52,electronics,0,0,14,16,341.8,0
7863,22.44,dining,0,0,9,10,558.8,0
7864,87.6,fuel,0,0,14,8,9.8,0
7865,172.26,utilities,0,0,7,20,164.4,0
7866,73.44,fuel,0,0,15,13,347.5,0
7867,46.8,utilities,0,0,13,13,625.7,0
7868,30.13,jewelry,0,0,8,12,739.1,0
7869,29.28,jewelry,0,0,20,11,118.4,0
7870,127.6,fuel,0,0,19,11,70.1,0
7871,23.58,fuel,0,0,13,7,261.2,0
7872,141.46,utilities,0,1,9,15,66.5,0
7873,117.59,entertainment,0,0,16,19,80.9,0
7874,72.56,grocery,0,0,6,15,380.3,0
7875,66.34,dining,0,0,13,16,153.8,0
7876,58.5,dining,0,0,19,13,1191.8,0
7877,48.91,fuel,0,0,13,19,319.9,0
7878,198.04,pharmacy,0,0,19,20,591.0,0
7879,196.92,grocery,0,0,6,13,416.6,0
7880,116.51,dining,0,0,21,24,1071.9,0
7881,43.22,online_retail,0,0,7,14,139.7,0
7882,82.9,pharmacy,0,0,18,11,311.9,0
7883,70.15,fuel,0,0,8,19,176.6,0
7884,51.4,jewelry,0,0,8,15,379.9,0
7885,71.61,grocery,0,0,22,26,52.5,0
7886,37.87,fuel,0,1,19,13,681.5,0
7887,173.59,dining,0,1,21,11,872.1,0
7888,116.39,jewelry,0,0,21,13,16.8,0
7889,63.21,dining,0,0,9,9,584.4,0
7890,10.7,fuel,0,0,13,15,997.5,0
7891,39.98,travel,0,0,11,12,569.5,0
7892,74.68,utilities,0,0,17,17,885.0,0
7893,72.58,dining,0,0,21,18,656.6,0
7894,35.27,jewelry,0,0,16,9,240.0,0
7895,40.73,electronics,0,0,20,16,13.5,0
7896,84.02,grocery,0,0,15,14,1487.0,0
7897,144.26,pharmacy,0,0,9,13,547.0,0
7898,131.67,pharmacy,0,0,19,15,506.8,0
7899,40.72,travel,0,0,13,17,584.9,0
7900,104.23,grocery,0,0,18,16,514.4,0
7901,56.42,grocery,0,0,13,24,67.7,0
7902,27.29,entertainment,0,0,16,18,42.0,0
7903,105.53,pharmacy,0,0,21,10,652.5,0
7904,70.83,travel,0,0,16,15,184.6,0
7905,84.45,dining,0,0,19,11,333.9,0
7906,82.81,entertainment,0,0,16,13,1640.5,0
7907,207.35,pharmacy,0,0,9,10,466.6,0
7908,80.4,grocery,0,1,18,19,1246.7,0
7909,70.64,utilities,0,0,13,15,264.3,0
7910,53.09,jewelry,0,0,8,14,125.7,0
7911,83.1,dining,0,0,12,16,555.7,0
7912,69.44,dining,0,0,16,19,209.3,0
7913,23.57,utilities,0,0,8,12,1092.2,0
7914,21.98,travel,1,1,8,16,478.7,0
7915,43.04,pharmacy,0,0,9,12,727.6,0
7916,6.37,utilities,0,0,18,14,224.2,0
7917,95.57,utilities,0,1,7,17,0.3,0
7918,59.22,jewelry,0,0,21,21,112.7,0
7919,45.2,utilities,1,0,11,9,512.8,0
7920,75.23,dining,0,0,21,17,1616.0,0
7921,93.51,dining,0,0,19,11,477.4,0
7922,97.76,grocery,0,0,6,11,1948.6,0
7923,31.7,utilities,0,1,13,15,411.7,0
7924,62.87,fuel,0,0,15,11,2710.7,0
7925,59.2,pharmacy,0,1,11,9,1163.5,0
7926,31.93,dining,0,0,18,15,1045.2,0
7927,14.01,travel,0,1,18,12,1294.5,0
7928,39.34,entertainment,0,0,12,10,223.0,0
7929,1032.63,grocery,0,0,1,5,8.1,1
7930,44.47,dining,0,0,13,17,80.0,0
7931,307.41,fuel,0,0,12,13,54.2,0
7932,58.84,dining,0,1,9,15,318.5,0
7933,152.76,entertainment,0,0,13,16,1196.5,0
7934,21.32,entertainment,0,0,6,10,182.1,0
7935,168.84,grocery,0,0,7,13,2287.8,0
7936,34.29,pharmacy,0,0,7,20,63.5,0
7937,112.88,electronics,0,0,12,10,389.1,0
7938,62.98,dining,0,0,10,16,177.4,0
7939,125.17,electronics,0,0,8,13,182.3,0
7940,47.27,electronics,0,0,17,15,445.4,0
7941,54.35,utilities,0,0,19,17,485.3,0
7942,59.0,travel,0,0,11,10,142.7,0
7943,158.48,pharmacy,0,1,22,9,119.3,0
7944,133.31,travel,0,1,9,17,738.5,0
7945,83.25,grocery,0,0,12,11,306.7,0
7946,41.13,grocery,0,0,7,15,247.6,0
7947,24.22,entertainment,0,0,6,12,2082.6,0
7948,5.09,dining,0,0,6,15,394.2,0
7949,58.72,grocery,0,0,18,20,1480.5,0
7950,72.58,pharmacy,0,1,14,23,81.0,0
7951,187.42,dining,0,0,16,14,923.1,0
7952,90.65,utilities,0,0,12,16,1472.1,0
7953,82.86,pharmacy,0,0,20,16,152.6,0
7954,19.1,pharmacy,0,0,11,18,1903.6,0
7955,73.11,fuel,0,0,17,17,1203.8,0
7956,18.44,jewelry,0,0,15,15,1278.3,0
7957,62.57,utilities,0,0,7,14,558.2,0
7958,35.96,travel,0,0,18,10,1547.0,0
7959,65.72,travel,0,0,7,8,293.7,0
7960,90.77,fuel,0,0,12,12,821.4,0
7961,113.2,entertainment,0,0,22,16,650.0,0
7962,35.24,entertainment,1,0,15,23,144.6,0
7963,49.53,dining,0,0,15,19,43.5,0
7964,72.2,jewelry,0,0,12,14,1007.5,0
7965,58.82,grocery,0,0,9,14,958.6,0
7966,201.34,entertainment,0,0,14,10,184.2,0
7967,100.42,electronics,0,1,6,9,36.7,0
7968,99.88,entertainment,0,0,6,12,97.0,0
7969,143.25,jewelry,0,0,10,10,2552.9,0
7970,179.12,utilities,0,0,8,15,306.8,0
7971,29.23,fuel,0,0,11,8,1274.9,0
7972,84.32,entertainment,0,0,15,19,188.2,0
7973,90.22,electronics,0,0,13,13,107.2,0
7974,68.44,dining,0,0,11,16,909.9,0
7975,87.42,grocery,0,0,6,19,146.2,0
7976,203.64,electronics,0,0,18,11,214.5,0
7977,69.03,travel,0,0,12,5,1043.8,0
7978,53.12,entertainment,0,0,7,13,249.0,0
7979,31.28,fuel,0,1,16,16,595.6,0
7980,25.67,grocery,0,0,20,14,550.9,0
7981,6.78,electronics,0,0,18,11,357.9,0
7982,73.54,entertainment,0,0,22,22,272.7,0
7983,81.94,pharmacy,0,0,11,19,465.0,0
7984,59.15,grocery,0,0,21,8,749.6,0
7985,107.92,fuel,0,0,20,16,1716.9,0
7986,14.29,pharmacy,0,0,19,13,1145.9,0
7987,123.84,grocery,0,0,21,11,17.3,0
7988,189.11,pharmacy,0,0,22,13,971.5,0
7989,74.27,jewelry,0,0,22,22,473.4,0
7990,54.25,entertainment,0,0,20,12,1127.7,0
7991,30.32,utilities,0,0,15,16,1193.3,0
7992,55.04,entertainment,0,0,18,22,935.3,0
7993,39.74,utilities,0,0,10,20,225.4,0
7994,31.0,dining,0,0,11,12,35.2,0
7995,94.5,pharmacy,0,0,9,19,400.5,0
7996,68.97,entertainment,0,0,9,13,581.4,0
7997,40.53,utilities,0,0,19,16,471.0,0
7998,22.12,electronics,0,0,22,17,624.9,0
7999,53.93,electronics,0,0,12,10,1186.5,0
8000,159.8,entertainment,0,0,12,14,936.0,0
8001,61.53,entertainment,0,0,12,15,1239.8,0
8002,34.03,grocery,0,0,18,12,1695.9,0
8003,15.68,electronics,0,0,16,10,1728.3,0
8004,17.28,electronics,0,1,12,21,1107.0,0
8005,134.91,utilities,0,0,17,15,413.3,0
8006,608.99,online_retail,0,0,3,2,3.2,1
8007,41.45,grocery,1,0,13,25,447.0,0
8008,404.43,jewelry,1,1,0,3,4.0,1
8009,67.15,travel,0,0,14,16,306.4,0
8010,51.64,electronics,0,0,20,20,127.1,0
8011,43.46,dining,0,0,21,19,1098.7,0
8012,121.68,dining,0,0,11,13,905.4,0
8013,48.99,electronics,0,0,10,13,1.0,0
8014,76.3,online_retail,0,0,19,13,1556.9,0
8015,154.27,grocery,0,0,18,21,547.6,0
8016,1262.32,entertainment,1,1,1,5,3.6,1
8017,135.11,electronics,0,0,19,17,290.1,0
8018,191.25,dining,0,0,20,18,426.7,0
8019,74.29,dining,0,1,21,15,49.3,0
8020,123.46,grocery,1,0,20,16,1538.3,0
8021,70.28,online_retail,0,0,7,21,493.4,0
8022,24.37,travel,0,0,20,13,198.6,0
8023,35.06,online_retail,0,0,20,17,1272.0,0
8024,56.84,travel,0,0,22,11,1565.8,0
8025,24.68,entertainment,0,0,9,12,201.5,0
8026,58.15,dining,0,0,7,13,365.7,0
8027,162.69,grocery,0,0,6,21,86.7,0
8028,89.56,entertainment,0,0,19,12,340.6,0
8029,44.66,online_retail,0,0,17,14,1526.3,0
8030,101.42,fuel,0,0,22,11,131.7,0
8031,126.14,travel,0,0,21,15,617.2,0
8032,1.15,dining,0,0,14,16,880.2,0
8033,66.96,online_retail,0,0,14,17,141.8,0
8034,4.95,online_retail,0,0,17,19,824.4,0
8035,499.48,fuel,1,0,3,1,1.3,1
8036,99.81,dining,0,0,20,16,742.7,0
8037,43.5,jewelry,0,0,6,11,236.9,0
8038,180.05,jewelry,1,0,6,15,520.1,0
8039,94.81,electronics,0,0,11,16,220.9,0
8040,48.67,utilities,0,0,16,13,572.4,0
8041,9.48,online_retail,0,0,22,21,127.3,0
8042,109.22,utilities,0,0,18,14,3.3,0
8043,164.04,entertainment,0,0,17,20,378.4,0
8044,11.42,online_retail,0,0,7,12,31.6,0
8045,49.14,online_retail,0,0,12,18,13.7,0
8046,74.52,travel,0,0,14,14,764.4,0
8047,71.43,entertainment,0,0,10,15,153.2,0
8048,144.45,pharmacy,0,0,13,15,300.6,0
8049,58.32,dining,0,0,6,14,707.3,0
8050,103.63,entertainment,0,0,14,20,42.9,0
8051,174.97,jewelry,1,0,15,20,274.4,0
8052,178.84,fuel,0,0,10,14,400.7,0
8053,95.22,utilities,0,0,14,17,326.0,0
8054,93.84,travel,0,0,17,22,438.2,0
8055,186.65,fuel,0,0,15,13,5.2,0
8056,61.57,jewelry,0,0,6,13,376.5,0
8057,57.15,grocery,0,0,12,18,796.2,0
8058,36.72,pharmacy,0,0,8,21,283.0,0
8059,123.9,online_retail,0,0,8,19,263.6,0
8060,28.68,fuel,1,0,18,18,1079.0,0
8061,36.06,entertainment,0,1,17,10,250.6,0
8062,83.7,grocery,0,0,14,21,260.0,0
8063,927.38,entertainment,1,1,0,6,1.7,1
8064,25.73,travel,0,0,6,12,345.4,0
8065,31.68,dining,0,0,11,8,201.7,0
8066,60.83,pharmacy,0,0,6,10,161.5,0
8067,133.02,dining,0,0,8,15,125.9,0
8068,157.86,travel,1,0,10,16,105.1,0
8069,47.35,online_retail,0,0,18,19,831.0,0
8070,47.21,fuel,0,0,6,17,1074.0,0
8071,163.7,travel,0,0,15,7,45.0,0
8072,115.5,jewelry,0,0,10,17,1504.1,0
8073,262.13,electronics,0,0,17,14,983.8,0
8074,99.15,entertainment,0,0,12,12,541.9,0
8075,222.85,electronics,0,0,17,13,135.6,0
8076,106.28,jewelry,0,0,13,12,1580.3,0
8077,56.21,pharmacy,0,1,15,19,344.5,0
8078,34.37,fuel,0,0,8,12,144.7,0
8079,82.78,dining,0,0,16,10,271.8,0
8080,140.27,pharmacy,0,0,6,13,233.1,0
8081,52.61,pharmacy,0,0,17,18,558.4,0
8082,64.31,pharmacy,0,0,13,22,2354.9,0
8083,232.58,online_retail,0,0,14,13,615.5,0
8084,289.93,travel,0,0,7,17,44.8,0
8085,16.25,grocery,0,0,15,16,0.8,0
8086,51.79,grocery,0,0,9,17,1380.1,0
8087,160.46,dining,0,0,14,23,108.4,0
8088,10.53,utilities,0,0,21,15,824.9,0
8089,69.19,pharmacy,0,0,7,22,363.2,0
8090,115.65,electronics,0,0,19,13,2657.6,0
8091,76.19,entertainment,0,0,12,15,638.0,0
8092,26.9,travel,0,0,6,20,646.3,0
8093,63.07,pharmacy,0,0,8,18,169.2,0
8094,108.7,entertainment,0,0,6,15,77.1,0
8095,68.48,grocery,0,0,19,11,2723.9,0
8096,27.49,travel,0,1,17,19,484.3,0
8097,69.29,fuel,0,0,7,12,1289.9,0
8098,36.18,dining,0,0,9,16,286.3,0
8099,21.13,jewelry,0,0,6,15,336.7,0
8100,166.35,travel,0,0,21,15,1614.0,0
8101,91.62,travel,0,0,22,18,1294.1,0
8102,185.48,online_retail,0,0,19,13,216.6,0
8103,101.76,electronics,0,0,14,18,46.2,0
8104,79.21,utilities,0,0,16,14,2739.3,0
8105,69.77,dining,0,1,19,7,65.2,0
8106,76.72,jewelry,0,0,8,15,1738.7,0
8107,114.65,pharmacy,0,0,17,21,22.1,0
8108,141.21,jewelry,0,0,17,20,10.4,0
8109,20.81,utilities,0,0,10,15,1259.8,0
8110,76.14,online_retail,0,0,14,20,122.4,0
8111,134.77,online_retail,0,0,15,24,478.8,0
8112,23.57,fuel,0,0,7,24,332.0,0
8113,64.9,online_retail,0,0,13,10,171.3,0
8114,60.77,online_retail,0,0,18,11,529.4,0
8115,69.16,dining,0,0,13,18,90.1,0
8116,23.41,electronics,0,0,11,16,539.0,0
8117,75.97,dining,0,0,17,16,100.8,0
8118,47.2,entertainment,0,0,7,15,337.7,0
8119,24.79,electronics,0,0,15,13,3681.7,0
8120,42.29,travel,0,0,12,14,633.0,0
8121,39.91,travel,0,0,11,16,431.0,0
8122,78.97,dining,0,0,21,20,113.9,0
8123,72.2,electronics,0,0,9,23,181.1,0
8124,75.31,travel,0,0,12,16,951.3,0
8125,141.38,fuel,0,0,21,11,859.5,0
8126,51.24,fuel,0,0,9,13,465.6,0
8127,76.95,dining,0,0,14,17,773.9,0
8128,118.0,dining,0,0,7,14,363.7,0
8129,44.67,jewelry,0,0,21,8,107.9,0
8130,54.4,entertainment,0,0,14,18,574.5,0
8131,74.36,pharmacy,0,0,12,15,182.8,0
8132,181.38,fuel,0,0,11,12,20.3,0
8133,67.94,fuel,0,0,9,16,168.7,0
8134,40.22,dining,0,0,9,12,513.4,0
8135,83.1,dining,0,0,6,19,520.2,0
8136,81.22,electronics,0,0,19,14,1999.0,0
8137,15.86,entertainment,0,0,20,17,299.5,0
8138,29.02,grocery,0,0,8,18,136.6,0
8139,161.24,travel,1,0,18,14,391.0,0
8140,24.6,grocery,0,0,22,15,213.5,0
8141,40.15,entertainment,0,0,16,17,2166.3,0
8142,70.87,dining,0,1,11,10,2174.4,0
8143,70.95,online_retail,0,0,14,9,49.9,0
8144,108.9,fuel,0,0,21,14,372.6,0
8145,218.59,travel,0,0,17,21,432.0,0
8146,81.26,entertainment,0,0,19,15,70.2,0
8147,133.47,utilities,0,0,8,23,266.1,0
8148,53.41,utilities,0,1,18,12,168.3,0
8149,78.17,online_retail,0,0,8,18,320.3,0
8150,34.77,grocery,0,0,16,17,282.5,0
8151,29.87,pharmacy,0,0,8,16,227.4,0
8152,73.75,pharmacy,0,0,11,8,37.9,0
8153,210.13,dining,0,0,13,6,117.1,0
8154,107.84,grocery,0,0,14,15,302.4,0
8155,110.55,pharmacy,0,0,19,12,225.3,0
8156,25.64,travel,0,0,18,16,2522.3,0
8157,194.67,jewelry,0,0,8,12,873.7,0
8158,5.64,entertainment,0,0,9,17,606.7,0
8159,106.97,travel,0,0,21,14,290.1,0
8160,63.09,travel,0,0,19,15,236.0,0
8161,416.34,grocery,1,0,0,1,0.2,1
8162,91.75,fuel,0,0,17,12,796.6,0
8163,81.55,entertainment,0,1,9,19,842.3,0
8164,115.21,grocery,0,0,19,11,71.3,0
8165,191.44,electronics,0,0,17,11,1299.8,0
8166,46.2,online_retail,0,0,19,16,421.6,0
8167,82.65,grocery,0,0,17,7,102.2,0
8168,92.86,grocery,0,0,10,12,272.0,0
8169,94.64,jewelry,0,0,7,23,1333.4,0
8170,24.3,online_retail,0,0,11,12,17.9,0
8171,91.79,travel,0,0,13,11,370.1,0
8172,49.75,entertainment,0,0,16,14,374.9,0
8173,16.75,entertainment,0,0,19,23,6.1,0
8174,128.87,travel,0,0,16,21,603.0,0
8175,41.11,fuel,0,0,6,11,473.9,0
8176,56.73,dining,0,0,11,16,282.9,0
8177,59.77,pharmacy,0,1,12,11,566.4,0
8178,62.22,travel,0,0,14,23,521.7,0
8179,32.4,grocery,0,1,16,17,1343.0,0
8180,92.96,travel,0,0,13,15,502.7,0
8181,63.41,jewelry,0,0,12,16,256.1,0
8182,69.88,entertainment,0,0,13,20,339.9,0
8183,205.64,grocery,0,0,12,16,1197.6,0
8184,5.83,electronics,0,0,8,15,588.8,0
8185,22.87,grocery,0,0,9,16,253.0,0
8186,6.61,utilities,0,0,6,8,499.2,0
8187,14.14,entertainment,0,0,8,11,188.5,0
8188,57.5,jewelry,0,0,19,18,483.1,0
8189,10.66,electronics,0,0,11,16,485.5,0
8190,109.66,dining,0,0,22,12,131.6,0
8191,15.17,electronics,0,0,6,18,190.4,0
8192,23.07,fuel,0,0,14,13,97.9,0
8193,110.25,entertainment,0,0,15,12,123.1,0
8194,104.49,pharmacy,0,0,6,15,502.8,0
8195,25.3,online_retail,0,0,14,18,228.3,0
8196,97.96,dining,0,0,10,15,232.9,0
8197,49.9,pharmacy,0,0,14,14,547.1,0
8198,89.24,electronics,0,0,14,9,113.0,0
8199,62.14,dining,0,0,18,20,400.8,0
8200,60.85,utilities,0,0,11,19,2151.7,0
8201,63.01,jewelry,0,0,8,11,593.0,0
8202,48.55,utilities,0,0,13,13,187.5,0
8203,23.93,pharmacy,1,1,12,8,207.7,0
8204,46.42,dining,0,0,21,17,256.5,0
8205,85.72,entertainment,0,0,17,14,1391.2,0
8206,17.77,jewelry,0,0,16,13,431.1,0
8207,195.45,entertainment,0,1,10,16,236.6,0
8208,19.05,grocery,1,0,11,14,2397.0,0
8209,67.57,entertainment,0,0,9,10,619.9,0
8210,45.69,dining,0,0,21,12,271.4,0
8211,20.96,electronics,0,0,9,16,2934.4,0
8212,159.16,dining,0,0,6,21,343.3,0
8213,155.7,dining,0,0,7,12,237.3,0
8214,135.26,dining,0,0,2,1,11.6,1
8215,97.43,pharmacy,0,0,18,16,274.7,0
8216,115.32,entertainment,0,0,12,18,23.1,0
8217,77.21,travel,0,0,18,15,1575.6,0
8218,36.35,jewelry,1,0,6,15,1142.4,0
8219,61.95,utilities,0,0,9,13,560.1,0
8220,74.94,entertainment,0,0,17,12,1216.3,0
8221,65.26,pharmacy,0,0,21,15,60.2,0
8222,62.35,grocery,0,0,22,13,349.1,0
8223,31.96,online_retail,0,0,16,10,370.9,0
8224,18.81,travel,0,0,20,18,1336.8,0
8225,95.95,electronics,0,0,17,19,286.5,0
8226,11.36,pharmacy,1,0,22,21,372.1,0
8227,91.72,pharmacy,0,0,20,12,8.7,0
8228,74.72,jewelry,1,0,12,15,1192.1,0
8229,45.03,online_retail,0,0,20,16,333.6,0
8230,24.1,electronics,0,0,6,18,760.0,0
8231,56.22,utilities,0,0,10,24,19.3,0
8232,37.79,travel,1,0,19,16,388.1,0
8233,114.8,grocery,0,0,12,8,821.2,0
8234,92.54,pharmacy,0,0,15,11,50.6,0
8235,44.49,utilities,0,0,10,15,881.3,0
8236,38.36,dining,0,0,16,6,268.2,0
8237,47.33,jewelry,0,0,6,16,142.2,0
8238,49.4,fuel,0,0,12,17,121.6,0
8239,623.41,dining,1,1,3,3,0.4,1
8240,11.77,travel,0,0,6,16,364.9,0
8241,34.03,electronics,0,0,17,10,881.6,0
8242,213.3,electronics,0,0,18,14,859.6,0
8243,102.42,utilities,0,0,12,13,182.2,0
8244,41.25,fuel,0,0,18,13,900.2,0
8245,14.15,travel,0,0,6,14,747.9,0
8246,20.67,jewelry,0,0,11,7,289.9,0
8247,96.62,entertainment,0,0,6,13,339.1,0
8248,104.56,grocery,0,0,14,13,709.2,0
8249,85.13,pharmacy,0,0,19,19,963.2,0
8250,82.61,travel,0,0,21,15,59.1,0
8251,46.37,travel,1,0,10,17,398.6,0
8252,92.09,fuel,1,0,14,23,2144.3,0
8253,66.12,pharmacy,0,0,9,15,82.3,0
8254,101.73,travel,0,0,18,12,1249.0,0
8255,32.14,travel,0,0,13,16,1476.7,0
8256,70.47,pharmacy,0,0,16,12,409.4,0
8257,74.65,travel,0,0,10,18,2898.6,0
8258,56.97,pharmacy,0,0,6,10,85.9,0
8259,57.86,pharmacy,0,0,8,16,397.3,0
8260,39.39,electronics,0,0,7,11,162.8,0
8261,55.99,grocery,1,0,22,17,1489.6,0
8262,73.29,online_retail,0,0,17,22,579.8,0
8263,96.44,utilities,0,0,8,16,292.8,0
8264,148.35,entertainment,1,0,20,18,401.6,0
8265,84.09,online_retail,0,1,12,8,350.1,0
8266,10.81,electronics,0,1,16,16,101.3,0
8267,66.13,entertainment,0,0,10,11,768.0,0
8268,1057.01,utilities,1,1,1,1,5.4,1
8269,189.21,entertainment,0,0,9,12,0.3,0
8270,78.99,jewelry,0,0,20,8,1565.5,0
8271,5.8,online_retail,0,0,21,21,326.7,0
8272,40.15,jewelry,0,0,10,18,1415.0,0
8273,114.06,utilities,0,0,19,20,94.3,0
8274,30.77,dining,0,0,9,22,3429.0,0
8275,93.72,fuel,0,0,20,9,1172.9,0
8276,108.26,jewelry,0,0,9,14,19.2,0
8277,82.63,travel,0,0,11,10,116.0,0
8278,39.37,fuel,0,0,21,8,2361.2,0
8279,119.0,utilities,0,0,18,22,615.8,0
8280,34.73,online_retail,0,0,22,12,880.5,0
8281,45.26,travel,0,0,22,19,178.3,0
8282,111.27,utilities,0,0,7,12,75.8,0
8283,81.33,electronics,0,0,19,15,1196.3,0
8284,40.02,grocery,0,0,19,16,45.7,0
8285,169.57,electronics,0,0,14,14,211.0,0
8286,74.61,entertainment,0,0,14,16,2039.3,0
8287,23.54,dining,0,0,9,16,277.5,0
8288,35.8,pharmacy,0,0,9,13,35.8,0
8289,100.39,entertainment,1,0,6,22,653.2,0
8290,150.17,jewelry,0,0,10,11,30.8,0
8291,88.1,fuel,0,0,22,19,1391.4,0
8292,25.53,grocery,0,0,20,23,56.9,0
8293,61.87,grocery,0,0,6,18,1120.0,0
8294,11.82,online_retail,0,0,12,14,107.7,0
8295,106.53,jewelry,1,0,8,26,104.2,0
8296,152.32,entertainment,0,0,11,20,47.2,0
8297,22.56,jewelry,0,0,17,16,273.9,0
8298,11.25,electronics,0,0,10,18,274.1,0
8299,101.96,utilities,0,0,22,20,996.3,0
8300,75.19,pharmacy,0,0,8,5,321.9,0
8301,143.56,travel,0,0,10,16,1159.9,0
8302,84.4,pharmacy,0,0,21,16,646.0,0
8303,72.18,entertainment,0,0,22,16,591.7,0
8304,781.98,fuel,1,1,0,2,14.5,1
8305,139.22,online_retail,0,0,14,17,347.9,0
8306,38.75,travel,0,0,10,18,1725.6,0
8307,49.17,travel,0,0,12,16,625.5,0
8308,16.05,dining,0,0,13,10,313.6,0
8309,62.3,utilities,0,0,11,17,378.5,0
8310,31.44,grocery,0,0,20,16,486.7,0
8311,74.22,electronics,0,0,12,16,1156.4,0
8312,68.08,jewelry,0,0,10,21,160.8,0
8313,121.27,online_retail,0,0,15,15,192.2,0
8314,47.28,utilities,0,0,6,17,195.8,0
8315,26.24,entertainment,0,0,17,9,220.7,0
8316,111.06,travel,0,0,8,13,459.5,0
8317,78.14,grocery,0,0,21,16,860.9,0
8318,37.65,fuel,0,0,13,10,571.0,0
8319,53.83,dining,0,1,7,13,225.8,0
8320,70.87,electronics,0,0,18,13,236.7,0
8321,31.35,dining,0,0,9,8,78.2,0
8322,77.42,grocery,0,0,6,18,17.1,0
8323,46.74,jewelry,0,0,8,8,954.9,0
8324,107.77,pharmacy,0,0,22,16,176.9,0
8325,44.63,online_retail,0,0,21,15,1662.7,0
8326,57.31,jewelry,0,0,8,8,691.3,0
8327,41.85,utilities,0,1,19,14,871.7,0
8328,34.57,pharmacy,0,0,13,9,1305.4,0
8329,98.46,jewelry,0,0,15,14,138.4,0
8330,17.26,pharmacy,0,0,21,13,530.3,0
8331,169.86,travel,0,0,11,17,56.3,0
8332,76.45,jewelry,0,0,17,19,1361.5,0
8333,92.12,jewelry,0,0,18,15,779.4,0
8334,15.52,online_retail,0,0,9,17,290.2,0
8335,103.16,jewelry,0,0,16,14,8.6,0
8336,40.74,travel,0,0,22,11,884.0,0
8337,8.8,entertainment,0,0,15,12,1202.0,0
8338,89.5,online_retail,0,0,6,16,218.7,0
8339,460.58,jewelry,1,0,2,2,2.9,1
8340,88.52,pharmacy,0,0,22,17,441.0,0
8341,65.48,dining,0,0,14,10,59.3,0
8342,161.89,entertainment,0,0,19,14,62.3,0
8343,77.99,travel,0,0,17,19,2046.8,0
8344,104.48,fuel,0,0,15,17,350.3,0
8345,42.94,travel,0,0,15,19,1085.7,0
8346,49.39,dining,1,0,14,22,403.7,0
8347,26.5,pharmacy,0,0,15,16,508.2,0
8348,67.76,grocery,0,0,14,10,285.7,0
8349,38.4,grocery,0,0,18,25,3086.0,0
8350,77.13,jewelry,0,0,16,15,107.4,0
8351,114.43,entertainment,0,0,20,13,356.9,0
8352,158.25,travel,0,0,6,16,212.2,0
8353,91.62,electronics,0,0,19,16,2586.3,0
8354,127.7,pharmacy,0,0,12,12,562.1,0
8355,22.01,travel,0,0,14,14,625.5,0
8356,123.3,travel,0,0,9,10,333.7,0
8357,78.66,utilities,0,0,8,16,789.0,0
8358,131.6,electronics,0,0,16,17,73.8,0
8359,46.13,online_retail,0,0,16,15,443.9,0
8360,136.93,electronics,0,0,17,12,864.0,0
8361,1248.07,jewelry,1,1,3,2,10.0,1
8362,47.89,dining,0,0,19,17,398.8,0
8363,15.61,travel,0,0,15,20,1287.2,0
8364,122.03,fuel,0,0,20,13,919.0,0
8365,80.41,jewelry,0,0,18,15,189.8,0
8366,36.54,online_retail,0,0,12,20,7.3,0
8367,48.45,jewelry,1,0,21,12,11.9,0
8368,54.09,entertainment,0,0,22,20,1050.9,0
8369,52.77,fuel,0,0,10,12,347.6,0
8370,25.71,online_retail,0,0,12,19,34.4,0
8371,74.4,entertainment,0,0,22,17,1225.1,0
8372,66.97,fuel,0,0,18,18,646.7,0
8373,92.86,grocery,0,0,14,15,206.6,0
8374,333.86,grocery,0,0,16,14,705.7,0
8375,6.78,travel,0,0,14,14,14.8,0
8376,116.91,utilities,0,0,14,14,120.1,0
8377,23.55,utilities,0,0,13,15,692.8,0
8378,559.6,jewelry,1,1,1,6,15.6,1
8379,82.72,fuel,0,0,11,13,266.4,0
8380,25.6,fuel,0,0,19,14,100.4,0
8381,86.15,electronics,0,0,18,18,111.2,0
8382,25.75,pharmacy,0,0,10,10,178.7,0
8383,42.6,fuel,0,0,18,7,712.1,0
8384,51.92,fuel,0,0,6,14,136.7,0
8385,60.54,entertainment,0,0,8,10,627.4,0
8386,47.51,electronics,0,0,10,16,2086.0,0
8387,49.42,travel,0,0,19,13,1447.5,0
8388,68.39,electronics,0,0,19,14,548.2,0
8389,55.42,entertainment,0,0,10,14,1108.4,0
8390,49.54,dining,0,0,19,13,182.1,0
8391,143.35,entertainment,0,0,9,16,166.2,0
8392,20.7,utilities,0,0,10,20,1428.2,0
8393,198.16,grocery,0,0,17,12,233.5,0
8394,15.17,fuel,0,0,7,20,772.7,0
8395,111.27,entertainment,0,0,21,9,979.3,0
8396,180.04,grocery,0,0,19,14,6.8,0
8397,43.45,dining,0,0,13,20,1456.7,0
8398,9.73,pharmacy,0,0,7,11,88.8,0
8399,166.35,grocery,0,0,14,15,133.4,0
8400,56.82,dining,0,0,18,11,57.3,0
8401,47.61,online_retail,0,0,9,18,2355.3,0
8402,39.67,fuel,0,0,20,17,763.2,0
8403,45.51,entertainment,0,0,7,11,217.3,0
8404,104.17,dining,0,0,13,12,652.5,0
8405,4.35,fuel,0,0,20,10,1211.4,0
8406,24.37,fuel,0,0,9,17,5.0,0
8407,35.78,fuel,0,0,20,13,59.2,0
8408,121.08,jewelry,0,0,13,8,294.1,0
8409,146.61,pharmacy,0,0,15,11,247.8,0
8410,69.79,fuel,0,0,11,13,504.6,0
8411,66.31,entertainment,0,0,20,17,1706.4,0
8412,42.26,jewelry,0,0,10,19,334.8,0
8413,75.04,grocery,0,0,9,16,2577.0,0
8414,48.41,jewelry,0,0,22,13,220.4,0
8415,38.59,fuel,0,0,18,13,515.4,0
8416,47.21,pharmacy,0,0,6,17,318.1,0
8417,109.36,fuel,0,1,19,15,1640.8,0
8418,1546.78,travel,0,1,4,2,5.6,1
8419,98.54,dining,0,0,17,17,553.9,0
8420,113.67,travel,0,0,9,12,1373.2,0
8421,256.92,fuel,0,0,22,15,1725.2,0
8422,70.58,entertainment,0,0,21,20,307.3,0
8423,56.69,electronics,0,0,19,15,2016.0,0
8424,46.87,entertainment,0,0,11,12,55.0,0
8425,663.53,online_retail,1,1,4,6,1.3,1
8426,122.91,jewelry,0,0,9,20,87.1,0
8427,29.04,entertainment,0,0,6,10,92.3,0
8428,155.96,electronics,0,0,14,15,117.4,0
8429,24.59,online_retail,0,0,9,14,2224.4,0
8430,55.27,electronics,0,0,12,4,77.5,0
8431,70.35,pharmacy,0,0,7,13,1439.2,0
8432,91.21,pharmacy,0,0,18,12,233.0,0
8433,138.49,entertainment,0,0,10,11,1386.9,0
8434,1223.23,entertainment,0,1,0,0,0.6,1
8435,82.12,travel,0,0,9,10,254.7,0
8436,40.65,dining,0,0,9,18,750.3,0
8437,115.95,travel,0,0,13,13,49.6,0
8438,124.53,online_retail,1,0,9,22,1025.8,0
8439,195.95,entertainment,1,0,8,16,967.0,0
8440,247.98,jewelry,0,0,11,18,112.9,0
8441,87.83,jewelry,0,0,7,13,1187.9,0
8442,34.49,pharmacy,0,0,22,17,770.4,0
8443,69.15,utilities,0,0,21,22,237.2,0
8444,63.32,grocery,0,0,18,11,139.6,0
8445,77.25,online_retail,0,0,10,16,271.4,0
8446,62.48,utilities,0,0,20,14,10.5,0
8447,74.91,travel,0,0,17,13,691.3,0
8448,122.29,travel,0,0,19,16,361.9,0
8449,177.93,travel,0,0,20,14,2181.5,0
8450,122.54,pharmacy,0,0,8,9,142.0,0
8451,104.48,travel,0,0,18,13,563.7,0
8452,153.94,fuel,1,0,22,15,661.5,0
8453,119.49,grocery,0,0,16,9,3054.7,0
8454,272.22,dining,0,0,22,14,177.9,0
8455,156.02,utilities,0,0,15,16,93.2,0
8456,70.22,dining,0,0,17,16,579.0,0
8457,75.59,jewelry,0,0,12,16,286.8,0
8458,58.95,jewelry,0,0,14,21,626.8,0
8459,71.63,grocery,0,0,20,13,746.1,0
8460,16.31,online_retail,0,0,12,16,4.9,0
8461,31.82,grocery,0,0,8,19,262.2,0
8462,70.22,online_retail,0,0,14,16,243.0,0
8463,184.22,online_retail,0,0,22,23,1188.4,0
8464,20.56,entertainment,0,0,14,20,179.7,0
8465,115.05,utilities,0,0,6,15,366.4,0
8466,50.64,dining,0,0,15,19,1997.0,0
8467,37.04,jewelry,0,0,18,18,392.3,0
8468,17.06,electronics,0,0,10,17,384.9,0
8469,54.17,online_retail,0,0,8,15,527.2,0
8470,286.72,jewelry,0,0,18,14,345.2,0
8471,89.9,entertainment,0,0,17,21,993.3,0
8472,77.03,grocery,0,0,8,14,243.6,0
8473,17.83,grocery,0,0,13,15,295.1,0
8474,44.82,grocery,0,0,12,15,1275.6,0
8475,68.18,utilities,1,0,14,9,1041.3,0
8476,66.49,dining,0,0,21,18,208.8,0
8477,85.46,fuel,0,0,15,14,921.4,0
8478,23.04,utilities,0,0,12,16,1596.3,0
8479,603.06,pharmacy,1,1,3,3,3.9,1
8480,32.1,travel,0,0,6,12,661.0,0
8481,11.96,utilities,0,0,16,13,23.0,0
8482,55.17,pharmacy,0,0,9,17,1020.6,0
8483,330.95,dining,0,0,18,19,1376.1,0
8484,245.0,dining,0,0,7,19,1138.5,0
8485,34.62,online_retail,0,0,19,13,273.3,0
8486,45.78,travel,0,0,21,14,226.2,0
8487,34.07,dining,0,0,15,14,486.0,0
8488,119.3,entertainment,1,0,10,14,199.0,0
8489,23.26,entertainment,0,0,14,12,739.0,0
8490,35.19,entertainment,0,0,17,13,28.5,0
8491,43.98,pharmacy,0,0,10,13,869.2,0
8492,39.33,dining,0,0,9,20,1397.4,0
8493,52.15,travel,0,0,18,16,893.4,0
8494,25.25,travel,0,0,21,16,247.0,0
8495,33.66,jewelry,0,0,18,21,9.4,0
8496,15.19,utilities,0,0,7,19,723.8,0
8497,68.97,pharmacy,0,0,19,18,405.2,0
8498,32.13,travel,0,0,18,15,540.9,0
8499,171.15,grocery,0,0,17,17,156.2,0
8500,19.25,pharmacy,0,0,17,21,492.1,0
8501,39.39,pharmacy,0,0,10,17,1088.3,0
8502,36.22,entertainment,0,0,10,18,296.5,0
8503,29.49,dining,0,0,6,7,285.0,0
8504,181.74,jewelry,0,0,8,12,330.5,0
8505,29.99,utilities,0,0,20,14,305.1,0
8506,36.16,pharmacy,0,1,22,24,139.6,0
8507,80.02,travel,0,0,10,10,987.9,0
8508,368.26,grocery,1,1,4,3,0.6,1
8509,44.49,travel,0,0,22,8,304.7,0
8510,40.02,entertainment,0,0,20,9,1051.8,0
8511,70.99,electronics,0,0,6,10,356.9,0
8512,123.0,dining,0,0,19,9,353.3,0
8513,195.44,jewelry,0,0,11,16,522.0,0
8514,101.78,utilities,0,0,9,15,41.8,0
8515,22.36,grocery,0,0,9,12,169.1,0
8516,20.24,travel,0,0,17,16,316.9,0
8517,75.16,dining,0,0,13,16,392.3,0
8518,70.03,fuel,0,0,8,11,168.0,0
8519,36.73,fuel,0,0,7,9,1739.4,0
8520,107.29,fuel,0,0,11,11,592.5,0
8521,168.93,fuel,0,1,9,11,1402.0,0
8522,40.69,fuel,0,0,13,10,859.1,0
8523,88.97,pharmacy,0,0,15,18,383.1,0
8524,122.88,electronics,0,0,17,19,1325.9,0
8525,40.09,electronics,0,0,22,12,222.3,0
8526,61.23,utilities,0,0,12,17,625.8,0
8527,21.21,pharmacy,0,0,20,15,374.0,0
8528,154.43,travel,0,0,15,11,857.2,0
8529,61.18,utilities,0,1,13,19,928.6,0
8530,699.73,grocery,1,0,1,4,2.6,1
8531,113.54,dining,0,0,14,16,39.9,0
8532,111.95,pharmacy,0,0,7,16,214.9,0
8533,67.62,entertainment,0,0,12,18,529.1,0
8534,33.87,electronics,0,0,10,18,866.5,0
8535,86.72,travel,0,0,21,12,352.9,0
8536,11.86,fuel,0,1,13,12,234.9,0
8537,94.46,dining,0,0,15,13,956.9,0
8538,33.01,pharmacy,0,0,17,10,796.3,0
8539,67.06,fuel,0,0,21,11,1817.0,0
8540,38.25,utilities,0,0,11,8,91.0,0
8541,114.01,online_retail,0,0,15,16,844.7,0
8542,64.92,dining,0,0,18,13,104.4,0
8543,102.53,grocery,0,0,18,15,294.7,0
8544,30.81,dining,0,0,13,13,1871.6,0
8545,91.81,travel,0,1,8,19,1491.0,0
8546,22.47,fuel,0,0,7,19,237.9,0
8547,165.88,jewelry,0,0,11,14,770.7,0
8548,58.93,electronics,0,0,9,13,716.2,0
8549,10.73,online_retail,0,0,12,16,144.7,0
8550,122.12,grocery,0,0,18,19,270.0,0
8551,129.13,entertainment,0,0,17,18,32.9,0
8552,130.12,pharmacy,0,0,19,17,301.2,0
8553,131.91,electronics,1,0,14,15,46.7,0
8554,110.09,dining,0,0,15,16,262.7,0
8555,189.99,electronics,0,0,17,18,416.2,0
8556,23.34,jewelry,0,0,18,14,257.7,0
8557,71.17,entertainment,0,0,22,15,1395.5,0
8558,35.12,dining,0,0,11,21,923.5,0
8559,41.25,online_retail,0,1,9,19,913.2,0
8560,203.69,dining,0,0,17,16,513.0,0
8561,44.0,utilities,0,0,9,19,29.2,0
8562,55.39,dining,0,0,19,16,160.7,0
8563,255.58,travel,0,0,21,8,814.5,0
8564,77.54,jewelry,1,0,18,18,747.7,0
8565,27.23,electronics,0,0,18,19,800.5,0
8566,28.4,online_retail,0,0,8,11,514.4,0
8567,143.91,dining,0,0,20,9,680.2,0
8568,43.97,dining,0,0,19,18,1025.3,0
8569,108.8,dining,0,0,14,14,39.2,0
8570,37.36,travel,0,0,6,8,1133.0,0
8571,20.4,fuel,0,0,10,8,211.4,0
8572,118.1,entertainment,0,0,21,15,636.9,0
8573,121.68,dining,0,0,21,15,701.7,0
8574,21.33,electronics,0,0,18,17,65.9,0
8575,26.98,online_retail,0,1,12,20,473.4,0
8576,336.27,electronics,0,0,21,16,270.2,0
8577,163.46,travel,0,0,19,29,1502.7,0
8578,11.03,jewelry,0,0,21,16,306.1,0
8579,61.04,fuel,0,0,7,16,522.7,0
8580,75.81,utilities,0,0,19,17,184.3,0
8581,57.01,grocery,0,0,17,23,309.7,0
8582,15.54,online_retail,0,0,8,14,57.7,0
8583,212.0,fuel,0,0,19,7,505.4,0
8584,78.48,fuel,0,1,6,14,393.2,0
8585,178.8,online_retail,0,0,16,15,354.7,0
8586,32.72,dining,0,0,22,11,386.9,0
8587,110.81,electronics,0,0,12,6,1002.0,0
8588,33.13,utilities,0,0,20,20,336.3,0
8589,126.0,travel,0,0,6,21,487.6,0
8590,156.34,pharmacy,0,0,14,15,968.7,0
8591,20.91,grocery,0,0,17,15,278.7,0
8592,15.81,dining,0,0,18,12,918.3,0
8593,79.84,online_retail,0,0,14,15,62.0,0
8594,81.38,fuel,1,0,15,12,438.3,0
8595,103.88,grocery,0,0,8,12,17.9,0
8596,79.0,dining,0,0,21,19,172.3,0
8597,8.88,grocery,0,0,12,23,1044.4,0
8598,159.72,fuel,0,0,14,12,647.2,0
8599,66.87,online_retail,0,0,9,13,39.8,0
8600,74.09,jewelry,0,0,18,16,1724.8,0
8601,70.8,pharmacy,0,1,9,17,2.2,0
8602,48.13,travel,0,0,22,16,154.8,0
8603,170.26,grocery,0,0,22,10,36.4,0
8604,168.18,jewelry,0,0,15,15,554.4,0
8605,108.37,electronics,0,0,11,12,742.9,0
8606,101.02,fuel,0,0,6,19,1381.8,0
8607,26.86,dining,0,0,16,13,271.7,0
8608,143.66,utilities,1,0,11,24,452.3,0
8609,44.56,utilities,0,0,20,17,1121.2,0
8610,93.06,grocery,0,0,16,12,1480.7,0
8611,69.83,pharmacy,0,0,12,17,85.1,0
8612,50.8,jewelry,1,0,10,19,415.4,0
8613,67.76,entertainment,0,0,19,14,272.3,0
8614,186.53,entertainment,0,1,9,17,264.4,0
8615,37.6,online_retail,0,0,22,22,314.1,0
8616,84.14,utilities,0,0,14,10,280.8,0
8617,267.13,entertainment,0,0,8,12,49.7,0
8618,184.91,electronics,0,0,9,9,2075.4,0
8619,83.26,utilities,0,0,8,19,94.7,0
8620,474.53,dining,1,0,2,4,2.3,1
8621,89.67,electronics,0,0,16,20,1056.5,0
8622,52.87,fuel,0,0,20,12,1343.7,0
8623,101.64,pharmacy,0,0,6,18,543.8,0
8624,199.12,pharmacy,0,0,21,12,80.8,0
8625,67.12,fuel,0,0,18,20,59.0,0
8626,85.99,entertainment,0,0,12,17,327.8,0
8627,60.03,travel,0,0,22,18,668.8,0
8628,69.44,electronics,0,0,16,16,608.0,0
8629,157.27,travel,0,0,20,11,222.2,0
8630,64.52,entertainment,0,0,14,16,352.8,0
8631,92.25,fuel,0,0,11,15,769.1,0
8632,119.09,electronics,0,0,11,13,547.7,0
8633,52.24,travel,0,0,7,11,930.3,0
8634,164.05,pharmacy,0,1,10,9,948.1,0
8635,66.27,travel,0,0,6,11,726.2,0
8636,28.06,entertainment,0,0,22,13,992.7,0
8637,86.71,fuel,0,0,21,16,1244.1,0
8638,200.09,entertainment,0,0,12,8,1155.1,0
8639,82.16,fuel,0,0,19,26,364.0,0
8640,26.97,grocery,0,0,11,18,723.4,0
8641,90.63,electronics,0,0,9,13,1020.5,0
8642,64.7,grocery,0,0,16,26,648.6,0
8643,161.1,utilities,0,0,15,12,262.7,0
8644,60.76,electronics,0,0,11,14,1037.2,0
8645,55.73,grocery,0,0,18,7,577.6,0
8646,46.07,pharmacy,0,0,8,21,527.5,0
8647,77.36,pharmacy,0,0,10,13,1141.5,0
8648,64.09,jewelry,0,0,10,15,178.3,0
8649,106.87,electronics,0,0,20,24,396.6,0
8650,190.0,electronics,0,0,20,13,309.5,0
8651,126.95,pharmacy,0,0,10,15,6.9,0
8652,76.33,jewelry,0,0,14,13,208.4,0
8653,195.43,grocery,0,0,13,13,1056.0,0
8654,68.01,fuel,0,0,22,12,490.3,0
8655,132.99,utilities,0,0,7,21,1455.0,0
8656,109.08,online_retail,0,0,6,12,106.6,0
8657,22.22,grocery,0,0,17,11,186.8,0
8658,52.63,pharmacy,0,0,14,13,168.2,0
8659,59.39,jewelry,0,0,6,16,1647.9,0
8660,54.69,pharmacy,0,0,17,11,1062.5,0
8661,47.95,electronics,0,0,7,18,424.3,0
8662,31.63,travel,0,0,19,13,873.3,0
8663,59.97,online_retail,0,0,18,18,183.6,0
8664,44.24,travel,0,0,19,15,453.4,0
8665,55.43,online_retail,0,0,18,11,437.1,0
8666,94.21,travel,0,0,7,16,742.3,0
8667,128.3,online_retail,0,0,9,15,48.7,0
8668,85.37,travel,0,0,22,17,994.9,0
8669,29.46,entertainment,0,0,6,17,709.7,0
8670,75.89,grocery,0,0,12,13,1723.7,0
8671,14.13,grocery,0,0,6,11,955.1,0
8672,52.31,utilities,0,0,11,18,27.1,0
8673,146.66,entertainment,0,0,13,12,4074.7,0
8674,19.81,entertainment,0,0,18,15,94.4,0
8675,105.83,dining,0,0,17,19,476.1,0
8676,203.83,entertainment,1,0,6,15,1040.2,0
8677,130.78,electronics,1,0,19,10,809.4,0
8678,56.77,dining,0,0,15,18,504.4,0
8679,331.26,travel,0,1,19,12,498.8,0
8680,211.37,fuel,0,0,14,16,201.1,0
8681,46.62,online_retail,0,0,12,15,397.5,0
8682,53.0,jewelry,0,0,9,17,502.4,0
8683,170.61,dining,0,0,18,21,861.1,0
8684,53.01,electronics,0,0,6,16,797.0,0
8685,324.44,electronics,0,0,22,22,198.7,0
8686,85.99,travel,0,0,18,19,1018.6,0
8687,34.77,utilities,0,0,20,15,575.1,0
8688,65.64,travel,0,0,12,18,373.0,0
8689,39.92,fuel,0,0,6,18,510.6,0
8690,136.44,electronics,0,0,22,15,151.1,0
8691,85.89,jewelry,0,0,19,15,24.3,0
8692,42.96,utilities,0,0,15,18,1509.1,0
8693,146.45,entertainment,0,0,19,18,160.8,0
8694,78.24,electronics,0,1,14,21,982.4,0
8695,25.81,utilities,0,0,8,8,306.9,0
8696,110.01,entertainment,0,1,6,19,115.1,0
8697,175.93,entertainment,0,0,11,13,255.9,0
8698,65.05,travel,0,0,18,15,833.4,0
8699,55.9,utilities,0,0,18,7,328.2,0
8700,125.95,utilities,0,0,12,15,2453.0,0
8701,44.61,dining,0,0,8,15,893.3,0
8702,94.44,online_retail,0,0,11,13,91.0,0
8703,50.82,utilities,0,0,16,17,1063.4,0
8704,138.42,online_retail,0,0,9,19,553.4,0
8705,61.61,entertainment,0,0,17,16,221.3,0
8706,109.92,pharmacy,0,0,8,12,821.3,0
8707,77.82,dining,0,0,19,16,1301.8,0
8708,26.82,jewelry,0,0,18,15,2444.6,0
8709,110.2,online_retail,0,0,17,14,1334.3,0
8710,76.03,entertainment,1,0,21,13,1002.9,0
8711,17.85,electronics,0,0,6,21,658.4,0
8712,18.82,entertainment,0,0,22,11,548.6,0
8713,103.2,electronics,0,0,7,19,23.4,0
8714,48.35,online_retail,0,0,13,11,1282.9,0
8715,105.71,online_retail,0,0,19,16,1148.5,0
8716,116.56,travel,0,0,21,18,396.0,0
8717,108.04,electronics,0,1,21,17,89.1,0
8718,127.23,grocery,0,0,21,8,239.0,0
8719,31.81,entertainment,0,0,18,11,468.2,0
8720,74.68,entertainment,0,0,19,21,710.3,0
8721,114.96,electronics,0,0,18,14,1011.2,0
8722,199.06,online_retail,0,0,17,22,970.2,0
8723,8.17,entertainment,0,0,17,17,118.4,0
8724,214.18,jewelry,0,0,20,18,5.9,0
8725,76.17,electronics,1,0,8,8,1168.8,0
8726,139.04,pharmacy,0,0,11,17,492.3,0
8727,42.23,entertainment,0,0,20,18,662.0,0
8728,237.6,fuel,0,0,7,12,144.1,0
8729,18.73,utilities,0,0,19,12,60.1,0
8730,169.93,fuel,0,0,19,14,403.5,0
8731,125.43,pharmacy,0,0,8,20,324.5,0
8732,148.86,pharmacy,0,0,19,6,724.9,0
8733,286.9,fuel,1,0,13,15,249.7,0
8734,171.2,entertainment,0,0,13,11,1613.2,0
8735,160.87,jewelry,0,0,15,12,154.9,0
8736,38.34,grocery,0,0,15,12,532.7,0
8737,71.03,grocery,0,0,8,18,55.4,0
8738,42.25,dining,0,0,16,15,743.7,0
8739,110.26,online_retail,0,0,15,19,501.0,0
8740,46.91,dining,0,0,6,14,80.7,0
8741,77.85,jewelry,0,0,17,14,665.2,0
8742,85.46,utilities,0,0,13,18,999.9,0
8743,136.69,entertainment,0,0,15,7,656.6,0
8744,54.14,dining,0,1,16,13,224.8,0
8745,125.26,pharmacy,0,0,18,14,538.9,0
8746,129.19,travel,0,0,14,16,1126.1,0
8747,34.56,online_retail,1,1,9,15,79.9,0
8748,31.5,pharmacy,0,1,13,7,130.5,0
8749,57.11,grocery,0,0,15,14,805.5,0
8750,115.31,grocery,0,0,21,20,33.7,0
8751,23.7,fuel,0,0,19,21,80.9,0
8752,70.86,online_retail,1,0,19,12,136.9,0
8753,83.1,dining,1,0,10,15,452.7,0
8754,34.02,pharmacy,0,0,22,14,255.4,0
8755,160.17,pharmacy,0,0,17,14,508.5,0
8756,34.36,jewelry,0,0,14,13,506.3,0
8757,29.59,jewelry,0,0,8,13,394.8,0
8758,160.3,online_retail,0,0,20,15,215.3,0
8759,109.32,travel,0,1,22,18,251.9,0
8760,9.76,online_retail,0,0,12,12,136.5,0
8761,45.82,electronics,0,0,20,11,317.9,0
8762,33.23,entertainment,0,0,6,19,16.6,0
8763,197.38,travel,0,0,10,18,61.7,0
8764,105.34,utilities,0,0,21,17,211.0,0
8765,77.12,pharmacy,0,0,19,13,313.1,0
8766,252.84,utilities,0,0,8,16,13.7,0
8767,113.86,pharmacy,0,0,10,17,444.2,0
8768,49.21,jewelry,0,0,10,18,58.4,0
8769,44.54,online_retail,0,0,7,15,671.6,0
8770,71.18,online_retail,0,0,11,9,1641.8,0
8771,68.92,dining,0,0,20,14,45.9,0
8772,157.61,dining,0,0,19,13,94.2,0
8773,134.56,grocery,0,0,15,19,99.6,0
8774,33.91,dining,0,0,13,16,125.6,0
8775,107.16,travel,0,0,18,20,1114.4,0
8776,154.85,jewelry,0,0,13,17,10.2,0
8777,111.65,jewelry,0,0,20,18,260.3,0
8778,116.82,grocery,0,0,11,12,34.6,0
8779,45.3,entertainment,0,0,19,13,93.7,0
8780,29.48,grocery,0,0,9,20,843.8,0
8781,170.21,grocery,0,1,6,18,182.4,0
8782,80.9,online_retail,0,0,8,18,237.1,0
8783,10.1,entertainment,0,0,18,10,38.3,0
8784,65.75,fuel,0,0,17,18,846.1,0
8785,201.98,fuel,0,0,11,20,293.2,0
8786,75.64,travel,0,1,12,14,678.1,0
8787,65.67,utilities,0,0,7,15,2.2,0
8788,93.64,fuel,0,0,13,16,413.7,0
8789,75.94,fuel,0,0,14,16,170.2,0
8790,107.89,travel,0,0,12,19,328.5,0
8791,16.02,jewelry,0,0,6,13,116.1,0
8792,83.06,pharmacy,0,0,18,17,1055.1,0
8793,35.19,entertainment,0,0,8,16,2128.9,0
8794,128.31,electronics,0,0,10,21,435.3,0
8795,11.72,utilities,0,0,19,17,136.7,0
8796,99.13,travel,0,0,18,14,1169.0,0
8797,275.31,electronics,0,1,15,15,77.8,0
8798,102.98,online_retail,1,0,20,19,320.1,0
8799,173.42,online_retail,1,0,11,16,249.9,0
8800,136.78,pharmacy,0,0,21,17,100.3,0
8801,30.52,dining,0,0,12,18,674.9,0
8802,42.5,electronics,0,0,14,18,550.3,0
8803,27.08,electronics,0,0,14,15,157.0,0
8804,24.11,fuel,0,0,8,23,565.1,0
8805,196.94,fuel,0,0,7,14,44.4,0
8806,71.33,pharmacy,0,0,9,9,2187.8,0
8807,164.6,entertainment,0,0,6,14,1036.0,0
8808,126.65,travel,0,0,11,13,211.1,0
8809,40.67,electronics,0,0,14,14,439.6,0
8810,39.2,jewelry,0,0,12,13,2163.8,0
8811,46.6,online_retail,0,0,11,20,1473.6,0
8812,237.24,entertainment,1,0,20,16,239.6,0
8813,50.24,travel,0,0,18,10,163.6,0
8814,123.92,jewelry,0,0,16,24,54.4,0
8815,113.03,fuel,0,0,21,18,339.7,0
8816,47.29,pharmacy,0,0,19,15,2288.6,0
8817,57.53,jewelry,0,0,19,10,262.1,0
8818,43.04,entertainment,0,0,18,11,266.0,0
8819,77.16,grocery,0,0,11,12,593.6,0
8820,102.1,travel,0,0,21,15,96.2,0
8821,163.6,online_retail,0,0,13,15,470.5,0
8822,150.64,grocery,0,0,16,14,674.0,0
8823,48.21,utilities,0,0,11,16,473.9,0
8824,87.32,electronics,0,0,10,22,1043.8,0
8825,49.37,dining,0,1,22,13,686.6,0
8826,70.97,electronics,0,0,16,14,625.4,0
8827,81.36,online_retail,0,0,20,20,309.9,0
8828,135.05,pharmacy,0,0,21,21,806.3,0
8829,71.6,dining,0,0,10,17,624.0,0
8830,62.84,grocery,0,0,18,20,174.7,0
8831,106.57,dining,1,0,21,12,3410.3,0
8832,74.33,travel,0,0,10,10,266.4,0
8833,66.83,electronics,0,0,15,18,291.2,0
8834,65.85,utilities,0,0,10,11,940.5,0
8835,94.12,fuel,0,0,22,15,1105.2,0
8836,75.89,jewelry,0,0,20,13,340.4,0
8837,24.02,jewelry,0,0,19,16,960.0,0
8838,111.09,online_retail,0,0,8,15,103.3,0
8839,11.66,electronics,0,0,6,13,1757.7,0
8840,44.16,travel,0,0,14,13,2451.1,0
8841,34.95,jewelry,0,0,11,15,221.2,0
8842,92.8,utilities,0,0,19,16,454.5,0
8843,658.43,travel,1,1,1,2,9.1,1
8844,156.84,utilities,0,0,12,15,213.6,0
8845,43.07,jewelry,0,0,20,14,929.4,0
8846,88.79,travel,0,0,8,12,829.7,0
8847,41.19,entertainment,0,0,19,15,222.1,0
8848,12.67,electronics,0,0,13,18,1429.1,0
8849,59.83,grocery,0,0,7,15,1313.9,0
8850,51.63,electronics,0,0,10,18,9.3,0
8851,7.23,online_retail,0,0,22,22,325.0,0
8852,32.04,pharmacy,0,0,14,8,99.1,0
8853,13.69,jewelry,0,0,20,19,1489.0,0
8854,61.54,fuel,0,0,9,20,224.2,0
8855,31.75,dining,0,0,7,11,1187.8,0
8856,33.76,grocery,0,0,19,18,792.6,0
8857,43.72,dining,0,0,12,18,0.3,0
8858,73.68,electronics,0,0,7,18,322.6,0
8859,48.26,travel,1,0,6,18,310.8,0
8860,143.47,entertainment,0,0,16,10,707.1,0
8861,69.69,grocery,0,0,22,14,959.3,0
8862,17.55,online_retail,0,0,10,18,285.8,0
8863,90.15,jewelry,0,0,14,16,3487.8,0
8864,73.44,fuel,0,0,17,16,520.6,0
8865,134.93,online_retail,0,0,15,17,399.0,0
8866,41.44,grocery,0,0,11,23,126.1,0
8867,70.28,electronics,0,0,22,12,1274.6,0
8868,188.77,jewelry,1,0,12,16,84.5,0
8869,17.56,utilities,1,0,7,19,325.9,0
8870,611.45,entertainment,1,0,4,1,7.1,1
8871,90.99,pharmacy,0,0,11,18,58.3,0
8872,21.01,fuel,0,0,20,13,1290.6,0
8873,32.1,jewelry,0,0,16,15,1358.5,0
8874,58.01,utilities,0,0,13,16,95.5,0
8875,158.28,entertainment,1,0,15,14,1364.5,0
8876,76.15,electronics,1,0,18,11,32.6,0
8877,105.15,electronics,0,0,14,16,152.2,0
8878,55.12,travel,0,0,12,14,250.3,0
8879,35.21,utilities,0,0,16,16,480.6,0
8880,81.54,electronics,0,0,19,10,479.6,0
8881,48.09,electronics,0,0,9,13,1455.0,0
8882,128.24,pharmacy,0,0,12,10,430.1,0
8883,114.58,dining,0,0,20,14,16.7,0
8884,17.94,jewelry,0,0,18,18,1289.7,0
8885,49.72,entertainment,0,0,8,19,741.5,0
8886,33.63,entertainment,0,0,19,19,571.9,0
8887,101.98,online_retail,0,1,15,13,216.4,0
8888,72.5,travel,0,0,7,12,440.9,0
8889,79.42,electronics,0,0,6,12,348.4,0
8890,41.26,travel,0,0,12,11,959.4,0
8891,128.83,pharmacy,0,1,10,19,685.8,0
8892,93.56,dining,1,0,7,11,341.0,0
8893,105.93,utilities,0,0,12,14,291.5,0
8894,72.25,travel,1,0,13,16,216.4,0
8895,107.5,travel,0,0,8,21,122.9,0
8896,96.77,online_retail,0,0,12,15,280.9,0
8897,107.55,jewelry,0,1,11,11,1544.2,0
8898,101.57,pharmacy,0,0,12,13,690.0,0
8899,93.63,pharmacy,0,0,22,13,374.6,0
8900,31.6,travel,0,0,20,14,822.3,0
8901,18.72,online_retail,0,0,20,13,195.0,0
8902,40.4,grocery,0,0,6,15,1276.6,0
8903,89.14,utilities,0,0,17,13,726.7,0
8904,83.06,dining,0,0,8,15,47.3,0
8905,309.48,utilities,0,0,22,14,93.8,0
8906,15.24,travel,0,0,16,16,388.6,0
8907,21.12,grocery,0,0,8,15,51.7,0
8908,56.2,pharmacy,0,0,14,15,296.3,0
8909,14.12,jewelry,0,1,21,21,1191.2,0
8910,90.37,pharmacy,0,0,8,11,39.4,0
8911,18.9,grocery,0,0,19,18,1150.4,0
8912,135.58,entertainment,0,0,15,14,218.4,0
8913,35.98,entertainment,0,0,19,13,59.6,0
8914,34.19,grocery,0,0,19,17,505.1,0
8915,52.26,online_retail,0,1,17,24,385.2,0
8916,24.96,online_retail,0,0,14,17,1313.4,0
8917,28.18,electronics,0,0,21,16,388.1,0
8918,49.15,jewelry,0,0,19,15,156.9,0
8919,79.38,grocery,0,0,16,15,1.3,0
8920,13.94,dining,0,0,19,19,307.8,0
8921,130.1,pharmacy,0,0,8,14,101.1,0
8922,180.73,electronics,0,1,21,19,1455.4,0
8923,101.93,electronics,0,0,15,14,472.4,0
8924,53.88,entertainment,0,0,13,24,547.3,0
8925,77.99,grocery,0,0,18,15,671.4,0
8926,106.65,entertainment,0,0,6,18,79.2,0
8927,42.6,grocery,0,0,21,14,114.3,0
8928,60.96,grocery,0,0,7,12,299.0,0
8929,129.44,jewelry,0,0,10,18,250.6,0
8930,195.36,travel,0,0,8,13,165.9,0
8931,89.54,electronics,0,0,14,11,1519.1,0
8932,92.21,grocery,0,0,14,15,211.0,0
8933,138.96,fuel,0,0,7,14,19.4,0
8934,847.68,entertainment,1,1,1,2,6.0,1
8935,228.3,electronics,0,1,22,7,311.0,0
8936,24.1,electronics,0,0,20,13,26.9,0
8937,84.22,fuel,0,0,7,14,64.6,0
8938,70.7,utilities,0,0,13,8,1191.0,0
8939,99.86,jewelry,0,0,10,21,258.1,0
8940,116.92,electronics,0,0,11,8,1013.6,0
8941,85.2,fuel,0,0,16,11,504.3,0
8942,20.27,grocery,0,0,11,19,80.2,0
8943,147.41,travel,0,0,10,17,759.4,0
8944,34.7,utilities,0,0,10,13,136.5,0
8945,30.92,online_retail,0,0,18,15,148.4,0
8946,87.73,grocery,0,0,21,20,508.4,0
8947,80.61,dining,0,0,11,16,9.3,0
8948,49.31,utilities,0,0,7,17,832.0,0
8949,12.6,jewelry,0,1,16,20,139.8,0
8950,94.13,travel,0,0,15,18,1003.2,0
8951,67.2,utilities,0,1,6,12,412.7,0
8952,43.47,online_retail,0,1,7,15,529.9,0
8953,75.54,online_retail,0,0,18,20,1530.7,0
8954,3.92,online_retail,0,1,11,15,814.1,0
8955,24.49,online_retail,0,0,13,17,342.7,0
8956,56.91,utilities,0,0,6,19,480.9,0
8957,11.35,grocery,0,0,8,12,31.6,0
8958,160.47,utilities,0,0,22,19,197.7,0
8959,131.03,dining,0,0,18,16,193.9,0
8960,47.93,utilities,0,0,19,18,1624.1,0
8961,44.0,jewelry,0,0,16,17,1460.2,0
8962,122.8,utilities,0,0,22,14,929.9,0
8963,45.22,online_retail,0,0,6,12,1169.9,0
8964,57.45,grocery,0,0,21,18,514.8,0
8965,101.84,online_retail,0,0,7,22,24.2,0
8966,51.76,online_retail,0,0,15,13,4002.6,0
8967,25.18,entertainment,0,0,18,16,335.0,0
8968,130.14,fuel,0,0,14,13,573.8,0
8969,259.62,grocery,0,0,21,11,206.8,0
8970,121.84,travel,0,1,19,19,732.2,0
8971,90.89,utilities,0,0,14,14,169.7,0
8972,162.05,jewelry,0,0,20,10,300.1,0
8973,25.19,pharmacy,0,0,16,13,457.5,0
8974,32.13,pharmacy,0,0,22,21,1941.7,0
8975,99.75,pharmacy,0,0,20,15,986.4,0
8976,75.86,travel,0,0,16,19,3044.6,0
8977,7.39,dining,0,0,19,19,177.0,0
8978,64.23,dining,0,0,15,15,16.6,0
8979,60.25,electronics,0,0,20,15,79.5,0
8980,13.38,jewelry,0,0,11,16,293.7,0
8981,18.04,grocery,0,0,16,16,714.6,0
8982,31.58,pharmacy,0,0,12,9,427.4,0
8983,72.15,fuel,0,0,8,17,1366.7,0
8984,75.48,dining,0,0,12,14,652.7,0
8985,142.92,travel,0,0,21,10,202.4,0
8986,150.73,jewelry,0,0,14,15,307.9,0
8987,66.6,fuel,0,0,6,12,435.7,0
8988,27.6,dining,0,0,10,13,1227.4,0
8989,158.83,dining,0,0,7,14,232.4,0
8990,71.02,online_retail,0,0,7,12,605.9,0
8991,183.86,jewelry,0,0,12,17,170.9,0
8992,72.97,pharmacy,0,0,15,11,279.1,0
8993,30.19,dining,1,0,6,9,200.3,0
8994,229.67,online_retail,0,0,11,14,1608.8,0
8995,47.97,online_retail,0,0,18,13,1181.7,0
8996,73.38,entertainment,0,0,17,23,29.0,0
8997,62.67,electronics,0,0,12,16,963.6,0
8998,37.91,entertainment,0,0,21,15,3.5,0
8999,28.78,dining,0,0,6,17,741.3,0
9000,107.08,utilities,0,0,7,11,94.2,0
9001,16.87,grocery,0,0,7,11,177.6,0
9002,63.63,utilities,0,0,18,10,1130.3,0
9003,54.98,jewelry,0,0,12,13,211.7,0
9004,8.02,utilities,0,0,8,14,1008.7,0
9005,309.4,travel,0,0,11,18,215.9,0
9006,97.61,grocery,0,0,17,12,444.0,0
9007,51.33,jewelry,0,0,7,14,571.7,0
9008,184.74,electronics,0,0,17,19,826.8,0
9009,43.51,jewelry,0,0,6,18,801.3,0
9010,48.11,dining,0,0,11,13,201.7,0
9011,39.71,grocery,0,0,20,11,116.9,0
9012,52.71,online_retail,0,0,19,16,124.4,0
9013,11.34,grocery,0,0,9,6,473.1,0
9014,25.29,electronics,0,0,20,18,371.1,0
9015,188.43,entertainment,0,0,9,11,593.9,0
9016,88.8,dining,0,0,11,15,1124.4,0
9017,204.96,dining,0,0,21,11,310.8,0
9018,33.53,electronics,0,0,7,15,202.0,0
9019,5.56,online_retail,0,0,20,16,419.9,0
9020,233.51,online_retail,0,0,9,16,921.9,0
9021,113.16,utilities,0,0,15,20,781.6,0
9022,128.95,grocery,0,0,21,21,47.8,0
9023,161.66,pharmacy,0,0,7,16,574.5,0
9024,61.29,dining,0,0,6,15,1351.1,0
9025,42.65,travel,0,0,14,13,129.0,0
9026,49.97,jewelry,0,0,8,10,353.8,0
9027,60.93,fuel,0,0,18,12,540.6,0
9028,69.63,online_retail,0,0,6,20,527.9,0
9029,86.94,pharmacy,0,1,7,14,752.3,0
9030,17.47,dining,0,0,15,16,3.4,0
9031,19.11,electronics,0,0,18,12,2.4,0
9032,175.17,grocery,0,0,11,15,630.8,0
9033,51.54,dining,0,0,13,14,299.1,0
9034,70.94,grocery,0,0,19,18,14.6,0
9035,77.65,jewelry,0,0,12,13,1745.0,0
9036,59.47,dining,0,0,6,18,189.7,0
9037,115.76,jewelry,0,0,19,14,1185.9,0
9038,1267.36,grocery,1,0,1,1,1.0,1
9039,52.89,jewelry,0,0,18,15,243.8,0
9040,15.18,dining,0,0,17,17,267.2,0
9041,92.31,electronics,0,0,16,20,612.1,0
9042,62.9,entertainment,0,0,10,24,402.7,0
9043,65.87,utilities,0,0,10,13,31.3,0
9044,19.19,online_retail,0,0,16,12,448.6,0
9045,30.41,utilities,0,0,17,12,184.5,0
9046,134.51,entertainment,0,0,16,15,94.9,0
9047,114.49,electronics,0,0,16,11,39.0,0
9048,46.17,electronics,0,0,14,12,441.3,0
9049,26.08,utilities,1,0,9,12,1962.4,0
9050,8.1,fuel,0,0,22,14,17.4,0
9051,109.89,dining,0,1,18,18,578.1,0
9052,32.17,electronics,0,0,9,15,13.8,0
9053,113.83,grocery,0,1,20,16,397.0,0
9054,176.63,electronics,0,0,7,13,7.0,0
9055,62.16,utilities,0,0,11,17,398.3,0
9056,34.92,entertainment,0,0,8,14,73.0,0
9057,88.88,entertainment,0,0,19,13,70.1,0
9058,151.18,entertainment,0,0,13,22,156.0,0
9059,10.75,electronics,0,0,8,17,99.7,0
9060,24.12,online_retail,0,0,14,19,1493.9,0
9061,41.15,online_retail,0,0,21,16,54.9,0
9062,246.7,jewelry,0,0,12,15,920.7,0
9063,88.83,travel,0,0,20,13,196.9,0
9064,70.75,jewelry,0,0,6,17,21.1,0
9065,113.52,pharmacy,0,0,11,14,362.3,0
9066,187.08,online_retail,0,0,13,20,54.5,0
9067,58.81,jewelry,0,0,9,16,1460.2,0
9068,132.67,grocery,0,0,6,14,134.9,0
9069,80.44,utilities,0,0,18,14,1523.3,0
9070,9.19,online_retail,0,0,15,10,1659.7,0
9071,302.66,travel,1,0,2,2,0.0,1
9072,94.35,entertainment,0,0,15,19,63.8,0
9073,60.18,grocery,0,0,7,16,418.8,0
9074,41.39,entertainment,0,0,9,13,566.0,0
9075,5.8,utilities,0,0,15,18,2034.2,0
9076,31.05,electronics,1,0,17,13,181.5,0
9077,226.19,fuel,0,1,18,15,152.7,0
9078,169.6,jewelry,0,0,7,18,597.8,0
9079,521.82,travel,0,1,2,2,6.2,1
9080,142.97,electronics,0,0,20,15,3044.2,0
9081,58.09,travel,0,1,20,9,482.5,0
9082,32.5,electronics,0,0,8,12,594.9,0
9083,80.32,fuel,0,0,17,14,65.4,0
9084,60.79,entertainment,0,0,15,18,21.0,0
9085,67.23,fuel,0,0,13,15,355.6,0
9086,84.26,jewelry,0,0,14,15,158.6,0
9087,62.9,electronics,0,0,9,14,549.0,0
9088,61.13,travel,0,0,13,14,766.3,0
9089,92.3,utilities,0,0,14,11,794.7,0
9090,113.7,travel,0,0,13,12,2902.8,0
9091,135.33,travel,0,0,8,20,1178.1,0
9092,66.23,utilities,0,0,7,10,183.0,0
9093,88.77,electronics,0,0,11,11,2071.0,0
9094,754.38,travel,0,0,4,3,5.6,1
9095,20.28,online_retail,0,0,16,17,427.0,0
9096,111.3,entertainment,0,0,7,12,271.9,0
9097,52.13,jewelry,0,0,13,13,52.1,0
9098,31.64,jewelry,0,0,8,13,1833.8,0
9099,60.92,jewelry,0,0,18,11,423.9,0
9100,33.04,grocery,0,1,17,21,92.8,0
9101,7.76,travel,0,0,18,12,467.6,0
9102,109.21,online_retail,0,0,11,19,547.3,0
9103,68.43,fuel,0,0,12,12,151.2,0
9104,56.4,electronics,0,0,12,8,19.0,0
9105,71.98,fuel,0,0,10,7,1496.5,0
9106,113.75,utilities,0,0,10,16,97.7,0
9107,80.35,grocery,0,0,16,10,35.8,0
9108,73.88,dining,0,0,6,18,2306.4,0
9109,84.63,grocery,0,0,16,12,201.3,0
9110,137.87,grocery,0,0,7,15,368.9,0
9111,107.4,grocery,0,0,17,21,259.9,0
9112,75.28,utilities,0,0,14,15,828.8,0
9113,175.79,travel,0,0,20,17,153.0,0
9114,61.76,travel,0,0,12,20,253.4,0
9115,19.68,pharmacy,0,0,6,20,166.6,0
9116,79.42,pharmacy,0,0,15,17,702.8,0
9117,91.05,travel,0,0,17,8,116.9,0
9118,66.78,utilities,0,0,12,12,289.9,0
9119,185.45,dining,0,0,12,17,460.9,0
9120,117.61,pharmacy,0,0,15,9,751.7,0
9121,99.84,entertainment,0,0,21,10,697.2,0
9122,612.62,grocery,0,0,4,2,9.6,1
9123,35.87,dining,0,0,19,18,551.1,0
9124,48.28,utilities,0,0,11,15,1399.4,0
9125,133.5,travel,0,1,10,11,561.3,0
9126,79.8,travel,0,0,12,12,33.9,0
9127,109.89,pharmacy,0,0,14,12,1065.4,0
9128,315.77,utilities,1,0,1,1,8.1,1
9129,63.24,travel,0,0,9,17,181.2,0
9130,98.72,utilities,0,0,18,12,541.8,0
9131,112.47,online_retail,0,0,12,18,933.0,0
9132,48.52,electronics,0,0,12,26,302.0,0
9133,27.01,jewelry,0,1,7,13,183.3,0
9134,50.77,electronics,0,0,18,18,1654.4,0
9135,183.01,fuel,1,0,16,16,288.7,0
9136,72.12,travel,0,0,19,16,218.4,0
9137,17.35,pharmacy,0,0,17,19,1255.8,0
9138,148.21,jewelry,0,0,21,7,24.8,0
9139,220.77,fuel,0,0,13,17,493.9,0
9140,12.44,travel,0,0,20,16,135.2,0
9141,97.02,entertainment,0,0,10,24,1413.6,0
9142,265.53,pharmacy,0,0,10,17,948.6,0
9143,56.2,online_retail,0,0,19,18,184.4,0
9144,75.86,pharmacy,0,0,7,14,207.1,0
9145,15.48,electronics,0,0,14,17,349.8,0
9146,99.61,fuel,0,0,11,8,318.8,0
9147,63.75,travel,0,0,6,19,92.9,0
9148,150.64,jewelry,0,0,7,18,471.1,0
9149,8.16,travel,0,1,18,15,2.2,0
9150,12.92,electronics,0,0,18,20,130.6,0
9151,99.79,dining,0,1,21,12,76.5,0
9152,88.56,utilities,0,0,11,22,418.4,0
9153,47.06,online_retail,0,0,10,11,910.3,0
9154,34.93,jewelry,0,0,13,16,820.2,0
9155,58.74,utilities,0,0,22,15,443.5,0
9156,3.75,entertainment,0,0,22,16,554.0,0
9157,42.69,travel,0,0,8,15,51.2,0
9158,74.99,online_retail,0,0,14,16,91.2,0
9159,109.8,entertainment,0,1,12,12,180.8,0
9160,31.47,electronics,1,0,18,14,1504.6,0
9161,100.02,entertainment,0,0,18,10,308.5,0
9162,207.73,utilities,0,0,15,11,94.2,0
9163,86.28,fuel,0,0,6,10,571.4,0
9164,170.18,jewelry,0,0,14,14,905.8,0
9165,25.33,online_retail,0,0,8,13,500.6,0
9166,184.03,utilities,0,0,9,14,148.4,0
9167,41.42,dining,0,0,22,20,675.1,0
9168,17.69,fuel,0,0,15,18,301.9,0
9169,25.96,entertainment,0,0,6,16,1140.0,0
9170,82.67,utilities,0,0,21,12,1821.8,0
9171,55.62,dining,0,0,18,15,121.3,0
9172,57.83,fuel,0,0,11,18,751.3,0
9173,103.77,grocery,0,1,6,13,702.9,0
9174,93.78,pharmacy,0,1,18,13,453.2,0
9175,96.44,jewelry,0,0,6,12,108.0,0
9176,100.42,fuel,0,0,11,14,845.7,0
9177,44.24,electronics,0,0,14,13,846.9,0
9178,99.91,utilities,0,0,18,13,1189.5,0
9179,220.54,online_retail,0,0,15,15,196.0,0
9180,22.49,grocery,0,0,14,14,172.3,0
9181,26.03,jewelry,0,0,16,17,650.1,0
9182,68.82,entertainment,0,0,11,15,267.3,0
9183,68.06,entertainment,0,0,13,17,425.4,0
9184,187.88,grocery,0,0,15,13,295.5,0
9185,131.3,electronics,0,0,19,17,616.2,0
9186,49.9,electronics,0,0,18,14,328.1,0
9187,119.68,jewelry,0,0,20,11,1183.3,0
9188,78.3,jewelry,0,0,11,17,767.8,0
9189,57.65,entertainment,0,0,16,20,1802.0,0
9190,111.13,fuel,0,0,17,18,839.9,0
9191,177.81,grocery,0,0,20,16,129.6,0
9192,29.8,entertainment,0,0,19,18,2422.4,0
9193,140.9,fuel,0,0,11,13,470.5,0
9194,41.55,dining,0,0,11,22,460.0,0
9195,48.62,dining,0,0,9,14,278.9,0
9196,98.79,grocery,0,0,21,10,320.4,0
9197,9.47,jewelry,0,0,18,11,917.7,0
9198,68.94,electronics,0,0,20,11,1253.6,0
9199,29.05,pharmacy,0,0,6,13,233.3,0
9200,18.64,grocery,0,1,13,17,28.8,0
9201,32.48,electronics,0,0,17,16,700.8,0
9202,85.38,pharmacy,0,0,10,14,381.7,0
9203,11.1,online_retail,0,0,22,13,1617.5,0
9204,69.2,dining,0,0,9,16,519.4,0
9205,76.27,dining,0,0,13,17,37.4,0
9206,189.2,jewelry,0,0,21,15,477.5,0
9207,35.09,fuel,0,0,21,14,215.5,0
9208,63.11,grocery,0,0,22,15,51.1,0
9209,32.86,utilities,0,0,12,21,109.8,0
9210,49.6,jewelry,0,0,6,17,1141.3,0
9211,32.68,grocery,0,0,15,9,496.9,0
9212,46.07,travel,0,0,14,11,623.1,0
9213,28.99,entertainment,0,0,10,15,530.1,0
9214,272.83,utilities,0,0,18,13,739.6,0
9215,14.87,fuel,0,0,19,10,38.6,0
9216,17.06,online_retail,0,0,10,15,141.1,0
9217,18.49,pharmacy,0,0,12,9,385.1,0
9218,151.52,grocery,0,0,21,11,643.3,0
9219,200.46,dining,0,0,6,12,91.1,0
9220,48.85,electronics,0,0,15,17,30.6,0
9221,52.78,grocery,0,0,7,15,580.8,0
9222,126.54,dining,0,1,17,21,408.8,0
9223,57.65,pharmacy,0,0,11,16,3526.1,0
9224,912.47,travel,1,1,3,3,3.7,1
9225,50.86,fuel,0,0,7,12,1710.3,0
9226,25.67,jewelry,0,1,16,19,35.1,0
9227,75.83,electronics,0,0,11,17,1125.3,0
9228,62.57,travel,0,0,8,6,971.1,0
9229,79.51,electronics,0,0,21,13,178.4,0
9230,60.09,fuel,0,0,20,13,170.9,0
9231,85.38,fuel,0,0,14,11,587.0,0
9232,60.23,electronics,0,0,8,12,2007.1,0
9233,89.45,fuel,0,0,17,15,382.7,0
9234,54.35,jewelry,0,0,20,19,2568.1,0
9235,37.64,electronics,0,0,16,13,647.4,0
9236,1050.61,online_retail,0,0,2,4,17.4,1
9237,56.23,online_retail,0,0,17,15,354.6,0
9238,38.88,electronics,0,0,18,9,411.4,0
9239,192.49,pharmacy,0,1,11,17,749.5,0
9240,19.76,pharmacy,1,0,15,17,135.6,0
9241,127.78,fuel,0,0,16,12,209.0,0
9242,67.19,pharmacy,0,1,7,14,308.0,0
9243,64.7,online_retail,0,0,11,18,1144.3,0
9244,72.81,online_retail,0,0,12,10,334.3,0
9245,39.77,entertainment,0,0,7,20,527.7,0
9246,85.4,online_retail,0,0,18,14,503.3,0
9247,131.6,online_retail,0,0,16,14,57.2,0
9248,83.18,entertainment,0,0,8,15,1414.3,0
9249,34.06,electronics,0,0,9,10,378.8,0
9250,9.66,entertainment,0,0,15,9,454.1,0
9251,122.75,grocery,0,0,22,18,3059.0,0
9252,104.0,grocery,0,0,18,13,1118.0,0
9253,38.18,online_retail,0,0,7,16,1524.0,0
9254,115.93,online_retail,0,0,19,14,341.5,0
9255,10.88,utilities,0,0,9,19,2044.5,0
9256,62.9,utilities,0,0,9,15,875.1,0
9257,46.37,utilities,0,0,11,16,403.7,0
9258,126.22,online_retail,0,0,17,16,304.0,0
9259,184.59,fuel,0,0,17,20,353.9,0
9260,29.41,entertainment,0,0,14,17,335.0,0
9261,78.39,pharmacy,0,0,20,16,474.3,0
9262,126.65,travel,0,0,9,12,40.9,0
9263,103.56,grocery,1,0,14,14,450.8,0
9264,155.67,online_retail,0,0,11,11,780.7,0
9265,99.69,pharmacy,0,1,9,18,2100.2,0
9266,97.23,utilities,0,1,18,20,424.9,0
9267,67.12,entertainment,0,0,7,14,24.3,0
9268,23.03,fuel,0,0,18,14,581.3,0
9269,66.82,grocery,0,0,18,14,1200.5,0
9270,251.79,utilities,0,0,10,18,26.2,0
9271,46.24,entertainment,0,0,20,19,173.9,0
9272,98.02,utilities,0,0,21,19,2753.6,0
9273,72.93,jewelry,0,0,20,17,261.6,0
9274,181.25,fuel,0,0,9,17,511.8,0
9275,37.66,online_retail,0,0,22,23,630.9,0
9276,138.84,travel,0,0,21,18,107.1,0
9277,666.2,pharmacy,1,1,0,4,3.8,1
9278,146.13,utilities,0,0,10,19,168.9,0
9279,32.63,travel,0,0,17,14,1464.2,0
9280,122.63,jewelry,0,0,6,16,1678.0,0
9281,80.27,grocery,0,0,14,18,106.9,0
9282,57.09,entertainment,0,0,10,23,1429.8,0
9283,54.86,fuel,1,0,12,6,204.1,0
9284,189.54,grocery,0,0,7,15,120.7,0
9285,25.88,online_retail,0,0,13,13,477.5,0
9286,142.57,entertainment,0,0,17,20,1006.2,0
9287,86.09,jewelry,0,1,7,11,287.6,0
9288,75.82,utilities,0,0,20,11,381.0,0
9289,101.91,dining,0,0,9,19,273.6,0
9290,57.69,pharmacy,0,0,11,9,2425.2,0
9291,27.69,utilities,0,0,17,10,162.1,0
9292,93.76,pharmacy,0,0,16,14,1806.1,0
9293,61.69,entertainment,0,0,15,16,32.9,0
9294,130.79,jewelry,0,0,13,14,358.6,0
9295,53.29,electronics,0,0,22,10,582.7,0
9296,23.37,pharmacy,0,0,12,13,338.1,0
9297,191.94,online_retail,0,0,11,16,87.2,0
9298,58.54,pharmacy,0,0,9,20,259.7,0
9299,49.78,fuel,0,0,13,14,364.6,0
9300,29.2,online_retail,0,0,7,6,576.4,0
9301,93.41,jewelry,0,0,6,14,70.2,0
9302,60.08,online_retail,1,0,14,20,432.3,0
9303,66.7,dining,0,0,20,21,519.0,0
9304,72.5,online_retail,0,0,8,14,491.1,0
9305,49.27,fuel,0,0,6,17,14.5,0
9306,89.56,jewelry,1,0,22,17,712.0,0
9307,180.46,pharmacy,0,0,14,13,156.2,0
9308,122.77,grocery,0,0,15,9,35.6,0
9309,22.32,pharmacy,0,0,16,20,491.2,0
9310,15.55,travel,0,0,22,10,474.1,0
9311,86.26,fuel,0,0,19,16,903.3,0
9312,51.87,pharmacy,0,0,9,15,932.3,0
9313,840.94,grocery,1,1,3,1,1.4,1
9314,112.31,dining,0,0,20,13,11.9,0
9315,120.31,pharmacy,0,0,7,20,603.4,0
9316,31.71,travel,0,0,6,14,2145.2,0
9317,90.52,pharmacy,0,0,9,16,2312.3,0
9318,132.04,dining,0,0,9,15,285.1,0
9319,14.74,fuel,0,0,10,16,625.3,0
9320,33.55,pharmacy,0,0,17,16,1309.7,0
9321,95.47,entertainment,0,0,10,24,355.5,0
9322,49.65,grocery,0,0,13,12,268.3,0
9323,70.75,electronics,0,0,9,14,392.6,0
9324,22.49,fuel,0,0,18,14,132.0,0
9325,31.52,jewelry,0,0,18,17,158.9,0
9326,36.3,dining,0,0,21,18,2051.9,0
9327,72.12,utilities,0,0,21,18,813.6,0
9328,50.09,electronics,0,0,17,17,499.7,0
9329,66.83,online_retail,0,1,22,18,239.1,0
9330,321.1,fuel,1,1,0,5,3.7,1
9331,80.92,entertainment,0,0,13,14,2143.5,0
9332,28.37,utilities,0,0,12,15,702.8,0
9333,81.39,entertainment,0,0,12,20,193.6,0
9334,99.01,grocery,0,0,12,19,168.2,0
9335,46.62,grocery,0,1,16,15,301.2,0
9336,74.68,online_retail,0,0,16,17,485.6,0
9337,150.29,dining,0,0,7,14,264.7,0
9338,71.55,travel,1,0,22,16,22.8,0
9339,104.45,jewelry,0,0,22,17,254.2,0
9340,60.24,online_retail,0,0,9,14,716.9,0
9341,83.97,travel,0,0,19,20,99.9,0
9342,126.98,pharmacy,1,0,12,16,518.8,0
9343,126.55,travel,0,0,15,18,1862.0,0
9344,35.77,online_retail,0,0,22,10,57.0,0
9345,73.65,entertainment,0,1,18,15,1129.6,0
9346,88.1,dining,0,0,20,14,2404.6,0
9347,76.37,fuel,0,0,15,14,1929.6,0
9348,39.68,pharmacy,0,0,22,8,2384.3,0
9349,142.29,pharmacy,0,0,21,14,1643.1,0
9350,52.54,pharmacy,0,0,7,15,1097.6,0
9351,29.48,grocery,0,0,8,14,102.2,0
9352,163.87,dining,0,0,19,12,255.6,0
9353,47.61,entertainment,0,0,7,8,409.1,0
9354,74.14,online_retail,0,0,18,16,851.3,0
9355,3.31,travel,0,1,21,16,960.9,0
9356,67.88,online_retail,0,0,14,16,690.9,0
9357,77.31,travel,0,0,8,10,335.5,0
9358,142.08,entertainment,0,0,14,18,1350.5,0
9359,123.85,entertainment,0,0,20,13,103.1,0
9360,99.0,entertainment,0,0,11,16,45.9,0
9361,119.31,grocery,0,0,14,11,819.1,0
9362,10.82,electronics,0,0,9,18,354.7,0
9363,829.45,travel,1,0,4,1,1.0,1
9364,45.71,pharmacy,0,0,6,13,5.8,0
9365,90.55,electronics,0,1,13,15,385.3,0
9366,51.53,utilities,0,0,8,15,1077.8,0
9367,22.39,online_retail,0,0,18,22,1038.1,0
9368,109.01,dining,0,1,13,19,524.0,0
9369,83.32,online_retail,0,0,11,12,971.4,0
9370,54.05,jewelry,0,0,20,12,2527.4,0
9371,75.71,grocery,0,0,9,15,25.1,0
9372,75.31,fuel,0,0,17,14,882.5,0
9373,28.85,electronics,0,0,13,7,2645.5,0
9374,46.92,fuel,0,0,6,12,81.1,0
9375,96.82,dining,0,0,12,14,2242.4,0
9376,33.86,pharmacy,0,0,15,15,182.1,0
9377,158.82,utilities,0,0,6,19,470.0,0
9378,71.14,dining,0,0,8,21,293.3,0
9379,100.68,fuel,0,0,10,11,908.9,0
9380,81.22,pharmacy,0,0,17,17,127.0,0
9381,115.82,entertainment,0,0,16,9,434.2,0
9382,156.82,utilities,0,0,6,17,96.7,0
9383,85.47,entertainment,0,1,17,21,1048.0,0
9384,570.16,travel,0,0,4,6,6.4,1
9385,18.75,fuel,0,0,13,15,861.3,0
9386,155.85,utilities,0,0,6,10,753.2,0
9387,446.73,entertainment,0,1,3,1,2.2,1
9388,11.41,dining,0,0,16,12,122.5,0
9389,42.02,electronics,1,0,21,11,755.8,0
9390,31.66,fuel,1,0,15,16,144.5,0
9391,106.8,travel,0,0,17,12,1099.0,0
9392,185.02,fuel,0,0,16,15,27.2,0
9393,57.52,online_retail,0,0,15,14,295.8,0
9394,945.24,online_retail,0,1,3,5,3.4,1
9395,164.97,fuel,0,0,20,13,28.1,0
9396,2.84,travel,0,0,6,16,92.9,0
9397,91.46,pharmacy,0,0,11,13,2.0,0
9398,306.41,jewelry,0,0,19,14,139.5,0
9399,79.88,utilities,0,0,11,14,541.6,0
9400,93.09,dining,0,0,7,10,206.0,0
9401,60.05,travel,0,0,12,19,763.5,0
9402,77.28,dining,0,0,8,17,625.9,0
9403,55.63,jewelry,0,0,8,16,149.5,0
9404,133.87,fuel,0,0,10,17,140.3,0
9405,14.81,fuel,0,0,18,17,94.4,0
9406,144.14,grocery,0,0,12,15,273.4,0
9407,20.47,online_retail,0,0,9,18,497.7,0
9408,8.93,dining,0,0,10,11,239.4,0
9409,79.12,utilities,0,0,9,14,878.1,0
9410,48.28,online_retail,1,0,7,22,317.1,0
9411,135.19,fuel,0,0,9,13,517.4,0
9412,15.37,pharmacy,0,0,15,13,324.4,0
9413,88.43,pharmacy,0,1,15,20,95.1,0
9414,23.32,dining,0,0,8,15,338.2,0
9415,110.24,utilities,0,0,8,16,115.9,0
9416,21.88,jewelry,0,1,22,18,984.1,0
9417,63.14,electronics,0,0,7,14,252.1,0
9418,94.05,electronics,0,0,7,18,779.4,0
9419,84.26,online_retail,0,0,9,18,1593.2,0
9420,29.42,online_retail,0,0,15,12,913.4,0
9421,46.68,jewelry,0,1,13,20,1956.9,0
9422,68.8,jewelry,0,0,13,14,827.6,0
9423,50.7,entertainment,0,0,7,14,312.9,0
9424,135.97,entertainment,0,0,21,14,1078.8,0
9425,69.58,entertainment,0,0,8,18,1806.9,0
9426,41.03,jewelry,0,0,9,13,365.9,0
9427,193.81,pharmacy,0,0,18,17,419.6,0
9428,217.47,pharmacy,0,0,16,11,59.8,0
9429,33.29,online_retail,0,0,18,10,100.8,0
9430,230.39,fuel,0,0,9,14,346.1,0
9431,18.59,online_retail,0,0,12,12,213.0,0
9432,115.62,jewelry,0,0,11,12,287.2,0
9433,83.99,utilities,0,0,12,13,195.0,0
9434,77.6,pharmacy,0,0,11,18,2.1,0
9435,27.9,pharmacy,0,0,12,17,246.0,0
9436,72.5,online_retail,0,0,9,9,920.7,0
9437,74.11,entertainment,0,0,12,17,911.9,0
9438,69.04,jewelry,0,0,20,16,216.2,0
9439,95.43,travel,0,0,7,12,642.2,0
9440,189.16,jewelry,0,0,16,20,648.8,0
9441,124.4,jewelry,0,0,9,7,602.2,0
9442,124.96,electronics,0,0,16,17,21.1,0
9443,37.96,online_retail,0,0,7,21,680.5,0
9444,23.81,entertainment,0,0,7,14,580.0,0
9445,64.37,entertainment,0,0,16,19,67.7,0
9446,9.38,utilities,0,0,10,15,655.7,0
9447,27.4,grocery,0,0,8,6,205.4,0
9448,61.65,travel,0,0,13,16,771.7,0
9449,103.12,online_retail,0,0,9,18,1222.6,0
9450,33.1,jewelry,0,0,7,13,383.9,0
9451,82.91,travel,0,0,18,24,77.8,0
9452,163.87,online_retail,0,0,9,11,1062.2,0
9453,50.03,utilities,0,0,10,21,1018.5,0
9454,84.38,utilities,0,0,6,9,643.1,0
9455,48.83,grocery,0,0,14,7,128.5,0
9456,83.89,utilities,0,0,11,21,192.3,0
9457,82.05,jewelry,0,1,15,14,698.2,0
9458,75.27,pharmacy,0,0,17,9,35.8,0
9459,10.13,jewelry,0,0,14,13,240.4,0
9460,92.13,fuel,0,1,16,9,698.2,0
9461,70.13,dining,0,0,6,11,119.2,0
9462,282.2,online_retail,0,0,12,16,27.6,0
9463,125.87,utilities,0,0,17,20,354.6,0
9464,82.72,pharmacy,0,0,19,13,1783.9,0
9465,41.79,dining,1,0,14,7,10.6,0
9466,149.48,travel,0,0,8,9,545.1,0
9467,144.16,fuel,0,0,22,10,309.6,0
9468,54.24,dining,0,0,14,13,282.7,0
9469,70.6,entertainment,0,0,15,15,80.5,0
9470,71.63,pharmacy,0,0,18,15,1246.2,0
9471,87.16,dining,0,0,6,13,231.9,0
9472,103.92,pharmacy,0,0,8,13,1033.1,0
9473,1261.71,dining,1,1,2,4,6.4,1
9474,91.86,dining,0,1,21,14,338.4,0
9475,65.24,electronics,0,0,6,14,521.5,0
9476,74.11,electronics,0,0,13,28,882.8,0
9477,202.27,fuel,0,0,16,14,1359.8,0
9478,69.42,jewelry,0,1,12,19,510.1,0
9479,267.07,pharmacy,0,0,18,13,1328.2,0
9480,15.64,utilities,0,0,9,12,323.4,0
9481,21.32,electronics,0,0,7,18,1876.7,0
9482,66.66,electronics,0,0,8,13,1314.1,0
9483,93.98,grocery,0,0,14,10,32.1,0
9484,56.34,jewelry,0,0,9,16,430.8,0
9485,76.14,online_retail,0,0,11,18,520.8,0
9486,68.41,dining,0,0,7,12,243.3,0
9487,1493.02,pharmacy,0,1,1,5,11.5,1
9488,90.29,entertainment,0,0,10,16,171.1,0
9489,145.13,online_retail,0,0,14,15,157.9,0
9490,42.11,pharmacy,0,0,6,18,1311.4,0
9491,62.51,entertainment,0,0,15,15,455.7,0
9492,45.16,entertainment,0,0,11,15,105.7,0
9493,74.97,pharmacy,0,0,14,20,358.6,0
9494,18.63,travel,1,0,7,9,393.9,0
9495,85.23,online_retail,0,0,20,9,1663.4,0
9496,42.09,dining,0,0,8,15,321.7,0
9497,96.68,online_retail,0,0,7,12,484.7,0
9498,82.75,electronics,0,0,20,19,329.9,0
9499,165.8,pharmacy,0,0,13,9,189.9,0
9500,79.21,pharmacy,0,0,12,15,702.2,0
9501,31.61,electronics,0,0,6,16,283.9,0
9502,187.95,fuel,0,0,13,12,491.2,0
9503,135.21,dining,0,0,11,14,1404.7,0
9504,184.32,utilities,0,0,20,13,7.3,0
9505,26.47,pharmacy,0,0,19,15,689.6,0
9506,146.98,online_retail,0,1,21,17,1248.5,0
9507,123.99,grocery,0,0,8,18,1240.7,0
9508,36.68,online_retail,0,0,8,19,142.0,0
9509,97.21,jewelry,0,0,15,13,185.4,0
9510,29.38,entertainment,0,0,11,9,1343.5,0
9511,64.19,electronics,0,0,22,9,615.5,0
9512,285.42,entertainment,0,0,19,11,621.6,0
9513,16.11,utilities,1,0,15,8,61.1,0
9514,113.33,online_retail,0,0,8,12,27.3,0
9515,206.8,electronics,0,0,11,14,80.5,0
9516,106.78,travel,0,0,16,15,1868.9,0
9517,199.24,jewelry,0,1,18,14,442.9,0
9518,167.83,fuel,0,0,10,16,2313.3,0
9519,79.77,fuel,0,0,13,16,302.1,0
9520,33.02,pharmacy,0,0,11,15,52.9,0
9521,178.06,electronics,0,0,17,8,143.5,0
9522,722.37,jewelry,1,1,4,1,0.9,1
9523,59.28,fuel,0,0,6,14,123.5,0
9524,160.03,fuel,0,0,13,21,401.8,0
9525,81.79,entertainment,0,0,19,17,374.7,0
9526,88.7,dining,0,0,16,14,501.8,0
9527,43.23,dining,0,0,17,13,1193.8,0
9528,116.82,fuel,0,0,11,9,236.0,0
9529,82.97,fuel,0,0,8,16,896.4,0
9530,44.9,travel,0,0,11,13,608.5,0
9531,32.54,electronics,0,1,6,20,279.2,0
9532,51.41,online_retail,1,0,20,19,135.8,0
9533,44.5,grocery,0,0,7,9,1107.7,0
9534,78.08,dining,0,0,12,16,295.6,0
9535,34.46,dining,0,0,22,15,125.5,0
9536,18.99,electronics,0,0,22,17,347.5,0
9537,48.55,grocery,0,0,20,16,423.7,0
9538,80.12,grocery,0,0,9,15,334.5,0
9539,115.8,electronics,0,0,13,11,910.8,0
9540,71.2,online_retail,1,0,9,19,763.8,0
9541,103.19,online_retail,0,0,13,13,1051.9,0
9542,147.65,pharmacy,0,0,11,11,2157.9,0
9543,151.12,fuel,0,0,7,18,512.6,0
9544,41.26,jewelry,0,0,16,16,995.4,0
9545,103.97,electronics,1,0,13,16,1442.5,0
9546,13.23,pharmacy,0,0,9,15,480.4,0
9547,86.63,dining,0,0,14,10,18.1,0
9548,70.44,utilities,0,0,9,13,88.2,0
9549,69.61,fuel,0,0,13,21,748.4,0
9550,115.2,dining,0,0,19,12,218.9,0
9551,72.86,utilities,0,0,9,15,1050.7,0
9552,97.98,grocery,0,0,19,11,134.7,0
9553,17.24,travel,0,0,20,27,270.6,0
9554,224.17,fuel,0,0,9,16,1246.4,0
9555,68.99,utilities,0,0,15,17,158.5,0
9556,60.1,grocery,0,0,18,12,121.3,0
9557,140.76,grocery,0,0,15,11,515.5,0
9558,66.49,entertainment,0,0,11,16,118.3,0
9559,36.42,jewelry,0,0,19,15,948.5,0
9560,68.92,grocery,0,0,11,12,692.2,0
9561,133.97,travel,0,0,8,13,280.2,0
9562,28.7,grocery,0,0,22,10,572.7,0
9563,118.44,fuel,0,0,16,17,610.3,0
9564,67.6,dining,0,0,10,12,676.3,0
9565,27.4,pharmacy,0,0,17,14,189.7,0
9566,53.01,pharmacy,0,0,20,14,59.6,0
9567,56.04,utilities,0,0,10,15,37.7,0
9568,30.27,pharmacy,0,0,11,17,226.3,0
9569,69.41,travel,0,0,6,16,1022.7,0
9570,56.64,dining,0,0,11,22,1878.6,0
9571,48.74,entertainment,0,1,16,19,575.2,0
9572,74.18,fuel,0,0,11,15,199.2,0
9573,138.2,dining,0,0,11,15,1679.9,0
9574,52.11,utilities,0,0,16,11,5.5,0
9575,71.19,jewelry,0,0,8,10,414.8,0
9576,81.09,electronics,0,0,21,11,192.0,0
9577,37.92,electronics,0,0,7,17,313.7,0
9578,75.65,travel,0,0,22,15,109.9,0
9579,4.02,utilities,0,0,8,13,766.8,0
9580,51.94,grocery,0,0,21,17,417.7,0
9581,77.46,online_retail,0,0,10,16,415.1,0
9582,46.9,entertainment,0,0,11,11,384.9,0
9583,140.83,electronics,0,0,16,10,1513.6,0
9584,72.01,grocery,0,0,17,14,1220.0,0
9585,28.42,online_retail,0,0,20,16,906.9,0
9586,13.15,travel,0,0,15,16,1699.3,0
9587,11.46,grocery,0,0,22,12,284.7,0
9588,193.2,grocery,0,0,17,12,828.5,0
9589,122.08,jewelry,0,0,18,17,132.1,0
9590,92.03,entertainment,0,0,19,14,900.8,0
9591,50.02,electronics,0,0,9,19,846.2,0
9592,191.09,jewelry,0,0,17,17,116.4,0
9593,66.78,dining,0,0,19,19,300.5,0
9594,1507.87,utilities,0,0,4,7,5.3,1
9595,110.89,dining,0,0,7,15,628.3,0
9596,24.54,fuel,0,0,16,23,721.7,0
9597,97.89,fuel,0,0,13,16,92.6,0
9598,9.25,fuel,0,0,7,11,15.2,0
9599,64.27,dining,0,0,21,12,33.9,0
9600,95.39,electronics,0,1,10,15,105.7,0
9601,55.36,electronics,0,1,17,14,1402.1,0
9602,40.84,online_retail,0,0,8,17,642.5,0
9603,117.29,jewelry,0,0,6,12,1618.8,0
9604,105.97,jewelry,0,0,10,13,1341.4,0
9605,27.7,dining,0,0,13,16,436.9,0
9606,69.37,pharmacy,0,0,8,17,387.2,0
9607,111.54,entertainment,0,0,20,20,844.6,0
9608,94.43,jewelry,0,0,12,17,621.6,0
9609,47.43,grocery,0,1,18,12,68.4,0
9610,95.13,jewelry,1,0,10,16,505.5,0
9611,59.36,utilities,1,0,22,16,1496.5,0
9612,72.72,grocery,0,0,6,17,653.7,0
9613,107.4,utilities,0,0,19,10,146.9,0
9614,29.81,grocery,0,0,18,14,847.9,0
9615,132.57,dining,0,0,10,12,347.9,0
9616,60.73,entertainment,0,0,14,18,67.7,0
9617,108.53,entertainment,0,0,7,18,114.8,0
9618,614.87,fuel,0,1,2,2,4.8,1
9619,1445.08,grocery,0,1,2,3,8.2,1
9620,299.79,online_retail,1,1,13,14,314.5,0
9621,73.46,electronics,0,0,22,12,299.5,0
9622,90.12,online_retail,0,0,21,15,2683.8,0
9623,96.15,electronics,0,1,8,5,728.2,0
9624,38.14,grocery,0,0,22,17,2.5,0
9625,48.07,utilities,0,0,9,11,508.3,0
9626,20.56,electronics,0,0,9,19,381.0,0
9627,191.2,grocery,0,0,20,11,295.0,0
9628,74.81,jewelry,0,0,9,11,122.7,0
9629,78.01,electronics,0,0,21,13,250.3,0
9630,19.2,grocery,0,0,8,13,1040.5,0
9631,171.83,utilities,0,0,9,11,177.9,0
9632,168.04,grocery,0,0,6,16,2517.5,0
9633,123.59,travel,0,1,21,23,643.8,0
9634,58.15,travel,0,0,12,11,100.1,0
9635,45.57,utilities,0,0,10,15,1130.8,0
9636,152.57,jewelry,0,0,13,9,6.0,0
9637,823.58,travel,0,1,2,4,2.8,1
9638,98.35,entertainment,0,0,7,11,8.6,0
9639,35.83,online_retail,0,0,14,17,29.4,0
9640,34.08,utilities,0,0,16,20,629.7,0
9641,51.25,dining,0,0,8,15,743.6,0
9642,115.64,pharmacy,0,0,16,7,2252.7,0
9643,38.82,travel,0,1,15,19,310.1,0
9644,161.44,utilities,0,0,16,18,8.1,0
9645,93.58,pharmacy,0,0,15,10,257.8,0
9646,75.72,fuel,0,0,21,18,190.0,0
9647,3.72,grocery,0,0,17,12,1.8,0
9648,256.95,grocery,1,0,13,16,1068.8,0
9649,42.55,utilities,0,0,9,10,305.6,0
9650,29.51,pharmacy,0,0,8,17,8.7,0
9651,96.65,fuel,0,0,21,17,559.7,0
9652,56.21,entertainment,0,0,11,12,841.4,0
9653,106.57,pharmacy,0,0,15,15,86.0,0
9654,116.35,electronics,0,0,12,17,92.1,0
9655,34.89,online_retail,0,0,8,12,647.2,0
9656,37.44,grocery,0,0,20,9,141.3,0
9657,100.39,jewelry,0,0,7,7,1359.9,0
9658,31.3,online_retail,0,0,9,16,2524.2,0
9659,54.27,jewelry,0,0,13,14,758.1,0
9660,29.37,utilities,0,0,15,15,124.1,0
9661,199.69,utilities,0,0,17,15,28.2,0
9662,51.27,utilities,0,0,16,15,159.6,0
9663,19.08,electronics,0,0,14,19,7.8,0
9664,63.24,entertainment,0,0,15,16,392.7,0
9665,46.04,travel,0,0,11,21,460.2,0
9666,34.95,entertainment,0,0,8,16,570.8,0
9667,19.33,electronics,0,0,11,21,56.2,0
9668,168.57,pharmacy,0,1,18,16,895.8,0
9669,14.72,pharmacy,1,0,19,17,1016.5,0
9670,210.21,fuel,0,0,13,10,72.7,0
9671,89.67,dining,0,0,18,15,360.7,0
9672,13.11,grocery,0,1,19,10,684.9,0
9673,127.33,utilities,0,0,21,15,320.4,0
9674,84.09,electronics,0,0,9,17,86.5,0
9675,32.6,entertainment,0,0,16,9,263.1,0
9676,106.91,entertainment,0,0,17,13,188.3,0
9677,81.17,entertainment,0,0,6,13,477.3,0
9678,63.57,jewelry,0,0,6,12,939.8,0
9679,86.67,electronics,0,0,19,13,148.8,0
9680,144.78,utilities,1,0,9,13,190.2,0
9681,160.43,entertainment,1,0,19,16,657.3,0
9682,51.76,electronics,0,0,8,11,60.8,0
9683,251.95,utilities,0,0,11,16,857.5,0
9684,127.81,pharmacy,0,0,10,16,317.4,0
9685,119.61,jewelry,0,0,9,11,1208.6,0
9686,42.68,pharmacy,0,0,18,11,299.4,0
9687,53.94,pharmacy,0,0,7,13,827.8,0
9688,53.37,dining,0,0,12,12,169.2,0
9689,216.88,utilities,0,0,15,14,271.1,0
9690,63.88,fuel,0,0,6,16,462.1,0
9691,64.05,online_retail,1,0,7,14,492.3,0
9692,42.33,travel,1,0,9,17,30.9,0
9693,96.01,grocery,0,1,13,17,184.1,0
9694,83.09,online_retail,0,0,9,18,568.2,0
9695,40.33,utilities,0,0,13,21,242.8,0
9696,77.24,online_retail,0,0,19,14,956.4,0
9697,87.88,jewelry,0,0,7,20,2375.3,0
9698,3.28,fuel,0,0,20,17,1295.0,0
9699,313.09,entertainment,0,0,8,18,86.4,0
9700,78.99,online_retail,0,0,10,11,400.0,0
9701,39.89,dining,0,0,21,23,507.4,0
9702,108.41,electronics,0,0,17,15,923.4,0
9703,45.83,fuel,0,0,20,16,112.5,0
9704,26.43,grocery,0,0,21,18,302.1,0
9705,50.43,grocery,0,0,11,18,518.8,0
9706,110.17,jewelry,0,0,10,14,876.5,0
9707,70.87,utilities,0,0,16,11,122.2,0
9708,50.6,pharmacy,0,0,15,14,373.4,0
9709,38.04,electronics,0,0,17,12,692.0,0
9710,8.71,online_retail,0,0,20,16,190.2,0
9711,42.54,grocery,0,0,10,12,770.6,0
9712,45.98,fuel,0,0,7,18,639.0,0
9713,111.9,jewelry,0,0,8,12,193.3,0
9714,6.13,entertainment,0,0,12,14,192.0,0
9715,9.07,fuel,0,0,19,14,92.9,0
9716,28.43,grocery,0,0,14,12,1714.2,0
9717,157.36,entertainment,0,0,7,20,671.2,0
9718,79.78,travel,0,1,13,26,2810.5,0
9719,13.29,utilities,0,0,8,18,6.9,0
9720,10.06,online_retail,0,0,21,9,215.7,0
9721,64.25,utilities,0,0,17,15,537.8,0
9722,121.05,jewelry,0,0,22,10,2342.1,0
9723,89.3,utilities,0,0,13,13,236.1,0
9724,163.08,grocery,0,0,9,19,1009.5,0
9725,194.94,electronics,0,0,15,17,128.1,0
9726,27.65,travel,0,0,16,18,432.5,0
9727,29.28,grocery,0,0,7,13,248.9,0
9728,58.04,jewelry,0,1,8,9,86.6,0
9729,112.34,entertainment,0,0,16,19,49.5,0
9730,16.95,jewelry,0,0,22,13,1183.0,0
9731,23.19,pharmacy,0,0,18,11,228.3,0
9732,135.91,jewelry,0,0,12,13,48.8,0
9733,37.53,pharmacy,0,0,15,10,384.6,0
9734,193.18,entertainment,0,0,21,15,2324.9,0
9735,542.04,pharmacy,0,0,4,3,2.6,1
9736,55.56,utilities,0,0,12,13,88.4,0
9737,175.72,electronics,0,0,8,7,260.7,0
9738,46.96,entertainment,0,0,20,6,3575.0,0
9739,28.19,dining,0,1,19,12,436.3,0
9740,66.76,pharmacy,0,0,21,17,434.4,0
9741,5.83,dining,0,0,13,18,11.6,0
9742,18.91,dining,0,0,19,16,535.8,0
9743,57.61,grocery,0,0,17,14,424.2,0
9744,63.0,dining,0,0,12,12,103.2,0
9745,50.47,travel,0,0,22,16,378.5,0
9746,9.57,pharmacy,0,0,13,22,295.5,0
9747,133.21,grocery,0,0,15,13,665.7,0
9748,52.15,utilities,0,0,12,14,551.2,0
9749,117.86,entertainment,0,0,8,13,957.3,0
9750,38.31,dining,0,0,8,19,352.7,0
9751,90.73,jewelry,0,0,18,27,345.6,0
9752,9.66,pharmacy,0,0,19,20,110.4,0
9753,81.16,dining,0,0,14,15,129.4,0
9754,413.97,entertainment,1,1,2,4,5.3,1
9755,67.27,pharmacy,0,0,16,21,86.8,0
9756,146.92,dining,0,0,7,8,230.5,0
9757,130.99,fuel,0,1,16,13,120.1,0
9758,26.74,online_retail,0,0,7,11,129.7,0
9759,63.71,dining,0,0,12,15,715.2,0
9760,134.95,pharmacy,0,0,22,20,438.3,0
9761,55.17,electronics,0,0,11,19,516.0,0
9762,36.67,utilities,0,0,14,20,919.0,0
9763,27.52,dining,0,0,11,16,207.0,0
9764,65.64,entertainment,0,0,7,20,602.0,0
9765,77.65,electronics,0,1,21,12,10.4,0
9766,102.71,dining,0,0,15,11,692.0,0
9767,79.71,electronics,0,0,7,15,911.8,0
9768,205.5,entertainment,0,1,20,19,54.0,0
9769,121.2,online_retail,0,0,22,18,997.7,0
9770,126.97,fuel,0,0,15,15,180.1,0
9771,35.77,pharmacy,0,0,13,23,2043.3,0
9772,168.3,online_retail,0,0,6,16,1713.8,0
9773,42.0,fuel,0,0,7,20,258.4,0
9774,9.27,travel,0,0,15,15,204.6,0
9775,94.24,jewelry,0,0,13,13,1378.8,0
9776,140.64,grocery,0,0,22,21,1127.8,0
9777,21.83,grocery,0,0,16,21,414.3,0
9778,70.23,dining,0,0,7,11,340.6,0
9779,73.77,pharmacy,0,0,17,14,514.1,0
9780,25.9,grocery,0,0,16,9,735.9,0
9781,53.76,dining,0,0,22,22,3007.4,0
9782,187.89,dining,0,0,13,18,276.1,0
9783,578.93,online_retail,1,0,0,3,4.7,1
9784,70.24,travel,0,0,20,16,35.2,0
9785,14.39,travel,0,0,20,14,184.0,0
9786,207.05,grocery,1,1,1,5,3.0,1
9787,109.35,entertainment,0,0,9,13,3115.2,0
9788,24.39,travel,0,0,13,15,707.4,0
9789,44.45,jewelry,0,0,12,10,677.9,0
9790,59.43,electronics,0,0,18,10,272.3,0
9791,42.45,electronics,0,0,21,16,1513.3,0
9792,45.92,entertainment,0,0,17,13,757.6,0
9793,27.72,online_retail,1,0,21,10,657.7,0
9794,182.91,utilities,0,0,22,18,643.3,0
9795,55.87,dining,0,0,22,14,159.3,0
9796,84.29,entertainment,0,0,9,18,5181.8,0
9797,13.24,jewelry,0,0,10,16,216.7,0
9798,66.92,fuel,0,0,14,14,12.4,0
9799,45.36,pharmacy,0,0,19,11,325.8,0
9800,39.48,utilities,0,0,13,16,449.7,0
9801,113.97,travel,0,1,11,16,179.2,0
9802,163.17,grocery,0,0,22,18,671.3,0
9803,42.87,utilities,0,0,8,14,77.6,0
9804,6.55,grocery,0,1,12,11,995.5,0
9805,48.94,dining,0,0,19,14,861.8,0
9806,51.68,fuel,0,0,21,15,1398.0,0
9807,47.15,pharmacy,0,1,18,15,61.1,0
9808,65.31,pharmacy,0,0,11,10,905.6,0
9809,45.22,entertainment,0,0,10,15,1529.8,0
9810,38.33,entertainment,0,0,13,10,98.9,0
9811,93.2,entertainment,0,0,6,6,302.3,0
9812,64.7,jewelry,0,0,18,12,1084.0,0
9813,144.19,fuel,0,0,18,16,153.9,0
9814,45.44,pharmacy,0,0,11,21,1379.8,0
9815,211.71,entertainment,0,0,6,9,278.7,0
9816,93.25,utilities,0,0,21,20,411.8,0
9817,154.95,fuel,0,0,13,10,1115.0,0
9818,116.29,entertainment,0,0,10,12,777.9,0
9819,32.07,jewelry,1,0,17,13,6588.8,0
9820,158.7,jewelry,0,1,11,13,567.3,0
9821,91.8,entertainment,0,0,21,23,2672.3,0
9822,143.27,online_retail,0,0,7,20,1458.2,0
9823,227.87,utilities,0,0,20,14,1800.8,0
9824,139.22,pharmacy,0,0,16,18,825.3,0
9825,76.77,entertainment,0,0,17,13,316.4,0
9826,14.76,dining,0,0,17,15,1177.4,0
9827,25.36,online_retail,0,0,7,13,178.1,0
9828,107.77,electronics,0,0,21,9,263.9,0
9829,127.7,online_retail,0,0,19,10,190.4,0
9830,50.7,utilities,0,1,21,13,129.6,0
9831,78.18,travel,0,0,16,23,1090.2,0
9832,95.48,jewelry,0,0,17,20,1164.2,0
9833,148.93,utilities,0,0,14,12,493.2,0
9834,326.84,entertainment,0,0,16,17,514.6,0
9835,18.24,travel,1,0,11,20,24.6,0
9836,25.75,entertainment,0,0,21,13,124.7,0
9837,33.93,utilities,0,0,16,11,1085.5,0
9838,74.75,pharmacy,0,0,8,18,246.5,0
9839,40.38,electronics,0,0,20,21,157.2,0
9840,71.85,jewelry,0,0,17,23,17.7,0
9841,1832.43,pharmacy,1,1,2,0,6.0,1
9842,39.97,entertainment,0,0,13,15,438.3,0
9843,149.54,online_retail,0,0,10,13,502.4,0
9844,54.17,jewelry,0,0,9,13,1137.2,0
9845,17.16,pharmacy,0,0,13,20,38.8,0
9846,161.73,utilities,0,1,16,26,914.4,0
9847,377.02,travel,1,1,2,2,2.6,1
9848,62.49,travel,0,0,19,20,221.6,0
9849,133.64,grocery,0,0,9,13,196.1,0
9850,61.53,electronics,0,0,10,12,929.2,0
9851,64.06,fuel,0,0,22,17,6.6,0
9852,54.59,pharmacy,0,0,21,20,177.0,0
9853,21.64,pharmacy,0,0,18,17,203.9,0
9854,58.96,fuel,0,0,19,8,1670.7,0
9855,113.95,online_retail,0,0,15,14,169.1,0
9856,79.28,travel,0,0,10,16,347.4,0
9857,808.46,electronics,1,1,4,0,2.0,1
9858,127.37,electronics,0,0,7,13,830.0,0
9859,107.51,fuel,0,0,17,13,442.2,0
9860,82.43,entertainment,0,0,21,19,343.5,0
9861,90.65,online_retail,0,0,14,17,239.4,0
9862,86.13,utilities,0,0,16,16,589.4,0
9863,23.04,fuel,0,0,9,13,88.8,0
9864,92.57,electronics,0,0,20,25,483.8,0
9865,82.27,dining,0,0,6,20,1286.0,0
9866,185.75,online_retail,0,0,11,17,267.3,0
9867,116.15,online_retail,0,0,7,18,211.1,0
9868,25.08,dining,0,0,10,16,75.2,0
9869,49.92,pharmacy,0,0,10,17,234.5,0
9870,115.6,fuel,0,0,12,17,1394.2,0
9871,135.95,electronics,0,0,12,15,200.0,0
9872,88.46,jewelry,0,0,9,15,978.6,0
9873,36.44,entertainment,0,0,18,10,1140.4,0
9874,208.91,fuel,0,0,15,15,211.7,0
9875,282.17,fuel,0,0,11,13,1543.8,0
9876,109.13,fuel,0,0,8,21,538.2,0
9877,47.62,entertainment,0,0,18,19,933.0,0
9878,43.41,dining,1,0,15,20,25.4,0
9879,47.62,electronics,0,0,7,16,492.9,0
9880,11.3,utilities,0,0,15,10,374.0,0
9881,147.41,travel,0,0,18,12,419.1,0
9882,132.06,pharmacy,0,0,17,18,42.4,0
9883,128.36,utilities,0,0,21,23,1075.9,0
9884,344.73,entertainment,0,0,11,10,70.2,0
9885,160.04,online_retail,0,0,20,14,37.1,0
9886,101.61,utilities,0,0,17,15,581.8,0
9887,101.13,travel,0,0,10,12,456.9,0
9888,108.16,grocery,0,0,7,9,375.3,0
9889,167.36,pharmacy,0,0,20,13,913.0,0
9890,193.16,entertainment,0,0,9,12,1838.7,0
9891,55.07,dining,0,0,10,14,791.6,0
9892,64.67,pharmacy,0,0,20,20,192.1,0
9893,19.89,online_retail,0,0,17,13,982.2,0
9894,106.92,entertainment,0,0,7,13,589.8,0
9895,83.75,jewelry,0,0,8,10,439.1,0
9896,480.66,grocery,1,0,0,3,0.8,1
9897,52.83,travel,0,0,21,16,714.1,0
9898,68.08,dining,0,1,17,6,360.7,0
9899,141.93,electronics,0,0,16,22,781.6,0
9900,88.11,pharmacy,0,0,19,17,34.5,0
9901,11.55,grocery,0,0,6,11,474.8,0
9902,5.59,grocery,0,0,16,18,251.0,0
9903,40.33,dining,0,0,17,8,59.1,0
9904,54.11,dining,0,0,15,13,447.8,0
9905,52.83,jewelry,0,0,7,24,260.2,0
9906,207.37,utilities,0,0,12,14,21.0,0
9907,14.35,fuel,0,0,18,13,7.3,0
9908,210.1,grocery,0,0,14,17,326.1,0
9909,144.13,online_retail,0,0,17,19,149.8,0
9910,186.47,fuel,0,0,11,16,552.7,0
9911,3.42,grocery,0,0,16,11,810.2,0
9912,55.89,electronics,0,0,16,10,2601.8,0
9913,52.08,pharmacy,0,1,8,7,1055.7,0
9914,60.24,grocery,0,0,21,20,894.1,0
9915,14.84,fuel,0,0,19,13,243.6,0
9916,29.18,travel,0,0,9,23,517.8,0
9917,95.41,pharmacy,0,0,22,24,20.7,0
9918,972.86,jewelry,0,1,1,5,1.8,1
9919,43.14,dining,0,0,18,16,1105.0,0
9920,54.83,grocery,0,0,10,16,370.2,0
9921,92.38,utilities,0,0,9,18,546.5,0
9922,126.63,entertainment,1,0,8,16,86.5,0
9923,54.54,dining,0,0,15,15,1756.6,0
9924,54.67,electronics,0,0,10,12,96.4,0
9925,42.25,jewelry,0,0,15,12,227.8,0
9926,63.44,jewelry,0,0,19,21,864.5,0
9927,129.07,fuel,0,0,17,20,32.5,0
9928,37.48,dining,1,0,11,20,717.4,0
9929,163.83,electronics,0,0,9,15,966.0,0
9930,92.01,fuel,0,0,18,10,76.3,0
9931,135.45,electronics,0,0,10,16,358.8,0
9932,102.56,utilities,0,0,16,12,383.3,0
9933,110.21,online_retail,0,0,9,15,219.6,0
9934,85.58,dining,0,0,19,13,838.8,0
9935,188.57,grocery,1,0,10,19,41.4,0
9936,61.37,jewelry,0,0,6,14,576.1,0
9937,144.82,dining,0,0,15,18,225.0,0
9938,28.91,online_retail,0,0,18,22,262.2,0
9939,79.87,grocery,0,0,13,13,688.5,0
9940,73.32,electronics,0,0,19,10,179.7,0
9941,77.27,entertainment,0,0,19,17,260.2,0
9942,104.84,grocery,0,0,19,17,1069.8,0
9943,109.42,grocery,0,0,22,17,213.6,0
9944,52.27,dining,0,0,9,18,615.9,0
9945,110.75,jewelry,0,0,15,12,50.4,0
9946,67.04,entertainment,0,0,13,12,1291.3,0
9947,84.74,electronics,0,0,6,10,1249.4,0
9948,109.82,grocery,0,1,10,15,65.9,0
9949,149.89,online_retail,0,0,10,11,713.7,0
9950,128.65,online_retail,0,0,13,16,707.3,0
9951,40.35,online_retail,1,0,14,19,25.6,0
9952,76.64,jewelry,0,0,9,12,114.5,0
9953,32.27,grocery,0,0,7,19,196.5,0
9954,61.7,fuel,0,1,10,12,645.7,0
9955,85.73,fuel,0,0,7,21,1638.5,0
9956,55.53,dining,0,0,15,17,35.6,0
9957,52.17,online_retail,0,0,8,17,277.7,0
9958,73.18,online_retail,0,0,11,16,22.6,0
9959,12.44,fuel,0,0,19,8,403.8,0
9960,126.73,entertainment,0,0,7,18,242.1,0
9961,45.28,utilities,0,0,17,12,260.9,0
9962,84.32,electronics,0,1,6,17,223.1,0
9963,74.15,dining,0,0,13,18,264.3,0
9964,72.57,pharmacy,0,0,15,18,835.3,0
9965,44.52,dining,0,0,6,15,176.0,0
9966,43.99,dining,0,0,8,12,31.0,0
9967,241.86,dining,0,0,14,15,785.6,0
9968,42.77,entertainment,0,0,19,21,371.7,0
9969,9.08,electronics,0,0,6,19,15.9,0
9970,40.55,online_retail,0,0,12,8,909.1,0
9971,17.35,electronics,0,0,12,21,1238.1,0
9972,29.57,entertainment,0,0,14,16,677.7,0
9973,63.45,online_retail,0,0,14,14,159.1,0
9974,92.38,electronics,0,0,15,15,154.7,0
9975,128.49,electronics,0,0,8,10,59.4,0
9976,42.57,electronics,0,0,19,13,183.7,0
9977,156.26,dining,0,0,16,14,208.3,0
9978,47.85,fuel,0,0,21,18,88.6,0
9979,166.48,entertainment,0,0,15,14,635.3,0
9980,172.25,grocery,0,1,18,14,167.5,0
9981,230.09,travel,0,0,6,13,55.4,0
9982,33.89,fuel,0,0,22,7,306.0,0
9983,133.56,jewelry,0,0,6,18,26.2,0
9984,3.49,fuel,0,1,15,18,352.5,0
9985,15.01,entertainment,0,0,20,21,144.3,0
9986,53.8,electronics,0,0,15,17,699.1,0
9987,87.51,travel,0,0,22,14,869.9,0
9988,12.74,dining,0,0,6,16,1783.2,0
9989,155.5,electronics,0,0,10,15,1321.1,0
9990,18.47,electronics,0,0,22,14,328.1,0
9991,66.96,jewelry,0,0,10,19,817.6,0
9992,18.08,fuel,0,0,21,17,959.1,0
9993,16.39,electronics,0,0,20,11,78.4,0
9994,258.39,grocery,0,0,13,10,65.0,0
9995,7.2,fuel,0,0,8,20,1322.6,0
9996,101.26,travel,1,0,12,28,1593.5,0
9997,234.26,jewelry,1,0,19,16,372.0,0
9998,21.83,travel,0,0,7,14,1076.7,0
9999,14.71,online_retail,0,0,7,20,787.5,0
10000,11.97,utilities,0,0,7,25,846.4,0
10001,14.53,electronics,0,1,8,16,183.4,0
10002,26.56,online_retail,0,0,13,19,1340.3,0
10003,106.53,electronics,0,0,11,12,615.0,0
10004,92.15,grocery,0,0,14,8,144.0,0
10005,69.36,online_retail,0,0,14,19,713.7,0
10006,100.19,entertainment,0,1,15,14,237.4,0
10007,79.09,fuel,0,0,12,25,270.1,0
10008,89.39,fuel,0,0,8,14,545.0,0
10009,114.99,utilities,0,0,13,14,575.2,0
10010,32.56,pharmacy,0,0,10,13,788.8,0
10011,30.67,pharmacy,0,1,14,13,590.8,0
10012,32.54,pharmacy,0,0,15,15,579.5,0
10013,25.26,pharmacy,0,0,6,16,154.4,0
10014,122.45,pharmacy,0,0,15,15,1401.3,0
10015,102.5,pharmacy,0,0,18,17,939.1,0
10016,40.35,jewelry,0,0,7,15,277.9,0
10017,32.74,online_retail,0,0,20,5,637.0,0
10018,65.64,travel,0,0,19,14,963.4,0
10019,13.53,grocery,0,0,15,16,242.8,0
10020,122.99,dining,0,0,20,16,1140.8,0
10021,32.38,utilities,0,0,22,25,232.0,0
10022,184.5,dining,0,0,17,14,170.1,0
10023,30.68,pharmacy,0,0,7,10,262.3,0
10024,199.76,utilities,0,0,19,13,52.8,0
10025,83.35,dining,0,0,16,19,120.1,0
10026,228.71,grocery,0,0,18,13,787.3,0
10027,42.12,entertainment,0,0,11,10,186.3,0
10028,30.0,jewelry,0,0,10,19,1127.8,0
10029,42.78,pharmacy,0,0,11,16,36.2,0
10030,124.99,entertainment,0,0,21,13,609.9,0
10031,147.07,utilities,0,0,13,16,928.6,0
10032,143.81,jewelry,0,0,19,16,329.0,0
10033,72.38,pharmacy,0,0,10,12,506.3,0
10034,16.9,grocery,0,0,22,16,1805.8,0
10035,42.19,entertainment,0,0,22,15,606.9,0
10036,159.96,grocery,0,0,9,21,214.6,0
10037,36.31,utilities,0,0,8,15,397.8,0
10038,18.45,electronics,0,0,16,11,591.5,0
10039,135.35,utilities,0,0,17,16,183.3,0
10040,145.53,dining,0,0,17,21,485.6,0
10041,716.98,entertainment,0,0,2,4,0.3,1
10042,51.13,utilities,0,0,8,13,157.6,0
10043,42.92,dining,0,0,10,11,463.8,0
10044,38.14,online_retail,0,0,21,14,344.0,0
10045,102.21,grocery,0,0,14,18,393.1,0
10046,32.85,pharmacy,0,0,9,18,938.6,0
10047,76.86,pharmacy,0,0,13,12,751.9,0
10048,25.01,utilities,0,0,15,8,530.7,0
10049,10.95,fuel,0,0,20,20,357.8,0
10050,73.8,travel,0,0,12,18,942.9,0
10051,109.39,entertainment,0,0,14,20,257.6,0
10052,95.52,jewelry,0,0,18,13,1977.9,0
10053,1016.81,fuel,1,1,2,2,0.8,1
10054,111.08,utilities,0,1,22,16,2189.6,0
10055,66.65,grocery,1,0,20,15,1612.7,0
10056,37.73,dining,0,1,22,18,305.6,0
10057,33.27,electronics,0,0,10,14,47.1,0
10058,51.94,electronics,0,0,9,11,209.9,0
10059,85.99,dining,0,1,13,15,50.1,0
10060,50.08,electronics,0,0,6,16,1185.5,0
10061,56.98,fuel,0,0,12,12,33.3,0
10062,80.14,electronics,0,0,7,15,125.4,0
10063,42.59,utilities,0,0,14,21,71.6,0
10064,75.8,entertainment,0,0,7,16,14.8,0
10065,116.04,jewelry,0,0,12,8,837.0,0
10066,82.35,fuel,0,0,15,11,1237.2,0
10067,49.05,online_retail,0,0,22,6,534.9,0
10068,147.92,grocery,0,0,14,18,303.3,0
10069,78.69,pharmacy,0,0,10,14,866.5,0
10070,24.97,jewelry,1,0,7,15,792.5,0
10071,731.13,utilities,1,1,3,7,5.9,1
10072,28.87,fuel,0,0,18,22,597.1,0
10073,7.3,fuel,0,1,18,16,292.1,0
10074,123.16,fuel,0,0,10,13,2376.9,0
10075,44.19,dining,0,0,10,21,227.2,0
10076,37.53,utilities,0,0,17,11,104.0,0
10077,68.43,travel,0,0,12,18,182.4,0
10078,189.78,dining,0,1,13,20,245.7,0
10079,107.1,entertainment,0,0,11,20,651.4,0
10080,69.33,online_retail,0,0,22,11,2251.1,0
10081,73.83,fuel,0,0,16,14,18.4,0
10082,14.41,grocery,0,0,14,16,11.9,0
10083,177.36,fuel,0,0,22,14,261.0,0
10084,22.71,pharmacy,0,0,18,22,903.4,0
10085,5.01,entertainment,0,0,14,25,690.1,0
10086,29.2,fuel,0,0,7,13,1326.3,0
10087,65.37,fuel,0,0,8,20,813.5,0
10088,46.55,electronics,0,0,8,23,681.5,0
10089,103.7,grocery,0,0,11,13,1819.0,0
10090,64.8,electronics,0,0,14,15,164.6,0
10091,68.9,utilities,0,0,8,17,604.1,0
10092,28.93,electronics,1,0,13,18,226.9,0
10093,72.93,electronics,0,0,6,17,194.9,0
10094,50.38,utilities,0,1,20,9,912.4,0
10095,114.11,fuel,0,0,6,7,125.5,0
10096,38.13,dining,0,1,10,15,379.0,0
10097,71.31,pharmacy,0,0,21,22,134.2,0
10098,64.76,pharmacy,0,0,19,18,203.2,0
10099,36.53,utilities,0,0,14,19,509.7,0
10100,77.52,utilities,0,0,20,20,14.9,0
10101,36.24,fuel,0,0,18,9,272.8,0
10102,81.78,electronics,0,0,9,16,2389.0,0
10103,94.51,travel,0,0,17,14,122.3,0
10104,33.37,pharmacy,0,0,19,20,134.5,0
10105,40.63,pharmacy,0,0,13,13,565.7,0
10106,288.5,grocery,0,0,21,20,1671.2,0
10107,44.31,utilities,0,0,12,15,334.3,0
10108,23.33,travel,0,0,22,13,233.7,0
10109,111.92,electronics,0,0,7,11,241.5,0
10110,45.16,fuel,0,1,14,13,69.7,0
10111,34.09,dining,0,0,11,13,315.3,0
10112,30.94,electronics,0,0,21,13,304.0,0
10113,61.13,dining,0,0,6,18,846.7,0
10114,104.15,pharmacy,0,0,14,15,22.6,0
10115,52.1,online_retail,0,0,15,12,683.9,0
10116,79.31,fuel,0,0,18,16,716.4,0
10117,48.52,fuel,0,1,8,19,246.8,0
10118,381.22,online_retail,0,1,2,4,0.5,1
10119,52.7,entertainment,0,0,21,9,1602.4,0
10120,236.61,jewelry,0,1,22,17,800.0,0
10121,70.1,electronics,0,0,11,18,267.2,0
10122,55.72,dining,0,0,6,10,1132.6,0
10123,50.62,dining,0,0,6,12,3645.2,0
10124,108.16,jewelry,0,0,6,22,302.8,0
10125,77.96,fuel,0,0,6,12,236.0,0
10126,116.46,jewelry,0,0,16,12,600.6,0
10127,129.03,travel,0,0,17,15,231.6,0
10128,66.97,pharmacy,0,0,9,18,213.2,0
10129,99.91,dining,0,0,19,12,1540.5,0
10130,49.39,travel,0,0,11,12,329.7,0
10131,44.54,fuel,0,0,17,17,193.4,0
10132,43.81,electronics,0,0,16,7,312.7,0
10133,154.26,utilities,0,0,13,19,463.0,0
10134,244.46,grocery,0,0,18,17,678.1,0
10135,141.11,utilities,0,0,13,11,709.7,0
10136,90.81,travel,0,0,12,19,229.2,0
10137,57.35,fuel,0,0,19,10,209.7,0
10138,132.01,jewelry,0,0,7,17,382.2,0
10139,112.87,dining,0,0,13,12,268.0,0
10140,33.51,entertainment,0,0,10,20,25.5,0
10141,21.96,dining,0,0,22,22,669.3,0
10142,193.46,dining,0,0,20,16,36.9,0
10143,55.4,pharmacy,0,0,9,7,433.1,0
10144,91.21,dining,0,0,15,9,1144.8,0
10145,31.39,online_retail,0,0,16,16,655.5,0
10146,97.11,pharmacy,0,0,14,14,215.3,0
10147,114.3,dining,0,0,9,11,39.4,0
10148,90.94,grocery,0,0,10,16,302.7,0
10149,76.55,pharmacy,0,0,13,15,1138.1,0
10150,41.59,fuel,0,0,17,14,1395.8,0
10151,44.71,online_retail,0,0,8,15,1607.7,0
10152,10.66,grocery,0,1,15,15,723.2,0
10153,45.1,pharmacy,0,0,12,10,747.3,0
10154,147.02,pharmacy,0,0,18,5,663.3,0
10155,61.18,grocery,0,0,15,9,486.8,0
10156,73.7,electronics,0,0,13,13,289.5,0
10157,95.06,electronics,0,0,18,17,357.7,0
10158,33.43,grocery,0,0,13,16,595.7,0
10159,136.66,grocery,0,0,21,17,31.5,0
10160,17.57,pharmacy,0,0,14,15,540.0,0
10161,121.42,utilities,1,0,7,16,15.2,0
10162,26.03,electronics,0,0,14,20,67.8,0
10163,205.45,travel,0,0,16,14,545.2,0
10164,39.14,grocery,0,0,7,11,2783.6,0
10165,74.52,online_retail,0,1,12,18,15.1,0
10166,20.27,entertainment,0,0,17,11,570.5,0
10167,43.64,fuel,0,1,15,9,1289.2,0
10168,43.79,fuel,0,0,7,11,541.3,0
10169,20.64,online_retail,0,0,18,25,642.8,0
10170,56.16,travel,0,0,6,8,917.1,0
10171,14.13,grocery,0,1,12,24,123.6,0
10172,52.55,dining,0,0,11,7,794.1,0
10173,5.64,fuel,0,0,21,17,141.7,0
10174,1056.29,entertainment,1,1,3,2,2.3,1
10175,35.43,online_retail,0,0,9,13,812.9,0
10176,69.18,utilities,0,0,11,15,262.3,0
10177,36.67,jewelry,1,0,15,22,2278.2,0
10178,179.9,jewelry,0,1,19,8,148.8,0
10179,53.72,dining,0,0,10,11,51.7,0
10180,57.23,fuel,0,1,14,12,730.8,0
10181,125.98,entertainment,0,0,7,13,340.3,0
10182,42.06,grocery,0,0,16,20,433.9,0
10183,30.4,jewelry,0,0,15,13,164.0,0
10184,86.94,fuel,1,1,17,17,42.8,0
10185,85.37,electronics,0,0,13,22,389.3,0
10186,859.04,dining,1,0,1,2,5.2,1
10187,21.46,dining,0,0,12,17,151.3,0
10188,37.19,utilities,0,0,9,17,1499.5,0
10189,57.68,dining,0,0,8,16,914.0,0
10190,181.6,online_retail,0,0,12,15,1458.8,0
10191,44.89,fuel,0,0,7,15,110.1,0
10192,192.62,jewelry,0,0,16,18,427.3,0
10193,95.57,dining,0,0,8,16,21.8,0
10194,176.48,electronics,0,0,8,15,579.9,0
10195,41.2,online_retail,0,0,12,12,674.4,0
10196,113.57,online_retail,1,0,8,18,77.8,0
10197,84.15,travel,0,0,7,20,172.9,0
10198,183.13,fuel,0,0,20,25,700.5,0
10199,162.13,grocery,0,0,21,10,352.5,0
10200,69.97,travel,0,1,12,18,199.2,0
10201,178.77,pharmacy,0,0,14,12,682.6,0
10202,3.98,entertainment,0,1,19,13,639.2,0
10203,136.28,dining,0,1,17,19,444.1,0
10204,62.3,entertainment,0,0,22,18,171.5,0
10205,137.01,electronics,0,0,15,18,256.9,0
10206,69.41,pharmacy,1,0,16,15,412.5,0
10207,70.66,electronics,0,1,15,20,460.3,0
10208,132.19,travel,0,0,21,15,97.2,0
10209,61.44,electronics,0,0,7,21,1008.0,0
10210,508.28,pharmacy,1,0,2,3,0.5,1
10211,142.84,electronics,0,0,14,21,29.7,0
10212,11.2,fuel,0,0,7,16,284.9,0
10213,179.35,dining,0,0,20,17,1026.2,0
10214,30.61,pharmacy,0,0,7,13,508.1,0
10215,102.95,online_retail,0,0,14,16,154.3,0
10216,82.87,utilities,0,0,7,14,2001.4,0
10217,72.91,fuel,0,0,21,18,785.1,0
10218,130.49,grocery,0,0,18,11,555.4,0
10219,105.35,electronics,0,0,12,14,23.6,0
10220,102.67,online_retail,0,0,16,15,5.9,0
10221,102.55,online_retail,0,0,8,21,825.2,0
10222,49.84,pharmacy,0,0,10,14,32.3,0
10223,87.51,grocery,0,0,18,17,292.1,0
10224,125.08,utilities,0,0,19,20,372.0,0
10225,56.75,jewelry,0,0,6,17,180.7,0
10226,85.33,dining,0,0,21,14,21.7,0
10227,76.55,electronics,0,0,13,8,200.8,0
10228,35.2,dining,0,0,13,12,2118.3,0
10229,183.52,fuel,0,0,21,19,272.2,0
10230,90.75,pharmacy,0,0,20,12,283.4,0
10231,22.44,pharmacy,0,0,8,9,1064.3,0
10232,9.72,electronics,0,0,18,15,802.2,0
10233,88.77,entertainment,1,0,14,17,249.5,0
10234,15.41,jewelry,0,0,21,14,1353.8,0
10235,89.78,online_retail,0,0,12,18,1329.0,0
10236,82.63,entertainment,0,0,17,12,798.6,0
10237,36.91,fuel,0,0,8,12,168.8,0
10238,176.15,fuel,0,0,9,17,133.5,0
10239,67.41,pharmacy,0,0,12,17,862.0,0
10240,53.42,travel,0,0,20,14,795.8,0
10241,125.89,grocery,0,0,22,14,308.2,0
10242,30.14,entertainment,0,0,10,18,420.5,0
10243,128.5,utilities,0,0,6,28,150.6,0
10244,41.48,utilities,0,0,18,23,684.2,0
10245,104.48,grocery,0,1,18,14,274.8,0
10246,204.46,jewelry,0,0,11,18,15.5,0
10247,127.72,entertainment,0,0,20,19,120.0,0
10248,130.19,fuel,0,1,21,16,59.9,0
10249,29.72,utilities,0,0,11,19,313.8,0
10250,155.03,electronics,0,0,19,15,73.4,0
10251,6.9,entertainment,0,0,14,12,247.4,0
10252,52.03,fuel,0,0,14,12,1865.0,0
10253,111.41,utilities,0,0,13,17,256.8,0
10254,52.32,dining,0,0,14,17,340.5,0
10255,10.02,utilities,0,0,21,24,108.4,0
10256,75.5,travel,0,0,9,27,379.5,0
10257,48.4,pharmacy,0,0,19,17,472.8,0
10258,135.18,utilities,0,0,7,14,145.5,0
10259,44.6,jewelry,0,0,21,12,1332.0,0
10260,29.63,electronics,0,0,15,17,1500.2,0
10261,136.74,utilities,1,0,22,20,1437.5,0
10262,70.92,grocery,0,0,18,16,1002.9,0
10263,82.52,fuel,0,0,13,17,713.1,0
10264,53.18,fuel,0,0,20,17,647.0,0
10265,41.3,grocery,0,0,15,16,92.1,0
10266,27.01,dining,0,0,7,12,657.5,0
10267,12.52,pharmacy,0,0,16,13,148.3,0
10268,21.99,pharmacy,0,0,7,15,4488.4,0
10269,194.98,online_retail,0,0,9,23,268.9,0
10270,51.61,dining,0,0,17,18,801.9,0
10271,81.56,fuel,0,0,8,12,342.9,0
10272,25.72,pharmacy,1,0,19,19,431.4,0
10273,72.64,pharmacy,0,0,18,12,382.7,0
10274,201.1,online_retail,0,0,9,14,206.6,0
10275,108.43,utilities,0,0,18,11,104.6,0
10276,18.03,grocery,0,0,9,16,724.4,0
10277,21.82,travel,0,0,13,10,602.8,0
10278,31.51,online_retail,0,1,14,13,178.4,0
10279,74.78,travel,0,0,21,13,964.5,0
10280,91.32,utilities,0,0,11,12,42.9,0
10281,59.19,jewelry,0,0,9,16,582.8,0
10282,146.96,jewelry,0,0,9,17,832.9,0
10283,183.51,fuel,0,0,13,15,102.8,0
10284,39.86,pharmacy,0,0,13,14,1392.7,0
10285,43.28,online_retail,0,0,19,10,618.9,0
10286,30.9,travel,0,0,11,15,323.2,0
10287,21.37,dining,0,0,17,18,179.1,0
10288,70.94,grocery,0,0,19,19,586.6,0
10289,18.01,dining,0,0,17,16,21.6,0
10290,32.8,pharmacy,0,0,19,23,1115.6,0
10291,26.85,fuel,0,0,17,14,579.3,0
10292,10.9,travel,0,1,21,21,524.1,0
10293,63.09,pharmacy,0,0,17,14,175.1,0
10294,47.74,entertainment,0,0,7,18,331.8,0
10295,47.53,pharmacy,0,1,19,16,294.7,0
10296,158.79,grocery,0,0,6,15,1270.9,0
10297,50.26,entertainment,0,0,16,17,57.3,0
10298,175.83,fuel,0,0,19,16,859.6,0
10299,114.61,dining,1,0,9,16,370.6,0
10300,161.32,online_retail,0,0,11,13,1210.1,0
10301,44.79,grocery,0,0,17,16,142.2,0
10302,37.12,grocery,0,0,12,12,57.5,0
10303,60.39,electronics,0,0,9,12,234.1,0
10304,156.11,travel,0,0,16,17,487.8,0
10305,60.0,pharmacy,0,0,10,16,1749.9,0
10306,23.88,fuel,0,0,16,25,571.5,0
10307,38.12,grocery,0,0,17,18,739.6,0
10308,63.9,entertainment,0,0,19,17,810.1,0
10309,62.73,utilities,0,0,8,23,122.8,0
10310,92.61,entertainment,0,0,22,14,1196.6,0
10311,85.47,electronics,0,0,18,19,9.4,0
10312,77.2,fuel,0,1,8,10,441.4,0
10313,28.23,travel,0,0,7,14,548.0,0
10314,124.14,fuel,0,1,13,12,330.2,0
10315,108.53,online_retail,0,0,19,12,322.2,0
10316,124.2,online_retail,0,0,20,14,473.2,0
10317,29.97,pharmacy,0,0,22,15,40.5,0
10318,40.75,pharmacy,0,0,14,18,150.3,0
10319,12.72,utilities,0,0,21,14,776.9,0
10320,71.48,online_retail,0,0,12,12,264.6,0
10321,72.05,fuel,0,0,9,20,969.9,0
10322,26.82,dining,0,0,16,14,845.7,0
10323,59.59,jewelry,0,0,14,17,659.6,0
10324,63.84,electronics,0,0,6,16,122.8,0
10325,135.78,utilities,0,0,13,12,91.6,0
10326,49.21,entertainment,0,0,17,9,965.0,0
10327,51.55,dining,0,0,14,14,711.0,0
10328,63.22,jewelry,0,0,11,13,874.4,0
10329,71.78,grocery,0,1,8,15,362.4,0
10330,181.67,entertainment,0,0,11,14,392.4,0
10331,197.85,dining,0,0,20,19,420.7,0
10332,46.66,jewelry,0,0,9,12,1773.1,0
10333,867.86,dining,1,1,0,1,14.4,1
10334,89.34,online_retail,0,0,7,17,138.3,0
10335,34.49,pharmacy,0,0,14,20,188.2,0
10336,103.01,travel,0,0,6,19,0.9,0
10337,47.84,online_retail,0,0,15,15,701.2,0
10338,133.16,dining,0,0,18,17,53.2,0
10339,51.42,utilities,0,0,7,16,30.4,0
10340,119.57,grocery,0,0,9,13,256.1,0
10341,67.7,travel,0,0,9,20,196.3,0
10342,161.37,online_retail,0,0,18,20,1380.5,0
10343,173.21,jewelry,0,0,8,23,99.0,0
10344,31.17,travel,0,0,12,14,34.1,0
10345,139.28,dining,0,0,22,15,164.3,0
10346,154.72,jewelry,0,0,18,20,38.2,0
10347,181.94,fuel,0,0,6,17,908.7,0
10348,52.44,electronics,0,0,11,18,602.2,0
10349,122.02,travel,0,0,10,10,680.9,0
10350,108.09,online_retail,0,0,15,22,360.7,0
10351,83.07,entertainment,0,0,16,12,528.6,0
10352,67.89,electronics,0,0,18,17,241.9,0
10353,88.25,jewelry,0,0,14,17,36.1,0
10354,34.5,pharmacy,0,0,21,13,1271.2,0
10355,137.44,pharmacy,0,0,21,16,914.2,0
10356,223.32,online_retail,0,0,16,10,283.6,0
10357,14.03,electronics,0,0,22,13,126.6,0
10358,109.23,pharmacy,0,0,11,13,230.5,0
10359,96.09,pharmacy,0,0,12,17,660.0,0
10360,29.43,electronics,0,0,6,14,992.7,0
10361,62.62,travel,0,0,11,16,5.8,0
10362,189.89,dining,0,0,10,13,1941.0,0
10363,80.85,travel,1,0,6,15,138.1,0
10364,133.76,electronics,0,0,9,16,32.0,0
10365,39.57,dining,0,0,22,14,637.5,0
10366,11.78,electronics,0,0,22,15,400.3,0
10367,26.21,utilities,0,0,14,14,381.5,0
10368,58.12,entertainment,0,0,14,22,427.8,0
10369,103.48,grocery,0,0,21,17,425.6,0
10370,173.11,dining,0,0,6,15,270.6,0
10371,54.0,fuel,0,0,18,17,58.1,0
10372,49.59,electronics,0,0,18,15,193.8,0
10373,104.47,online_retail,0,0,15,26,263.4,0
10374,40.84,online_retail,0,0,11,18,507.8,0
10375,38.58,online_retail,0,0,13,13,458.2,0
10376,57.96,pharmacy,0,0,7,20,625.9,0
10377,219.36,entertainment,0,0,16,14,1452.2,0
10378,89.68,fuel,0,0,7,24,698.7,0
10379,215.6,travel,0,0,16,13,2221.5,0
10380,120.1,electronics,0,0,17,16,913.9,0
10381,26.66,fuel,0,0,21,15,1078.5,0
10382,133.72,travel,0,0,17,25,66.0,0
10383,74.35,dining,0,0,20,15,889.4,0
10384,44.82,utilities,0,0,9,18,585.1,0
10385,64.75,entertainment,0,0,14,13,335.2,0
10386,38.74,jewelry,0,0,17,14,247.5,0
10387,42.74,jewelry,0,1,7,11,253.4,0
10388,184.38,travel,0,0,14,8,196.7,0
10389,107.91,entertainment,0,0,8,16,387.7,0
10390,158.49,entertainment,0,0,11,17,2020.0,0
10391,19.69,jewelry,0,0,13,21,506.4,0
10392,63.18,electronics,0,0,14,11,322.7,0
10393,49.27,utilities,0,0,11,9,630.0,0
10394,70.98,utilities,0,1,9,17,107.9,0
10395,35.78,fuel,0,0,8,13,635.5,0
10396,69.19,online_retail,0,0,6,17,383.1,0
10397,41.05,entertainment,0,0,10,19,1255.5,0
10398,51.51,online_retail,0,0,9,17,1376.3,0
10399,26.45,travel,0,0,6,21,1707.2,0
10400,103.54,grocery,0,0,22,15,824.9,0
10401,56.66,jewelry,0,0,11,11,2166.1,0
10402,43.74,grocery,0,1,17,14,60.1,0
10403,79.64,travel,0,0,12,20,54.0,0
10404,26.44,electronics,1,0,10,14,1854.6,0
10405,26.5,fuel,0,0,10,18,1723.2,0
10406,87.61,fuel,0,0,15,12,152.7,0
10407,8.85,fuel,0,0,20,13,197.9,0
10408,97.45,dining,0,1,9,18,1832.9,0
10409,14.41,pharmacy,0,0,10,18,303.1,0
10410,61.89,pharmacy,0,0,8,13,463.3,0
10411,60.13,entertainment,0,0,12,17,1160.7,0
10412,103.79,jewelry,0,0,14,14,189.5,0
10413,91.16,electronics,0,0,20,17,167.1,0
10414,75.66,travel,0,0,16,11,147.1,0
10415,37.46,utilities,0,0,19,17,1258.4,0
10416,156.99,travel,0,0,15,17,688.4,0
10417,5.57,fuel,0,0,11,15,518.6,0
10418,47.87,pharmacy,0,0,6,16,788.0,0
10419,26.72,online_retail,0,0,14,11,1475.8,0
10420,18.41,entertainment,0,0,6,14,250.2,0
10421,50.85,travel,0,0,10,13,812.4,0
10422,64.02,pharmacy,0,0,19,19,339.1,0
10423,47.4,electronics,0,1,18,16,576.4,0
10424,48.41,pharmacy,1,0,20,9,141.3,0
10425,82.48,dining,0,0,21,16,1052.8,0
10426,38.72,electronics,1,0,7,16,177.2,0
10427,57.88,pharmacy,0,0,6,13,1438.9,0
10428,43.48,entertainment,0,0,12,10,192.0,0
10429,97.93,entertainment,0,0,19,20,447.4,0
10430,49.1,travel,0,0,16,16,289.2,0
10431,10.1,fuel,0,0,15,13,1049.2,0
10432,22.82,online_retail,0,1,6,11,110.9,0
10433,146.29,grocery,0,0,6,12,233.5,0
10434,105.38,grocery,0,0,9,9,1084.1,0
10435,116.94,pharmacy,0,0,22,10,386.8,0
10436,143.05,grocery,0,0,18,15,145.2,0
10437,63.75,online_retail,0,0,16,13,565.5,0
10438,136.72,grocery,0,0,22,15,597.9,0
10439,42.71,jewelry,0,0,17,17,28.5,0
10440,75.25,grocery,0,0,10,19,598.1,0
10441,52.87,grocery,0,0,22,11,129.7,0
10442,34.43,entertainment,0,0,22,14,815.8,0
10443,49.21,utilities,0,0,20,19,61.5,0
10444,18.21,jewelry,0,0,9,10,7.3,0
10445,14.5,grocery,0,0,9,20,136.2,0
10446,234.69,grocery,0,0,7,12,282.4,0
10447,107.78,entertainment,0,0,18,18,355.5,0
10448,31.5,jewelry,0,0,6,21,96.6,0
10449,37.08,grocery,0,1,21,12,407.5,0
10450,47.06,grocery,0,0,18,17,1409.3,0
10451,74.87,grocery,0,0,10,14,293.3,0
10452,160.88,online_retail,0,0,21,14,1219.8,0
10453,1188.0,pharmacy,0,1,2,1,1.0,1
10454,76.3,jewelry,0,0,11,23,52.1,0
10455,58.5,online_retail,0,0,11,10,898.7,0
10456,38.77,jewelry,0,0,12,16,476.0,0
10457,67.01,utilities,0,0,12,13,747.8,0
10458,24.18,electronics,0,0,9,16,1143.3,0
10459,11.48,dining,0,0,21,14,814.5,0
10460,83.95,online_retail,0,0,20,16,1381.9,0
10461,30.37,entertainment,0,0,11,17,1332.3,0
10462,65.68,jewelry,0,0,13,18,277.3,0
10463,75.7,online_retail,0,0,8,13,178.5,0
10464,65.0,fuel,0,0,22,20,232.8,0
10465,7.11,dining,0,0,16,17,273.6,0
10466,44.5,online_retail,0,0,14,17,414.7,0
10467,116.13,utilities,0,0,10,13,611.9,0
10468,156.31,grocery,0,0,18,12,190.6,0
10469,80.42,pharmacy,0,0,18,18,600.6,0
10470,27.54,pharmacy,0,0,14,18,230.7,0
10471,99.53,utilities,0,0,16,11,857.5,0
10472,39.25,electronics,0,0,7,14,1134.8,0
10473,151.55,dining,0,0,13,8,18.9,0
10474,140.61,pharmacy,0,0,14,12,655.3,0
10475,47.79,online_retail,0,0,22,12,289.2,0
10476,47.65,jewelry,0,0,20,16,957.6,0
10477,72.78,electronics,0,0,12,9,288.9,0
10478,85.3,dining,0,0,16,18,19.4,0
10479,23.81,dining,0,0,9,19,566.8,0
10480,136.54,grocery,0,0,22,14,709.0,0
10481,31.81,electronics,0,0,8,20,2012.0,0
10482,61.74,entertainment,0,0,11,11,161.1,0
10483,27.78,utilities,1,0,18,13,21.3,0
10484,139.34,dining,0,0,16,20,1163.3,0
10485,23.59,fuel,0,0,22,16,2169.0,0
10486,558.95,electronics,0,1,2,4,6.8,1
10487,27.48,jewelry,0,0,22,12,891.8,0
10488,60.8,electronics,0,0,20,21,237.0,0
10489,76.24,online_retail,0,0,6,10,203.1,0
10490,46.59,dining,0,0,10,18,112.6,0
10491,156.05,pharmacy,0,0,11,16,181.8,0
10492,46.34,pharmacy,0,0,16,9,352.0,0
10493,26.38,fuel,0,0,11,12,1808.8,0
10494,195.08,utilities,0,0,8,18,339.8,0
10495,80.73,utilities,0,0,22,19,2198.1,0
10496,38.81,travel,1,0,22,15,618.2,0
10497,207.73,travel,0,0,17,16,562.7,0
10498,1088.63,fuel,0,1,2,2,2.7,1
10499,79.39,electronics,0,0,7,10,160.7,0
10500,151.76,grocery,0,0,7,17,217.3,0
10501,112.99,dining,0,0,19,25,1415.0,0
10502,131.38,electronics,0,0,11,12,878.6,0
10503,18.73,jewelry,0,0,17,18,609.3,0
10504,8.57,travel,0,0,18,11,1427.7,0
10505,157.64,online_retail,0,0,8,22,1890.8,0
10506,82.96,travel,0,0,8,8,376.1,0
10507,155.24,dining,0,0,22,14,864.8,0
10508,362.49,pharmacy,0,1,3,1,2.7,1
10509,14.0,travel,0,0,6,21,1019.0,0
10510,47.48,grocery,1,0,19,19,653.2,0
10511,71.1,dining,0,0,7,22,809.0,0
10512,59.29,electronics,0,0,7,20,583.9,0
10513,99.34,utilities,0,0,17,17,1694.7,0
10514,91.81,fuel,0,0,14,15,118.6,0
10515,73.52,electronics,0,0,20,15,146.0,0
10516,107.01,grocery,0,0,18,15,638.7,0
10517,98.71,travel,0,1,9,21,596.3,0
10518,104.7,jewelry,0,0,12,21,537.0,0
10519,32.05,jewelry,0,0,10,16,88.9,0
10520,634.52,jewelry,1,1,3,4,10.8,1
10521,91.77,grocery,0,1,8,15,560.3,0
10522,150.21,dining,0,0,12,17,331.2,0
10523,121.24,grocery,0,0,9,20,330.1,0
10524,60.91,entertainment,0,1,10,14,141.5,0
10525,90.78,utilities,0,0,14,10,408.7,0
10526,29.42,electronics,0,0,14,19,782.3,0
10527,119.82,dining,0,0,22,16,692.1,0
10528,22.45,travel,0,0,19,15,895.3,0
10529,73.88,travel,0,0,13,13,122.3,0
10530,27.42,online_retail,0,0,17,17,249.6,0
10531,40.22,grocery,0,1,14,10,51.7,0
10532,84.79,pharmacy,0,0,21,15,2619.4,0
10533,24.46,electronics,0,1,22,15,181.7,0
10534,58.93,jewelry,0,1,20,17,2383.0,0
10535,41.24,electronics,0,1,11,12,45.4,0
10536,68.12,online_retail,0,0,6,11,1659.6,0
10537,47.5,electronics,0,0,18,13,402.9,0
10538,60.25,electronics,0,0,21,17,455.9,0
10539,39.45,electronics,0,0,22,19,2238.1,0
10540,58.74,utilities,0,0,21,17,571.7,0
10541,32.89,pharmacy,0,1,21,14,729.2,0
10542,53.21,fuel,0,0,16,14,2896.8,0
10543,100.73,entertainment,0,0,20,16,500.6,0
10544,41.2,jewelry,1,0,20,19,791.0,0
10545,39.82,utilities,1,0,8,17,22.3,0
10546,90.71,travel,0,0,9,19,3.1,0
10547,213.83,travel,0,0,22,15,53.4,0
10548,77.38,dining,1,0,20,26,13.6,0
10549,156.57,entertainment,0,0,9,20,436.1,0
10550,26.98,jewelry,0,0,9,14,1105.2,0
10551,31.3,pharmacy,0,0,22,17,375.3,0
10552,150.44,electronics,0,0,19,14,597.9,0
10553,129.04,fuel,0,0,9,8,642.7,0
10554,8.94,fuel,0,1,7,20,0.3,0
10555,86.94,entertainment,0,0,11,13,977.5,0
10556,68.23,travel,0,0,7,21,499.3,0
10557,41.34,entertainment,0,0,13,14,217.8,0
10558,21.92,online_retail,0,0,15,13,245.9,0
10559,14.06,fuel,0,0,7,18,14.9,0
10560,84.65,grocery,0,0,21,17,2668.5,0
10561,183.43,travel,0,0,10,11,226.7,0
10562,130.8,utilities,0,0,6,16,950.9,0
10563,120.9,pharmacy,0,0,18,18,476.9,0
10564,155.63,jewelry,0,0,19,17,515.2,0
10565,60.45,utilities,0,0,18,8,491.1,0
10566,34.97,travel,0,0,8,12,330.9,0
10567,76.14,pharmacy,0,0,10,9,756.4,0
10568,59.28,fuel,0,0,18,9,742.5,0
10569,188.24,entertainment,0,0,9,16,818.3,0
10570,56.35,online_retail,0,0,16,11,1648.9,0
10571,87.23,fuel,1,0,8,15,244.7,0
10572,73.93,utilities,0,0,17,12,314.7,0
10573,8.34,electronics,0,0,19,15,227.2,0
10574,47.44,online_retail,1,0,7,20,121.4,0
10575,5.6,electronics,0,0,19,11,12.8,0
10576,157.97,pharmacy,0,0,8,10,2173.8,0
10577,189.46,electronics,0,0,19,7,8.5,0
10578,56.62,online_retail,0,0,17,14,174.0,0
10579,81.11,travel,0,0,14,16,829.0,0
10580,13.25,pharmacy,0,0,20,18,9.3,0
10581,118.35,grocery,0,0,13,18,1669.5,0
10582,89.19,jewelry,0,0,20,9,135.8,0
10583,1567.21,fuel,1,1,0,3,7.6,1
10584,69.89,dining,0,0,12,19,44.9,0
10585,39.69,jewelry,0,0,10,12,132.0,0
10586,32.71,electronics,0,0,8,14,12.5,0
10587,19.13,fuel,0,0,7,16,486.4,0
10588,64.8,electronics,0,0,19,12,118.7,0
10589,120.75,utilities,0,0,11,12,26.0,0
10590,5.21,grocery,0,0,17,13,145.9,0
10591,67.34,entertainment,0,0,6,10,446.8,0
10592,22.62,grocery,0,0,13,18,1402.6,0
10593,95.57,dining,0,0,20,13,583.2,0
10594,135.39,online_retail,0,0,19,20,1961.0,0
10595,50.59,utilities,0,0,18,17,380.9,0
10596,794.64,jewelry,1,1,4,3,1.2,1
10597,105.43,utilities,0,0,22,5,129.1,0
10598,57.89,jewelry,0,0,9,16,10.3,0
10599,110.18,electronics,0,0,9,13,263.6,0
10600,37.21,fuel,0,0,9,9,397.4,0
10601,84.72,grocery,0,0,13,11,153.6,0
10602,53.77,online_retail,0,0,15,14,345.3,0
10603,18.4,fuel,0,0,14,30,644.8,0
10604,148.14,utilities,0,0,17,13,1483.8,0
10605,36.44,grocery,0,0,22,12,667.2,0
10606,49.07,dining,0,0,20,20,425.5,0
10607,54.84,electronics,0,0,7,11,1382.5,0
10608,129.38,pharmacy,0,0,14,15,606.0,0
10609,363.08,pharmacy,0,0,4,3,1.8,1
10610,28.03,dining,0,0,22,7,1210.3,0
10611,103.68,online_retail,0,0,9,14,191.7,0
10612,53.54,electronics,0,0,7,16,881.4,0
10613,89.15,electronics,0,0,12,17,2208.0,0
10614,102.64,grocery,0,0,10,16,269.7,0
10615,166.25,pharmacy,0,0,21,18,173.4,0
10616,34.16,jewelry,0,0,10,21,1511.6,0
10617,44.24,jewelry,0,0,21,11,313.1,0
10618,89.21,dining,1,0,17,13,169.6,0
10619,10.52,electronics,0,0,18,14,290.1,0
10620,51.91,entertainment,0,0,13,15,639.0,0
10621,43.09,online_retail,0,0,10,23,229.2,0
10622,31.32,travel,0,0,16,15,350.8,0
10623,49.98,online_retail,0,0,15,14,942.1,0
10624,32.11,online_retail,0,0,14,12,554.4,0
10625,38.37,utilities,0,1,17,14,226.2,0
10626,96.9,utilities,0,0,6,17,2181.6,0
10627,78.13,electronics,0,0,11,17,98.7,0
10628,28.39,fuel,0,0,6,16,260.6,0
10629,218.13,fuel,0,0,20,11,246.9,0
10630,68.87,pharmacy,0,0,18,17,611.9,0
10631,60.82,electronics,0,0,20,15,350.4,0
10632,175.7,utilities,0,0,11,17,375.9,0
10633,44.14,travel,0,1,7,16,4984.4,0
10634,46.92,fuel,0,0,6,16,331.1,0
10635,96.48,electronics,0,0,18,16,731.6,0
10636,66.47,entertainment,0,0,18,13,369.1,0
10637,162.66,entertainment,0,1,22,21,15.9,0
10638,48.5,online_retail,0,0,6,14,970.4,0
10639,51.17,online_retail,0,0,6,21,31.4,0
10640,44.62,pharmacy,0,0,17,12,585.4,0
10641,60.68,grocery,0,0,16,18,267.6,0
10642,106.2,online_retail,0,0,7,10,615.4,0
10643,89.38,grocery,0,1,17,9,903.4,0
10644,99.32,electronics,1,0,22,16,446.3,0
10645,41.73,jewelry,0,0,8,20,141.9,0
10646,182.04,online_retail,0,0,14,12,281.6,0
10647,135.4,pharmacy,0,0,18,13,850.0,0
10648,28.84,jewelry,0,0,17,14,158.8,0
10649,20.01,utilities,0,0,21,12,400.6,0
10650,191.84,travel,0,0,21,14,780.0,0
10651,355.7,jewelry,0,0,6,13,557.6,0
10652,165.89,entertainment,0,0,21,13,874.4,0
10653,71.86,pharmacy,0,0,15,23,181.6,0
10654,63.83,dining,0,0,18,14,152.8,0
10655,51.54,entertainment,0,1,18,12,373.6,0
10656,85.6,grocery,0,0,6,15,1875.1,0
10657,54.02,dining,0,0,18,14,663.0,0
10658,85.39,jewelry,0,0,16,16,80.7,0
10659,32.07,grocery,0,0,12,18,755.8,0
10660,49.29,fuel,0,0,7,14,83.6,0
10661,182.05,online_retail,0,1,20,14,1437.3,0
10662,104.59,fuel,0,0,11,15,335.3,0
10663,43.3,grocery,0,0,19,17,802.4,0
10664,77.03,entertainment,0,0,17,12,753.0,0
10665,13.77,entertainment,0,0,9,15,872.4,0
10666,81.67,jewelry,0,0,10,10,60.4,0
10667,146.71,fuel,0,0,15,13,233.6,0
10668,60.27,pharmacy,0,0,22,21,517.0,0
10669,24.63,pharmacy,0,0,14,19,172.2,0
10670,89.79,jewelry,0,0,15,14,801.3,0
10671,48.32,travel,0,0,12,16,1757.0,0
10672,193.87,dining,0,0,8,19,597.1,0
10673,51.03,jewelry,0,1,20,11,912.4,0
10674,11.6,jewelry,0,0,7,15,1939.4,0
10675,82.95,dining,0,0,19,14,1059.7,0
10676,69.99,online_retail,0,0,18,14,24.3,0
10677,67.31,electronics,0,0,16,8,1207.5,0
10678,123.17,travel,0,0,21,12,522.4,0
10679,69.56,travel,1,0,20,16,1055.8,0
10680,32.04,electronics,1,0,14,14,71.9,0
10681,34.51,travel,0,0,11,13,1582.1,0
10682,77.67,jewelry,0,0,14,12,1792.4,0
10683,28.47,pharmacy,0,0,22,15,410.7,0
10684,103.79,jewelry,0,0,13,16,127.3,0
10685,17.24,online_retail,0,0,10,18,720.4,0
10686,57.15,utilities,0,0,8,21,385.8,0
10687,103.55,entertainment,0,0,6,10,596.2,0
10688,10.87,online_retail,0,0,18,13,238.8,0
10689,83.78,utilities,0,0,11,19,592.7,0
10690,110.31,utilities,1,0,10,15,799.9,0
10691,242.85,travel,1,0,19,15,601.4,0
10692,68.2,grocery,0,0,20,14,370.4,0
10693,121.95,pharmacy,0,0,22,20,643.1,0
10694,7.56,online_retail,0,0,12,19,200.6,0
10695,90.51,dining,0,0,10,16,995.0,0
10696,715.79,online_retail,1,1,2,5,24.4,1
10697,94.17,entertainment,0,0,14,17,267.7,0
10698,35.08,utilities,0,0,13,10,232.9,0
10699,19.49,jewelry,0,0,9,13,1215.0,0
10700,15.75,electronics,0,0,19,18,29.4,0
10701,11.66,travel,0,0,10,21,352.3,0
10702,186.9,travel,0,0,18,24,119.2,0
10703,86.0,travel,0,0,22,9,306.7,0
10704,167.45,electronics,1,0,4,8,3.1,1
10705,91.35,dining,0,0,20,13,174.2,0
10706,38.4,jewelry,0,0,10,13,552.0,0
10707,118.73,travel,0,0,17,23,170.1,0
10708,1641.31,electronics,1,1,2,4,8.3,1
10709,96.86,travel,0,0,9,15,492.7,0
10710,10.58,grocery,0,0,19,19,1807.9,0
10711,143.58,entertainment,0,0,20,16,1301.2,0
10712,68.58,pharmacy,0,0,18,12,1003.9,0
10713,21.84,dining,0,0,14,11,149.8,0
10714,76.58,dining,0,0,12,11,1506.7,0
10715,76.68,grocery,0,0,13,20,443.5,0
10716,62.83,pharmacy,0,0,21,16,892.4,0
10717,55.09,online_retail,0,0,8,12,221.6,0
10718,46.68,online_retail,0,0,18,14,584.2,0
10719,96.53,fuel,0,0,19,23,8.1,0
10720,37.89,jewelry,0,0,20,13,2054.6,0
10721,23.47,jewelry,0,0,15,16,457.4,0
10722,110.3,utilities,0,0,15,19,93.8,0
10723,118.54,entertainment,0,0,20,13,60.9,0
10724,26.74,pharmacy,0,0,9,20,1329.2,0
10725,105.33,utilities,0,0,22,15,657.0,0
10726,33.79,jewelry,0,1,16,16,226.0,0
10727,52.62,dining,0,0,15,11,1736.5,0
10728,197.47,utilities,0,0,9,15,158.2,0
10729,41.77,dining,0,0,8,27,27.3,0
10730,72.68,utilities,0,0,20,13,1017.2,0
10731,67.66,dining,0,0,15,13,279.9,0
10732,56.22,electronics,0,0,15,17,954.7,0
10733,96.63,pharmacy,0,0,9,16,1083.4,0
10734,32.74,grocery,0,0,12,17,724.2,0
10735,57.22,entertainment,0,0,21,12,411.2,0
10736,65.07,utilities,0,0,13,12,287.5,0
10737,112.47,entertainment,0,0,10,20,2660.3,0
10738,140.79,travel,0,0,22,10,1105.3,0
10739,861.99,online_retail,1,0,4,2,6.1,1
10740,385.21,travel,0,0,13,10,464.7,0
10741,83.05,entertainment,0,0,9,10,204.4,0
10742,178.99,online_retail,0,0,18,20,1247.0,0
10743,54.02,pharmacy,1,0,21,15,361.5,0
10744,58.02,online_retail,0,0,11,19,206.1,0
10745,97.5,pharmacy,0,0,19,19,351.2,0
10746,56.17,travel,0,0,22,18,1032.9,0
10747,128.32,electronics,0,0,7,15,145.7,0
10748,185.71,entertainment,0,0,9,12,99.7,0
10749,310.86,electronics,0,1,16,17,168.8,0
10750,204.27,entertainment,0,0,9,18,440.0,0
10751,63.6,pharmacy,0,0,7,13,283.7,0
10752,52.22,electronics,0,0,13,20,278.6,0
10753,37.2,entertainment,0,0,17,13,362.6,0
10754,817.69,pharmacy,1,1,0,1,8.8,1
10755,160.66,travel,0,0,12,12,749.2,0
10756,148.85,electronics,1,0,14,14,719.0,0
10757,23.57,grocery,0,0,8,14,235.1,0
10758,28.13,pharmacy,0,0,9,14,127.7,0
10759,93.35,pharmacy,0,0,13,13,916.4,0
10760,95.81,grocery,0,0,9,15,1201.7,0
10761,37.07,jewelry,1,0,15,11,858.2,0
10762,119.36,electronics,0,0,16,16,198.2,0
10763,170.95,travel,1,0,0,1,1.0,1
10764,152.31,online_retail,0,0,14,14,451.9,0
10765,172.77,online_retail,0,0,18,15,87.4,0
10766,61.63,utilities,0,0,13,16,402.5,0
10767,97.7,travel,0,0,20,18,726.7,0
10768,173.33,fuel,0,0,15,16,1368.5,0
10769,62.76,travel,0,1,17,18,483.7,0
10770,122.67,fuel,0,0,19,16,531.1,0
10771,76.53,pharmacy,0,0,18,18,204.0,0
10772,18.72,electronics,0,0,19,17,699.8,0
10773,251.73,entertainment,0,0,20,18,290.6,0
10774,20.49,fuel,0,1,9,10,2487.1,0
10775,45.67,utilities,0,0,12,19,128.0,0
10776,45.23,jewelry,0,1,8,12,61.6,0
10777,31.48,online_retail,0,0,19,18,614.1,0
10778,84.57,jewelry,0,0,12,16,670.4,0
10779,73.18,grocery,0,0,21,10,117.9,0
10780,23.55,jewelry,0,0,18,14,282.0,0
10781,18.14,entertainment,0,0,6,16,475.7,0
10782,53.2,grocery,0,0,15,12,40.1,0
10783,35.08,entertainment,0,0,13,14,956.1,0
10784,35.55,online_retail,0,0,10,12,166.3,0
10785,218.21,utilities,0,0,12,13,1506.0,0
10786,51.57,dining,0,0,16,13,1630.2,0
10787,6.65,electronics,0,0,12,13,104.0,0
10788,28.76,grocery,0,0,9,7,102.3,0
10789,55.86,dining,0,0,12,11,253.4,0
10790,33.3,electronics,0,0,16,14,145.5,0
10791,29.25,travel,0,0,20,11,379.6,0
10792,105.94,grocery,0,0,11,16,256.1,0
10793,107.52,entertainment,0,0,17,17,282.7,0
10794,9.08,travel,0,1,10,16,523.0,0
10795,203.13,fuel,0,0,8,12,480.5,0
10796,173.16,fuel,0,0,11,19,69.3,0
10797,28.13,fuel,0,0,18,18,897.4,0
10798,54.9,jewelry,0,0,6,15,1282.2,0
10799,18.02,online_retail,0,0,7,17,300.8,0
10800,38.41,travel,0,0,12,15,320.3,0
10801,41.22,grocery,0,1,22,14,264.3,0
10802,117.66,utilities,0,0,7,17,201.1,0
10803,74.02,electronics,0,0,14,14,1606.3,0
10804,70.14,pharmacy,0,0,20,20,325.3,0
10805,40.54,utilities,0,0,19,14,94.0,0
10806,26.8,dining,0,0,13,17,177.1,0
10807,1.59,online_retail,0,0,11,15,10.4,0
10808,125.5,dining,1,0,10,10,315.0,0
10809,42.32,entertainment,0,0,20,18,398.9,0
10810,154.61,online_retail,0,0,16,10,1184.8,0
10811,82.88,entertainment,1,1,1,7,3.2,1
10812,179.68,fuel,0,0,17,18,152.9,0
10813,21.25,grocery,0,0,17,16,443.4,0
10814,21.31,jewelry,0,0,12,12,320.8,0
10815,32.66,dining,0,0,20,18,2082.0,0
10816,50.08,dining,0,1,7,18,3009.7,0
10817,34.25,grocery,0,0,22,15,571.4,0
10818,128.49,entertainment,0,1,12,17,990.2,0
10819,52.72,fuel,0,0,13,13,40.4,0
10820,170.84,electronics,0,0,19,16,2102.2,0
10821,146.68,travel,0,0,16,11,688.7,0
10822,31.3,utilities,0,0,21,12,1193.3,0
10823,38.5,dining,0,0,12,14,2733.9,0
10824,134.34,travel,0,0,19,13,1394.7,0
10825,25.9,entertainment,0,0,18,10,218.7,0
10826,167.17,electronics,0,0,8,9,1110.1,0
10827,131.25,entertainment,0,0,9,15,1040.1,0
10828,54.27,electronics,0,0,22,16,4.7,0
10829,73.97,utilities,0,0,19,15,435.3,0
10830,176.63,grocery,0,0,16,17,258.2,0
10831,122.66,online_retail,0,0,15,12,182.8,0
10832,76.74,online_retail,0,0,8,22,598.9,0
10833,51.05,travel,0,1,12,14,625.8,0
10834,50.11,jewelry,0,0,14,12,191.5,0
10835,117.06,entertainment,0,0,9,12,138.1,0
10836,46.25,entertainment,0,0,13,12,146.0,0
10837,64.89,jewelry,0,0,13,14,1868.6,0
10838,110.62,fuel,0,0,20,23,1200.8,0
10839,58.52,utilities,0,0,22,8,282.9,0
10840,139.87,fuel,0,0,21,14,5589.0,0
10841,29.9,grocery,0,0,20,20,46.5,0
10842,23.14,entertainment,0,0,20,9,692.8,0
10843,68.63,fuel,0,0,11,11,2065.5,0
10844,151.28,utilities,0,0,18,10,525.7,0
10845,83.44,fuel,0,0,15,17,1166.5,0
10846,69.56,pharmacy,0,0,13,8,840.0,0
10847,58.86,entertainment,0,0,11,11,559.1,0
10848,41.39,jewelry,0,0,14,14,108.0,0
10849,22.49,travel,0,0,11,16,249.7,0
10850,67.68,jewelry,0,0,20,21,394.4,0
10851,121.17,pharmacy,0,0,9,18,865.5,0
10852,144.5,utilities,0,0,11,19,416.7,0
10853,97.47,electronics,0,0,22,16,175.7,0
10854,1873.58,online_retail,1,1,1,2,1.1,1
10855,190.53,entertainment,0,0,12,13,185.9,0
10856,660.18,grocery,0,1,0,6,6.8,1
10857,75.48,grocery,0,0,12,15,452.2,0
10858,95.49,dining,0,0,20,18,90.4,0
10859,52.31,fuel,0,0,8,15,620.9,0
10860,3.06,fuel,0,1,19,8,739.0,0
10861,72.74,entertainment,0,0,10,13,0.7,0
10862,70.67,online_retail,0,0,21,17,729.6,0
10863,38.32,grocery,0,0,18,19,525.7,0
10864,64.98,utilities,0,0,17,18,117.3,0
10865,39.23,utilities,0,0,16,17,3539.3,0
10866,42.93,jewelry,0,0,15,14,598.1,0
10867,79.93,grocery,0,0,22,15,184.5,0
10868,56.76,grocery,0,0,6,14,153.4,0
10869,24.42,dining,0,0,10,13,956.0,0
10870,117.42,utilities,0,0,19,13,500.1,0
10871,110.39,online_retail,0,0,8,20,1043.5,0
10872,28.91,fuel,0,0,16,15,1934.8,0
10873,38.16,pharmacy,0,0,11,18,439.7,0
10874,75.12,dining,0,0,21,10,73.3,0
10875,91.67,dining,0,1,12,14,24.5,0
10876,166.31,fuel,0,1,19,14,1717.8,0
10877,92.64,grocery,0,0,21,9,1912.2,0
10878,158.95,travel,0,0,14,15,304.1,0
10879,57.49,dining,0,0,6,14,888.8,0
10880,55.26,grocery,0,0,14,15,53.5,0
10881,40.4,travel,0,0,16,13,706.3,0
10882,103.95,online_retail,0,0,12,12,305.1,0
10883,114.64,online_retail,0,0,14,17,286.7,0
10884,101.75,entertainment,0,0,12,15,299.9,0
10885,211.39,entertainment,0,0,12,16,870.8,0
10886,12.84,entertainment,0,0,14,17,803.0,0
10887,48.19,pharmacy,0,0,20,16,270.8,0
10888,69.14,fuel,0,0,6,17,123.7,0
10889,92.82,entertainment,0,0,11,16,69.1,0
10890,155.52,dining,0,0,8,10,281.7,0
10891,54.72,dining,0,0,10,16,148.9,0
10892,63.82,travel,0,0,7,14,317.9,0
10893,65.17,grocery,0,0,6,19,71.5,0
10894,49.03,dining,0,0,22,11,100.8,0
10895,177.9,utilities,0,0,8,10,777.7,0
10896,50.61,fuel,0,0,19,15,430.7,0
10897,62.89,electronics,0,0,10,15,877.7,0
10898,7.27,fuel,0,0,19,19,378.9,0
10899,18.91,electronics,0,1,12,18,489.9,0
10900,38.18,fuel,0,0,16,11,535.4,0
10901,42.1,online_retail,1,0,21,17,1179.7,0
10902,80.88,travel,0,0,7,15,1022.6,0
10903,42.9,jewelry,0,0,14,18,651.2,0
10904,28.71,utilities,0,0,11,14,69.9,0
10905,29.0,dining,0,0,13,16,49.6,0
10906,163.45,grocery,0,0,19,14,734.1,0
10907,106.67,fuel,0,0,21,14,609.1,0
10908,51.93,pharmacy,1,0,16,13,356.6,0
10909,58.35,dining,0,0,17,8,195.8,0
10910,120.73,online_retail,0,0,9,13,39.4,0
10911,995.21,grocery,1,1,4,2,7.9,1
10912,118.68,grocery,0,0,14,14,513.9,0
10913,28.56,grocery,0,0,21,13,2090.4,0
10914,36.59,utilities,0,0,8,13,319.0,0
10915,129.88,jewelry,0,0,12,16,137.0,0
10916,113.11,dining,0,0,12,9,53.7,0
10917,67.5,grocery,0,0,20,13,108.9,0
10918,84.97,dining,0,0,12,14,1693.3,0
10919,117.34,electronics,0,0,18,20,1044.1,0
10920,22.6,pharmacy,0,0,18,10,220.3,0
10921,196.39,dining,0,1,18,20,481.2,0
10922,4.64,jewelry,0,0,8,11,533.3,0
10923,133.84,entertainment,0,0,13,16,620.7,0
10924,642.63,dining,1,0,0,5,1.3,1
10925,1164.93,dining,1,1,0,2,7.8,1
10926,70.63,utilities,0,1,16,13,134.6,0
10927,135.79,online_retail,0,0,11,14,984.7,0
10928,15.72,fuel,0,0,22,14,731.6,0
10929,27.93,grocery,0,0,8,18,783.0,0
10930,57.91,dining,0,0,17,16,411.4,0
10931,14.05,pharmacy,0,0,18,17,198.8,0
10932,68.0,travel,0,0,19,13,279.7,0
10933,86.64,online_retail,0,0,15,20,14.3,0
10934,9.26,jewelry,0,0,22,14,584.0,0
10935,70.17,grocery,0,1,9,11,1475.0,0
10936,23.48,entertainment,0,0,21,5,671.5,0
10937,57.13,grocery,0,0,6,12,446.5,0
10938,290.49,jewelry,0,0,19,12,36.3,0
10939,111.42,fuel,0,0,22,15,1083.1,0
10940,47.57,fuel,0,0,14,10,140.8,0
10941,105.86,electronics,0,1,12,17,130.7,0
10942,115.31,fuel,0,0,15,14,738.1,0
10943,54.45,jewelry,0,1,21,14,673.7,0
10944,127.83,jewelry,0,0,8,13,17.8,0
10945,27.29,online_retail,0,0,16,9,839.7,0
10946,46.82,entertainment,0,0,11,12,183.6,0
10947,96.02,grocery,0,0,21,23,927.0,0
10948,123.28,pharmacy,0,1,17,14,1242.4,0
10949,28.97,travel,0,0,14,12,529.8,0
10950,36.62,entertainment,0,0,9,12,243.8,0
10951,24.83,travel,0,0,19,16,736.7,0
10952,78.07,pharmacy,0,0,8,21,173.2,0
10953,114.74,entertainment,0,0,19,16,442.4,0
10954,100.23,jewelry,0,0,21,19,370.5,0
10955,49.14,pharmacy,0,0,19,17,350.8,0
10956,153.04,fuel,0,0,16,15,76.9,0
10957,74.39,grocery,0,0,10,22,926.9,0
10958,12.47,entertainment,0,0,8,14,202.3,0
10959,84.69,electronics,0,0,10,5,406.8,0
10960,62.92,utilities,1,0,14,8,8.4,0
10961,22.12,dining,0,0,7,14,379.1,0
10962,57.09,dining,0,0,10,12,359.0,0
10963,60.01,fuel,0,0,7,15,137.4,0
10964,127.69,jewelry,0,0,18,13,58.0,0
10965,76.65,electronics,0,0,22,17,821.0,0
10966,34.64,grocery,0,0,22,14,58.6,0
10967,52.34,jewelry,0,0,18,16,51.0,0
10968,5.21,dining,0,0,10,15,30.5,0
10969,27.94,electronics,0,0,6,12,156.2,0
10970,11.8,fuel,0,0,22,13,113.7,0
10971,20.61,dining,0,0,13,20,218.0,0
10972,90.75,online_retail,0,0,17,11,133.3,0
10973,19.89,fuel,0,0,13,13,265.3,0
10974,20.99,electronics,0,0,17,21,537.6,0
10975,75.14,utilities,0,0,12,29,81.1,0
10976,24.25,travel,1,1,8,12,655.6,0
10977,69.12,dining,0,0,7,15,1974.8,0
10978,96.91,fuel,0,0,22,18,345.6,0
10979,22.45,pharmacy,0,0,15,14,156.5,0
10980,64.02,utilities,0,0,8,16,234.7,0
10981,83.21,utilities,0,0,20,18,1125.2,0
10982,106.34,jewelry,0,0,9,12,396.4,0
10983,91.0,jewelry,0,0,18,20,109.9,0
10984,70.68,fuel,0,0,7,15,560.8,0
10985,70.47,entertainment,0,0,13,13,735.0,0
10986,5.0,fuel,0,0,22,22,652.9,0
10987,35.9,travel,1,0,11,10,269.0,0
10988,85.91,dining,0,0,17,15,75.2,0
10989,45.14,fuel,0,0,15,12,166.0,0
10990,88.13,grocery,0,0,9,19,81.5,0
10991,210.68,utilities,0,0,6,11,31.2,0
10992,75.64,pharmacy,0,0,21,20,814.9,0
10993,89.47,jewelry,0,0,20,21,54.5,0
10994,56.53,electronics,0,0,14,19,518.6,0
10995,147.14,travel,0,0,17,15,807.9,0
10996,24.46,dining,0,0,7,12,627.5,0
10997,45.9,online_retail,0,0,7,15,1186.3,0
10998,85.59,travel,0,0,19,13,240.6,0
10999,34.93,grocery,0,0,12,11,182.6,0
11000,98.92,online_retail,0,0,18,21,748.5,0
11001,118.59,electronics,0,0,18,11,271.6,0
11002,155.7,online_retail,0,0,9,9,697.7,0
11003,90.28,fuel,1,0,22,15,973.4,0
11004,93.45,jewelry,0,0,20,13,754.9,0
11005,27.08,dining,0,0,20,16,265.9,0
11006,112.58,utilities,0,0,15,20,419.7,0
11007,47.09,pharmacy,0,0,20,15,80.1,0
11008,109.25,grocery,0,0,16,11,517.6,0
11009,156.32,utilities,0,0,18,11,630.7,0
11010,93.32,dining,0,0,7,15,397.9,0
11011,29.59,fuel,0,0,17,13,1302.3,0
11012,105.1,travel,0,0,6,15,45.1,0
11013,86.21,travel,0,0,11,13,909.4,0
11014,74.4,fuel,0,0,19,20,1184.7,0
11015,53.32,travel,0,0,19,14,39.8,0
11016,41.95,pharmacy,0,0,17,13,429.6,0
11017,44.41,pharmacy,0,0,12,17,704.6,0
11018,25.56,electronics,0,1,18,15,50.0,0
11019,69.95,fuel,0,0,8,12,506.2,0
11020,110.54,dining,0,0,12,15,586.1,0
11021,59.76,pharmacy,0,0,19,21,131.1,0
11022,89.83,jewelry,0,0,11,17,483.3,0
11023,173.58,online_retail,0,0,20,15,119.6,0
11024,62.09,jewelry,0,0,7,11,250.0,0
11025,106.74,fuel,0,0,21,16,1664.9,0
11026,68.24,online_retail,0,0,22,17,33.6,0
11027,30.32,travel,0,0,14,8,204.5,0
11028,71.05,online_retail,0,0,18,16,365.7,0
11029,8.16,utilities,0,0,13,13,194.6,0
11030,128.18,electronics,0,0,15,14,526.7,0
11031,44.03,electronics,0,0,20,15,464.8,0
11032,53.46,entertainment,0,0,16,15,333.8,0
11033,29.48,electronics,0,0,14,15,2213.0,0
11034,78.96,electronics,0,0,7,13,1024.9,0
11035,131.41,grocery,0,0,11,14,700.5,0
11036,43.12,pharmacy,0,0,21,11,1492.1,0
11037,118.68,travel,0,0,20,19,204.3,0
11038,39.26,pharmacy,0,0,11,13,738.9,0
11039,55.98,fuel,0,0,22,18,192.2,0
11040,31.71,jewelry,0,0,10,13,217.7,0
11041,107.18,online_retail,0,0,6,18,1823.7,0
11042,157.79,fuel,0,0,20,9,1409.4,0
11043,86.41,dining,0,0,12,16,2131.5,0
11044,131.33,pharmacy,0,0,19,19,512.1,0
11045,106.73,jewelry,0,0,13,14,11.9,0
11046,79.48,online_retail,0,0,10,14,27.7,0
11047,77.63,electronics,0,0,18,11,592.1,0
11048,141.0,travel,0,1,21,20,345.1,0
11049,162.43,online_retail,0,0,13,14,676.4,0
11050,151.82,grocery,0,0,7,14,3.8,0
11051,58.81,electronics,0,0,11,17,21.5,0
11052,174.99,online_retail,0,0,13,16,1606.8,0
11053,305.74,dining,1,1,4,0,6.0,1
11054,25.71,grocery,1,0,22,17,813.4,0
11055,85.7,electronics,0,0,16,8,1244.7,0
11056,34.04,online_retail,0,0,18,16,591.0,0
11057,33.54,pharmacy,0,0,22,18,595.0,0
11058,69.41,entertainment,0,0,21,16,22.3,0
11059,28.49,dining,0,0,15,26,45.5,0
11060,133.38,jewelry,0,0,19,22,47.1,0
11061,59.76,travel,0,0,11,20,176.2,0
11062,68.15,travel,0,0,19,12,181.6,0
11063,17.39,dining,0,0,15,22,202.7,0
11064,8.69,travel,0,0,16,15,709.9,0
11065,64.56,online_retail,0,0,20,8,1929.8,0
11066,75.2,pharmacy,0,0,11,19,503.7,0
11067,70.6,electronics,0,0,17,11,285.4,0
11068,48.08,fuel,0,0,11,16,168.5,0
11069,53.51,electronics,0,0,16,15,2158.2,0
11070,6.01,entertainment,0,1,18,10,1896.3,0
11071,56.8,electronics,0,0,13,14,171.9,0
11072,78.88,entertainment,0,0,20,16,27.7,0
11073,86.08,entertainment,0,0,9,6,600.5,0
11074,80.48,jewelry,0,0,13,17,168.1,0
11075,83.15,fuel,0,1,7,13,2.0,0
11076,51.55,fuel,0,0,22,14,998.1,0
11077,111.49,grocery,0,0,12,10,15.1,0
11078,41.07,entertainment,0,0,9,19,778.8,0
11079,80.86,jewelry,0,0,6,13,778.9,0
11080,73.2,grocery,0,0,16,19,165.4,0
11081,148.53,jewelry,0,0,17,19,366.5,0
11082,35.28,electronics,0,0,8,10,146.3,0
11083,175.4,fuel,0,1,6,19,879.2,0
11084,49.81,grocery,0,0,6,12,5.2,0
11085,97.29,grocery,0,0,14,13,96.1,0
11086,97.75,travel,0,0,15,8,1299.2,0
11087,33.61,dining,0,0,6,14,730.8,0
11088,36.91,electronics,0,0,12,12,1536.5,0
11089,44.31,jewelry,0,0,13,17,401.6,0
11090,48.09,travel,0,0,8,23,99.7,0
11091,39.62,grocery,0,0,17,8,390.5,0
11092,193.82,travel,0,1,16,20,479.6,0
11093,19.39,fuel,0,1,14,15,2850.3,0
11094,72.64,online_retail,1,0,14,13,623.0,0
11095,106.51,fuel,0,0,9,18,408.8,0
11096,136.81,travel,0,0,15,19,43.4,0
11097,61.42,entertainment,0,0,20,15,30.1,0
11098,99.66,fuel,0,0,7,22,229.8,0
11099,87.28,entertainment,0,0,15,16,36.6,0
11100,60.82,utilities,0,0,17,22,1409.8,0
11101,64.36,utilities,0,0,7,21,570.1,0
11102,158.78,electronics,0,0,11,16,1316.9,0
11103,48.44,pharmacy,0,0,18,11,113.3,0
11104,135.34,pharmacy,0,0,22,11,945.0,0
11105,48.75,jewelry,0,0,16,12,325.8,0
11106,124.25,fuel,0,0,13,12,100.6,0
11107,46.64,travel,0,0,10,5,1457.6,0
11108,224.59,jewelry,0,0,10,15,100.5,0
11109,14.58,fuel,0,0,13,19,241.0,0
11110,68.1,fuel,0,0,17,10,863.6,0
11111,11.16,fuel,0,0,20,31,269.1,0
11112,36.76,travel,0,1,7,22,98.1,0
11113,113.14,fuel,0,0,14,19,150.8,0
11114,27.1,electronics,0,0,15,18,9.5,0
11115,181.35,online_retail,0,0,11,20,216.7,0
11116,136.78,electronics,0,0,19,21,326.3,0
11117,58.72,dining,0,0,21,21,1064.0,0
11118,35.47,jewelry,0,0,19,14,38.1,0
11119,103.76,travel,0,0,10,20,454.0,0
11120,74.18,fuel,0,0,16,14,683.8,0
11121,85.25,pharmacy,1,0,11,20,1143.3,0
11122,298.65,fuel,0,0,19,17,377.5,0
11123,176.78,dining,0,0,9,7,1428.6,0
11124,172.78,grocery,0,0,15,15,153.2,0
11125,76.08,jewelry,0,0,15,12,738.4,0
11126,98.33,pharmacy,0,0,20,16,1055.9,0
11127,874.07,online_retail,1,1,0,4,3.8,1
11128,41.41,fuel,0,0,10,13,205.8,0
11129,15.46,pharmacy,0,0,12,15,31.0,0
11130,1296.33,online_retail,1,1,1,2,12.4,1
11131,106.74,utilities,0,0,22,14,135.0,0
11132,65.93,electronics,0,0,21,17,666.6,0
11133,101.77,dining,0,0,21,11,517.6,0
11134,26.47,grocery,0,0,19,17,225.3,0
11135,78.52,utilities,0,0,15,18,581.9,0
11136,251.06,travel,0,0,15,16,981.5,0
11137,82.31,fuel,0,0,12,10,82.1,0
11138,123.7,entertainment,0,0,22,11,180.1,0
11139,231.52,online_retail,0,0,9,8,1086.5,0
11140,71.61,entertainment,1,0,21,19,884.6,0
11141,114.69,fuel,0,0,10,18,262.0,0
11142,55.17,travel,0,0,7,17,697.4,0
11143,141.44,online_retail,0,0,9,14,98.5,0
11144,202.5,online_retail,0,0,10,18,684.6,0
11145,34.13,dining,0,0,9,15,21.4,0
11146,33.46,dining,0,0,6,15,483.2,0
11147,77.89,pharmacy,0,0,13,17,275.2,0
11148,83.92,travel,0,0,21,12,289.7,0
11149,95.27,fuel,0,0,16,7,239.8,0
11150,84.62,grocery,0,0,17,18,281.7,0
11151,174.39,entertainment,0,0,18,12,92.9,0
11152,122.92,grocery,0,0,8,15,2256.7,0
11153,47.25,pharmacy,0,0,9,16,838.9,0
11154,28.7,jewelry,0,0,15,14,334.3,0
11155,66.6,dining,0,0,21,13,1009.2,0
11156,23.09,online_retail,0,0,20,22,158.2,0
11157,29.3,utilities,0,0,10,8,1053.9,0
11158,35.9,travel,0,0,14,15,253.0,0
11159,91.72,electronics,0,0,9,11,233.0,0
11160,200.25,dining,0,0,9,16,504.4,0
11161,29.09,pharmacy,0,0,18,9,2208.0,0
11162,218.06,fuel,0,0,16,8,201.1,0
11163,6.74,fuel,0,0,14,16,611.3,0
11164,30.0,pharmacy,0,0,19,16,918.0,0
11165,40.86,electronics,0,0,14,15,640.6,0
11166,117.83,utilities,0,0,9,10,335.8,0
11167,11.77,travel,0,0,19,13,163.2,0
11168,43.0,dining,0,0,9,6,587.4,0
11169,17.4,fuel,0,0,15,15,160.5,0
11170,78.02,jewelry,0,0,17,13,225.1,0
11171,74.98,grocery,0,0,15,8,398.2,0
11172,36.31,online_retail,1,0,11,14,1596.0,0
11173,82.66,jewelry,0,0,18,21,989.8,0
11174,86.98,dining,0,0,10,17,267.2,0
11175,20.41,jewelry,0,0,7,16,209.4,0
11176,5.89,electronics,0,0,21,10,392.2,0
11177,122.56,entertainment,0,0,7,19,468.8,0
11178,15.35,dining,0,0,13,17,174.6,0
11179,18.12,jewelry,0,0,8,20,728.1,0
11180,1003.92,utilities,1,0,3,3,25.0,1
11181,58.17,dining,0,0,20,16,335.5,0
11182,91.04,pharmacy,0,0,17,13,1604.1,0
11183,140.46,jewelry,0,0,7,21,230.1,0
11184,42.25,dining,0,0,19,21,54.3,0
11185,47.9,pharmacy,0,0,18,15,880.3,0
11186,72.04,fuel,0,0,9,25,682.0,0
11187,30.13,entertainment,0,0,17,18,296.8,0
11188,56.78,electronics,0,0,19,18,109.7,0
11189,233.47,fuel,0,0,22,26,79.1,0
11190,60.28,utilities,0,0,13,15,1226.7,0
11191,106.6,electronics,0,0,7,25,3220.1,0
11192,159.09,jewelry,0,0,22,13,1546.6,0
11193,120.39,pharmacy,0,0,8,9,301.9,0
11194,157.2,fuel,0,0,6,20,505.6,0
11195,73.63,online_retail,0,0,21,20,777.6,0
11196,50.94,grocery,0,0,14,17,58.4,0
11197,34.39,travel,0,0,21,17,1657.2,0
11198,18.23,pharmacy,0,0,21,9,534.2,0
11199,129.81,dining,0,0,10,16,492.8,0
11200,1074.19,dining,1,1,2,2,0.3,1
11201,102.78,fuel,0,0,22,16,2829.7,0
11202,38.84,jewelry,0,0,7,11,230.0,0
11203,45.73,pharmacy,0,1,12,17,561.5,0
11204,49.9,entertainment,0,0,16,16,1274.8,0
11205,40.86,grocery,0,0,17,11,1317.9,0
11206,50.04,utilities,1,0,6,14,251.6,0
11207,96.43,fuel,0,0,16,10,437.7,0
11208,60.33,fuel,0,0,18,18,751.9,0
11209,906.14,pharmacy,1,0,0,1,6.4,1
11210,30.59,travel,0,0,9,15,522.9,0
11211,13.06,travel,0,0,11,5,210.4,0
11212,146.03,grocery,0,1,22,22,301.0,0
11213,193.71,dining,0,0,11,13,2147.8,0
11214,135.71,dining,0,0,18,22,1750.1,0
11215,11.75,electronics,0,0,6,12,289.2,0
11216,149.01,entertainment,0,0,15,15,564.1,0
11217,316.07,pharmacy,0,0,21,21,159.6,0
11218,94.3,travel,0,0,14,12,130.7,0
11219,89.34,fuel,0,0,8,12,394.4,0
11220,86.96,utilities,0,0,10,12,298.8,0
11221,364.35,entertainment,0,0,13,10,922.8,0
11222,167.96,pharmacy,0,0,13,22,126.8,0
11223,30.3,dining,0,0,13,11,663.6,0
11224,34.69,dining,0,0,11,19,655.9,0
11225,61.57,entertainment,0,0,15,12,885.7,0
11226,93.83,utilities,0,0,13,15,2344.5,0
11227,70.2,pharmacy,0,0,20,11,347.0,0
11228,59.43,travel,0,0,9,23,150.8,0
11229,112.7,travel,0,0,21,10,219.8,0
11230,32.99,electronics,0,0,9,12,981.3,0
11231,78.99,pharmacy,0,0,21,15,338.1,0
11232,97.09,fuel,1,0,13,18,1245.7,0
11233,45.38,entertainment,0,0,13,15,47.2,0
11234,36.9,grocery,0,0,6,12,668.2,0
11235,44.88,electronics,0,0,20,14,71.6,0
11236,46.86,fuel,0,0,16,16,1546.2,0
11237,232.81,electronics,0,0,11,17,68.7,0
11238,94.23,travel,0,0,11,16,583.8,0
11239,120.53,dining,0,1,9,9,759.6,0
11240,172.78,grocery,0,0,12,11,338.1,0
11241,57.47,grocery,0,0,13,17,2199.2,0
11242,13.25,pharmacy,0,0,16,19,323.2,0
11243,38.16,utilities,0,0,11,14,123.7,0
11244,31.58,online_retail,0,0,7,21,437.3,0
11245,44.81,pharmacy,0,0,16,13,424.9,0
11246,293.82,electronics,0,0,11,16,502.6,0
11247,135.47,fuel,0,0,22,16,202.2,0
11248,62.71,grocery,0,0,6,8,1943.2,0
11249,139.22,entertainment,0,0,8,12,931.8,0
11250,7.81,online_retail,0,0,15,21,1393.8,0
11251,64.93,grocery,0,0,10,12,261.4,0
11252,771.48,travel,1,1,0,2,0.7,1
11253,30.55,utilities,0,0,12,13,153.1,0
11254,10.21,electronics,0,0,6,17,266.6,0
11255,128.82,travel,0,0,12,15,28.6,0
11256,34.94,pharmacy,0,0,6,20,47.2,0
11257,149.16,jewelry,0,0,11,17,17.5,0
11258,23.23,dining,0,0,8,16,1164.4,0
11259,80.62,dining,0,0,18,10,782.0,0
11260,40.9,electronics,1,0,15,18,21.6,0
11261,111.96,online_retail,0,0,16,16,392.9,0
11262,16.2,grocery,1,0,19,20,444.3,0
11263,74.75,grocery,0,0,13,10,3383.1,0
11264,189.57,fuel,0,0,12,11,434.0,0
11265,91.32,entertainment,0,0,6,16,356.2,0
11266,33.0,travel,1,0,17,16,32.3,0
11267,98.86,entertainment,0,0,21,9,441.7,0
11268,703.43,grocery,1,1,3,0,13.2,1
11269,69.41,electronics,0,0,10,10,1367.9,0
11270,30.77,fuel,0,1,10,18,852.7,0
11271,118.42,entertainment,0,0,15,11,892.8,0
11272,24.02,jewelry,0,0,13,12,525.4,0
11273,35.14,pharmacy,0,0,19,15,307.0,0
11274,21.41,fuel,0,0,22,22,2108.9,0
11275,62.57,jewelry,0,0,9,11,337.7,0
11276,32.73,electronics,0,1,6,19,282.7,0
11277,80.04,electronics,1,0,8,12,1334.7,0
11278,87.58,dining,0,0,15,16,155.7,0
11279,117.07,fuel,1,0,22,19,1058.5,0
11280,36.18,dining,0,0,14,16,38.7,0
11281,68.84,travel,0,0,9,14,661.8,0
11282,251.64,fuel,0,1,11,14,73.4,0
11283,109.45,entertainment,0,0,8,17,220.7,0
11284,115.33,travel,0,0,10,20,895.9,0
11285,24.85,online_retail,0,0,20,17,1615.6,0
11286,18.45,pharmacy,0,0,22,18,27.7,0
11287,38.28,jewelry,0,0,16,15,258.0,0
11288,73.38,pharmacy,0,0,11,18,718.6,0
11289,158.64,entertainment,0,0,17,7,241.9,0
11290,138.61,utilities,0,0,14,11,285.4,0
11291,97.15,fuel,0,0,15,10,753.4,0
11292,51.57,utilities,0,0,11,17,3.5,0
11293,87.82,online_retail,1,0,11,15,235.5,0
11294,4.85,dining,1,0,10,13,33.3,0
11295,31.78,electronics,0,0,10,16,334.7,0
11296,134.88,online_retail,0,0,6,12,154.5,0
11297,63.26,utilities,0,1,11,10,670.1,0
11298,126.06,entertainment,0,0,7,13,1.5,0
11299,107.44,electronics,0,0,16,15,443.1,0
11300,71.46,grocery,0,0,17,13,1061.0,0
11301,21.14,pharmacy,0,1,19,12,1218.7,0
11302,86.96,grocery,0,0,9,17,379.3,0
11303,19.78,utilities,0,0,15,9,714.1,0
11304,47.72,travel,0,1,21,23,1422.9,0
11305,153.48,jewelry,1,0,12,15,121.2,0
11306,140.84,fuel,0,0,19,18,1056.7,0
11307,55.78,utilities,0,0,10,16,138.5,0
11308,80.87,pharmacy,0,0,17,21,635.0,0
11309,49.68,online_retail,0,0,8,15,4.7,0
11310,23.52,jewelry,0,0,7,19,544.9,0
11311,55.31,travel,0,0,12,15,411.0,0
11312,40.64,jewelry,0,0,13,13,820.8,0
11313,100.81,travel,0,0,11,26,659.7,0
11314,29.06,fuel,1,0,19,12,395.1,0
11315,60.97,fuel,0,0,17,16,28.7,0
11316,107.14,grocery,0,0,6,16,537.4,0
11317,70.74,jewelry,0,0,16,18,199.2,0
11318,91.37,jewelry,0,0,18,20,789.6,0
11319,85.69,jewelry,0,0,19,17,1028.0,0
11320,111.53,grocery,0,0,14,11,83.5,0
11321,101.18,travel,0,1,8,17,962.6,0
11322,82.85,fuel,0,0,20,19,1470.8,0
11323,35.25,jewelry,0,0,10,17,820.3,0
11324,303.42,utilities,0,0,17,15,1335.4,0
11325,41.52,jewelry,0,0,18,14,664.5,0
11326,197.89,grocery,0,0,9,13,0.1,0
11327,69.4,fuel,0,0,13,9,1.3,0
11328,22.35,grocery,0,0,10,20,687.5,0
11329,64.0,fuel,0,0,18,20,37.2,0
11330,205.24,jewelry,0,0,11,14,432.1,0
11331,55.82,pharmacy,0,0,17,8,73.8,0
11332,133.4,dining,0,0,18,17,240.7,0
11333,1033.85,fuel,1,1,4,3,0.8,1
11334,66.35,entertainment,0,0,16,16,700.6,0
11335,12.71,electronics,0,0,19,21,190.0,0
11336,66.06,pharmacy,0,0,16,16,332.4,0
11337,112.07,fuel,1,0,22,9,307.2,0
11338,140.84,grocery,0,0,6,20,1204.6,0
11339,46.76,grocery,1,0,8,16,329.3,0
11340,23.68,dining,0,0,16,11,741.4,0
11341,27.56,utilities,1,0,8,19,1305.7,0
11342,83.41,electronics,0,0,22,18,278.2,0
11343,172.93,jewelry,0,0,10,12,1050.3,0
11344,98.81,travel,0,0,13,15,215.9,0
11345,69.76,travel,0,0,13,13,1701.0,0
11346,116.4,utilities,0,0,16,11,534.4,0
11347,21.72,dining,0,0,22,17,28.1,0
11348,81.32,entertainment,0,0,20,19,428.0,0
11349,43.43,entertainment,0,0,11,17,239.1,0
11350,107.59,dining,0,0,20,14,1001.5,0
11351,86.25,entertainment,0,0,19,16,457.4,0
11352,61.5,fuel,1,0,20,19,55.6,0
11353,37.99,electronics,0,0,7,9,104.7,0
11354,180.32,travel,0,0,11,23,307.1,0
11355,93.29,electronics,1,0,14,14,1740.2,0
11356,239.2,jewelry,1,1,2,2,0.2,1
11357,125.97,dining,0,0,8,10,206.6,0
11358,128.29,utilities,0,0,9,16,1046.1,0
11359,55.63,utilities,0,0,19,18,1252.4,0
11360,160.23,fuel,0,0,12,12,1137.9,0
11361,9.1,online_retail,0,0,22,15,15.6,0
11362,93.36,fuel,0,0,11,13,335.7,0
11363,52.83,pharmacy,0,0,8,10,172.6,0
11364,10.84,grocery,0,0,9,14,1076.0,0
11365,233.83,grocery,0,0,18,18,770.0,0
11366,21.68,utilities,0,0,12,15,1008.7,0
11367,57.11,pharmacy,0,0,15,19,496.4,0
11368,129.04,entertainment,0,0,10,17,998.6,0
11369,77.48,pharmacy,0,0,16,18,695.3,0
11370,226.07,dining,0,0,14,16,813.4,0
11371,47.94,online_retail,0,0,19,24,537.2,0
11372,35.96,utilities,1,0,13,13,386.6,0
11373,99.85,travel,0,0,11,19,301.3,0
11374,58.28,online_retail,0,0,6,18,1333.7,0
11375,89.86,dining,0,0,14,21,495.2,0
11376,46.0,entertainment,0,0,20,12,512.4,0
11377,180.71,fuel,0,0,18,16,476.7,0
11378,90.36,fuel,0,0,15,14,222.3,0
11379,30.44,jewelry,0,0,10,10,1024.7,0
11380,73.38,grocery,0,0,13,18,238.1,0
11381,56.25,utilities,0,0,13,8,525.4,0
11382,69.36,entertainment,0,0,15,9,523.0,0
11383,79.38,electronics,0,0,18,14,213.4,0
11384,69.19,grocery,0,0,16,12,9.0,0
11385,15.52,electronics,0,0,19,18,778.8,0
11386,42.93,utilities,0,0,8,9,13.8,0
11387,41.79,electronics,0,0,17,14,248.1,0
11388,12.29,utilities,0,0,7,14,45.0,0
11389,42.19,jewelry,0,0,15,12,284.4,0
11390,49.49,pharmacy,0,0,14,12,525.8,0
11391,34.24,pharmacy,0,0,22,16,1435.5,0
11392,57.58,dining,0,0,12,20,555.1,0
11393,67.4,dining,0,0,14,11,1294.5,0
11394,102.84,travel,0,0,17,12,162.1,0
11395,61.21,fuel,0,0,17,8,185.2,0
11396,57.92,electronics,0,1,17,15,537.6,0
11397,131.17,jewelry,0,0,16,13,154.2,0
11398,247.13,utilities,1,0,18,15,470.0,0
11399,82.86,utilities,1,0,6,14,1317.2,0
11400,82.92,fuel,0,1,10,12,123.7,0
11401,57.44,pharmacy,0,0,12,22,1304.9,0
11402,10.29,jewelry,0,0,16,19,1253.8,0
11403,215.72,jewelry,0,0,9,19,315.9,0
11404,200.33,online_retail,1,0,21,10,640.4,0
11405,111.11,entertainment,0,0,8,16,148.2,0
11406,60.93,jewelry,0,0,13,13,1349.4,0
11407,54.46,jewelry,0,0,19,8,360.8,0
11408,78.25,jewelry,0,0,6,11,806.5,0
11409,37.49,entertainment,0,0,6,17,373.8,0
11410,52.84,pharmacy,0,0,6,12,327.7,0
11411,80.27,pharmacy,0,0,20,20,1833.0,0
11412,59.55,online_retail,0,0,6,11,555.8,0
11413,66.01,dining,0,0,10,15,492.6,0
11414,123.05,pharmacy,0,0,16,17,755.3,0
11415,10.07,jewelry,0,1,7,21,703.6,0
11416,166.63,pharmacy,0,0,8,17,653.6,0
11417,3.88,utilities,0,0,10,17,6.0,0
11418,81.55,grocery,0,0,13,16,361.7,0
11419,126.5,pharmacy,0,0,11,13,2089.3,0
11420,67.95,utilities,0,0,22,14,55.9,0
11421,22.48,electronics,0,0,13,21,2837.8,0
11422,30.54,jewelry,0,0,8,20,240.0,0
11423,76.79,entertainment,0,0,9,20,1357.3,0
11424,146.55,jewelry,0,0,19,8,1794.5,0
11425,47.01,utilities,0,1,10,12,249.9,0
11426,16.06,dining,0,1,19,13,86.9,0
11427,15.28,grocery,0,0,10,16,102.8,0
11428,132.76,jewelry,0,0,9,18,288.4,0
11429,102.71,pharmacy,0,0,7,12,927.9,0
11430,93.49,grocery,0,0,19,9,55.8,0
11431,49.28,online_retail,0,0,19,18,885.8,0
11432,38.29,grocery,0,0,13,15,310.8,0
11433,38.53,utilities,0,0,17,16,338.6,0
11434,49.74,grocery,0,0,10,14,396.2,0
11435,172.46,online_retail,0,0,11,13,368.4,0
11436,112.25,dining,0,0,22,10,134.9,0
11437,73.67,entertainment,0,0,17,17,1408.3,0
11438,121.97,fuel,0,0,15,13,391.3,0
11439,51.23,utilities,0,0,19,21,433.9,0
11440,27.78,fuel,0,0,19,11,289.3,0
11441,173.28,grocery,1,0,12,14,71.3,0
11442,75.03,pharmacy,0,0,16,15,733.5,0
11443,24.1,utilities,0,0,9,19,1071.9,0
11444,124.3,utilities,0,0,11,10,15.3,0
11445,46.43,fuel,0,0,16,12,1326.8,0
11446,68.31,entertainment,0,0,19,16,370.0,0
11447,32.73,jewelry,0,0,16,14,13.4,0
11448,504.97,electronics,0,1,1,4,4.9,1
11449,107.14,jewelry,0,0,21,14,24.3,0
11450,85.03,grocery,0,0,19,16,477.8,0
11451,95.07,utilities,0,0,9,22,543.6,0
11452,163.7,online_retail,0,0,16,27,686.8,0
11453,198.84,utilities,0,1,17,15,95.8,0
11454,46.97,entertainment,1,0,8,15,10.8,0
11455,59.92,entertainment,0,0,13,16,1756.3,0
11456,7.68,grocery,0,0,16,16,1858.6,0
11457,31.18,fuel,0,0,12,13,971.9,0
11458,32.2,electronics,0,0,13,15,534.7,0
11459,49.18,travel,0,0,22,16,722.7,0
11460,74.29,travel,0,0,15,11,50.3,0
11461,99.18,grocery,0,0,7,17,305.7,0
11462,28.15,fuel,0,0,7,11,729.3,0
11463,1125.27,pharmacy,0,0,3,4,0.8,1
11464,15.8,utilities,0,0,17,20,789.8,0
11465,26.14,pharmacy,0,1,12,19,358.8,0
11466,79.16,entertainment,0,0,7,15,2261.4,0
11467,83.42,jewelry,0,0,21,8,1456.5,0
11468,127.72,dining,0,0,20,13,873.4,0
11469,37.89,dining,0,0,10,17,284.8,0
11470,61.98,utilities,0,0,7,10,437.0,0
11471,62.75,utilities,0,0,6,16,823.7,0
11472,26.17,fuel,0,0,12,15,490.1,0
11473,68.73,dining,0,0,9,7,18.4,0
11474,40.44,entertainment,0,0,10,11,386.0,0
11475,67.48,travel,0,0,15,18,11.4,0
11476,38.21,utilities,0,0,22,24,1100.8,0
11477,47.23,electronics,0,0,15,12,40.0,0
11478,86.9,online_retail,0,0,10,10,173.2,0
11479,44.31,jewelry,0,0,19,21,129.7,0
11480,34.77,dining,0,0,6,16,958.9,0
11481,40.6,electronics,0,0,14,11,514.9,0
11482,37.5,grocery,0,0,13,14,1279.3,0
11483,61.27,jewelry,0,0,15,13,104.6,0
11484,22.71,electronics,0,0,12,26,62.9,0
11485,53.38,dining,0,0,17,12,1747.2,0
11486,19.0,entertainment,0,0,10,15,717.4,0
11487,67.99,fuel,0,0,20,12,148.6,0
11488,38.09,utilities,0,0,7,13,271.0,0
11489,235.99,grocery,0,0,16,11,787.5,0
11490,135.65,jewelry,0,0,6,22,395.2,0
11491,205.47,fuel,0,0,22,21,146.7,0
11492,81.09,pharmacy,0,0,11,19,380.0,0
11493,152.75,online_retail,0,1,8,12,779.2,0
11494,20.81,electronics,0,0,20,13,590.7,0
11495,18.46,fuel,0,0,8,17,2530.9,0
11496,117.04,fuel,0,0,18,25,317.1,0
11497,79.56,fuel,0,0,15,17,575.5,0
11498,55.22,electronics,0,0,10,18,856.2,0
11499,60.71,utilities,0,0,22,12,833.4,0
11500,4.45,utilities,0,0,6,10,503.6,0
11501,124.52,fuel,0,0,10,15,29.6,0
11502,16.3,online_retail,0,0,9,18,83.3,0
11503,43.51,grocery,0,0,17,21,909.8,0
11504,49.93,grocery,0,0,8,21,190.2,0
11505,73.55,entertainment,0,0,7,19,1772.4,0
11506,54.05,pharmacy,0,0,10,7,1160.5,0
11507,52.6,travel,0,0,17,24,435.2,0
11508,76.92,online_retail,0,0,8,18,237.7,0
11509,44.3,electronics,0,0,22,18,2548.7,0
11510,143.33,grocery,0,0,13,11,464.1,0
11511,11.29,fuel,0,0,10,16,721.5,0
11512,84.48,utilities,0,0,12,13,1595.2,0
11513,66.84,entertainment,0,0,13,17,253.0,0
11514,123.34,pharmacy,0,0,10,10,497.6,0
11515,116.65,fuel,0,0,14,15,993.5,0
11516,92.72,entertainment,0,0,14,16,1023.4,0
11517,101.84,jewelry,0,0,19,11,1291.5,0
11518,862.58,utilities,1,1,3,3,0.5,1
11519,25.82,online_retail,0,0,11,18,571.3,0
11520,116.6,dining,0,0,14,18,771.2,0
11521,35.07,grocery,0,0,22,16,432.3,0
11522,14.43,utilities,0,0,18,19,803.3,0
11523,71.8,jewelry,0,0,20,13,127.6,0
11524,179.93,pharmacy,0,0,14,20,565.3,0
11525,56.43,online_retail,0,0,17,21,54.0,0
11526,100.55,utilities,0,1,22,13,1203.8,0
11527,44.5,travel,0,0,17,9,796.1,0
11528,105.84,dining,0,0,16,25,424.4,0
11529,142.43,electronics,0,0,13,19,697.9,0
11530,52.76,grocery,0,0,7,13,346.2,0
11531,37.39,electronics,1,0,6,14,51.3,0
11532,49.75,electronics,0,0,10,20,191.9,0
11533,27.82,pharmacy,0,0,9,12,671.7,0
11534,148.49,electronics,0,0,19,14,347.2,0
11535,82.4,fuel,0,0,8,15,422.1,0
11536,71.24,utilities,0,1,6,17,1838.3,0
11537,112.04,dining,0,0,16,20,218.7,0
11538,21.03,grocery,0,0,22,17,1205.4,0
11539,34.97,entertainment,0,0,21,22,155.0,0
11540,107.5,pharmacy,0,0,13,17,294.6,0
11541,8.14,grocery,0,0,19,17,629.6,0
11542,22.74,pharmacy,0,0,8,9,157.7,0
11543,213.29,dining,0,0,15,9,610.3,0
11544,117.13,fuel,0,0,10,15,87.6,0
11545,24.43,travel,0,0,22,14,114.2,0
11546,54.45,utilities,0,0,15,20,1360.5,0
11547,104.6,fuel,0,0,18,12,114.2,0
11548,33.74,travel,0,0,16,14,201.8,0
11549,30.64,travel,0,0,21,8,666.6,0
11550,96.04,jewelry,0,0,18,11,24.9,0
11551,148.99,grocery,0,0,10,22,115.6,0
11552,91.04,dining,0,0,16,20,293.5,0
11553,79.11,entertainment,0,0,15,16,2099.4,0
11554,142.57,travel,0,0,17,7,1056.9,0
11555,93.2,electronics,0,1,21,13,566.6,0
11556,113.6,utilities,0,0,18,17,200.2,0
11557,48.48,online_retail,0,0,22,11,4.9,0
11558,53.78,pharmacy,0,0,13,19,858.2,0
11559,140.68,jewelry,0,0,21,11,976.2,0
11560,211.17,grocery,0,0,8,13,1061.0,0
11561,28.16,dining,0,0,15,17,328.3,0
11562,71.56,travel,0,0,17,15,365.7,0
11563,111.37,utilities,0,0,11,8,100.8,0
11564,34.86,online_retail,0,0,16,15,293.4,0
11565,75.5,fuel,0,0,16,16,747.6,0
11566,66.39,utilities,0,1,8,12,56.3,0
11567,104.93,jewelry,0,0,7,12,168.7,0
11568,110.25,jewelry,0,0,15,13,301.5,0
11569,204.32,pharmacy,0,0,12,16,782.2,0
11570,52.9,online_retail,0,0,15,10,911.5,0
11571,130.08,entertainment,0,0,20,14,1171.3,0
11572,83.16,grocery,0,0,11,17,769.4,0
11573,97.52,jewelry,0,0,7,15,392.5,0
11574,111.4,grocery,0,0,20,12,609.0,0
11575,179.13,fuel,0,0,18,10,6.9,0
11576,16.58,entertainment,0,0,17,17,883.1,0
11577,16.75,fuel,0,0,15,17,549.4,0
11578,185.14,grocery,0,0,12,15,213.9,0
11579,73.91,utilities,0,0,11,14,266.7,0
11580,109.93,pharmacy,0,0,6,19,602.9,0
11581,125.67,entertainment,0,0,6,13,936.2,0
11582,43.64,dining,0,0,8,13,2719.8,0
11583,87.67,utilities,0,1,9,13,132.0,0
11584,23.3,fuel,0,0,17,14,800.3,0
11585,12.58,pharmacy,0,0,12,14,484.8,0
11586,99.07,jewelry,1,0,14,12,676.4,0
11587,49.12,dining,0,0,15,13,884.7,0
11588,1021.65,dining,0,1,4,1,10.9,1
11589,43.21,entertainment,0,0,20,13,361.9,0
11590,55.09,grocery,0,0,19,10,847.3,0
11591,26.85,fuel,0,0,16,17,230.1,0
11592,55.31,utilities,0,0,21,13,38.0,0
11593,64.83,fuel,0,0,6,29,79.1,0
11594,1261.09,dining,1,0,1,3,5.5,1
11595,90.63,travel,0,0,22,13,511.9,0
11596,166.98,grocery,0,0,10,18,63.4,0
11597,113.42,electronics,0,0,15,11,645.3,0
11598,58.47,utilities,0,0,13,18,1029.0,0
11599,27.89,grocery,0,0,15,16,283.5,0
11600,60.11,electronics,0,0,7,8,2753.8,0
11601,60.97,jewelry,0,0,18,17,46.4,0
11602,25.73,dining,0,0,16,14,814.7,0
11603,11.63,entertainment,0,0,13,17,683.2,0
11604,113.71,online_retail,0,0,21,18,609.3,0
11605,118.3,grocery,0,0,9,11,1024.2,0
11606,95.95,electronics,0,0,18,15,47.1,0
11607,43.54,utilities,0,0,16,15,429.9,0
11608,30.87,online_retail,0,0,21,13,203.4,0
11609,1162.39,travel,1,1,2,6,15.3,1
11610,44.57,jewelry,0,0,14,10,519.3,0
11611,40.76,grocery,0,0,12,9,280.4,0
11612,40.87,grocery,1,0,12,23,408.1,0
11613,8.54,dining,0,0,21,15,562.9,0
11614,91.83,online_retail,0,0,17,11,856.3,0
11615,55.24,jewelry,0,0,16,10,388.7,0
11616,92.74,dining,0,0,11,17,52.9,0
11617,37.5,pharmacy,0,0,11,16,0.1,0
11618,16.84,pharmacy,0,0,11,24,511.6,0
11619,15.53,utilities,0,0,14,13,520.0,0
11620,19.26,entertainment,0,0,10,14,595.8,0
11621,103.38,grocery,1,0,14,14,1582.8,0
11622,97.69,jewelry,0,0,11,11,563.2,0
11623,10.65,pharmacy,0,0,22,17,175.7,0
11624,89.02,dining,0,0,8,23,506.4,0
11625,137.82,grocery,0,0,18,14,93.5,0
11626,217.48,dining,0,0,14,15,1297.5,0
11627,173.45,online_retail,0,0,11,21,720.7,0
11628,145.56,pharmacy,0,0,10,11,276.7,0
11629,43.83,entertainment,0,0,6,18,791.7,0
11630,27.8,dining,0,0,8,13,899.5,0
11631,88.59,jewelry,0,0,16,18,1967.1,0
11632,277.17,jewelry,1,0,14,14,860.5,0
11633,47.47,utilities,0,0,12,13,685.4,0
11634,76.95,fuel,0,0,7,15,1127.7,0
11635,98.09,electronics,0,1,13,17,253.9,0
11636,40.01,grocery,0,0,6,14,713.3,0
11637,162.95,utilities,0,0,19,13,207.5,0
11638,101.12,travel,0,0,19,12,47.2,0
11639,42.84,dining,0,0,22,10,174.7,0
11640,59.44,utilities,1,0,7,14,714.8,0
11641,255.22,entertainment,0,0,16,14,147.6,0
11642,135.95,pharmacy,0,0,13,15,1324.9,0
11643,46.8,entertainment,0,0,12,10,19.9,0
11644,11.06,fuel,0,0,21,15,984.2,0
11645,148.5,fuel,0,0,21,13,529.0,0
11646,43.92,grocery,0,0,21,20,194.2,0
11647,80.72,online_retail,0,0,13,14,277.9,0
11648,28.61,entertainment,0,0,17,19,27.5,0
11649,17.9,electronics,0,0,14,12,275.8,0
11650,103.14,entertainment,0,0,11,21,74.6,0
11651,71.0,entertainment,0,0,21,17,1962.2,0
11652,33.14,electronics,0,0,11,18,596.8,0
11653,135.66,grocery,0,0,12,14,328.4,0
11654,86.87,pharmacy,0,0,15,9,61.3,0
11655,62.52,jewelry,0,0,22,18,1244.7,0
11656,194.63,travel,0,0,8,12,416.9,0
11657,39.99,travel,0,0,22,10,253.6,0
11658,70.31,entertainment,0,0,18,21,406.6,0
11659,83.58,electronics,1,0,7,11,918.9,0
11660,63.06,dining,0,1,10,16,53.7,0
11661,88.84,grocery,0,0,14,18,489.7,0
11662,46.11,utilities,0,0,20,21,538.5,0
11663,118.35,electronics,0,0,18,18,71.1,0
11664,114.46,online_retail,0,0,21,9,562.0,0
11665,92.87,dining,0,0,19,13,493.8,0
11666,91.59,jewelry,0,0,7,14,75.5,0
11667,55.64,jewelry,0,0,18,15,442.1,0
11668,250.86,grocery,0,1,11,16,1186.9,0
11669,70.83,online_retail,0,0,6,16,476.5,0
11670,34.81,pharmacy,0,0,19,16,35.6,0
11671,231.68,fuel,0,0,15,19,275.0,0
11672,78.94,dining,0,0,12,18,466.2,0
11673,186.75,travel,0,0,17,18,1332.3,0
11674,74.13,online_retail,0,0,19,12,934.6,0
11675,99.39,jewelry,0,0,8,11,1406.1,0
11676,258.47,grocery,1,0,8,17,333.9,0
11677,37.33,utilities,0,0,21,12,231.8,0
11678,26.16,utilities,0,0,19,16,2014.6,0
11679,53.29,jewelry,0,0,14,17,32.9,0
11680,25.78,pharmacy,0,0,10,11,202.0,0
11681,108.9,utilities,0,0,21,17,707.8,0
11682,7.78,pharmacy,0,0,19,15,531.1,0
11683,69.12,jewelry,0,0,18,19,181.0,0
11684,27.47,pharmacy,1,0,14,12,1276.6,0
11685,59.94,jewelry,0,1,8,13,441.0,0
11686,27.18,electronics,0,0,16,16,815.4,0
11687,156.88,travel,0,0,20,14,203.5,0
11688,55.43,travel,0,0,12,20,157.8,0
11689,283.7,dining,0,0,16,11,15.1,0
11690,236.87,online_retail,0,0,20,19,439.7,0
11691,762.42,electronics,0,0,3,2,7.0,1
11692,137.51,grocery,0,0,16,13,276.1,0
11693,29.35,electronics,0,0,12,15,76.4,0
11694,110.43,fuel,0,0,19,26,89.5,0
11695,110.46,dining,0,0,15,21,710.4,0
11696,85.73,dining,0,1,21,18,678.2,0
11697,114.55,electronics,0,0,18,15,692.4,0
11698,36.47,online_retail,0,0,9,15,263.8,0
11699,36.06,fuel,0,0,10,16,975.1,0
11700,175.75,jewelry,0,0,6,16,881.5,0
11701,84.54,dining,0,0,13,10,991.3,0
11702,55.54,electronics,0,0,8,15,325.5,0
11703,180.39,online_retail,0,0,12,15,207.2,0
11704,19.55,fuel,0,0,22,26,0.5,0
11705,18.68,jewelry,0,0,21,15,2611.8,0
11706,37.83,jewelry,0,0,14,13,123.8,0
11707,222.15,travel,0,0,20,15,113.2,0
11708,162.44,pharmacy,0,0,19,16,1133.8,0
11709,47.31,jewelry,0,0,13,12,1888.5,0
11710,130.4,electronics,0,0,9,15,507.8,0
11711,54.23,travel,1,0,11,11,468.7,0
11712,17.17,jewelry,0,0,19,13,1575.1,0
11713,21.85,travel,0,0,17,8,253.9,0
11714,29.53,utilities,0,0,21,16,1499.9,0
11715,29.61,utilities,0,0,8,11,191.8,0
11716,182.65,grocery,0,0,20,14,444.1,0
11717,129.22,fuel,0,0,9,19,701.3,0
11718,34.29,online_retail,0,0,20,13,711.1,0
11719,139.1,travel,0,0,21,13,579.0,0
11720,114.19,jewelry,0,0,6,16,513.4,0
11721,286.95,pharmacy,0,0,16,14,732.4,0
11722,21.1,pharmacy,0,0,21,15,445.7,0
11723,77.23,jewelry,0,0,8,7,945.5,0
11724,196.2,travel,0,0,18,12,392.6,0
11725,148.89,utilities,0,0,9,17,326.9,0
11726,78.74,entertainment,0,0,13,15,194.1,0
11727,22.93,jewelry,0,0,15,12,923.7,0
11728,163.22,jewelry,0,0,7,10,767.7,0
11729,96.49,electronics,0,0,12,13,533.4,0
11730,45.83,online_retail,0,0,13,13,44.8,0
11731,76.35,utilities,0,0,8,9,192.7,0
11732,104.73,electronics,1,0,20,15,408.5,0
11733,63.6,entertainment,0,0,17,17,694.7,0
11734,75.31,dining,0,0,14,19,112.6,0
11735,79.2,electronics,0,0,14,14,258.8,0
11736,196.12,travel,0,0,20,10,331.7,0
11737,45.06,utilities,0,0,10,17,15.2,0
11738,67.89,entertainment,0,0,9,12,43.7,0
11739,41.9,electronics,0,0,6,17,839.8,0
11740,32.42,jewelry,0,0,14,15,248.1,0
11741,209.46,jewelry,0,0,20,19,500.5,0
11742,37.72,utilities,0,0,6,14,242.2,0
11743,22.97,jewelry,0,0,21,15,406.0,0
11744,113.93,online_retail,0,0,11,23,546.1,0
11745,12.19,electronics,0,0,7,22,601.0,0
11746,61.72,online_retail,0,0,7,13,842.2,0
11747,56.72,utilities,0,0,8,10,965.3,0
11748,72.06,grocery,0,0,21,19,105.4,0
11749,78.33,dining,0,0,21,14,743.7,0
11750,81.14,utilities,0,0,10,21,928.2,0
11751,21.51,fuel,0,0,17,14,791.8,0
11752,16.46,entertainment,0,0,6,11,80.4,0
11753,31.84,electronics,0,0,11,13,574.6,0
11754,108.34,grocery,0,1,1,3,1.9,1
11755,614.6,grocery,0,1,4,1,4.7,1
11756,64.86,online_retail,0,0,22,15,128.6,0
11757,43.57,electronics,0,0,10,17,278.9,0
11758,20.72,fuel,0,0,6,15,87.3,0
11759,22.69,dining,0,0,10,18,1016.7,0
11760,30.6,utilities,0,0,8,13,144.3,0
11761,21.37,dining,0,0,20,8,285.8,0
11762,174.61,fuel,0,0,16,19,1331.7,0
11763,29.14,pharmacy,0,0,15,12,724.3,0
11764,153.23,pharmacy,0,0,6,15,40.0,0
11765,86.32,dining,0,1,22,10,735.5,0
11766,793.44,pharmacy,0,1,4,2,0.7,1
11767,113.68,online_retail,0,0,17,13,310.7,0
11768,57.4,electronics,0,0,7,13,577.6,0
11769,137.18,online_retail,0,0,9,14,1081.5,0
11770,9.57,electronics,0,0,9,13,187.0,0
11771,861.2,travel,1,0,3,5,2.9,1
11772,125.4,electronics,0,0,18,18,401.7,0
11773,18.53,entertainment,0,0,12,11,861.7,0
11774,4.86,pharmacy,0,0,10,8,1884.4,0
11775,63.83,entertainment,0,0,6,17,134.6,0
11776,133.59,pharmacy,0,0,12,22,727.3,0
11777,72.69,travel,0,0,16,14,3710.8,0
11778,160.43,utilities,0,0,21,10,153.3,0
11779,19.6,dining,1,1,22,22,28.9,0
11780,16.5,utilities,0,0,22,17,1113.3,0
11781,29.48,jewelry,0,0,21,13,821.2,0
11782,85.01,travel,0,1,17,20,534.2,0
11783,95.51,fuel,0,0,12,17,50.6,0
11784,42.85,entertainment,0,0,22,15,177.8,0
11785,104.46,pharmacy,0,0,15,13,65.9,0
11786,22.67,utilities,0,0,8,19,1328.7,0
11787,127.46,online_retail,0,0,16,16,1436.1,0
11788,767.25,online_retail,1,1,3,5,7.5,1
11789,51.79,dining,0,0,9,14,637.8,0
11790,55.49,online_retail,0,0,17,21,711.7,0
11791,43.19,dining,0,0,18,15,234.1,0
11792,118.61,pharmacy,0,1,22,15,140.2,0
11793,65.1,pharmacy,0,0,17,15,1593.3,0
11794,60.36,travel,0,0,13,17,615.6,0
11795,26.11,entertainment,0,0,21,16,804.9,0
11796,80.85,electronics,0,0,21,10,126.1,0
11797,39.67,utilities,0,0,18,13,610.1,0
11798,186.04,jewelry,0,0,6,25,1137.6,0
11799,42.97,entertainment,0,0,12,15,286.3,0
11800,34.85,travel,0,0,9,19,410.4,0
11801,42.39,entertainment,1,0,20,20,632.7,0
11802,67.7,utilities,0,0,7,14,79.5,0
11803,47.88,fuel,0,1,9,16,97.2,0
11804,72.01,pharmacy,0,0,13,16,1359.6,0
11805,97.03,pharmacy,0,0,9,16,616.2,0
11806,45.01,entertainment,0,0,6,14,1861.9,0
11807,43.32,dining,0,0,18,12,1378.4,0
11808,111.26,electronics,0,1,16,15,1082.5,0
11809,57.0,jewelry,0,0,20,12,793.5,0
11810,11.69,dining,0,0,11,12,1339.1,0
11811,37.27,travel,0,0,9,19,170.0,0
11812,44.98,pharmacy,0,0,15,16,709.6,0
11813,97.03,utilities,0,0,11,14,739.9,0
11814,52.58,fuel,0,0,13,14,776.1,0
11815,98.93,pharmacy,0,1,9,21,538.5,0
11816,51.29,travel,0,0,20,15,1027.9,0
11817,43.09,dining,0,0,21,15,48.6,0
11818,65.81,utilities,0,0,9,17,1500.0,0
11819,44.99,dining,0,0,22,15,645.0,0
11820,54.57,utilities,0,0,8,6,245.2,0
11821,85.4,entertainment,0,0,19,13,573.3,0
11822,38.94,electronics,0,0,13,18,290.9,0
11823,22.81,online_retail,0,0,17,16,528.7,0
11824,46.18,fuel,0,0,9,14,310.6,0
11825,105.39,grocery,0,0,18,17,1095.4,0
11826,55.71,jewelry,0,0,6,20,191.2,0
11827,58.75,fuel,0,0,7,14,91.8,0
11828,118.79,grocery,0,0,12,12,456.5,0
11829,62.66,jewelry,0,0,7,16,284.2,0
11830,68.79,utilities,0,0,11,16,494.3,0
11831,46.59,entertainment,0,0,20,22,251.3,0
11832,35.69,online_retail,0,0,11,15,873.8,0
11833,17.83,online_retail,0,0,15,20,1619.4,0
11834,48.69,entertainment,0,0,18,14,2382.6,0
11835,233.93,grocery,0,0,7,14,229.6,0
11836,13.38,entertainment,0,0,7,14,52.5,0
11837,256.2,electronics,0,0,17,12,241.5,0
11838,43.62,online_retail,1,0,21,16,369.6,0
11839,11.76,jewelry,0,0,9,14,2689.5,0
11840,67.5,electronics,0,0,21,12,42.9,0
11841,81.33,dining,0,0,21,16,951.5,0
11842,23.13,entertainment,0,1,20,10,447.2,0
11843,109.55,entertainment,0,0,10,12,482.3,0
11844,57.74,online_retail,0,0,8,13,48.8,0
11845,124.33,dining,0,0,11,13,541.8,0
11846,28.41,online_retail,0,0,20,15,560.6,0
11847,151.34,dining,0,0,6,16,2120.5,0
11848,85.78,grocery,0,0,22,17,1975.9,0
11849,689.06,pharmacy,1,1,2,1,2.1,1
11850,36.56,fuel,0,0,14,9,149.7,0
11851,90.74,travel,0,0,15,13,3737.5,0
11852,111.47,grocery,0,0,20,14,210.8,0
11853,34.24,fuel,0,1,13,17,687.3,0
11854,55.02,fuel,0,0,11,11,1502.3,0
11855,147.84,travel,0,0,17,17,955.1,0
11856,29.45,utilities,0,0,12,18,3190.1,0
11857,45.6,dining,0,0,15,16,413.1,0
11858,144.71,fuel,0,0,18,16,371.9,0
11859,111.61,pharmacy,0,0,12,11,759.2,0
11860,31.43,electronics,0,0,9,12,915.4,0
11861,134.66,pharmacy,0,0,9,14,1086.7,0
11862,1252.32,dining,0,0,2,1,3.4,1
11863,229.42,entertainment,0,0,19,20,955.3,0
11864,100.47,online_retail,0,0,20,11,98.1,0
11865,448.3,online_retail,1,0,1,2,7.3,1
11866,223.65,jewelry,0,0,22,20,44.3,0
11867,57.03,grocery,0,0,21,11,346.3,0
11868,68.25,entertainment,0,0,21,16,90.2,0
11869,30.61,jewelry,0,0,17,20,521.4,0
11870,181.63,travel,0,0,8,17,524.9,0
11871,99.49,travel,0,0,12,14,94.6,0
11872,105.61,electronics,0,0,22,13,2418.4,0
11873,46.61,utilities,0,0,13,17,1692.3,0
11874,123.19,utilities,0,0,11,11,1131.8,0
11875,30.65,entertainment,0,0,11,21,22.2,0
11876,71.66,jewelry,0,0,12,12,715.7,0
11877,52.79,travel,0,0,17,18,382.6,0
11878,109.2,electronics,0,0,6,15,402.1,0
11879,7.09,jewelry,0,0,19,18,18.6,0
11880,35.21,entertainment,0,0,20,16,91.4,0
11881,14.49,online_retail,0,0,21,12,1143.8,0
11882,56.47,entertainment,0,0,11,10,1615.4,0
11883,94.73,online_retail,0,1,20,19,26.6,0
11884,24.68,dining,0,0,10,17,1587.5,0
11885,141.57,grocery,0,0,13,10,274.2,0
11886,30.75,fuel,0,0,12,13,385.5,0
11887,54.94,travel,0,0,13,20,58.8,0
11888,39.56,electronics,0,1,7,21,96.5,0
11889,221.8,electronics,0,0,11,17,780.9,0
11890,40.35,dining,0,0,18,16,309.2,0
11891,237.92,jewelry,0,0,6,18,1588.5,0
11892,113.2,grocery,0,0,22,23,2081.4,0
11893,13.34,dining,0,0,21,8,782.0,0
11894,56.4,online_retail,0,0,17,16,274.9,0
11895,82.32,grocery,0,0,10,14,2.0,0
11896,13.16,entertainment,0,0,22,10,214.3,0
11897,11.09,dining,0,0,10,15,486.7,0
11898,14.37,travel,0,0,16,9,202.3,0
11899,113.46,jewelry,0,0,10,15,758.0,0
11900,25.88,dining,0,0,14,15,144.6,0
11901,32.1,fuel,0,0,19,14,735.4,0
11902,80.07,pharmacy,0,0,22,27,2.6,0
11903,63.74,grocery,0,0,10,14,1175.9,0
11904,107.86,entertainment,0,0,8,23,200.9,0
11905,62.08,entertainment,0,0,11,10,472.5,0
11906,13.9,pharmacy,0,0,12,21,183.6,0
11907,55.9,dining,0,0,16,10,1081.7,0
11908,81.53,utilities,0,0,13,17,101.1,0
11909,89.76,electronics,0,0,12,12,872.7,0
11910,85.22,jewelry,0,0,9,14,946.2,0
11911,242.59,electronics,0,0,7,7,95.2,0
11912,92.07,online_retail,0,0,15,18,270.5,0
11913,83.27,dining,0,0,7,19,966.7,0
11914,75.03,electronics,1,0,14,16,251.6,0
11915,78.47,travel,0,0,6,16,1620.3,0
11916,81.65,pharmacy,0,0,22,21,237.2,0
11917,32.24,travel,0,0,7,9,1307.6,0
11918,36.43,dining,0,0,21,17,2244.7,0
11919,184.97,entertainment,0,0,22,13,871.7,0
11920,51.14,electronics,0,0,9,17,251.4,0
11921,74.81,utilities,0,0,19,12,1532.5,0
11922,58.08,fuel,0,0,11,14,438.3,0
11923,82.42,travel,0,0,20,10,97.2,0
11924,0.22,utilities,0,0,17,13,355.7,0
11925,105.84,fuel,0,0,16,12,174.5,0
11926,21.12,utilities,0,0,13,16,343.3,0
11927,28.2,pharmacy,0,0,21,13,1151.0,0
11928,152.74,utilities,0,0,15,12,521.1,0
11929,55.7,online_retail,0,0,7,19,323.5,0
11930,123.04,jewelry,0,0,7,12,312.0,0
11931,18.78,electronics,0,0,17,10,648.3,0
11932,60.69,entertainment,0,0,6,15,271.6,0
11933,8.72,fuel,0,0,15,17,813.2,0
11934,50.98,utilities,0,0,16,19,109.5,0
11935,42.37,pharmacy,0,0,22,10,1390.2,0
11936,50.73,utilities,0,0,13,13,1642.6,0
11937,130.47,utilities,0,0,12,11,1023.4,0
11938,8.27,dining,0,0,10,16,709.0,0
11939,29.89,travel,0,0,12,14,1359.0,0
11940,18.52,online_retail,0,0,17,18,720.2,0
11941,108.61,dining,0,0,15,15,73.6,0
11942,203.07,utilities,0,0,13,21,213.9,0
11943,101.07,grocery,0,0,15,21,749.7,0
11944,76.69,utilities,0,0,16,14,288.8,0
11945,46.37,jewelry,0,0,6,19,301.9,0
11946,163.58,grocery,0,0,6,16,523.3,0
11947,60.4,online_retail,0,0,10,18,414.6,0
11948,53.96,online_retail,0,0,13,14,1436.9,0
11949,106.86,electronics,0,0,21,20,1256.6,0
11950,55.93,fuel,0,0,19,15,402.2,0
11951,95.47,pharmacy,0,0,20,16,933.0,0
11952,66.65,fuel,0,0,12,17,819.9,0
11953,31.05,dining,0,0,22,20,6.1,0
11954,40.52,utilities,1,0,6,12,244.8,0
11955,55.09,electronics,1,0,6,10,217.3,0
11956,72.39,pharmacy,0,0,22,10,326.6,0
11957,89.27,pharmacy,0,0,20,22,957.0,0
11958,108.5,electronics,0,0,8,22,180.3,0
11959,122.94,travel,0,0,18,11,853.1,0
11960,63.16,pharmacy,0,0,10,20,1075.4,0
11961,10.6,utilities,0,0,12,23,359.2,0
11962,41.52,entertainment,0,0,19,17,868.6,0
11963,158.74,grocery,0,0,7,15,121.6,0
11964,57.51,fuel,0,0,7,13,662.5,0
11965,132.5,utilities,0,0,13,15,702.2,0
11966,148.31,online_retail,0,0,14,16,2538.4,0
11967,110.42,grocery,0,0,14,12,201.5,0
11968,51.64,jewelry,0,0,21,13,59.4,0
11969,54.68,entertainment,0,0,22,15,149.2,0
11970,13.85,pharmacy,0,0,15,17,494.9,0
11971,15.52,pharmacy,0,0,19,6,176.7,0
11972,107.96,online_retail,0,0,13,12,1695.0,0
11973,40.91,jewelry,0,0,17,11,187.4,0
11974,63.34,pharmacy,0,0,6,14,281.7,0
11975,58.86,utilities,0,0,22,16,211.0,0
11976,43.97,electronics,0,0,16,14,577.5,0
11977,191.46,jewelry,0,0,19,15,629.3,0
11978,76.58,online_retail,0,0,6,16,154.8,0
11979,23.38,pharmacy,0,0,15,13,12.4,0
11980,22.73,travel,0,0,13,8,77.8,0
11981,17.51,jewelry,0,1,10,10,0.1,0
11982,102.16,fuel,0,0,13,17,1049.0,0
11983,92.82,online_retail,0,0,22,20,850.3,0
11984,92.38,online_retail,0,0,22,9,467.1,0
11985,65.19,entertainment,0,0,16,19,331.0,0
11986,28.21,electronics,0,0,13,18,1684.3,0
11987,56.46,online_retail,0,0,8,17,689.1,0
11988,8.92,utilities,0,0,9,11,71.2,0
11989,5.0,pharmacy,0,0,17,13,583.1,0
11990,21.69,electronics,0,0,17,12,1268.0,0
11991,21.42,entertainment,0,0,6,16,740.5,0
11992,134.81,online_retail,0,1,20,21,136.1,0
11993,54.92,jewelry,0,0,8,12,452.5,0
11994,22.56,grocery,0,0,21,22,99.7,0
11995,172.75,utilities,0,0,11,11,1033.6,0
11996,110.84,dining,0,1,16,13,8.1,0
11997,87.66,jewelry,1,0,13,16,597.2,0
11998,662.24,electronics,1,0,2,2,3.5,1
11999,49.91,electronics,0,0,12,14,207.4,0
12000,160.98,grocery,0,0,10,14,307.5,0
12001,82.28,online_retail,0,0,22,12,1473.3,0
12002,194.68,utilities,0,0,17,12,530.5,0
12003,29.98,jewelry,0,0,13,18,330.6,0
12004,57.04,fuel,0,1,20,12,634.5,0
12005,61.92,fuel,0,0,9,14,256.4,0
12006,25.43,fuel,0,0,20,16,414.2,0
12007,35.7,electronics,0,0,6,18,122.1,0
12008,50.75,online_retail,1,1,8,15,655.3,0
12009,142.86,pharmacy,0,0,13,23,219.0,0
12010,133.33,electronics,0,0,12,19,1191.4,0
12011,94.44,entertainment,0,0,10,9,1871.5,0
12012,23.54,entertainment,1,0,10,26,92.8,0
12013,26.19,fuel,0,0,10,15,267.5,0
12014,28.96,dining,0,0,20,26,406.6,0
12015,35.82,online_retail,0,0,19,14,973.1,0
12016,58.4,travel,0,0,10,11,146.1,0
12017,108.09,grocery,0,0,18,17,1520.5,0
12018,91.14,fuel,0,0,11,13,6.8,0
12019,133.3,dining,0,0,22,14,1770.1,0
12020,85.15,grocery,0,0,10,15,747.1,0
12021,91.39,travel,0,0,10,19,562.9,0
12022,68.84,grocery,0,1,16,12,675.7,0
12023,94.01,dining,0,0,11,18,3045.0,0
12024,44.43,travel,0,0,13,14,133.3,0
12025,116.67,travel,0,0,14,15,434.4,0
12026,14.12,entertainment,0,0,18,10,1662.1,0
12027,133.4,fuel,0,0,13,20,908.9,0
12028,98.29,jewelry,0,0,6,12,1103.8,0
12029,70.47,jewelry,0,0,16,14,176.7,0
12030,73.77,online_retail,0,0,13,17,791.9,0
12031,316.73,utilities,0,0,16,12,3789.8,0
12032,76.3,online_retail,0,0,8,20,708.3,0
12033,130.17,travel,0,0,21,14,1635.9,0
12034,117.08,travel,0,0,6,13,233.0,0
12035,72.33,fuel,0,0,6,20,485.3,0
12036,180.47,entertainment,0,0,19,15,487.3,0
12037,68.65,grocery,0,0,12,17,675.3,0
12038,104.02,grocery,0,1,14,13,692.8,0
12039,36.65,dining,1,0,14,22,43.5,0
12040,71.66,fuel,0,0,21,16,370.3,0
12041,102.1,electronics,0,1,16,15,453.9,0
12042,65.83,pharmacy,0,0,19,13,344.0,0
12043,55.16,entertainment,0,0,22,11,654.6,0
12044,39.3,jewelry,0,1,12,17,112.6,0
12045,60.38,pharmacy,0,0,12,11,2253.1,0
12046,89.4,online_retail,0,1,20,11,659.7,0
12047,84.58,electronics,0,0,18,16,616.3,0
12048,46.21,grocery,0,0,13,15,108.9,0
12049,48.14,jewelry,0,0,7,18,920.7,0
12050,43.99,fuel,0,0,6,13,26.2,0
12051,19.37,jewelry,0,0,6,13,718.5,0
12052,245.9,online_retail,0,0,9,13,563.3,0
12053,120.58,fuel,0,0,22,19,1279.2,0
12054,6.85,entertainment,0,0,19,9,504.7,0
12055,67.96,pharmacy,0,0,15,16,344.4,0
12056,143.6,fuel,0,0,13,13,187.4,0
12057,83.93,travel,0,0,17,14,3476.0,0
12058,123.4,dining,1,0,14,23,445.5,0
12059,40.07,travel,0,0,20,15,583.9,0
12060,18.06,fuel,0,0,9,17,318.5,0
12061,35.4,utilities,0,0,14,14,456.3,0
12062,61.1,fuel,0,0,8,19,1152.3,0
12063,35.85,electronics,0,0,12,15,191.7,0
12064,163.29,electronics,0,0,22,15,3.4,0
12065,26.09,grocery,0,0,22,18,1456.3,0
12066,62.56,grocery,0,0,7,11,2154.0,0
12067,121.94,pharmacy,0,0,17,19,709.7,0
12068,64.31,jewelry,0,0,17,13,141.2,0
12069,39.42,entertainment,0,0,8,16,588.7,0
12070,200.51,jewelry,1,0,7,15,1366.1,0
12071,73.2,travel,0,0,15,17,370.0,0
12072,51.88,electronics,0,0,20,19,1177.2,0
12073,113.61,travel,0,0,10,29,2411.1,0
12074,89.83,entertainment,0,0,19,16,650.5,0
12075,29.57,online_retail,0,0,21,9,136.7,0
12076,50.23,fuel,0,0,16,18,534.0,0
12077,104.42,fuel,0,0,16,16,259.3,0
12078,108.25,electronics,0,0,21,12,676.8,0
12079,36.48,entertainment,0,0,12,23,3011.7,0
12080,36.51,fuel,0,0,12,12,116.9,0
12081,23.26,entertainment,0,0,13,12,1460.1,0
12082,26.63,fuel,0,0,12,11,131.2,0
12083,129.97,entertainment,0,0,14,9,308.8,0
12084,53.0,entertainment,0,0,6,13,867.9,0
12085,170.42,utilities,0,0,10,6,188.9,0
12086,223.65,travel,0,0,22,22,89.2,0
12087,58.64,grocery,0,0,21,18,437.0,0
12088,63.84,utilities,0,0,13,13,462.7,0
12089,87.46,utilities,0,0,10,20,2135.0,0
12090,141.05,grocery,0,0,6,18,2037.5,0
12091,102.06,fuel,0,0,17,16,395.3,0
12092,168.51,jewelry,0,0,22,13,1251.7,0
12093,151.0,fuel,0,0,7,12,5100.8,0
12094,506.48,pharmacy,1,0,1,8,0.4,1
12095,57.67,grocery,0,0,20,10,702.2,0
12096,61.1,jewelry,0,0,16,4,1241.5,0
12097,188.52,pharmacy,0,0,16,8,216.3,0
12098,52.23,dining,0,0,19,14,728.9,0
12099,45.46,travel,0,0,19,14,410.9,0
12100,85.14,grocery,0,0,15,7,238.0,0
12101,35.6,fuel,0,0,17,11,812.4,0
12102,184.01,online_retail,0,1,13,10,227.9,0
12103,43.12,dining,0,0,17,19,264.3,0
12104,40.32,fuel,0,0,16,15,891.7,0
12105,37.99,travel,0,0,13,27,744.2,0
12106,52.67,online_retail,0,0,18,12,1914.5,0
12107,90.07,grocery,0,0,13,12,690.8,0
12108,91.96,jewelry,0,0,15,11,68.2,0
12109,93.63,pharmacy,0,1,20,15,1067.2,0
12110,13.27,grocery,0,0,9,18,316.5,0
12111,141.56,entertainment,0,0,22,22,1127.3,0
12112,83.98,dining,0,0,22,18,433.3,0
12113,116.74,grocery,0,0,19,8,2372.4,0
12114,15.45,grocery,0,0,20,16,458.8,0
12115,91.06,jewelry,0,0,7,12,465.6,0
12116,104.09,travel,0,0,18,13,122.8,0
12117,35.13,fuel,0,0,13,12,231.2,0
12118,55.27,pharmacy,0,0,10,18,1435.5,0
12119,49.69,online_retail,0,0,18,17,1100.6,0
12120,62.31,jewelry,0,0,11,19,119.9,0
12121,206.76,travel,0,0,18,12,1308.6,0
12122,89.11,grocery,0,0,18,15,432.6,0
12123,32.92,grocery,0,0,19,15,393.8,0
12124,36.94,pharmacy,0,0,17,9,106.0,0
12125,98.82,electronics,0,1,11,11,345.3,0
12126,29.67,entertainment,0,0,14,12,264.1,0
12127,115.74,grocery,0,0,20,13,407.2,0
12128,32.4,grocery,0,0,20,16,655.1,0
12129,101.44,online_retail,0,0,19,16,212.8,0
12130,14.17,fuel,0,0,9,7,726.6,0
12131,195.83,utilities,0,0,15,19,73.2,0
12132,52.24,pharmacy,0,0,12,17,4.8,0
12133,39.35,fuel,0,0,21,14,682.7,0
12134,13.31,pharmacy,0,0,19,18,542.7,0
12135,56.12,travel,0,0,14,20,690.4,0
12136,83.91,entertainment,1,0,9,13,99.5,0
12137,71.48,travel,0,0,6,21,567.0,0
12138,40.93,fuel,1,0,8,9,1255.6,0
12139,37.19,utilities,0,0,19,10,29.7,0
12140,16.05,pharmacy,0,0,17,17,20.9,0
12141,904.16,utilities,1,0,3,3,4.3,1
12142,46.02,electronics,0,0,20,18,231.3,0
12143,35.8,travel,0,0,13,21,774.3,0
12144,55.16,online_retail,0,0,22,12,130.1,0
12145,32.19,grocery,0,0,6,21,1290.4,0
12146,129.82,jewelry,0,0,12,22,832.8,0
12147,116.38,online_retail,0,0,21,15,467.8,0
12148,55.15,pharmacy,1,0,13,17,1225.3,0
12149,66.51,utilities,0,0,14,16,585.8,0
12150,55.52,online_retail,0,0,10,20,47.5,0
12151,89.91,pharmacy,0,0,20,16,755.5,0
12152,59.8,travel,0,1,12,14,714.6,0
12153,125.37,grocery,0,0,18,17,223.1,0
12154,41.04,travel,0,0,16,12,2103.5,0
12155,157.47,jewelry,0,0,15,12,710.2,0
12156,20.04,electronics,0,0,22,11,1188.0,0
12157,44.87,entertainment,0,0,16,17,248.3,0
12158,42.52,utilities,0,0,11,19,65.1,0
12159,32.43,entertainment,0,0,10,18,1056.3,0
12160,98.68,online_retail,0,0,7,15,291.3,0
12161,12.39,utilities,0,0,8,13,532.6,0
12162,66.97,utilities,0,1,18,16,1044.4,0
12163,219.72,utilities,0,0,18,15,751.0,0
12164,21.2,pharmacy,0,0,18,12,831.5,0
12165,219.09,entertainment,0,0,13,14,618.7,0
12166,86.4,entertainment,0,0,18,14,1122.7,0
12167,34.85,online_retail,0,0,21,19,709.3,0
12168,41.2,entertainment,0,0,8,13,925.5,0
12169,55.36,jewelry,0,0,22,15,96.4,0
12170,81.56,online_retail,0,0,20,21,600.6,0
12171,48.32,jewelry,0,0,13,15,34.5,0
12172,51.82,fuel,0,0,11,22,615.1,0
12173,29.34,electronics,1,1,21,20,157.2,0
12174,50.23,utilities,0,0,19,18,901.8,0
12175,30.19,travel,0,0,9,14,1431.1,0
12176,34.46,fuel,0,0,10,19,185.2,0
12177,20.1,jewelry,0,1,14,14,1456.1,0
12178,100.97,jewelry,0,0,7,15,649.4,0
12179,43.02,pharmacy,0,0,20,21,92.7,0
12180,250.92,electronics,0,0,13,10,841.2,0
12181,26.47,travel,0,0,16,13,2123.6,0
12182,98.82,fuel,0,1,14,13,446.3,0
12183,61.8,electronics,0,0,11,20,26.2,0
12184,117.68,fuel,0,0,6,9,171.0,0
12185,98.18,electronics,0,0,17,14,253.0,0
12186,159.18,travel,0,0,20,8,76.2,0
12187,20.38,grocery,0,0,9,14,814.3,0
12188,5.08,pharmacy,0,0,14,14,245.8,0
12189,93.14,online_retail,1,0,20,17,1224.9,0
12190,23.94,online_retail,0,0,10,7,1217.0,0
12191,31.74,fuel,0,0,8,17,508.8,0
12192,79.68,electronics,0,0,19,16,437.4,0
12193,60.11,utilities,0,0,14,20,320.6,0
12194,58.66,entertainment,0,0,14,19,85.9,0
12195,172.24,fuel,0,0,6,10,759.6,0
12196,66.32,fuel,0,0,17,21,263.4,0
12197,107.53,travel,0,0,7,17,380.0,0
12198,158.63,jewelry,0,0,12,15,894.5,0
12199,19.05,dining,0,0,17,13,287.9,0
12200,54.48,utilities,0,0,8,23,278.3,0
12201,176.37,travel,0,0,9,11,870.9,0
12202,45.88,pharmacy,0,0,11,14,1020.1,0
12203,83.83,online_retail,0,0,12,8,1620.2,0
12204,715.65,utilities,1,1,1,2,2.6,1
12205,192.63,utilities,0,0,22,16,1094.9,0
12206,52.55,online_retail,0,0,7,15,816.1,0
12207,56.82,travel,0,0,9,15,53.5,0
12208,34.79,travel,0,0,20,13,644.5,0
12209,114.6,pharmacy,0,1,20,13,1526.5,0
12210,39.11,dining,0,0,21,23,589.9,0
12211,30.86,electronics,0,1,13,19,207.3,0
12212,105.21,jewelry,0,0,10,15,75.4,0
12213,79.49,fuel,0,0,22,9,540.6,0
12214,283.21,fuel,1,0,0,3,2.8,1
12215,45.94,utilities,0,0,19,17,190.2,0
12216,10.5,travel,0,0,12,13,21.2,0
12217,100.2,dining,1,0,14,14,615.8,0
12218,58.94,fuel,0,0,18,15,336.8,0
12219,96.51,online_retail,0,0,10,16,25.3,0
12220,35.79,pharmacy,0,0,15,9,533.9,0
12221,102.44,fuel,0,1,8,11,556.2,0
12222,100.76,pharmacy,1,0,11,14,985.1,0
12223,48.34,dining,0,0,12,15,593.6,0
12224,92.04,electronics,0,0,7,18,271.2,0
12225,109.23,dining,0,0,15,14,848.9,0
12226,108.24,pharmacy,0,0,15,13,1259.1,0
12227,60.56,pharmacy,0,0,17,21,1454.3,0
12228,95.95,travel,0,0,17,17,40.7,0
12229,96.43,entertainment,0,0,17,8,379.5,0
12230,27.1,travel,0,0,9,19,919.1,0
12231,39.95,fuel,0,0,12,11,4085.9,0
12232,104.5,electronics,0,0,17,12,630.7,0
12233,46.22,jewelry,0,1,13,11,1149.1,0
12234,78.43,electronics,0,0,18,17,1032.1,0
12235,126.87,grocery,0,0,11,19,503.4,0
12236,120.66,entertainment,0,0,18,19,204.1,0
12237,20.95,jewelry,0,0,17,11,1207.1,0
12238,157.94,grocery,1,0,7,13,18.6,0
12239,66.47,travel,0,0,19,9,82.0,0
12240,253.22,travel,0,0,16,15,398.8,0
12241,94.96,utilities,0,0,21,22,124.1,0
12242,88.98,jewelry,0,0,14,17,80.1,0
12243,641.4,pharmacy,0,1,1,2,7.8,1
12244,45.43,dining,0,0,15,17,545.8,0
12245,93.04,jewelry,0,0,11,14,260.6,0
12246,74.03,utilities,0,0,16,15,83.1,0
12247,54.96,utilities,0,0,8,15,738.0,0
12248,221.45,jewelry,0,0,17,22,560.0,0
12249,90.98,pharmacy,0,0,10,7,270.0,0
12250,56.56,grocery,0,0,7,13,400.0,0
12251,167.06,electronics,0,1,6,10,23.1,0
12252,244.5,pharmacy,0,0,8,13,1259.2,0
12253,10.44,entertainment,0,0,22,16,1479.0,0
12254,13.99,fuel,0,0,20,18,2805.4,0
12255,61.05,electronics,0,0,7,15,1088.0,0
12256,147.75,jewelry,0,0,21,17,1382.2,0
12257,48.56,travel,0,0,15,18,635.6,0
12258,160.46,entertainment,0,0,22,15,854.8,0
12259,48.34,electronics,0,0,8,16,205.4,0
12260,66.54,dining,0,0,21,14,84.2,0
12261,57.6,entertainment,0,0,17,10,546.1,0
12262,189.82,travel,0,0,10,14,97.9,0
12263,268.6,pharmacy,1,1,4,2,1.7,1
12264,61.48,electronics,0,0,6,15,73.5,0
12265,223.55,electronics,0,0,10,29,531.0,0
12266,121.31,jewelry,0,0,14,11,159.4,0
12267,101.28,pharmacy,0,0,15,15,1648.1,0
12268,90.92,online_retail,0,0,21,11,213.1,0
12269,82.39,utilities,0,0,22,19,496.0,0
12270,52.68,jewelry,0,0,22,24,1188.1,0
12271,77.18,online_retail,0,0,6,19,1814.1,0
12272,133.56,fuel,0,0,6,15,263.4,0
12273,24.57,entertainment,0,0,13,18,897.1,0
12274,224.62,utilities,0,0,16,18,952.2,0
12275,39.7,jewelry,0,0,6,15,802.1,0
12276,188.68,jewelry,0,0,18,17,211.3,0
12277,1076.33,utilities,1,0,2,7,1.3,1
12278,104.59,fuel,1,0,21,17,29.0,0
12279,87.92,dining,0,0,8,15,3.1,0
12280,41.99,grocery,0,0,22,10,248.2,0
12281,26.55,pharmacy,0,0,9,9,78.9,0
12282,24.39,grocery,0,0,22,18,654.3,0
12283,66.29,online_retail,1,0,9,18,40.6,0
12284,53.75,utilities,0,0,14,10,49.1,0
12285,200.95,utilities,0,0,15,18,402.2,0
12286,28.89,utilities,0,0,13,15,188.0,0
12287,8.94,electronics,0,1,21,18,309.2,0
12288,57.81,pharmacy,0,0,7,15,46.3,0
12289,94.34,travel,0,0,9,15,476.5,0
12290,77.65,entertainment,0,0,21,18,278.5,0
12291,213.14,pharmacy,0,0,16,19,576.9,0
12292,31.59,fuel,0,0,15,17,184.9,0
12293,41.28,electronics,0,0,22,15,552.1,0
12294,112.98,entertainment,0,0,21,12,502.4,0
12295,16.47,entertainment,0,0,11,20,977.1,0
12296,338.83,fuel,0,0,18,15,220.3,0
12297,254.31,entertainment,0,0,16,12,1769.5,0
12298,54.58,entertainment,1,0,14,20,1797.4,0
12299,88.57,utilities,0,0,21,13,89.3,0
12300,7.77,jewelry,0,0,11,11,427.9,0
12301,88.59,jewelry,0,0,10,16,89.7,0
12302,63.96,jewelry,0,0,7,16,109.2,0
12303,70.69,pharmacy,0,0,19,13,406.6,0
12304,18.89,online_retail,0,0,13,15,1399.2,0
12305,102.18,dining,0,0,13,13,1708.2,0
12306,36.74,dining,0,0,11,9,196.3,0
12307,16.97,dining,0,0,18,11,113.1,0
12308,67.64,pharmacy,0,0,7,24,885.6,0
12309,24.81,utilities,0,0,21,11,149.4,0
12310,63.0,utilities,0,0,22,15,286.4,0
12311,76.41,online_retail,1,1,8,21,193.2,0
12312,137.6,fuel,0,0,21,14,575.0,0
12313,49.06,online_retail,0,0,12,13,254.6,0
12314,181.89,pharmacy,0,0,22,16,1160.0,0
12315,7.91,pharmacy,0,0,7,13,750.6,0
12316,877.56,travel,0,1,4,5,0.3,1
12317,285.82,electronics,0,0,8,17,74.5,0
12318,266.62,online_retail,0,0,22,15,606.3,0
12319,81.05,dining,0,0,16,14,1412.1,0
12320,77.62,travel,0,0,19,19,127.8,0
12321,119.27,travel,0,0,19,16,344.8,0
12322,147.28,fuel,0,0,18,16,586.8,0
12323,85.63,online_retail,0,0,21,14,922.9,0
12324,47.38,online_retail,0,0,20,18,168.8,0
12325,204.77,dining,0,0,7,14,1482.8,0
12326,74.3,pharmacy,0,0,16,13,567.9,0
12327,70.41,travel,0,0,18,14,304.3,0
12328,8.6,grocery,0,0,8,22,582.8,0
12329,37.76,entertainment,0,0,9,19,678.1,0
12330,35.91,pharmacy,0,0,20,17,36.8,0
12331,5.75,travel,0,1,16,12,480.6,0
12332,77.63,fuel,1,0,13,14,1744.7,0
12333,57.37,utilities,0,0,20,14,423.5,0
12334,52.26,utilities,0,0,22,12,47.1,0
12335,23.19,entertainment,0,0,22,15,2064.4,0
12336,36.75,pharmacy,0,0,22,16,1319.7,0
12337,109.78,travel,0,0,16,12,99.8,0
12338,78.66,jewelry,0,0,9,18,467.1,0
12339,72.05,dining,0,0,20,9,406.9,0
12340,84.84,grocery,0,0,12,15,1083.6,0
12341,52.67,jewelry,0,0,11,8,15.8,0
12342,33.21,online_retail,0,0,7,17,799.5,0
12343,29.15,dining,0,0,15,15,148.6,0
12344,75.67,grocery,0,0,15,16,133.8,0
12345,258.72,online_retail,0,0,14,10,572.7,0
12346,76.45,fuel,0,0,14,16,617.3,0
12347,101.09,pharmacy,0,0,10,10,54.8,0
12348,24.56,utilities,0,0,13,14,382.3,0
12349,76.77,jewelry,0,0,10,15,1098.6,0
12350,63.65,grocery,0,0,16,13,400.3,0
12351,105.13,dining,0,0,9,17,92.3,0
12352,32.7,pharmacy,1,1,18,12,312.1,0
12353,406.16,electronics,1,1,4,1,3.2,1
12354,98.34,dining,0,0,19,13,119.9,0
12355,17.19,utilities,0,0,14,15,100.3,0
12356,69.72,utilities,0,0,10,26,282.8,0
12357,74.27,travel,1,0,9,19,292.1,0
12358,89.83,electronics,0,0,6,13,443.6,0
12359,24.15,entertainment,0,0,20,15,1254.5,0
12360,44.66,electronics,0,0,21,6,541.2,0
12361,114.08,dining,0,0,22,16,774.3,0
12362,150.1,travel,0,0,19,15,232.3,0
12363,129.5,jewelry,0,0,10,14,439.1,0
12364,100.07,jewelry,0,0,9,28,11.5,0
12365,10.89,fuel,1,0,9,15,184.3,0
12366,17.09,electronics,0,0,10,16,1357.8,0
12367,162.57,fuel,1,0,22,8,175.8,0
12368,55.73,utilities,1,0,7,12,137.4,0
12369,45.26,travel,0,0,19,12,1333.0,0
12370,31.5,online_retail,0,0,19,21,823.6,0
12371,39.53,utilities,0,0,13,20,1217.6,0
12372,55.95,grocery,0,0,8,6,614.9,0
12373,53.08,fuel,0,0,13,16,664.1,0
12374,43.35,grocery,0,0,10,14,571.3,0
12375,68.2,online_retail,0,0,7,16,51.1,0
12376,28.77,jewelry,0,0,14,19,232.4,0
12377,213.02,entertainment,0,0,12,5,31.1,0
12378,68.2,electronics,0,1,12,14,2910.9,0
12379,88.68,utilities,0,0,20,16,295.7,0
12380,25.17,pharmacy,0,0,12,8,99.8,0
12381,179.53,grocery,0,0,15,23,3.9,0
12382,56.28,pharmacy,0,0,13,10,631.9,0
12383,108.87,online_retail,0,0,9,8,603.0,0
12384,47.04,online_retail,0,0,19,12,521.4,0
12385,79.51,jewelry,0,0,6,17,245.6,0
12386,882.02,online_retail,1,1,1,1,5.6,1
12387,241.37,grocery,0,0,21,15,599.5,0
12388,162.78,electronics,0,0,10,9,186.4,0
12389,63.38,electronics,0,0,10,9,892.2,0
12390,133.03,utilities,0,0,18,13,263.0,0
12391,70.95,jewelry,0,0,10,14,86.8,0
12392,59.41,electronics,0,0,15,20,21.3,0
12393,94.37,travel,0,0,12,13,518.4,0
12394,14.55,entertainment,0,0,14,15,17.4,0
12395,40.52,jewelry,0,1,16,16,3085.1,0
12396,64.1,pharmacy,1,0,17,12,213.8,0
12397,4.28,fuel,0,0,18,21,23.8,0
12398,33.18,dining,0,0,22,12,974.6,0
12399,129.41,dining,0,0,10,15,37.7,0
12400,129.0,online_retail,0,0,17,15,762.6,0
12401,100.32,pharmacy,0,0,8,14,144.2,0
12402,27.76,electronics,0,0,21,16,53.6,0
12403,110.25,dining,0,0,17,16,80.1,0
12404,58.03,utilities,0,0,20,19,2952.3,0
12405,114.2,travel,0,0,7,11,435.4,0
12406,36.32,utilities,0,0,12,13,414.8,0
12407,109.97,entertainment,0,0,18,13,831.2,0
12408,51.42,fuel,0,0,22,14,309.8,0
12409,50.39,electronics,0,0,14,14,922.9,0
12410,140.12,electronics,0,0,7,13,246.2,0
12411,46.19,travel,0,0,20,11,26.6,0
12412,74.48,dining,0,0,10,13,3262.1,0
12413,35.08,online_retail,0,0,21,18,121.7,0
12414,68.2,entertainment,0,0,15,15,664.3,0
12415,145.18,utilities,0,0,7,7,348.0,0
12416,19.76,dining,0,0,15,15,133.2,0
12417,51.03,grocery,0,0,9,12,578.5,0
12418,189.39,online_retail,0,1,9,16,159.6,0
12419,163.4,travel,0,0,21,13,118.9,0
12420,76.37,dining,0,0,21,18,201.1,0
12421,164.38,electronics,0,0,8,17,344.0,0
12422,51.17,jewelry,0,0,6,14,710.3,0
12423,28.67,utilities,0,0,14,11,17.8,0
12424,10.54,grocery,0,0,7,27,412.0,0
12425,48.41,entertainment,0,0,11,18,218.8,0
12426,43.04,entertainment,1,0,15,9,227.6,0
12427,69.71,entertainment,0,0,13,16,582.3,0
12428,31.54,jewelry,0,0,21,22,811.0,0
12429,192.22,jewelry,0,0,8,13,38.8,0
12430,29.81,utilities,0,0,10,9,415.5,0
12431,152.26,travel,0,0,17,16,84.9,0
12432,63.96,grocery,0,0,19,16,1297.1,0
12433,514.88,dining,1,0,3,4,1.5,1
12434,95.11,dining,0,0,21,16,33.4,0
12435,22.96,dining,0,0,6,8,560.3,0
12436,34.78,pharmacy,0,0,8,21,84.8,0
12437,155.28,pharmacy,0,0,21,16,173.8,0
12438,137.42,electronics,0,0,19,17,358.8,0
12439,33.42,dining,0,0,13,13,153.0,0
12440,78.47,online_retail,0,0,7,13,1444.4,0
12441,68.48,travel,0,0,9,19,28.2,0
12442,44.91,online_retail,0,0,10,14,47.2,0
12443,99.63,entertainment,1,0,11,11,173.9,0
12444,107.66,electronics,0,0,9,14,115.9,0
12445,65.54,entertainment,0,0,22,18,712.2,0
12446,34.75,electronics,0,0,6,20,391.0,0
12447,143.88,electronics,0,0,19,17,2703.1,0
12448,19.88,electronics,0,0,22,19,230.0,0
12449,22.37,electronics,0,0,19,18,2255.9,0
12450,58.23,online_retail,0,1,19,6,223.6,0
12451,192.64,online_retail,0,0,10,19,664.6,0
12452,26.5,entertainment,0,0,12,14,64.5,0
12453,545.56,online_retail,0,1,4,2,4.2,1
12454,38.43,dining,0,0,9,19,190.5,0
12455,82.32,jewelry,0,0,17,16,667.9,0
12456,311.48,electronics,0,1,15,7,1048.3,0
12457,151.47,fuel,0,0,16,12,161.6,0
12458,109.29,jewelry,0,1,12,11,121.2,0
12459,211.54,entertainment,0,0,13,17,282.3,0
12460,15.01,electronics,0,0,7,21,681.4,0
12461,20.77,online_retail,0,0,7,12,200.0,0
12462,53.49,entertainment,1,0,20,16,152.7,0
12463,82.58,electronics,0,0,12,13,244.1,0
12464,67.72,grocery,0,0,19,12,331.5,0
12465,184.26,electronics,0,0,13,16,50.1,0
12466,100.56,electronics,0,0,17,15,853.7,0
12467,145.44,electronics,0,0,19,18,918.8,0
12468,35.65,utilities,0,0,7,16,551.6,0
12469,63.14,grocery,0,0,20,17,74.9,0
12470,32.78,travel,0,0,11,18,55.4,0
12471,8.3,jewelry,0,0,18,17,1147.5,0
12472,55.13,dining,0,0,17,13,7.7,0
12473,15.99,grocery,0,1,15,16,566.3,0
12474,94.27,electronics,0,0,17,16,588.4,0
12475,77.18,jewelry,0,0,12,15,219.4,0
12476,10.0,entertainment,0,0,12,26,1049.5,0
12477,31.52,travel,0,0,14,18,947.3,0
12478,72.77,pharmacy,0,0,21,21,282.0,0
12479,22.38,grocery,0,0,9,16,58.9,0
12480,305.65,dining,1,1,3,5,4.8,1
12481,31.11,entertainment,0,0,14,11,1047.0,0
12482,109.35,dining,0,0,8,19,440.8,0
12483,51.19,online_retail,0,0,11,17,865.8,0
12484,74.55,dining,0,0,11,19,20.6,0
12485,69.33,electronics,0,0,8,15,292.2,0
12486,22.91,entertainment,1,0,11,16,43.8,0
12487,43.49,pharmacy,0,0,7,13,502.0,0
12488,79.26,grocery,0,0,16,17,380.8,0
12489,54.25,grocery,0,0,6,9,1236.0,0
12490,10.21,fuel,0,0,8,16,271.8,0
12491,109.28,pharmacy,0,0,20,16,243.5,0
12492,54.68,travel,0,0,16,23,346.6,0
12493,23.87,utilities,0,0,16,19,1415.6,0
12494,51.18,utilities,0,0,11,10,1046.3,0
12495,186.79,electronics,0,0,17,16,1094.3,0
12496,54.88,fuel,0,0,13,9,1296.7,0
12497,177.42,jewelry,0,0,17,16,1085.0,0
12498,19.54,online_retail,0,0,15,17,140.6,0
12499,139.21,travel,0,0,15,15,5149.6,0
12500,20.74,dining,0,0,8,18,250.4,0
12501,238.74,grocery,0,0,17,19,239.0,0
12502,68.37,online_retail,0,0,10,20,239.7,0
12503,17.52,pharmacy,0,0,18,11,350.2,0
12504,100.77,dining,0,1,13,11,214.6,0
12505,19.79,grocery,0,0,19,17,633.3,0
12506,80.83,entertainment,0,1,8,7,2276.4,0
12507,68.01,pharmacy,0,0,21,12,494.0,0
12508,76.5,entertainment,0,0,11,23,184.5,0
12509,64.13,grocery,0,0,20,13,0.2,0
12510,31.22,grocery,0,0,8,13,183.3,0
12511,33.97,dining,0,0,16,18,348.2,0
12512,160.95,entertainment,0,0,6,15,9.6,0
12513,83.97,grocery,0,0,18,19,2462.2,0
12514,49.49,jewelry,0,0,22,21,950.7,0
12515,62.25,jewelry,0,0,15,10,166.1,0
12516,67.36,fuel,0,0,6,12,435.5,0
12517,14.76,grocery,0,0,10,17,13.6,0
12518,148.72,dining,0,0,22,9,125.6,0
12519,262.22,grocery,0,1,20,15,318.7,0
12520,41.21,online_retail,0,0,13,15,802.3,0
12521,69.98,electronics,0,0,15,18,2605.0,0
12522,86.11,pharmacy,1,0,15,19,427.6,0
12523,40.63,grocery,0,0,14,16,1735.6,0
12524,63.74,electronics,0,0,13,7,527.7,0
12525,9.45,electronics,0,0,13,17,1013.8,0
12526,203.48,electronics,0,0,19,17,1847.0,0
12527,177.51,electronics,0,0,13,19,430.5,0
12528,49.65,pharmacy,0,0,14,12,101.4,0
12529,194.82,online_retail,0,0,19,19,618.1,0
12530,79.6,electronics,1,0,8,19,366.4,0
12531,21.84,entertainment,0,0,13,13,129.2,0
12532,38.1,grocery,0,0,21,16,802.7,0
12533,45.04,utilities,0,0,17,11,374.5,0
12534,9.69,electronics,0,1,21,16,1631.3,0
12535,31.83,jewelry,0,0,19,15,527.5,0
12536,30.94,fuel,0,0,9,16,1266.2,0
12537,19.98,electronics,0,0,17,11,302.6,0
12538,143.85,dining,0,0,14,16,1137.0,0
12539,120.9,fuel,0,0,16,13,744.5,0
12540,24.77,electronics,0,0,10,19,199.2,0
12541,16.71,travel,1,1,14,12,62.4,0
12542,210.94,travel,0,0,7,14,827.3,0
12543,89.7,jewelry,0,0,12,14,65.8,0
12544,109.06,pharmacy,0,0,12,15,354.2,0
12545,74.1,online_retail,0,0,7,10,606.1,0
12546,7.9,utilities,0,0,10,12,311.0,0
12547,12.68,dining,0,0,20,15,3.0,0
12548,21.97,fuel,0,0,7,16,670.2,0
12549,107.91,fuel,0,0,17,14,118.3,0
12550,93.76,entertainment,0,0,11,12,1637.8,0
12551,189.78,online_retail,0,0,17,17,566.3,0
12552,15.81,grocery,0,1,22,19,361.7,0
12553,1608.83,entertainment,1,0,1,7,3.0,1
12554,46.75,entertainment,0,0,19,13,470.2,0
12555,49.75,grocery,0,0,7,16,423.5,0
12556,148.98,fuel,0,0,12,13,742.5,0
12557,72.48,electronics,0,0,7,9,38.9,0
12558,44.17,utilities,0,0,9,7,1871.6,0
12559,95.11,travel,0,0,19,16,547.6,0
12560,99.13,pharmacy,0,0,17,19,336.2,0
12561,104.24,utilities,1,0,8,12,1414.7,0
12562,62.35,travel,0,0,12,11,248.9,0
12563,60.01,fuel,0,0,18,7,47.0,0
12564,30.65,entertainment,0,0,21,10,329.7,0
12565,16.45,dining,0,0,9,14,884.7,0
12566,38.32,grocery,0,0,21,14,930.5,0
12567,143.55,online_retail,0,0,17,17,4.3,0
12568,42.32,utilities,0,0,20,11,139.0,0
12569,67.02,pharmacy,0,0,8,18,930.2,0
12570,62.69,online_retail,0,0,12,13,216.6,0
12571,95.52,jewelry,0,0,16,14,691.7,0
12572,119.61,jewelry,0,0,17,19,380.4,0
12573,86.79,fuel,0,0,22,9,617.7,0
12574,100.29,jewelry,0,0,8,14,1286.7,0
12575,89.26,travel,0,0,12,13,522.3,0
12576,22.57,jewelry,0,0,22,17,590.1,0
12577,129.38,utilities,0,0,8,15,1607.0,0
12578,72.49,jewelry,0,0,10,21,312.9,0
12579,276.15,dining,0,0,7,12,627.6,0
12580,105.79,jewelry,0,1,9,10,503.6,0
12581,48.71,grocery,0,0,6,24,532.2,0
12582,21.22,grocery,0,0,12,12,43.6,0
12583,13.31,jewelry,0,0,19,14,524.7,0
12584,89.18,entertainment,0,0,14,12,298.0,0
12585,37.51,electronics,0,0,13,16,491.6,0
12586,33.44,online_retail,0,0,9,15,334.8,0
12587,81.25,entertainment,0,0,17,11,260.4,0
12588,71.3,electronics,0,0,20,15,2599.3,0
12589,82.19,pharmacy,0,0,22,14,888.9,0
12590,73.98,entertainment,0,0,10,15,2175.8,0
12591,32.54,pharmacy,0,0,20,8,678.8,0
12592,17.34,electronics,0,0,13,16,880.3,0
12593,33.87,travel,0,0,7,13,528.2,0
12594,53.37,electronics,0,0,12,16,79.9,0
12595,37.2,fuel,0,0,17,17,441.7,0
12596,169.41,grocery,0,0,13,17,820.6,0
12597,21.46,travel,0,0,19,21,277.6,0
12598,68.98,grocery,0,0,7,18,583.5,0
12599,34.79,entertainment,0,1,16,13,933.9,0
12600,41.64,entertainment,0,0,8,13,395.0,0
12601,94.29,electronics,0,0,9,15,430.5,0
12602,29.5,utilities,0,0,14,16,282.0,0
12603,55.57,online_retail,1,1,6,8,1814.2,0
12604,141.28,dining,0,1,6,19,12.3,0
12605,87.12,utilities,0,0,21,16,764.6,0
12606,225.61,grocery,1,0,18,14,218.3,0
12607,49.81,grocery,0,0,12,13,318.2,0
12608,82.78,grocery,0,0,12,11,398.8,0
12609,10.05,jewelry,0,0,16,19,249.1,0
12610,34.19,dining,0,0,19,14,279.0,0
12611,11.51,grocery,0,0,17,14,1970.8,0
12612,173.84,travel,0,0,21,14,358.6,0
12613,32.52,entertainment,1,0,8,20,749.7,0
12614,87.92,travel,0,1,17,9,589.7,0
12615,15.75,jewelry,0,0,14,21,313.2,0
12616,122.66,online_retail,0,0,19,17,672.2,0
12617,52.44,grocery,0,0,21,20,515.3,0
12618,51.2,online_retail,1,1,17,13,32.7,0
12619,195.71,grocery,0,0,18,16,1450.7,0
12620,78.34,online_retail,0,0,15,17,750.7,0
12621,88.4,electronics,0,0,22,18,1602.1,0
12622,84.36,electronics,0,0,20,13,690.1,0
12623,151.44,pharmacy,0,0,12,13,420.7,0
12624,30.58,utilities,0,0,21,10,1321.8,0
12625,46.73,jewelry,0,0,16,11,559.6,0
12626,118.94,pharmacy,0,0,20,13,149.4,0
12627,56.72,jewelry,0,0,16,10,83.6,0
12628,96.25,grocery,0,0,8,17,1040.5,0
12629,65.19,entertainment,0,0,22,16,60.6,0
12630,159.73,online_retail,0,0,21,13,613.7,0
12631,4.1,dining,0,0,16,19,422.9,0
12632,19.25,travel,0,0,9,19,1493.1,0
12633,231.52,jewelry,0,0,15,21,1682.9,0
12634,26.7,utilities,0,0,10,20,92.7,0
12635,61.21,grocery,0,0,19,14,100.1,0
12636,103.49,pharmacy,0,0,7,10,356.6,0
12637,272.25,online_retail,0,0,21,22,23.2,0
12638,59.58,jewelry,0,0,22,18,571.7,0
12639,31.17,pharmacy,0,0,8,17,1364.6,0
12640,3.11,electronics,0,0,11,14,7.5,0
12641,156.34,travel,0,0,11,11,283.1,0
12642,195.14,dining,0,0,18,13,209.1,0
12643,76.66,jewelry,0,0,16,14,2275.8,0
12644,40.72,pharmacy,0,0,9,16,70.9,0
12645,222.77,fuel,0,0,17,13,778.8,0
12646,32.78,jewelry,0,0,9,15,316.6,0
12647,52.57,utilities,0,0,18,10,330.8,0
12648,136.83,jewelry,0,0,12,14,40.5,0
12649,196.85,entertainment,0,0,18,14,455.2,0
12650,24.2,online_retail,0,0,11,17,507.4,0
12651,55.45,utilities,0,0,12,18,147.0,0
12652,131.69,grocery,0,0,22,11,722.3,0
12653,20.14,online_retail,0,0,9,12,356.1,0
12654,28.69,pharmacy,0,0,6,15,868.7,0
12655,92.62,utilities,0,0,13,12,277.0,0
12656,28.29,pharmacy,0,0,14,7,4274.6,0
12657,40.76,fuel,0,0,19,21,1231.8,0
12658,42.19,fuel,0,0,8,20,187.4,0
12659,86.48,online_retail,0,0,12,14,629.3,0
12660,150.62,dining,0,0,20,15,128.0,0
12661,30.82,pharmacy,0,0,7,18,3879.3,0
12662,67.52,online_retail,0,0,16,14,1019.7,0
12663,23.68,entertainment,1,0,12,17,9.7,0
12664,5.2,fuel,0,1,6,16,358.2,0
12665,29.33,fuel,0,0,14,16,882.6,0
12666,27.42,pharmacy,0,0,9,13,580.0,0
12667,106.91,online_retail,0,0,11,10,371.9,0
12668,69.33,jewelry,0,1,18,22,296.5,0
12669,82.4,grocery,0,0,17,9,162.8,0
12670,45.67,pharmacy,0,0,21,12,3044.1,0
12671,151.08,travel,0,0,20,18,260.4,0
12672,120.39,utilities,0,0,14,21,629.2,0
12673,30.3,jewelry,0,0,7,12,1512.1,0
12674,151.65,fuel,0,0,22,11,47.8,0
12675,90.01,online_retail,0,0,13,21,127.3,0
12676,25.03,entertainment,0,0,6,15,149.1,0
12677,140.36,utilities,0,0,15,13,986.6,0
12678,86.19,travel,0,1,6,16,626.2,0
12679,162.4,entertainment,0,0,14,20,547.6,0
12680,69.67,electronics,0,0,11,16,1031.1,0
12681,37.94,pharmacy,0,0,19,14,1233.2,0
12682,92.1,entertainment,0,0,12,19,705.8,0
12683,6.63,fuel,0,0,17,16,140.1,0
12684,43.14,pharmacy,0,1,21,14,250.0,0
12685,56.03,utilities,0,0,7,14,148.3,0
12686,82.6,utilities,0,0,13,15,495.0,0
12687,150.36,entertainment,0,0,15,18,392.5,0
12688,61.27,dining,0,0,12,19,1107.2,0
12689,61.87,electronics,0,1,13,15,785.4,0
12690,152.49,travel,0,0,9,9,802.1,0
12691,189.79,electronics,0,0,20,12,414.8,0
12692,33.7,electronics,0,0,18,20,144.1,0
12693,55.11,grocery,0,1,22,13,221.7,0
12694,46.85,online_retail,0,0,19,13,999.5,0
12695,292.29,pharmacy,0,0,7,19,327.9,0
12696,237.5,entertainment,0,0,17,8,455.8,0
12697,70.01,online_retail,0,0,15,15,1684.1,0
12698,65.71,fuel,0,0,13,23,729.7,0
12699,31.42,fuel,0,0,7,13,819.5,0
12700,45.73,online_retail,0,0,15,12,1564.4,0
12701,93.09,jewelry,0,0,16,16,113.7,0
12702,77.3,dining,0,0,6,10,143.2,0
12703,114.51,travel,0,0,19,17,1046.5,0
12704,62.74,grocery,0,0,16,17,42.3,0
12705,24.18,online_retail,0,0,10,19,242.9,0
12706,172.65,jewelry,0,0,18,17,3519.2,0
12707,83.61,electronics,0,1,16,11,538.4,0
12708,8.98,grocery,0,0,11,17,255.4,0
12709,45.43,dining,0,0,21,9,2018.3,0
12710,74.02,utilities,0,0,16,13,2893.1,0
12711,787.11,utilities,0,1,4,2,5.8,1
12712,6.75,fuel,1,0,7,14,1524.3,0
12713,86.6,jewelry,0,0,15,13,10.2,0
12714,44.2,jewelry,0,0,20,12,330.6,0
12715,44.92,fuel,0,0,15,18,1050.8,0
12716,97.25,electronics,0,0,18,17,240.0,0
12717,85.73,jewelry,0,0,22,17,459.4,0
12718,13.65,electronics,0,0,14,7,445.6,0
12719,29.01,travel,0,0,17,17,181.4,0
12720,110.33,grocery,0,0,13,23,2097.2,0
12721,109.87,utilities,0,0,18,15,1308.9,0
12722,210.0,pharmacy,0,0,9,15,650.0,0
12723,11.98,fuel,0,0,14,10,741.2,0
12724,175.74,fuel,0,0,10,22,628.5,0
12725,78.93,utilities,0,0,17,11,1106.0,0
12726,86.93,jewelry,0,0,20,13,175.8,0
12727,95.12,electronics,0,0,18,17,2.2,0
12728,85.58,grocery,0,0,16,16,220.3,0
12729,77.79,fuel,0,0,15,20,477.8,0
12730,116.89,electronics,0,0,10,12,893.9,0
12731,38.06,utilities,0,0,20,10,175.7,0
12732,20.81,pharmacy,0,0,15,14,563.3,0
12733,26.07,jewelry,0,0,13,11,2143.3,0
12734,58.15,dining,0,0,15,17,328.2,0
12735,50.98,grocery,0,0,9,13,356.5,0
12736,53.93,utilities,0,0,17,17,43.1,0
12737,33.53,dining,0,1,6,23,1417.3,0
12738,92.83,pharmacy,0,0,14,14,525.2,0
12739,122.3,travel,0,0,19,10,135.2,0
12740,50.42,dining,0,0,19,14,644.7,0
12741,98.92,online_retail,0,0,9,13,1525.3,0
12742,273.18,jewelry,0,1,13,16,212.6,0
12743,80.54,dining,1,0,8,14,613.4,0
12744,57.32,travel,0,0,17,13,576.8,0
12745,365.57,jewelry,0,0,19,17,312.7,0
12746,14.96,grocery,0,0,22,13,3838.5,0
12747,63.72,pharmacy,0,0,14,21,985.4,0
12748,126.72,pharmacy,0,0,17,11,1426.3,0
12749,167.66,electronics,0,0,17,17,630.2,0
12750,73.39,fuel,0,0,13,9,489.6,0
12751,81.69,utilities,0,0,12,13,333.8,0
12752,73.5,fuel,0,0,13,20,2224.9,0
12753,267.48,fuel,0,0,11,16,366.6,0
12754,18.01,travel,0,0,11,20,758.7,0
12755,52.22,online_retail,0,0,12,10,243.7,0
12756,72.77,dining,0,0,10,16,54.2,0
12757,60.77,utilities,0,0,17,11,1356.9,0
12758,32.09,dining,0,0,14,18,39.0,0
12759,21.32,grocery,0,0,7,9,7.5,0
12760,46.92,online_retail,0,0,13,17,232.1,0
12761,75.11,entertainment,0,0,6,17,349.5,0
12762,66.36,jewelry,0,0,13,15,215.7,0
12763,32.71,utilities,0,0,18,12,160.4,0
12764,14.62,travel,0,0,13,15,80.1,0
12765,266.57,jewelry,0,0,13,15,1919.8,0
12766,42.27,dining,0,0,15,14,72.5,0
12767,35.27,dining,1,0,14,20,709.0,0
12768,45.59,dining,0,0,6,13,2426.0,0
12769,31.97,dining,0,0,9,13,1290.8,0
12770,76.68,jewelry,0,0,15,16,144.5,0
12771,26.71,electronics,0,0,19,14,27.0,0
12772,13.44,electronics,0,0,20,14,62.8,0
12773,148.68,dining,0,0,20,18,567.5,0
12774,77.13,grocery,0,0,6,14,525.8,0
12775,32.73,dining,0,0,10,18,6.5,0
12776,70.78,utilities,0,0,17,15,1392.6,0
12777,19.09,utilities,0,0,12,18,521.5,0
12778,221.08,electronics,0,0,19,14,462.3,0
12779,68.86,grocery,0,0,11,15,576.3,0
12780,27.86,utilities,0,0,13,18,346.7,0
12781,37.48,jewelry,0,0,19,17,1590.7,0
12782,92.18,dining,1,0,18,27,38.1,0
12783,285.82,entertainment,0,0,17,11,111.4,0
12784,17.09,fuel,0,0,16,17,877.4,0
12785,76.54,electronics,0,0,22,17,1609.4,0
12786,30.12,travel,0,0,19,13,189.8,0
12787,30.16,entertainment,0,0,16,13,988.5,0
12788,29.36,fuel,0,0,9,11,415.6,0
12789,43.99,jewelry,0,0,21,15,441.6,0
12790,97.29,travel,0,0,17,17,140.8,0
12791,93.67,entertainment,1,0,6,10,815.0,0
12792,100.19,travel,0,0,16,19,1239.1,0
12793,37.21,dining,0,1,9,10,1191.4,0
12794,61.83,jewelry,0,0,21,15,145.9,0
12795,68.95,pharmacy,0,0,17,13,245.0,0
12796,47.47,jewelry,0,0,16,14,861.3,0
12797,134.59,dining,0,0,16,14,160.9,0
12798,49.6,fuel,0,0,16,20,429.4,0
12799,72.44,fuel,0,0,18,18,531.0,0
12800,74.17,utilities,0,0,7,17,2286.8,0
12801,68.22,dining,0,0,8,11,1878.9,0
12802,74.27,jewelry,0,0,13,8,205.1,0
12803,244.4,pharmacy,0,0,13,15,345.9,0
12804,55.66,entertainment,0,0,14,14,131.0,0
12805,82.64,fuel,0,0,15,13,103.4,0
12806,21.1,electronics,0,0,19,15,1048.1,0
12807,30.64,electronics,0,0,16,11,149.7,0
12808,63.48,dining,0,0,17,15,35.7,0
12809,45.09,utilities,0,0,6,12,699.5,0
12810,83.2,dining,0,0,14,12,941.8,0
12811,55.75,dining,0,0,16,22,591.1,0
12812,157.48,utilities,0,0,13,14,731.4,0
12813,34.12,online_retail,0,0,12,14,227.8,0
12814,163.14,entertainment,0,0,14,8,1218.8,0
12815,174.26,online_retail,1,0,18,20,0.6,0
12816,104.13,entertainment,0,0,11,18,848.0,0
12817,11.54,pharmacy,0,0,18,14,162.5,0
12818,52.03,dining,0,0,8,12,28.0,0
12819,2.27,pharmacy,0,0,10,16,546.3,0
12820,122.52,jewelry,0,0,13,15,235.1,0
12821,127.02,travel,0,0,15,7,206.3,0
12822,36.04,grocery,0,0,20,11,117.8,0
12823,52.74,utilities,0,0,20,16,1459.1,0
12824,57.16,fuel,0,0,16,10,1439.1,0
12825,52.38,online_retail,0,0,10,18,360.9,0
12826,71.28,utilities,0,0,22,16,72.1,0
12827,51.13,pharmacy,0,0,21,17,819.3,0
12828,31.1,travel,0,0,14,18,207.3,0
12829,88.05,online_retail,0,0,18,13,336.8,0
12830,131.6,jewelry,0,0,15,14,46.9,0
12831,31.58,utilities,0,0,9,13,2161.8,0
12832,103.42,travel,0,0,13,7,688.3,0
12833,25.89,fuel,0,0,19,15,166.0,0
12834,178.6,utilities,0,0,16,13,708.5,0
12835,123.53,fuel,0,0,11,19,1042.5,0
12836,240.59,fuel,0,0,20,18,479.5,0
12837,196.09,dining,0,0,12,9,1035.3,0
12838,82.67,grocery,0,0,18,8,198.1,0
12839,1228.47,utilities,1,0,3,1,0.7,1
12840,26.3,utilities,0,0,11,21,870.8,0
12841,101.89,dining,0,0,7,15,1106.8,0
12842,86.27,online_retail,0,0,8,11,1014.4,0
12843,11.98,online_retail,0,0,19,16,1826.7,0
12844,36.61,entertainment,0,0,7,11,567.0,0
12845,24.97,travel,0,0,7,6,166.7,0
12846,200.4,utilities,0,0,7,19,278.5,0
12847,74.42,fuel,0,0,12,18,10.8,0
12848,4.98,dining,0,0,17,12,232.0,0
12849,91.48,jewelry,0,0,10,19,34.3,0
12850,155.27,pharmacy,0,0,12,18,2929.1,0
12851,173.01,grocery,0,0,16,19,67.8,0
12852,35.05,online_retail,1,0,21,13,179.2,0
12853,91.92,jewelry,0,0,18,14,141.0,0
12854,160.46,jewelry,0,0,13,11,34.3,0
12855,33.2,travel,0,0,7,12,123.6,0
12856,76.27,electronics,0,0,6,13,751.7,0
12857,102.6,utilities,1,0,18,11,618.6,0
12858,171.73,grocery,0,0,11,15,1312.3,0
12859,26.99,online_retail,0,0,7,14,116.0,0
12860,65.26,utilities,0,0,12,12,2386.0,0
12861,128.81,travel,0,0,7,13,102.0,0
12862,64.63,jewelry,0,0,11,15,176.3,0
12863,43.61,pharmacy,0,0,15,18,900.9,0
12864,23.37,fuel,0,0,20,16,202.0,0
12865,60.74,entertainment,0,0,12,16,356.2,0
12866,43.15,electronics,0,0,21,16,841.5,0
12867,230.73,electronics,0,0,10,14,424.1,0
12868,115.09,online_retail,0,0,22,14,72.5,0
12869,57.83,electronics,0,0,7,21,678.7,0
12870,114.97,entertainment,0,0,9,16,1977.5,0
12871,112.3,entertainment,0,0,20,9,1778.2,0
12872,70.34,jewelry,0,0,8,13,1411.3,0
12873,46.64,entertainment,0,0,10,10,1017.1,0
12874,102.14,online_retail,0,1,11,19,754.7,0
12875,144.45,travel,0,0,8,19,1866.9,0
12876,81.45,online_retail,0,0,21,21,2101.5,0
12877,59.98,travel,0,0,12,14,2714.5,0
12878,32.11,grocery,0,0,21,11,158.0,0
12879,34.02,electronics,0,0,22,18,301.6,0
12880,83.51,online_retail,0,0,15,20,1035.0,0
12881,139.85,dining,0,0,15,14,134.0,0
12882,31.04,dining,0,0,8,12,157.0,0
12883,187.46,travel,0,0,17,17,614.8,0
12884,110.18,travel,0,0,22,17,43.3,0
12885,22.56,pharmacy,0,0,15,18,501.9,0
12886,62.45,travel,0,1,20,17,222.4,0
12887,32.79,jewelry,0,0,12,20,132.9,0
12888,19.39,jewelry,0,0,8,12,54.0,0
12889,131.85,jewelry,0,0,19,12,161.2,0
12890,53.19,online_retail,0,0,18,13,51.6,0
12891,82.26,pharmacy,0,0,16,11,284.7,0
12892,47.74,pharmacy,0,0,19,19,80.3,0
12893,36.39,utilities,0,0,12,11,46.8,0
12894,14.28,fuel,0,0,7,13,107.4,0
12895,103.24,fuel,0,0,10,20,3825.5,0
12896,35.92,fuel,0,0,9,19,1564.8,0
12897,27.71,travel,0,0,21,12,689.4,0
12898,31.05,electronics,0,0,17,17,22.2,0
12899,39.93,travel,0,1,8,19,385.7,0
12900,46.09,dining,0,0,15,11,1055.7,0
12901,128.56,electronics,0,0,10,17,318.9,0
12902,35.12,pharmacy,0,0,18,9,654.0,0
12903,31.67,entertainment,0,0,7,13,125.7,0
12904,96.66,entertainment,0,0,20,14,400.0,0
12905,69.32,entertainment,0,0,22,13,1137.6,0
12906,0.89,electronics,0,0,19,14,234.1,0
12907,53.48,utilities,0,0,16,18,1319.0,0
12908,55.98,online_retail,0,0,9,10,1283.5,0
12909,72.61,travel,0,0,17,6,1994.8,0
12910,103.45,online_retail,0,0,16,12,82.2,0
12911,47.17,utilities,0,0,11,17,118.8,0
12912,82.78,online_retail,0,0,9,12,193.3,0
12913,53.57,travel,0,0,11,17,60.2,0
12914,32.69,utilities,0,0,15,7,457.2,0
12915,60.41,electronics,0,0,19,18,461.9,0
12916,204.6,dining,0,0,17,11,237.9,0
12917,31.4,electronics,0,0,11,12,37.6,0
12918,41.84,fuel,0,0,11,16,228.8,0
12919,24.79,electronics,0,0,14,20,295.5,0
12920,252.48,pharmacy,0,0,18,9,23.1,0
12921,26.31,utilities,0,0,22,10,2067.9,0
12922,99.65,pharmacy,0,1,19,14,1737.3,0
12923,46.53,grocery,0,0,9,15,281.3,0
12924,131.94,grocery,0,0,17,15,19.4,0
12925,85.35,pharmacy,0,0,12,15,88.3,0
12926,102.92,electronics,0,0,10,15,873.2,0
12927,780.46,pharmacy,0,1,1,2,1.5,1
12928,59.01,dining,0,0,17,16,327.1,0
12929,135.89,jewelry,0,0,21,15,210.9,0
12930,71.27,utilities,0,1,11,18,118.6,0
12931,16.5,grocery,0,0,6,19,255.1,0
12932,64.94,electronics,1,0,9,19,658.5,0
12933,5.4,travel,0,0,15,12,918.6,0
12934,114.89,grocery,0,0,20,17,1050.4,0
12935,15.0,pharmacy,0,0,6,17,159.2,0
12936,10.03,utilities,0,0,18,15,5.0,0
12937,10.85,pharmacy,0,0,12,16,348.4,0
12938,13.78,dining,0,0,7,19,80.1,0
12939,58.55,jewelry,0,0,13,13,814.8,0
12940,723.8,grocery,0,0,1,1,0.4,1
12941,44.56,electronics,0,0,12,17,1044.4,0
12942,21.51,fuel,0,0,11,16,2217.2,0
12943,83.5,travel,0,0,9,8,1018.2,0
12944,31.22,grocery,0,0,14,12,886.3,0
12945,210.0,pharmacy,0,0,19,18,200.7,0
12946,41.96,travel,0,0,7,19,284.4,0
12947,91.97,utilities,0,0,8,14,229.8,0
12948,539.18,utilities,1,0,4,2,6.1,1
12949,183.13,jewelry,0,0,6,15,128.8,0
12950,41.76,utilities,0,0,13,18,971.4,0
12951,30.29,electronics,0,0,19,13,1167.3,0
12952,38.64,pharmacy,0,0,20,18,1495.0,0
12953,74.26,grocery,0,0,8,14,219.7,0
12954,139.6,utilities,0,0,22,10,785.8,0
12955,33.23,fuel,0,0,7,18,1358.9,0
12956,68.26,pharmacy,0,0,15,19,684.5,0
12957,77.79,pharmacy,0,1,17,12,1410.0,0
12958,127.81,dining,0,0,9,14,243.2,0
12959,136.96,online_retail,0,0,12,13,364.9,0
12960,40.81,utilities,0,0,12,8,629.8,0
12961,866.48,travel,0,0,1,5,1.6,1
12962,179.54,jewelry,0,0,8,11,180.4,0
12963,38.02,electronics,0,0,6,22,210.8,0
12964,59.38,grocery,0,0,9,21,920.2,0
12965,135.02,utilities,0,0,12,22,102.4,0
12966,33.05,travel,0,0,8,19,430.5,0
12967,68.95,electronics,0,0,20,20,189.7,0
12968,20.26,pharmacy,0,0,13,18,61.4,0
12969,39.19,entertainment,0,0,11,16,194.4,0
12970,57.16,travel,0,0,22,24,229.7,0
12971,179.62,pharmacy,0,0,20,11,287.1,0
12972,16.81,dining,0,0,6,23,474.5,0
12973,23.92,electronics,0,0,9,10,50.9,0
12974,106.57,entertainment,0,0,12,14,415.7,0
12975,104.14,online_retail,1,0,9,14,236.9,0
12976,55.43,dining,0,0,22,18,241.6,0
12977,109.99,jewelry,0,0,14,14,1700.7,0
12978,101.37,electronics,0,0,19,14,32.6,0
12979,65.12,travel,0,0,10,12,386.8,0
12980,93.17,grocery,0,0,21,19,480.4,0
12981,34.31,grocery,0,0,22,9,527.8,0
12982,778.85,dining,1,1,3,2,8.3,1
12983,95.97,electronics,0,0,20,12,32.5,0
12984,106.94,jewelry,0,0,13,11,944.7,0
12985,193.38,entertainment,0,0,14,14,326.6,0
12986,40.37,fuel,0,0,20,14,295.7,0
12987,61.47,jewelry,0,0,18,13,505.0,0
12988,32.0,electronics,0,0,22,19,1510.5,0
12989,32.39,entertainment,0,0,16,13,741.1,0
12990,101.28,pharmacy,0,0,8,20,489.0,0
12991,91.17,entertainment,0,0,18,18,716.7,0
12992,50.5,pharmacy,0,0,15,10,621.9,0
12993,147.4,grocery,0,0,10,18,70.7,0
12994,172.47,fuel,0,0,10,26,255.5,0
12995,32.95,pharmacy,0,0,8,20,19.7,0
12996,55.08,electronics,0,0,10,19,410.9,0
12997,46.16,dining,0,0,19,16,1489.4,0
12998,64.44,jewelry,0,0,20,18,469.8,0
12999,71.26,grocery,0,0,12,17,441.8,0
13000,67.67,entertainment,0,0,18,19,51.3,0
13001,57.66,jewelry,0,0,8,15,226.0,0
13002,39.64,fuel,0,0,9,15,484.8,0
13003,53.27,entertainment,0,0,12,11,169.2,0
13004,61.96,pharmacy,0,0,20,16,266.6,0
13005,23.09,entertainment,0,0,22,17,748.4,0
13006,177.27,grocery,0,0,7,18,1144.8,0
13007,198.98,travel,0,0,18,23,278.3,0
13008,173.77,grocery,0,0,16,11,29.2,0
13009,27.94,jewelry,0,0,9,12,613.3,0
13010,97.35,entertainment,0,0,14,15,1294.5,0
13011,130.99,online_retail,0,0,6,20,768.8,0
13012,20.47,jewelry,0,0,18,16,200.0,0
13013,103.36,fuel,0,0,8,10,182.1,0
13014,276.07,dining,0,0,6,25,323.4,0
13015,154.7,utilities,0,0,10,17,122.0,0
13016,67.52,pharmacy,1,0,9,20,91.6,0
13017,142.64,pharmacy,0,0,15,7,234.3,0
13018,242.43,fuel,0,0,18,12,1789.1,0
13019,52.61,utilities,0,0,11,14,506.7,0
13020,15.77,jewelry,0,0,14,14,210.0,0
13021,51.69,travel,0,0,16,16,628.7,0
13022,415.56,online_retail,0,1,4,4,0.4,1
13023,59.35,fuel,0,0,17,18,556.5,0
13024,50.9,grocery,0,1,12,10,555.4,0
13025,122.89,electronics,0,0,12,19,928.1,0
13026,128.18,grocery,0,0,13,19,543.8,0
13027,49.81,online_retail,0,0,21,15,908.5,0
13028,96.72,fuel,0,0,8,17,6.8,0
13029,96.32,entertainment,0,0,22,23,613.8,0
13030,189.39,jewelry,0,0,16,15,360.1,0
13031,76.74,utilities,0,0,8,13,1391.2,0
13032,98.02,fuel,0,1,18,13,488.5,0
13033,24.22,entertainment,0,0,13,17,360.8,0
13034,9.91,travel,0,0,12,11,1288.1,0
13035,81.48,online_retail,0,0,17,14,2315.3,0
13036,28.79,fuel,0,0,22,11,1012.2,0
13037,109.99,fuel,0,0,6,12,66.2,0
13038,103.99,pharmacy,0,0,13,13,301.7,0
13039,177.93,online_retail,0,0,12,10,803.4,0
13040,88.76,online_retail,0,0,21,15,565.5,0
13041,66.09,online_retail,0,0,7,14,14.4,0
13042,82.85,online_retail,0,0,21,19,159.3,0
13043,91.22,entertainment,0,0,21,17,25.8,0
13044,97.17,utilities,0,0,20,13,439.9,0
13045,58.25,travel,1,0,8,14,62.8,0
13046,78.48,travel,0,0,17,10,60.7,0
13047,57.87,fuel,0,0,7,14,200.7,0
13048,146.56,travel,0,0,18,19,2129.7,0
13049,134.94,grocery,0,0,16,14,171.8,0
13050,56.07,travel,0,0,14,14,257.2,0
13051,203.03,travel,0,0,8,18,248.4,0
13052,74.11,pharmacy,0,0,10,8,365.4,0
13053,8.42,dining,0,0,20,14,963.6,0
13054,55.64,entertainment,0,0,8,16,115.8,0
13055,151.29,travel,0,0,17,17,290.2,0
13056,46.97,entertainment,0,0,8,13,480.0,0
13057,72.74,dining,0,0,8,15,804.8,0
13058,21.07,entertainment,0,0,15,18,270.1,0
13059,51.34,grocery,0,1,6,16,782.6,0
13060,78.61,electronics,0,0,12,13,743.8,0
13061,29.76,dining,0,0,11,9,1205.8,0
13062,18.06,utilities,0,0,16,16,303.0,0
13063,27.45,jewelry,0,0,13,17,141.7,0
13064,187.56,utilities,0,0,16,13,595.7,0
13065,77.2,online_retail,0,0,14,18,1283.4,0
13066,64.75,utilities,0,0,12,16,3190.7,0
13067,17.4,dining,0,0,12,13,544.5,0
13068,171.66,dining,0,1,7,13,361.0,0
13069,51.56,grocery,0,0,11,11,1122.7,0
13070,158.22,grocery,0,1,16,12,730.6,0
13071,17.74,fuel,0,0,20,13,329.5,0
13072,32.7,grocery,0,0,20,10,459.4,0
13073,47.9,entertainment,0,0,18,14,194.2,0
13074,25.56,grocery,0,0,9,8,4.9,0
13075,103.81,utilities,0,0,18,13,455.6,0
13076,33.17,entertainment,0,0,11,9,620.9,0
13077,93.75,utilities,1,0,17,10,141.1,0
13078,82.41,utilities,0,0,8,16,366.6,0
13079,1.99,dining,0,0,20,11,640.1,0
13080,72.7,grocery,0,0,8,10,429.1,0
13081,79.76,travel,0,0,16,13,515.4,0
13082,161.61,jewelry,0,0,7,14,18.5,0
13083,80.57,fuel,0,0,17,17,1745.2,0
13084,63.35,grocery,0,0,13,13,32.4,0
13085,132.46,pharmacy,0,0,21,22,396.3,0
13086,30.61,entertainment,0,0,17,17,11.5,0
13087,53.29,travel,0,0,18,17,282.3,0
13088,44.37,travel,0,0,18,14,818.3,0
13089,34.59,electronics,0,0,15,13,274.5,0
13090,86.02,online_retail,0,0,17,14,1414.3,0
13091,3.83,grocery,0,0,18,19,1138.2,0
13092,7.96,fuel,0,0,18,18,822.6,0
13093,33.49,dining,0,0,19,16,624.8,0
13094,60.24,entertainment,0,1,21,17,198.9,0
13095,65.94,dining,0,0,21,13,376.6,0
13096,23.61,electronics,0,0,16,20,853.9,0
13097,106.46,dining,0,0,18,13,592.6,0
13098,124.42,jewelry,0,0,10,9,289.1,0
13099,60.06,entertainment,0,0,13,9,372.2,0
13100,100.36,dining,0,0,15,14,328.0,0
13101,57.46,travel,0,0,15,7,566.2,0
13102,25.07,grocery,0,0,12,16,55.2,0
13103,185.99,travel,0,0,21,17,468.4,0
13104,42.91,travel,0,0,11,14,1351.0,0
13105,107.24,dining,0,0,19,15,326.5,0
13106,39.24,grocery,1,0,8,19,404.3,0
13107,57.44,jewelry,0,0,7,13,141.4,0
13108,55.57,dining,0,0,15,15,447.1,0
13109,25.04,online_retail,0,0,14,12,157.4,0
13110,126.06,fuel,0,0,19,16,59.8,0
13111,34.02,pharmacy,0,0,17,14,503.8,0
13112,10.41,jewelry,0,0,17,17,163.4,0
13113,56.4,pharmacy,0,0,6,22,710.1,0
13114,138.88,utilities,0,0,8,22,369.0,0
13115,19.97,online_retail,0,0,7,11,799.1,0
13116,104.14,jewelry,0,0,18,11,529.8,0
13117,164.61,grocery,0,0,13,13,532.5,0
13118,15.16,jewelry,1,0,21,21,288.4,0
13119,124.03,travel,0,0,11,15,520.7,0
13120,17.5,pharmacy,0,0,7,19,476.5,0
13121,84.43,pharmacy,0,0,16,12,688.0,0
13122,180.13,entertainment,1,0,16,15,233.6,0
13123,5.15,electronics,0,0,8,9,41.2,0
13124,68.62,entertainment,0,0,12,14,349.0,0
13125,73.05,grocery,0,0,15,18,569.5,0
13126,51.81,travel,0,0,12,15,453.4,0
13127,68.48,entertainment,0,0,20,8,319.6,0
13128,87.37,fuel,0,0,21,13,110.3,0
13129,38.87,jewelry,0,0,12,12,103.5,0
13130,105.38,pharmacy,0,0,19,19,1060.6,0
13131,118.17,travel,0,0,17,13,539.1,0
13132,46.09,travel,0,0,9,27,1232.5,0
13133,30.44,grocery,0,0,10,10,218.8,0
13134,57.08,online_retail,0,0,14,16,939.8,0
13135,81.92,dining,0,0,10,8,480.6,0
13136,74.75,utilities,0,0,10,10,850.4,0
13137,76.96,fuel,1,0,10,14,107.2,0
13138,113.8,entertainment,0,0,21,20,801.3,0
13139,30.59,travel,0,0,12,13,854.6,0
13140,68.34,dining,0,0,6,23,362.6,0
13141,73.47,utilities,0,0,7,17,17.3,0
13142,86.57,travel,0,0,21,16,41.3,0
13143,8.95,dining,0,0,14,9,1115.7,0
13144,46.79,travel,0,0,9,10,6.2,0
13145,162.16,grocery,0,0,17,13,909.8,0
13146,117.2,jewelry,0,0,8,9,269.0,0
13147,92.57,travel,0,0,12,11,284.7,0
13148,45.26,pharmacy,0,0,9,9,132.6,0
13149,71.85,pharmacy,1,1,21,11,505.7,0
13150,73.01,entertainment,0,0,15,17,277.3,0
13151,69.84,dining,0,0,21,12,438.4,0
13152,72.54,electronics,0,0,6,9,425.5,0
13153,93.49,online_retail,0,0,11,13,1930.1,0
13154,45.26,jewelry,0,0,11,16,74.9,0
13155,79.87,entertainment,0,0,13,15,1470.3,0
13156,198.41,dining,0,0,14,17,223.2,0
13157,66.2,electronics,0,0,20,16,2158.5,0
13158,89.07,fuel,0,0,18,15,425.6,0
13159,57.72,dining,0,0,21,10,1197.0,0
13160,35.05,electronics,0,0,15,17,742.1,0
13161,54.86,pharmacy,0,0,22,18,209.6,0
13162,105.88,dining,0,0,6,10,1490.6,0
13163,6.17,entertainment,0,0,8,22,716.4,0
13164,140.44,electronics,0,0,10,24,156.7,0
13165,15.86,utilities,0,0,8,12,1112.9,0
13166,122.06,dining,0,0,16,13,1137.0,0
13167,80.07,online_retail,0,0,19,11,190.2,0
13168,69.95,entertainment,0,0,13,14,1485.9,0
13169,15.73,dining,0,0,20,16,247.3,0
13170,103.51,entertainment,0,0,15,17,616.5,0
13171,75.31,entertainment,0,0,22,10,1107.3,0
13172,105.5,utilities,0,0,21,16,401.5,0
13173,106.3,dining,0,0,14,21,191.1,0
13174,96.24,electronics,0,0,8,15,386.3,0
13175,16.18,entertainment,0,0,12,15,1321.0,0
13176,103.26,entertainment,0,0,19,9,581.9,0
13177,52.28,fuel,0,0,21,14,1553.2,0
13178,38.28,pharmacy,0,0,8,12,420.5,0
13179,374.82,pharmacy,0,0,8,14,114.1,0
13180,291.92,pharmacy,1,0,7,18,198.5,0
13181,44.64,fuel,0,0,17,20,1796.6,0
13182,32.81,online_retail,0,0,15,12,807.3,0
13183,27.19,dining,0,0,21,18,148.8,0
13184,198.44,entertainment,0,0,22,12,1228.7,0
13185,1004.49,dining,1,1,3,3,10.3,1
13186,3.05,electronics,0,0,6,10,1013.5,0
13187,35.16,pharmacy,0,0,7,11,364.4,0
13188,76.88,travel,0,0,6,14,568.6,0
13189,4.71,utilities,0,1,14,12,2.7,0
13190,39.36,dining,0,0,9,8,655.5,0
13191,64.73,utilities,0,0,6,18,336.3,0
13192,77.48,fuel,0,0,9,23,463.2,0
13193,33.65,travel,0,0,11,7,2613.5,0
13194,38.71,utilities,0,0,13,15,1029.9,0
13195,133.91,fuel,0,0,13,16,21.5,0
13196,53.61,utilities,0,0,21,17,483.1,0
13197,161.05,travel,0,1,8,17,583.0,0
13198,151.95,utilities,0,0,22,20,544.9,0
13199,102.47,online_retail,0,1,18,16,270.1,0
13200,27.58,grocery,0,0,18,17,848.1,0
13201,223.66,online_retail,0,0,17,12,64.5,0
13202,83.36,online_retail,1,0,15,9,272.9,0
13203,138.62,electronics,0,0,8,8,609.2,0
13204,29.48,dining,0,0,15,11,222.8,0
13205,36.81,travel,0,0,11,11,174.5,0
13206,37.32,dining,0,0,8,20,228.6,0
13207,119.5,pharmacy,0,0,20,14,263.1,0
13208,90.4,online_retail,0,0,10,16,815.6,0
13209,120.5,entertainment,0,0,8,7,67.2,0
13210,465.07,jewelry,1,1,0,2,3.7,1
13211,133.67,dining,0,0,16,17,214.5,0
13212,33.71,grocery,0,0,19,18,312.8,0
13213,72.5,online_retail,0,0,16,17,504.1,0
13214,87.83,utilities,1,0,21,18,343.2,0
13215,164.42,travel,0,0,20,21,287.5,0
13216,164.5,dining,0,0,16,16,55.1,0
13217,96.5,entertainment,0,0,9,12,184.4,0
13218,54.96,fuel,0,0,14,13,270.9,0
13219,118.44,dining,0,0,9,17,8.7,0
13220,223.68,online_retail,0,0,13,19,744.3,0
13221,82.34,electronics,0,0,6,19,1368.3,0
13222,1.29,jewelry,0,0,10,17,8.0,0
13223,54.63,utilities,0,0,18,14,4112.6,0
13224,42.17,jewelry,0,0,14,12,698.8,0
13225,36.93,online_retail,0,0,8,21,2122.5,0
13226,39.11,pharmacy,0,0,6,17,144.6,0
13227,54.74,online_retail,0,0,10,14,405.2,0
13228,135.69,entertainment,0,1,18,10,21.7,0
13229,49.1,jewelry,0,0,8,18,88.7,0
13230,224.93,jewelry,0,1,8,11,152.8,0
13231,96.36,grocery,0,0,15,15,2198.1,0
13232,17.95,dining,0,0,10,12,509.1,0
13233,96.86,entertainment,0,0,8,17,1790.0,0
13234,110.93,electronics,0,0,6,18,886.8,0
13235,16.94,electronics,0,1,20,16,1320.3,0
13236,85.0,entertainment,0,0,20,16,221.9,0
13237,148.67,online_retail,0,0,20,18,409.7,0
13238,65.97,jewelry,0,0,19,19,333.0,0
13239,141.43,utilities,0,0,19,16,56.4,0
13240,56.39,pharmacy,0,0,14,16,317.9,0
13241,61.33,dining,0,0,8,10,74.2,0
13242,70.28,travel,0,0,7,14,83.9,0
13243,105.86,dining,0,0,15,20,948.7,0
13244,70.86,electronics,0,0,19,11,270.2,0
13245,86.55,fuel,0,0,14,13,375.2,0
13246,186.34,travel,0,0,21,12,22.2,0
13247,882.73,grocery,1,1,4,2,2.1,1
13248,59.13,jewelry,0,0,15,21,1171.4,0
13249,66.08,electronics,0,0,12,16,160.5,0
13250,37.76,pharmacy,0,0,17,14,349.6,0
13251,50.79,pharmacy,0,0,10,12,201.0,0
13252,112.99,fuel,0,0,20,19,1057.8,0
13253,130.49,travel,0,0,11,17,153.0,0
13254,65.53,dining,0,0,17,13,735.3,0
13255,132.31,grocery,0,0,18,13,216.3,0
13256,61.21,dining,0,0,20,18,1453.0,0
13257,147.63,jewelry,0,0,15,18,1321.6,0
13258,40.24,electronics,0,0,6,23,393.9,0
13259,94.74,fuel,0,0,18,16,558.0,0
13260,97.21,utilities,0,0,19,14,555.8,0
13261,17.2,jewelry,0,0,15,14,438.9,0
13262,140.64,dining,0,0,12,9,454.9,0
13263,25.96,fuel,0,0,11,12,678.1,0
13264,54.59,dining,0,0,21,14,283.5,0
13265,90.58,electronics,0,1,6,25,752.4,0
13266,93.59,fuel,0,0,16,14,1505.3,0
13267,91.49,travel,1,0,7,15,534.7,0
13268,216.09,utilities,0,0,18,15,215.1,0
13269,139.79,pharmacy,0,0,11,13,206.6,0
13270,173.41,grocery,0,0,21,9,535.2,0
13271,144.19,entertainment,0,0,7,20,514.5,0
13272,59.59,grocery,0,0,12,12,509.6,0
13273,143.55,electronics,0,1,21,9,110.1,0
13274,37.89,fuel,0,0,19,16,190.2,0
13275,26.16,travel,0,0,15,16,437.4,0
13276,51.1,travel,0,1,11,14,469.4,0
13277,73.78,jewelry,0,0,12,15,349.4,0
13278,40.54,utilities,0,0,22,15,1001.9,0
13279,27.48,entertainment,0,1,13,19,2405.5,0
13280,21.06,online_retail,0,0,10,12,1476.7,0
13281,37.21,utilities,0,0,11,16,216.9,0
13282,23.34,electronics,0,0,9,18,87.2,0
13283,110.29,grocery,0,0,15,15,16.1,0
13284,50.83,jewelry,0,0,21,16,593.6,0
13285,56.91,pharmacy,1,0,11,12,102.5,0
13286,130.82,electronics,0,1,16,16,265.9,0
13287,113.73,fuel,0,0,9,21,832.3,0
13288,48.94,online_retail,0,0,14,17,146.8,0
13289,117.24,dining,0,0,19,17,17.9,0
13290,184.32,pharmacy,0,0,14,15,275.5,0
13291,178.95,online_retail,0,0,17,13,223.9,0
13292,271.42,jewelry,0,0,13,18,583.3,0
13293,19.62,entertainment,0,0,12,17,1007.0,0
13294,77.05,grocery,0,0,15,9,299.2,0
13295,132.12,dining,0,0,21,12,331.9,0
13296,24.28,entertainment,0,0,8,18,580.2,0
13297,35.52,electronics,0,0,22,12,229.8,0
13298,47.2,fuel,0,0,12,13,484.5,0
13299,119.48,dining,0,0,8,12,256.3,0
13300,30.37,travel,0,0,17,13,236.6,0
13301,135.98,utilities,1,0,19,14,70.3,0
13302,114.16,electronics,0,0,11,13,148.2,0
13303,60.76,online_retail,0,0,17,11,2116.6,0
13304,120.59,dining,0,0,13,18,1445.7,0
13305,110.7,dining,0,0,18,16,147.9,0
13306,103.24,online_retail,0,0,20,13,88.5,0
13307,35.83,dining,0,0,13,14,51.1,0
13308,98.21,fuel,0,0,20,24,294.7,0
13309,194.63,dining,0,0,14,12,143.0,0
13310,384.77,travel,1,1,1,6,1.5,1
13311,48.75,utilities,0,0,11,7,462.5,0
13312,45.31,fuel,0,0,19,18,272.8,0
13313,67.74,fuel,0,0,21,9,378.2,0
13314,23.67,electronics,0,0,9,18,398.9,0
13315,42.05,electronics,0,0,7,13,834.9,0
13316,40.31,electronics,0,0,19,16,1690.8,0
13317,39.02,dining,0,0,14,9,1047.1,0
13318,46.58,travel,0,0,19,19,495.9,0
13319,148.16,dining,0,0,12,21,891.9,0
13320,173.8,entertainment,0,0,13,14,17.7,0
13321,93.43,grocery,0,0,18,11,134.3,0
13322,27.36,electronics,0,0,13,16,35.8,0
13323,65.32,online_retail,0,0,16,11,152.3,0
13324,184.52,pharmacy,0,0,14,20,1238.8,0
13325,31.21,travel,0,0,22,19,230.8,0
13326,120.83,online_retail,0,0,8,15,262.2,0
13327,68.05,grocery,0,0,11,22,338.8,0
13328,133.14,dining,0,0,12,23,4.7,0
13329,119.52,online_retail,0,0,10,11,278.5,0
13330,152.23,dining,0,0,16,15,576.0,0
13331,84.25,pharmacy,0,1,13,9,1411.5,0
13332,70.46,travel,0,0,12,20,953.4,0
13333,28.71,online_retail,0,0,7,13,60.1,0
13334,10.74,travel,0,0,8,13,1997.7,0
13335,167.13,jewelry,0,0,15,11,2352.3,0
13336,99.61,dining,0,0,6,12,912.0,0
13337,88.49,online_retail,0,0,14,9,283.1,0
13338,67.67,electronics,0,0,9,19,30.0,0
13339,29.38,pharmacy,0,0,17,11,307.1,0
13340,77.82,utilities,0,1,14,14,249.4,0
13341,99.24,jewelry,0,0,10,20,463.7,0
13342,100.99,jewelry,0,0,22,13,226.4,0
13343,24.2,travel,0,0,20,16,1032.0,0
13344,38.26,travel,0,0,14,13,1252.2,0
13345,141.6,utilities,0,1,17,11,1181.2,0
13346,46.14,pharmacy,0,0,10,17,359.6,0
13347,83.04,fuel,0,0,7,17,80.9,0
13348,90.19,fuel,0,0,11,14,1116.1,0
13349,64.73,electronics,0,0,6,9,64.1,0
13350,29.92,pharmacy,0,1,19,16,1518.0,0
13351,78.36,pharmacy,0,0,17,10,925.2,0
13352,146.24,travel,0,0,8,18,392.7,0
13353,118.64,jewelry,0,0,9,16,177.8,0
13354,55.99,electronics,0,0,22,17,1145.9,0
13355,641.37,fuel,1,1,3,4,0.2,1
13356,86.83,entertainment,0,0,21,15,197.3,0
13357,177.28,pharmacy,0,1,6,21,180.6,0
13358,124.16,online_retail,1,0,9,11,114.4,0
13359,63.61,grocery,0,0,15,13,502.6,0
13360,161.66,dining,0,0,14,15,78.4,0
13361,129.28,utilities,0,0,14,14,1367.9,0
13362,41.1,travel,0,0,9,14,1978.2,0
13363,32.14,fuel,0,0,8,14,129.7,0
13364,99.24,electronics,0,0,19,18,318.9,0
13365,4.88,electronics,0,0,8,13,1105.3,0
13366,30.35,fuel,0,0,14,11,154.0,0
13367,84.0,online_retail,0,0,11,17,157.1,0
13368,75.82,utilities,0,0,17,18,272.2,0
13369,43.33,online_retail,0,1,13,20,281.9,0
13370,13.46,utilities,1,0,13,12,181.9,0
13371,36.68,jewelry,0,0,21,12,453.3,0
13372,13.27,grocery,0,0,15,17,31.7,0
13373,45.3,fuel,0,0,11,12,1296.8,0
13374,8.58,fuel,0,0,9,21,1062.0,0
13375,63.47,dining,0,0,17,13,0.9,0
13376,99.49,travel,0,0,12,16,199.0,0
13377,114.79,travel,0,0,21,16,259.5,0
13378,24.49,entertainment,0,0,12,7,75.2,0
13379,146.94,entertainment,0,0,7,15,523.9,0
13380,14.26,dining,0,0,8,11,606.8,0
13381,38.72,jewelry,0,0,14,12,305.7,0
13382,101.62,online_retail,0,0,10,14,304.6,0
13383,75.86,grocery,0,0,17,15,1255.0,0
13384,84.98,utilities,0,0,6,10,1262.9,0
13385,94.07,travel,0,0,13,24,555.3,0
13386,24.07,utilities,0,0,8,18,1150.2,0
13387,49.86,entertainment,0,0,19,13,1751.3,0
13388,22.84,electronics,0,0,12,10,558.3,0
13389,29.8,travel,0,0,18,17,406.9,0
13390,2.99,pharmacy,0,0,21,16,120.8,0
13391,79.49,electronics,1,0,12,22,410.8,0
13392,86.12,jewelry,0,0,11,16,468.6,0
13393,116.71,online_retail,0,0,13,13,309.6,0
13394,82.39,jewelry,0,0,17,12,225.1,0
13395,73.62,pharmacy,0,0,16,19,145.2,0
13396,118.76,dining,0,0,17,15,1268.2,0
13397,116.2,online_retail,0,0,19,20,336.8,0
13398,268.87,dining,0,0,8,16,84.1,0
13399,197.43,pharmacy,0,0,8,6,911.4,0
13400,22.49,grocery,0,0,11,16,385.7,0
13401,211.99,dining,1,0,21,24,549.2,0
13402,183.3,dining,0,0,15,20,211.5,0
13403,161.97,entertainment,0,0,9,17,370.2,0
13404,63.67,pharmacy,0,0,13,15,1.4,0
13405,6.32,electronics,0,0,22,11,6.6,0
13406,28.48,utilities,0,0,11,8,4001.1,0
13407,978.25,grocery,1,0,4,3,8.9,1
13408,44.02,travel,0,0,19,12,78.5,0
13409,76.67,utilities,0,0,15,18,113.6,0
13410,76.08,pharmacy,0,0,22,21,312.2,0
13411,1036.31,utilities,0,1,1,2,11.2,1
13412,39.77,online_retail,0,0,14,18,220.7,0
13413,87.66,entertainment,1,0,17,16,746.7,0
13414,38.71,electronics,0,0,13,12,354.3,0
13415,62.7,grocery,0,0,16,11,138.8,0
13416,139.91,electronics,1,0,19,18,2.3,0
13417,47.22,travel,0,0,7,13,1516.7,0
13418,19.11,electronics,0,0,17,13,338.1,0
13419,13.01,pharmacy,0,0,19,13,300.2,0
13420,235.15,travel,0,0,18,18,498.5,0
13421,146.74,jewelry,0,0,12,9,755.7,0
13422,23.87,utilities,0,0,8,20,93.5,0
13423,35.21,jewelry,0,0,10,7,1736.0,0
13424,16.6,fuel,1,0,9,16,141.3,0
13425,36.39,pharmacy,0,0,17,16,1214.9,0
13426,52.79,pharmacy,0,0,18,16,16.3,0
13427,38.29,dining,0,0,9,17,700.9,0
13428,61.46,pharmacy,0,0,12,16,863.6,0
13429,70.9,fuel,0,0,14,12,630.1,0
13430,56.28,grocery,0,1,19,20,796.6,0
13431,703.04,grocery,0,1,1,5,1.3,1
13432,27.56,electronics,0,0,16,12,389.9,0
13433,40.1,online_retail,0,0,17,15,606.2,0
13434,228.73,dining,0,0,22,16,688.8,0
13435,135.4,grocery,0,0,21,13,507.0,0
13436,115.2,utilities,0,0,6,16,339.0,0
13437,88.82,travel,0,0,10,12,533.0,0
13438,77.16,electronics,0,0,17,19,1295.5,0
13439,11.61,electronics,0,0,6,10,802.4,0
13440,102.36,dining,0,0,22,16,131.9,0
13441,96.54,utilities,0,1,12,22,1092.7,0
13442,162.51,grocery,0,0,13,16,247.1,0
13443,48.79,utilities,1,0,16,17,291.8,0
13444,140.43,electronics,0,0,19,11,1277.6,0
13445,82.55,utilities,0,0,17,15,155.2,0
13446,39.27,utilities,0,0,12,10,102.7,0
13447,72.69,online_retail,0,0,7,15,341.0,0
13448,72.83,fuel,0,0,11,14,2080.4,0
13449,132.33,utilities,0,0,18,14,2233.7,0
13450,247.27,entertainment,0,0,13,18,485.7,0
13451,44.74,jewelry,0,0,18,18,978.2,0
13452,138.25,fuel,0,0,17,16,534.6,0
13453,92.83,online_retail,0,0,7,16,346.5,0
13454,63.26,travel,0,1,17,17,198.6,0
13455,61.68,entertainment,0,0,11,11,57.1,0
13456,129.86,grocery,0,0,17,18,46.9,0
13457,64.47,pharmacy,0,0,15,18,296.6,0
13458,28.2,fuel,0,0,22,21,50.7,0
13459,278.82,dining,0,0,8,15,344.6,0
13460,40.39,dining,0,0,17,18,312.6,0
13461,62.4,pharmacy,0,0,6,15,583.6,0
13462,82.85,utilities,0,0,18,13,728.4,0
13463,139.97,jewelry,0,0,9,17,252.2,0
13464,84.88,utilities,0,0,7,21,221.9,0
13465,117.84,utilities,0,0,7,23,439.5,0
13466,21.92,grocery,0,0,7,16,419.9,0
13467,64.84,entertainment,0,0,12,14,55.8,0
13468,7.03,fuel,0,0,22,12,225.1,0
13469,13.03,grocery,0,0,10,18,1154.3,0
13470,82.78,electronics,0,0,18,19,555.6,0
13471,33.95,jewelry,0,0,10,11,341.2,0
13472,49.09,fuel,0,0,8,17,1821.1,0
13473,18.17,travel,0,0,21,15,149.3,0
13474,90.4,online_retail,0,0,16,20,134.7,0
13475,43.65,pharmacy,0,0,13,21,42.2,0
13476,113.1,online_retail,0,1,6,15,350.7,0
13477,37.8,pharmacy,0,0,15,15,29.1,0
13478,153.7,jewelry,0,1,12,7,1981.8,0
13479,51.52,utilities,0,0,8,15,132.4,0
13480,14.21,fuel,0,0,16,21,213.6,0
13481,115.87,travel,0,0,7,12,118.5,0
13482,231.29,grocery,0,0,8,19,48.7,0
13483,31.63,fuel,0,0,11,17,1707.0,0
13484,16.88,utilities,0,0,7,15,201.5,0
13485,64.77,online_retail,0,0,14,9,853.9,0
13486,13.44,pharmacy,0,0,11,18,115.9,0
13487,36.2,fuel,0,0,6,15,252.9,0
13488,132.74,online_retail,0,0,21,20,422.7,0
13489,30.67,electronics,0,0,11,13,472.2,0
13490,1023.1,utilities,1,0,2,3,1.0,1
13491,24.69,travel,0,0,12,20,34.9,0
13492,11.0,fuel,0,0,13,9,1769.2,0
13493,20.32,online_retail,0,0,13,15,2392.3,0
13494,24.79,pharmacy,0,0,21,11,258.3,0
13495,46.58,online_retail,0,0,8,15,33.9,0
13496,21.65,utilities,0,0,8,13,607.2,0
13497,198.62,grocery,0,0,20,14,4216.8,0
13498,74.65,grocery,0,0,7,20,23.8,0
13499,140.48,fuel,0,0,18,19,492.8,0
13500,24.51,pharmacy,0,1,9,11,1192.9,0
13501,56.2,utilities,0,0,17,22,2122.7,0
13502,295.08,utilities,0,0,6,11,252.7,0
13503,38.54,electronics,0,0,6,13,191.8,0
13504,27.11,entertainment,0,0,19,13,128.3,0
13505,20.75,grocery,0,0,11,22,10.1,0
13506,107.68,online_retail,0,0,11,8,1191.6,0
13507,33.18,grocery,0,0,11,18,704.2,0
13508,59.52,entertainment,0,0,22,16,2691.0,0
13509,52.49,utilities,0,0,12,12,845.6,0
13510,103.85,online_retail,0,0,17,14,205.2,0
13511,665.52,fuel,0,0,0,2,4.1,1
13512,75.1,online_retail,0,0,20,18,1321.7,0
13513,88.37,entertainment,0,0,12,18,160.2,0
13514,25.59,travel,0,0,11,17,426.9,0
13515,31.84,jewelry,0,0,11,10,915.7,0
13516,31.72,fuel,0,0,22,20,385.4,0
13517,26.57,entertainment,0,0,18,15,1287.3,0
13518,38.26,jewelry,0,0,20,19,215.9,0
13519,90.63,pharmacy,0,0,6,17,34.8,0
13520,16.18,online_retail,0,0,13,9,154.7,0
13521,58.55,online_retail,0,0,11,9,1820.5,0
13522,89.41,dining,0,0,18,13,227.9,0
13523,107.73,pharmacy,0,0,18,19,24.8,0
13524,75.75,dining,0,0,19,17,514.2,0
13525,85.71,travel,0,0,9,15,36.7,0
13526,17.51,online_retail,0,1,13,27,133.7,0
13527,53.75,entertainment,0,0,19,17,103.5,0
13528,144.58,fuel,0,0,20,18,944.7,0
13529,8.09,entertainment,0,0,19,13,523.2,0
13530,114.67,pharmacy,0,0,13,13,1060.0,0
13531,14.26,utilities,0,0,16,20,1169.2,0
13532,348.24,pharmacy,0,0,18,10,778.0,0
13533,35.27,dining,0,0,15,13,1469.4,0
13534,67.74,pharmacy,0,0,17,18,264.0,0
13535,7.9,utilities,0,0,22,13,573.4,0
13536,83.85,dining,0,0,21,11,112.4,0
13537,19.14,jewelry,0,1,15,17,1233.3,0
13538,280.11,travel,0,0,6,19,1091.1,0
13539,186.22,pharmacy,0,0,18,18,256.7,0
13540,25.4,entertainment,0,1,15,15,10.5,0
13541,98.85,pharmacy,0,0,13,10,195.3,0
13542,40.24,online_retail,0,1,16,12,3.8,0
13543,215.03,jewelry,0,0,15,9,27.2,0
13544,131.97,travel,0,0,16,12,150.4,0
13545,69.85,online_retail,0,0,21,16,1787.1,0
13546,114.78,electronics,0,0,9,18,205.1,0
13547,348.92,online_retail,0,0,8,14,1050.2,0
13548,119.07,grocery,0,0,20,14,3294.0,0
13549,119.22,pharmacy,0,0,14,15,210.6,0
13550,56.77,fuel,0,0,16,20,145.1,0
13551,135.16,fuel,0,0,9,19,949.1,0
13552,59.75,fuel,0,0,19,13,50.1,0
13553,28.75,utilities,0,0,8,13,689.5,0
13554,29.62,grocery,0,0,18,12,850.5,0
13555,52.0,dining,0,0,16,11,130.4,0
13556,286.36,grocery,1,0,3,6,5.5,1
13557,76.38,grocery,0,0,18,13,1630.1,0
13558,48.74,pharmacy,0,0,21,18,143.7,0
13559,33.4,utilities,0,0,10,12,424.2,0
13560,143.58,pharmacy,0,0,16,21,8.6,0
13561,36.88,electronics,0,0,12,16,426.2,0
13562,93.19,entertainment,0,0,12,12,209.1,0
13563,105.67,online_retail,0,0,7,15,484.6,0
13564,34.47,utilities,0,0,16,15,1303.1,0
13565,47.15,fuel,0,0,19,14,186.3,0
13566,23.14,dining,0,0,10,15,256.7,0
13567,60.87,jewelry,0,0,22,9,321.2,0
13568,74.32,entertainment,0,0,6,16,1816.0,0
13569,327.49,grocery,0,0,22,9,1886.7,0
13570,60.71,utilities,0,0,8,18,1264.5,0
13571,48.69,fuel,0,1,22,11,254.3,0
13572,152.87,utilities,0,0,6,22,91.9,0
13573,76.55,dining,0,0,12,12,920.3,0
13574,113.79,entertainment,0,0,21,21,466.0,0
13575,20.58,online_retail,0,0,16,18,66.2,0
13576,69.54,electronics,0,0,7,15,791.7,0
13577,91.74,pharmacy,0,0,12,8,135.9,0
13578,132.9,entertainment,0,0,11,11,1087.5,0
13579,57.12,pharmacy,0,0,6,15,62.6,0
13580,20.17,travel,0,0,12,14,187.6,0
13581,20.3,entertainment,0,0,21,14,511.6,0
13582,36.55,utilities,0,0,7,14,60.2,0
13583,51.15,utilities,0,0,9,16,82.1,0
13584,98.65,fuel,0,0,10,9,766.7,0
13585,66.26,dining,0,0,14,13,1458.8,0
13586,94.0,dining,0,0,21,15,386.1,0
13587,10.31,fuel,0,0,19,11,478.9,0
13588,54.7,jewelry,0,0,17,12,126.0,0
13589,6.24,pharmacy,0,0,21,16,103.4,0
13590,96.4,jewelry,0,0,22,17,188.7,0
13591,80.62,jewelry,0,0,8,16,219.9,0
13592,42.14,pharmacy,0,0,14,12,196.3,0
13593,59.78,electronics,0,0,10,23,64.0,0
13594,66.16,online_retail,0,0,15,16,258.1,0
13595,34.96,fuel,0,1,12,13,862.1,0
13596,84.05,online_retail,0,0,9,15,523.9,0
13597,50.17,electronics,0,0,15,25,652.0,0
13598,48.8,online_retail,0,0,13,12,142.2,0
13599,59.74,dining,0,0,21,16,715.5,0
13600,30.58,utilities,0,0,21,16,865.8,0
13601,53.93,electronics,0,0,12,19,166.4,0
13602,55.71,entertainment,0,0,11,21,20.2,0
13603,9.98,jewelry,0,0,18,20,89.9,0
13604,106.9,electronics,0,0,21,11,60.9,0
13605,133.55,electronics,0,0,12,21,139.9,0
13606,32.2,utilities,0,0,8,17,58.9,0
13607,40.22,electronics,0,0,10,15,263.7,0
13608,26.61,entertainment,0,1,21,12,457.7,0
13609,76.44,pharmacy,0,1,8,10,2.0,0
13610,173.63,grocery,0,0,18,18,198.9,0
13611,143.48,online_retail,0,0,20,20,39.8,0
13612,97.47,utilities,0,0,18,21,1513.3,0
13613,18.13,grocery,0,0,6,12,613.4,0
13614,137.43,utilities,0,0,10,16,382.2,0
13615,27.26,travel,0,0,21,15,343.4,0
13616,26.22,online_retail,0,0,6,17,69.4,0
13617,7.66,grocery,0,0,18,18,127.9,0
13618,59.56,online_retail,1,0,15,15,318.0,0
13619,27.11,fuel,0,0,6,8,1545.1,0
13620,235.11,electronics,0,0,16,23,297.9,0
13621,91.06,dining,0,0,17,15,518.1,0
13622,173.61,grocery,0,0,6,14,63.3,0
13623,122.22,pharmacy,0,0,14,10,425.8,0
13624,11.24,online_retail,0,0,13,17,280.1,0
13625,7.56,entertainment,0,0,17,9,354.9,0
13626,43.07,pharmacy,0,0,7,15,1135.1,0
13627,132.57,travel,0,0,10,18,510.4,0
13628,51.36,grocery,0,0,17,9,174.5,0
13629,39.83,fuel,1,1,21,14,502.2,0
13630,45.84,travel,0,0,9,12,546.5,0
13631,123.05,fuel,0,0,16,13,1426.8,0
13632,23.41,utilities,0,0,6,12,1374.4,0
13633,18.69,jewelry,0,0,10,16,983.0,0
13634,35.64,jewelry,0,1,22,14,1298.2,0
13635,209.15,jewelry,0,0,7,9,319.0,0
13636,67.64,pharmacy,0,0,15,13,1330.6,0
13637,36.95,fuel,0,0,12,26,561.8,0
13638,14.66,grocery,0,0,22,12,128.6,0
13639,35.54,travel,0,0,19,24,23.9,0
13640,96.32,entertainment,0,0,9,15,1191.4,0
13641,1565.92,pharmacy,0,1,3,3,0.1,1
13642,55.65,online_retail,1,0,12,21,1370.6,0
13643,45.36,travel,0,0,17,11,154.2,0
13644,30.14,online_retail,0,0,18,10,316.3,0
13645,18.37,entertainment,0,0,11,11,686.3,0
13646,15.63,online_retail,0,0,13,17,1994.6,0
13647,70.9,dining,0,0,14,17,376.7,0
13648,65.82,dining,0,0,18,9,298.5,0
13649,67.34,jewelry,0,0,9,15,1324.7,0
13650,23.47,grocery,0,0,17,12,1882.4,0
13651,68.91,grocery,0,0,13,21,1911.4,0
13652,14.83,jewelry,0,0,11,25,1766.1,0
13653,280.88,electronics,0,0,18,14,306.3,0
13654,102.18,grocery,0,0,19,18,397.2,0
13655,209.85,jewelry,0,0,11,17,679.2,0
13656,67.71,electronics,0,0,19,18,815.2,0
13657,264.14,pharmacy,0,1,12,19,1129.3,0
13658,180.8,online_retail,0,1,13,17,1510.1,0
13659,115.79,entertainment,0,0,6,14,888.4,0
13660,169.66,jewelry,0,0,18,6,2146.2,0
13661,49.39,online_retail,0,0,21,25,345.5,0
13662,81.02,travel,0,0,10,9,827.6,0
13663,27.36,travel,0,1,22,17,784.9,0
13664,40.09,utilities,0,0,9,10,477.9,0
13665,23.98,online_retail,0,0,10,20,10.5,0
13666,10.27,grocery,0,0,18,16,17.1,0
13667,80.12,entertainment,0,0,9,12,192.8,0
13668,7.98,fuel,0,0,6,25,775.7,0
13669,30.15,utilities,0,0,15,14,1292.5,0
13670,102.78,entertainment,0,0,21,18,139.8,0
13671,102.65,utilities,0,1,15,16,799.8,0
13672,48.96,jewelry,0,0,18,10,1340.4,0
13673,26.42,grocery,0,0,10,17,616.2,0
13674,25.6,travel,0,0,8,15,726.0,0
13675,165.43,dining,1,1,6,12,390.2,0
13676,96.92,jewelry,0,0,10,11,350.3,0
13677,137.62,online_retail,0,1,19,8,547.3,0
13678,61.04,online_retail,0,0,17,7,2715.8,0
13679,97.88,fuel,0,0,21,18,838.8,0
13680,230.97,jewelry,0,0,9,26,811.8,0
13681,85.65,dining,0,0,20,6,482.3,0
13682,175.7,entertainment,0,0,21,12,318.2,0
13683,80.56,fuel,0,0,19,11,22.8,0
13684,29.32,utilities,0,0,20,18,454.5,0
13685,8.03,travel,0,0,22,17,1979.4,0
13686,173.17,dining,0,0,17,13,759.9,0
13687,33.33,electronics,0,0,16,16,438.3,0
13688,642.07,travel,0,1,0,4,5.4,1
13689,124.74,dining,0,1,13,14,282.4,0
13690,121.09,online_retail,0,0,16,14,881.2,0
13691,38.95,jewelry,0,0,17,14,196.5,0
13692,39.22,dining,0,0,15,16,220.4,0
13693,42.26,fuel,0,0,9,13,1005.4,0
13694,89.16,fuel,0,0,11,13,2158.5,0
13695,40.29,grocery,0,0,8,14,1872.3,0
13696,50.8,fuel,0,0,11,18,1025.7,0
13697,99.88,electronics,0,0,11,21,115.6,0
13698,93.66,electronics,0,0,7,17,333.0,0
13699,15.21,electronics,0,0,13,14,30.4,0
13700,74.81,travel,0,0,10,24,822.6,0
13701,65.59,pharmacy,0,0,11,16,503.6,0
13702,101.56,dining,0,0,12,20,285.3,0
13703,48.23,entertainment,0,0,15,18,979.4,0
13704,124.99,pharmacy,0,0,17,14,317.2,0
13705,148.22,electronics,0,0,18,15,118.4,0
13706,124.96,jewelry,0,0,11,11,497.5,0
13707,22.5,dining,0,0,15,18,1236.0,0
13708,85.74,travel,0,0,16,9,279.3,0
13709,145.27,electronics,0,0,14,16,9.6,0
13710,129.25,online_retail,0,0,12,12,319.1,0
13711,33.36,dining,0,0,12,15,187.9,0
13712,65.23,utilities,0,0,17,18,441.7,0
13713,38.65,travel,0,0,21,10,236.3,0
13714,92.63,jewelry,0,0,6,9,750.8,0
13715,27.47,electronics,0,0,6,13,1532.8,0
13716,67.73,dining,0,0,13,12,3121.5,0
13717,185.37,entertainment,0,0,15,14,210.7,0
13718,48.65,utilities,0,0,22,14,1017.0,0
13719,81.29,grocery,0,0,14,18,102.6,0
13720,154.87,fuel,0,0,15,11,623.3,0
13721,19.09,travel,0,0,14,16,549.1,0
13722,69.72,entertainment,0,0,16,15,349.6,0
13723,111.88,dining,1,0,20,10,784.0,0
13724,64.04,fuel,0,0,19,26,707.7,0
13725,18.26,fuel,0,0,10,17,1392.8,0
13726,18.33,fuel,0,0,16,19,36.5,0
13727,23.64,fuel,0,0,21,20,41.1,0
13728,69.92,pharmacy,0,0,22,10,2018.9,0
13729,86.67,electronics,0,0,13,14,592.0,0
13730,88.32,electronics,0,0,7,14,712.4,0
13731,7.51,electronics,0,1,6,19,267.3,0
13732,23.86,dining,0,0,11,18,19.4,0
13733,14.54,online_retail,0,0,21,18,2042.4,0
13734,113.0,travel,1,0,8,14,519.2,0
13735,88.67,grocery,0,0,14,19,449.3,0
13736,78.54,jewelry,0,0,22,12,1103.9,0
13737,221.46,pharmacy,0,0,14,12,162.9,0
13738,99.22,jewelry,0,0,14,14,107.7,0
13739,19.35,jewelry,0,0,8,12,759.0,0
13740,87.89,electronics,0,0,16,11,465.1,0
13741,81.9,dining,0,0,16,14,841.8,0
13742,123.08,electronics,0,0,21,12,405.3,0
13743,53.28,grocery,0,0,11,16,464.5,0
13744,109.63,pharmacy,0,0,14,12,55.7,0
13745,149.86,electronics,0,0,18,11,756.6,0
13746,152.7,grocery,0,0,11,14,726.5,0
13747,103.58,dining,0,1,20,20,82.4,0
13748,140.78,fuel,0,0,13,19,899.9,0
13749,78.95,fuel,0,0,21,21,117.3,0
13750,31.64,jewelry,0,0,18,11,140.8,0
13751,85.52,entertainment,0,0,7,17,1729.5,0
13752,106.09,electronics,0,0,16,12,938.0,0
13753,92.36,utilities,0,0,8,13,89.7,0
13754,71.16,grocery,0,0,13,17,1373.5,0
13755,104.08,fuel,0,0,16,12,292.2,0
13756,83.78,entertainment,0,0,7,8,1835.9,0
13757,107.22,utilities,0,0,8,18,47.2,0
13758,135.1,travel,0,0,20,17,348.1,0
13759,141.32,grocery,0,1,13,11,242.5,0
13760,805.11,grocery,1,1,2,1,7.7,1
13761,51.32,jewelry,0,0,10,14,126.1,0
13762,74.1,travel,0,0,17,13,795.0,0
13763,92.54,grocery,0,0,10,14,245.0,0
13764,39.97,fuel,0,0,22,10,664.0,0
13765,144.42,pharmacy,0,0,8,12,45.8,0
13766,28.31,online_retail,0,0,22,18,775.9,0
13767,103.64,fuel,1,0,8,10,166.4,0
13768,42.12,entertainment,0,0,17,16,1331.4,0
13769,30.69,pharmacy,0,0,20,16,190.0,0
13770,183.13,fuel,0,0,10,17,116.5,0
13771,48.97,travel,0,0,8,15,542.4,0
13772,22.14,fuel,0,0,21,25,899.2,0
13773,150.73,dining,0,0,7,19,1222.7,0
13774,62.89,pharmacy,0,0,18,11,293.1,0
13775,29.22,fuel,0,1,15,16,614.9,0
13776,17.59,dining,0,1,10,15,49.5,0
13777,87.51,online_retail,0,0,12,20,585.7,0
13778,102.58,jewelry,0,0,19,19,224.7,0
13779,100.0,electronics,0,0,10,13,270.9,0
13780,49.01,jewelry,0,0,18,20,146.1,0
13781,56.15,electronics,0,0,12,12,1063.4,0
13782,52.51,grocery,0,1,19,13,1002.4,0
13783,71.94,online_retail,0,0,19,15,1079.4,0
13784,136.67,fuel,0,0,15,14,660.0,0
13785,66.46,fuel,0,0,18,11,494.7,0
13786,43.55,travel,0,0,8,10,1790.9,0
13787,40.57,entertainment,0,0,7,20,644.0,0
13788,71.72,fuel,0,0,12,18,819.3,0
13789,72.21,dining,0,0,6,9,148.8,0
13790,28.86,utilities,0,0,11,20,33.8,0
13791,16.33,fuel,0,0,10,16,361.6,0
13792,14.44,pharmacy,0,0,16,15,1720.9,0
13793,94.61,grocery,0,0,12,16,918.0,0
13794,195.27,jewelry,0,0,17,14,32.0,0
13795,53.12,grocery,0,0,21,16,12.1,0
13796,94.18,entertainment,0,0,19,19,16.9,0
13797,24.71,dining,0,0,9,26,202.3,0
13798,32.7,electronics,0,0,7,15,1080.8,0
13799,6.5,online_retail,0,0,7,13,1418.0,0
13800,19.7,pharmacy,0,0,20,17,271.5,0
13801,6.95,dining,1,0,18,21,67.4,0
13802,36.89,entertainment,0,0,18,14,641.3,0
13803,135.96,fuel,0,0,17,8,1260.9,0
13804,167.62,grocery,0,0,12,21,285.6,0
13805,39.14,utilities,0,0,12,14,455.8,0
13806,32.39,pharmacy,0,1,8,10,299.4,0
13807,75.14,pharmacy,1,0,16,14,876.9,0
13808,39.56,dining,1,0,16,15,740.0,0
13809,122.9,entertainment,0,1,21,15,121.2,0
13810,66.03,electronics,0,0,12,10,4.8,0
13811,135.98,entertainment,0,0,22,14,670.2,0
13812,25.7,travel,0,0,11,18,336.5,0
13813,23.01,entertainment,0,0,9,8,538.6,0
13814,143.91,entertainment,0,0,7,16,1293.3,0
13815,42.05,dining,0,0,6,12,374.2,0
13816,215.68,grocery,0,0,18,18,343.9,0
13817,52.01,online_retail,0,1,13,19,547.1,0
13818,42.57,grocery,0,0,20,14,276.4,0
13819,14.78,jewelry,0,0,9,14,645.2,0
13820,24.85,entertainment,0,0,10,19,193.4,0
13821,118.84,electronics,0,0,19,16,310.0,0
13822,29.17,entertainment,0,0,7,14,353.8,0
13823,252.59,travel,0,0,14,18,2178.3,0
13824,110.42,pharmacy,0,0,21,20,272.7,0
13825,58.54,entertainment,0,0,18,13,1121.1,0
13826,125.5,travel,0,0,19,22,1215.5,0
13827,32.19,travel,0,0,16,22,241.2,0
13828,51.13,jewelry,0,0,17,20,107.4,0
13829,48.05,utilities,0,0,22,12,4.9,0
13830,15.15,fuel,0,0,16,14,1508.9,0
13831,173.54,online_retail,0,0,13,17,241.1,0
13832,130.77,pharmacy,0,0,18,10,170.6,0
13833,95.67,travel,0,1,22,16,719.0,0
13834,39.05,travel,0,0,13,14,494.7,0
13835,11.7,dining,0,0,18,12,53.1,0
13836,30.95,travel,0,0,19,13,397.2,0
13837,20.33,dining,0,0,19,11,301.8,0
13838,6.96,electronics,0,0,20,11,279.4,0
13839,22.6,fuel,0,0,22,14,1300.4,0
13840,75.87,electronics,0,0,16,15,700.4,0
13841,57.72,entertainment,0,0,9,17,407.6,0
13842,31.25,entertainment,0,0,19,9,422.7,0
13843,14.3,dining,0,0,10,14,278.5,0
13844,48.11,pharmacy,0,0,19,16,495.0,0
13845,48.07,utilities,0,0,14,15,122.1,0
13846,34.1,dining,0,0,13,13,346.6,0
13847,5.26,jewelry,0,0,6,10,130.7,0
13848,55.06,online_retail,0,0,14,13,495.0,0
13849,88.13,utilities,0,0,7,16,1496.4,0
13850,65.49,dining,0,0,13,12,560.8,0
13851,20.67,pharmacy,0,0,10,20,117.4,0
13852,96.57,online_retail,0,0,9,12,1152.2,0
13853,21.96,travel,0,0,13,14,78.5,0
13854,105.01,pharmacy,0,0,19,9,186.2,0
13855,19.56,electronics,0,0,6,11,1470.6,0
13856,125.65,grocery,0,0,8,27,191.7,0
13857,85.81,online_retail,0,0,9,13,1258.0,0
13858,25.31,jewelry,0,0,22,14,59.1,0
13859,31.37,utilities,0,0,12,13,252.5,0
13860,87.86,jewelry,0,0,20,10,415.5,0
13861,28.92,utilities,0,0,13,10,406.4,0
13862,243.6,dining,0,0,6,11,273.4,0
13863,95.92,travel,0,1,18,25,384.2,0
13864,94.65,electronics,0,0,15,22,551.0,0
13865,8.13,travel,0,0,12,9,541.3,0
13866,220.4,electronics,0,0,10,17,39.5,0
13867,36.33,dining,0,0,21,19,19.2,0
13868,141.22,pharmacy,0,0,19,18,711.3,0
13869,3.53,entertainment,0,0,20,15,647.1,0
13870,55.74,online_retail,0,0,21,18,372.3,0
13871,54.35,fuel,0,0,21,13,124.0,0
13872,45.03,travel,0,0,14,19,2418.4,0
13873,84.68,entertainment,0,0,17,15,745.9,0
13874,1.83,dining,0,0,19,14,2319.8,0
13875,20.17,online_retail,0,0,14,15,1.3,0
13876,36.16,jewelry,0,0,20,20,265.0,0
13877,171.14,grocery,0,0,6,9,789.1,0
13878,202.09,entertainment,0,0,14,8,315.0,0
13879,96.24,utilities,0,0,13,17,1197.0,0
13880,98.2,online_retail,0,0,21,16,700.4,0
13881,25.63,fuel,0,0,20,9,829.0,0
13882,142.16,utilities,0,0,14,10,731.6,0
13883,71.26,travel,0,0,18,19,1030.8,0
13884,32.98,entertainment,0,0,9,11,210.0,0
13885,30.59,grocery,1,0,6,15,1237.3,0
13886,77.34,online_retail,1,0,21,8,263.6,0
13887,19.16,entertainment,0,0,8,19,419.3,0
13888,103.12,dining,0,0,6,10,223.2,0
13889,123.99,grocery,0,0,9,24,1647.8,0
13890,46.55,fuel,0,0,20,18,1134.1,0
13891,73.36,jewelry,0,1,9,18,13.4,0
13892,123.14,travel,0,0,7,9,282.9,0
13893,69.35,electronics,0,0,16,12,348.0,0
13894,77.43,travel,0,0,18,15,421.3,0
13895,165.0,electronics,0,0,21,14,705.3,0
13896,35.89,utilities,0,0,19,18,453.0,0
13897,72.66,entertainment,0,0,18,14,194.1,0
13898,16.33,fuel,0,0,14,18,496.2,0
13899,86.14,utilities,0,0,13,23,187.0,0
13900,720.79,entertainment,1,1,0,3,15.0,1
13901,78.19,grocery,0,0,6,16,2220.0,0
13902,79.76,jewelry,0,0,16,16,1186.4,0
13903,99.31,jewelry,0,0,18,12,704.0,0
13904,75.13,jewelry,0,0,7,14,243.7,0
13905,34.37,entertainment,0,0,6,14,144.4,0
13906,9.76,utilities,0,0,20,9,219.3,0
13907,42.87,grocery,0,0,22,18,458.2,0
13908,116.44,electronics,0,0,22,22,197.0,0
13909,41.77,dining,0,0,22,13,906.8,0
13910,15.19,online_retail,0,1,6,17,774.0,0
13911,634.23,grocery,1,1,1,4,4.1,1
13912,66.22,electronics,0,0,10,22,653.2,0
13913,90.68,travel,0,1,22,12,379.7,0
13914,46.43,dining,0,0,20,10,631.8,0
13915,102.95,online_retail,0,0,7,15,257.6,0
13916,94.94,jewelry,0,0,17,17,628.0,0
13917,13.36,travel,0,0,18,15,76.6,0
13918,60.4,jewelry,0,0,17,6,82.4,0
13919,83.94,electronics,1,0,20,10,552.8,0
13920,167.28,utilities,0,0,20,17,311.9,0
13921,110.24,jewelry,0,0,7,10,340.2,0
13922,83.58,pharmacy,1,0,8,17,516.9,0
13923,74.2,pharmacy,0,0,22,5,1137.9,0
13924,332.42,jewelry,0,0,22,12,898.4,0
13925,77.34,electronics,0,0,16,15,188.0,0
13926,17.26,travel,0,0,13,12,424.1,0
13927,116.11,online_retail,0,0,19,26,24.0,0
13928,43.49,grocery,0,0,18,15,1697.4,0
13929,113.86,pharmacy,0,0,6,10,874.3,0
13930,85.58,travel,0,0,18,12,207.8,0
13931,144.73,grocery,0,0,14,12,66.4,0
13932,140.12,entertainment,0,0,8,10,787.6,0
13933,44.31,electronics,0,0,8,16,485.3,0
13934,16.56,fuel,0,0,8,11,861.0,0
13935,91.02,pharmacy,0,0,13,12,237.9,0
13936,108.89,jewelry,0,0,13,19,655.0,0
13937,55.77,online_retail,1,0,16,16,45.1,0
13938,49.58,jewelry,0,0,18,15,1368.4,0
13939,72.43,online_retail,0,0,16,11,219.7,0
13940,30.79,jewelry,0,0,22,7,638.8,0
13941,43.35,travel,0,0,20,19,611.6,0
13942,44.42,utilities,0,0,8,22,243.5,0
13943,50.86,grocery,0,0,16,13,1193.1,0
13944,83.13,grocery,0,0,18,15,518.6,0
13945,33.67,online_retail,0,0,17,10,1460.2,0
13946,154.77,electronics,1,0,21,22,93.1,0
13947,80.82,entertainment,0,0,16,8,1432.2,0
13948,114.67,entertainment,0,0,20,15,778.6,0
13949,124.85,grocery,0,0,6,21,567.7,0
13950,17.02,online_retail,0,0,18,20,1077.2,0
13951,42.85,utilities,0,0,11,19,340.5,0
13952,19.79,grocery,0,0,13,15,989.7,0
13953,600.39,grocery,0,1,3,4,9.0,1
13954,72.83,entertainment,0,0,6,12,517.8,0
13955,112.63,online_retail,0,0,20,28,1418.1,0
13956,78.58,online_retail,0,0,12,14,222.3,0
13957,106.82,dining,0,0,22,10,1507.4,0
13958,85.93,utilities,0,0,16,18,62.3,0
13959,101.35,jewelry,0,0,17,13,326.1,0
13960,77.56,fuel,0,0,21,17,239.1,0
13961,66.86,jewelry,0,0,6,23,859.5,0
13962,55.51,dining,0,0,13,13,128.2,0
13963,76.42,jewelry,0,0,19,13,98.1,0
13964,150.4,dining,0,0,7,9,412.0,0
13965,44.96,utilities,0,0,13,21,660.4,0
13966,102.39,electronics,0,0,9,17,2254.8,0
13967,123.14,pharmacy,0,0,8,17,581.6,0
13968,173.62,grocery,0,0,8,16,2174.8,0
13969,29.74,entertainment,0,0,9,15,669.2,0
13970,116.38,jewelry,0,0,14,10,117.8,0
13971,76.2,jewelry,0,1,9,13,169.6,0
13972,52.25,travel,0,0,22,19,70.1,0
13973,96.23,fuel,0,0,15,14,14.5,0
13974,134.12,jewelry,0,0,6,15,872.5,0
13975,59.21,electronics,0,0,16,17,1123.5,0
13976,66.2,dining,0,0,14,16,868.0,0
13977,38.18,grocery,0,0,7,12,850.0,0
13978,152.83,entertainment,0,0,16,17,75.4,0
13979,64.76,entertainment,0,0,11,16,1262.2,0
13980,201.33,grocery,0,0,15,14,426.2,0
13981,10.45,utilities,1,0,10,18,309.6,0
13982,118.59,travel,0,0,10,11,194.1,0
13983,73.01,jewelry,0,1,14,16,408.5,0
13984,102.18,travel,0,0,18,16,99.2,0
13985,76.62,dining,0,1,12,13,216.4,0
13986,61.69,electronics,0,0,18,18,189.6,0
13987,43.79,utilities,0,1,12,18,594.4,0
13988,34.9,entertainment,0,0,21,13,614.7,0
13989,37.77,dining,0,0,11,14,282.8,0
13990,274.29,grocery,0,0,15,18,650.7,0
13991,54.87,entertainment,0,1,19,13,589.5,0
13992,92.14,online_retail,0,0,16,21,744.7,0
13993,59.77,fuel,0,1,9,14,20.9,0
13994,67.25,online_retail,0,0,21,14,443.0,0
13995,82.85,jewelry,0,0,7,19,3268.9,0
13996,38.65,travel,0,0,9,11,73.1,0
13997,61.11,utilities,0,0,15,10,1668.8,0
13998,58.03,pharmacy,0,0,16,16,179.6,0
13999,8.72,electronics,0,0,7,13,314.9,0
14000,27.45,grocery,0,1,11,18,2.6,0
14001,65.59,electronics,0,0,18,10,1542.2,0
14002,54.49,travel,0,0,13,13,703.5,0
14003,213.28,entertainment,0,0,17,13,356.0,0
14004,68.8,online_retail,0,0,13,17,1416.3,0
14005,45.18,online_retail,0,0,6,16,6.5,0
14006,39.27,entertainment,0,0,11,20,392.1,0
14007,159.92,online_retail,0,0,17,17,319.8,0
14008,36.75,travel,0,0,19,15,396.5,0
14009,98.4,dining,0,0,13,13,479.4,0
14010,143.35,dining,0,0,13,15,8.1,0
14011,24.22,utilities,0,0,17,15,856.8,0
14012,34.85,electronics,0,0,20,20,649.4,0
14013,80.13,travel,1,0,11,12,213.4,0
14014,65.52,electronics,0,0,14,13,800.5,0
14015,27.08,utilities,0,0,10,20,254.1,0
14016,44.16,grocery,0,0,20,13,307.9,0
14017,114.38,pharmacy,0,1,17,12,175.9,0
14018,161.55,jewelry,0,1,6,15,1261.0,0
14019,134.43,entertainment,0,0,9,15,17.2,0
14020,120.37,utilities,0,0,16,15,228.2,0
14021,28.09,fuel,0,0,12,10,680.3,0
14022,24.99,online_retail,0,0,22,10,370.4,0
14023,171.93,fuel,0,0,17,16,412.4,0
14024,61.41,jewelry,0,0,7,16,188.2,0
14025,68.18,jewelry,0,0,21,13,659.7,0
14026,59.3,utilities,0,1,8,17,1007.3,0
14027,10.22,utilities,0,0,10,16,29.5,0
14028,55.85,fuel,0,0,20,12,86.0,0
14029,32.11,dining,0,0,17,10,205.5,0
14030,131.82,pharmacy,0,0,19,16,954.7,0
14031,27.46,travel,0,0,15,13,886.8,0
14032,59.28,grocery,0,0,15,14,375.5,0
14033,8.56,dining,0,0,7,15,1721.8,0
14034,68.83,jewelry,0,0,9,15,1020.8,0
14035,76.47,dining,0,0,16,7,13.3,0
14036,64.59,entertainment,0,0,9,22,4.6,0
14037,78.54,fuel,0,0,11,16,2158.4,0
14038,28.88,dining,0,0,14,17,30.2,0
14039,80.36,entertainment,0,0,8,14,776.9,0
14040,67.69,online_retail,0,0,14,12,619.0,0
14041,33.23,travel,0,0,7,14,461.0,0
14042,14.71,utilities,0,0,9,13,52.2,0
14043,40.33,pharmacy,0,0,9,15,595.6,0
14044,135.28,pharmacy,0,0,17,22,24.2,0
14045,48.21,entertainment,0,0,12,22,1985.1,0
14046,117.54,pharmacy,0,0,6,15,847.4,0
14047,18.49,entertainment,0,0,22,11,347.2,0
14048,118.63,entertainment,0,0,22,16,247.8,0
14049,15.09,online_retail,1,0,21,21,458.3,0
14050,861.42,travel,0,1,1,3,0.1,1
14051,70.27,grocery,0,0,13,19,156.6,0
14052,74.43,jewelry,0,0,9,18,2863.9,0
14053,62.81,utilities,0,0,9,26,164.7,0
14054,37.08,fuel,0,0,13,14,853.9,0
14055,70.75,electronics,1,0,7,15,79.4,0
14056,28.22,entertainment,0,0,21,13,1368.3,0
14057,86.73,electronics,0,1,21,14,1252.5,0
14058,80.45,travel,0,1,13,13,39.8,0
14059,779.52,utilities,1,0,1,4,8.8,1
14060,16.07,entertainment,0,0,17,12,137.0,0
14061,57.03,entertainment,0,0,17,16,924.3,0
14062,87.57,jewelry,0,1,15,10,991.2,0
14063,131.51,online_retail,0,0,11,5,89.1,0
14064,155.33,pharmacy,0,0,8,7,1513.9,0
14065,67.21,electronics,0,0,13,21,145.9,0
14066,59.64,fuel,0,0,14,21,860.2,0
14067,89.02,travel,0,0,16,10,30.7,0
14068,181.02,electronics,0,1,17,16,285.5,0
14069,704.16,entertainment,1,0,0,2,11.4,1
14070,102.03,entertainment,0,0,13,17,114.4,0
14071,356.15,entertainment,0,0,11,17,391.7,0
14072,75.27,online_retail,0,0,17,16,2565.9,0
14073,83.37,entertainment,0,1,8,20,42.3,0
14074,129.16,travel,0,0,21,11,719.5,0
14075,228.05,pharmacy,0,0,11,22,749.0,0
14076,101.41,fuel,0,0,19,21,50.0,0
14077,256.13,travel,0,0,12,20,815.5,0
14078,154.17,jewelry,0,0,22,11,96.5,0
14079,101.83,utilities,0,0,18,9,161.3,0
14080,84.7,travel,0,0,9,17,444.6,0
14081,42.68,jewelry,0,0,8,19,1062.4,0
14082,23.64,jewelry,0,0,9,14,1243.2,0
14083,52.04,grocery,0,0,6,18,2540.8,0
14084,169.5,fuel,0,0,21,13,1155.0,0
14085,109.59,entertainment,0,0,17,19,62.8,0
14086,28.81,entertainment,0,0,12,13,42.0,0
14087,252.62,travel,0,0,8,19,578.4,0
14088,38.48,grocery,0,0,21,22,1101.5,0
14089,116.96,electronics,0,0,6,10,411.6,0
14090,203.41,utilities,0,0,6,16,812.2,0
14091,169.19,electronics,1,0,6,16,1722.7,0
14092,80.41,electronics,1,0,12,20,615.6,0
14093,53.49,electronics,0,0,6,8,329.1,0
14094,82.19,jewelry,0,0,10,16,326.3,0
14095,64.04,fuel,0,0,12,13,159.5,0
14096,108.05,fuel,0,0,15,19,357.5,0
14097,21.52,electronics,0,0,16,24,93.1,0
14098,61.67,grocery,0,0,7,15,1324.7,0
14099,255.73,pharmacy,0,0,12,9,1342.2,0
14100,95.26,jewelry,0,0,20,12,266.8,0
14101,30.24,online_retail,0,0,22,17,663.1,0
14102,105.58,pharmacy,0,0,13,17,309.4,0
14103,161.32,fuel,0,0,10,12,744.6,0
14104,46.81,utilities,0,0,7,19,247.4,0
14105,59.97,electronics,0,1,17,9,498.8,0
14106,42.48,travel,0,0,8,17,460.7,0
14107,41.05,entertainment,0,0,12,14,1223.1,0
14108,35.74,entertainment,0,0,14,13,1102.0,0
14109,23.62,jewelry,0,0,20,14,295.9,0
14110,30.32,fuel,0,0,22,13,411.0,0
14111,96.59,online_retail,0,0,19,13,208.6,0
14112,64.04,online_retail,0,0,18,7,466.3,0
14113,87.97,dining,0,0,6,19,280.5,0
14114,95.62,dining,0,0,16,20,796.8,0
14115,99.23,travel,0,0,15,21,487.2,0
14116,101.3,jewelry,0,0,15,16,1405.3,0
14117,80.06,online_retail,0,0,6,19,881.4,0
14118,29.7,fuel,0,1,7,15,423.8,0
14119,18.53,online_retail,0,0,13,10,311.3,0
14120,132.94,travel,0,0,7,25,582.4,0
14121,15.13,jewelry,0,1,18,18,968.5,0
14122,46.09,travel,0,0,18,17,317.4,0
14123,27.73,utilities,0,0,12,13,239.6,0
14124,66.07,travel,0,0,8,21,627.1,0
14125,189.88,utilities,0,0,17,15,493.7,0
14126,64.17,jewelry,0,1,9,17,436.4,0
14127,1251.17,grocery,0,1,0,5,5.3,1
14128,87.06,fuel,0,0,16,16,2129.7,0
14129,48.55,electronics,0,0,16,18,37.3,0
14130,820.33,grocery,0,1,0,1,6.4,1
14131,49.75,travel,0,0,20,15,92.8,0
14132,165.85,electronics,1,0,8,10,1197.1,0
14133,48.63,electronics,0,0,12,16,229.8,0
14134,22.05,jewelry,0,0,6,16,326.7,0
14135,67.33,online_retail,0,0,10,24,37.9,0
14136,39.8,utilities,0,0,20,13,878.4,0
14137,471.26,entertainment,1,1,0,2,3.9,1
14138,25.26,grocery,0,1,9,14,5.5,0
14139,51.23,grocery,0,0,18,12,1783.7,0
14140,56.46,utilities,0,0,22,15,1996.3,0
14141,134.25,grocery,0,0,14,19,758.1,0
14142,32.66,utilities,0,0,11,19,336.5,0
14143,126.55,utilities,0,1,6,15,989.1,0
14144,44.62,utilities,0,0,14,19,319.9,0
14145,60.18,pharmacy,0,0,17,15,1712.3,0
14146,136.23,utilities,0,0,9,12,630.3,0
14147,29.18,electronics,0,0,17,10,333.1,0
14148,71.45,fuel,0,0,9,9,251.6,0
14149,68.0,jewelry,0,0,8,24,404.0,0
14150,52.77,pharmacy,0,0,21,13,844.8,0
14151,35.34,travel,0,0,20,17,660.0,0
14152,118.53,grocery,0,0,16,8,1537.0,0
14153,37.83,entertainment,0,0,14,19,490.4,0
14154,28.88,jewelry,0,0,17,19,1685.3,0
14155,109.22,entertainment,0,0,22,16,805.8,0
14156,84.98,grocery,0,0,8,11,492.8,0
14157,41.88,utilities,0,0,18,25,268.8,0
14158,94.34,grocery,0,0,6,16,955.4,0
14159,71.88,entertainment,0,0,9,15,1036.5,0
14160,71.06,dining,0,0,21,12,20.3,0
14161,1070.81,entertainment,1,1,0,0,9.8,1
14162,166.17,pharmacy,0,0,17,16,491.8,0
14163,74.16,dining,0,0,17,9,49.5,0
14164,189.98,jewelry,0,0,15,12,4.4,0
14165,90.34,utilities,0,0,11,16,71.3,0
14166,19.79,electronics,0,0,9,20,106.7,0
14167,73.18,electronics,0,0,21,12,1756.1,0
14168,92.67,fuel,0,1,8,17,468.6,0
14169,20.73,entertainment,0,0,14,16,684.5,0
14170,31.61,travel,0,0,18,12,674.7,0
14171,26.2,travel,0,0,9,10,118.6,0
14172,545.57,electronics,0,0,2,2,0.3,1
14173,8.91,jewelry,0,0,6,10,487.5,0
14174,82.32,travel,0,0,13,19,229.5,0
14175,47.89,dining,0,0,11,10,51.1,0
14176,77.41,grocery,0,0,9,13,60.0,0
14177,24.26,pharmacy,0,0,7,16,1497.9,0
14178,91.73,dining,0,0,12,10,104.3,0
14179,108.73,utilities,0,0,12,19,985.3,0
14180,72.88,grocery,0,0,14,10,2988.3,0
14181,81.5,online_retail,0,0,13,16,304.9,0
14182,11.6,utilities,0,0,18,24,83.8,0
14183,104.98,dining,0,0,17,14,1372.3,0
14184,33.6,entertainment,0,0,21,9,122.3,0
14185,99.1,utilities,0,0,6,19,69.3,0
14186,278.4,utilities,0,0,8,20,271.2,0
14187,181.24,entertainment,0,0,15,15,293.9,0
14188,207.73,fuel,0,0,17,20,13.2,0
14189,8.74,dining,0,0,8,23,779.1,0
14190,112.11,dining,0,0,13,16,367.8,0
14191,39.65,utilities,0,0,19,17,384.3,0
14192,22.55,electronics,0,0,12,16,1038.5,0
14193,128.04,online_retail,0,1,20,23,245.4,0
14194,17.71,fuel,0,0,21,21,67.1,0
14195,10.95,online_retail,0,0,9,20,183.7,0
14196,45.15,online_retail,0,0,19,18,121.3,0
14197,164.54,travel,1,0,21,19,17.5,0
14198,111.84,grocery,0,0,18,14,401.0,0
14199,148.86,utilities,1,0,18,24,585.5,0
14200,126.37,pharmacy,0,0,14,15,123.1,0
14201,61.22,online_retail,1,0,6,8,898.6,0
14202,57.19,pharmacy,0,0,12,13,1716.7,0
14203,25.18,pharmacy,0,0,19,14,839.1,0
14204,22.67,grocery,0,0,20,15,1658.0,0
14205,93.09,electronics,0,0,16,21,418.1,0
14206,78.27,travel,0,1,13,16,131.0,0
14207,62.18,grocery,0,0,8,14,524.6,0
14208,146.02,fuel,0,0,22,14,907.2,0
14209,99.09,utilities,0,1,16,14,2058.2,0
14210,21.23,jewelry,0,0,6,16,1285.9,0
14211,200.31,fuel,0,0,7,23,957.1,0
14212,68.07,utilities,0,0,8,17,662.7,0
14213,40.98,utilities,0,0,15,13,1111.0,0
14214,123.62,electronics,0,0,15,19,135.8,0
14215,59.42,travel,0,0,18,12,684.0,0
14216,150.03,utilities,0,0,19,10,190.7,0
14217,80.07,online_retail,0,0,12,14,933.1,0
14218,61.6,pharmacy,0,0,18,9,340.4,0
14219,106.3,travel,0,0,11,14,383.0,0
14220,94.72,pharmacy,0,0,15,13,455.5,0
14221,94.58,jewelry,0,0,14,19,239.6,0
14222,21.0,entertainment,0,0,12,15,203.4,0
14223,9.18,utilities,0,0,14,10,265.4,0
14224,93.18,grocery,0,0,7,16,304.4,0
14225,939.69,jewelry,1,0,4,1,0.1,1
14226,106.1,jewelry,0,0,19,17,176.3,0
14227,78.87,electronics,0,0,21,15,61.9,0
14228,49.29,utilities,0,0,19,13,406.5,0
14229,135.93,dining,0,0,6,13,1117.8,0
14230,24.14,entertainment,0,0,17,11,31.3,0
14231,65.57,pharmacy,0,0,16,16,1327.2,0
14232,118.47,jewelry,0,0,13,17,711.5,0
14233,30.3,dining,0,0,11,13,17.1,0
14234,65.12,fuel,0,0,7,14,231.3,0
14235,9.53,grocery,0,0,19,15,48.4,0
14236,23.44,dining,0,0,18,14,1641.1,0
14237,61.22,entertainment,0,1,13,15,141.2,0
14238,62.4,electronics,0,0,10,13,288.6,0
14239,17.23,entertainment,0,0,7,18,90.9,0
14240,43.55,fuel,0,0,12,12,768.7,0
14241,52.9,grocery,0,0,10,16,511.8,0
14242,66.71,travel,0,0,15,21,122.3,0
14243,91.97,jewelry,0,0,20,13,1003.8,0
14244,152.86,utilities,0,1,6,16,91.5,0
14245,180.02,grocery,0,0,17,16,506.7,0
14246,20.35,travel,0,0,12,14,107.8,0
14247,87.58,grocery,0,0,8,10,619.2,0
14248,67.31,online_retail,0,0,16,16,63.2,0
14249,30.43,online_retail,0,0,11,14,610.6,0
14250,27.43,online_retail,0,0,6,18,1.1,0
14251,253.99,fuel,0,0,18,12,614.3,0
14252,686.87,jewelry,0,1,4,1,1.7,1
14253,165.09,entertainment,0,0,6,13,991.7,0
14254,173.9,jewelry,0,0,16,11,145.3,0
14255,97.13,jewelry,0,0,18,10,315.3,0
14256,33.51,electronics,0,0,21,23,528.7,0
14257,50.79,jewelry,0,0,10,8,317.2,0
14258,23.93,online_retail,0,0,9,18,61.0,0
14259,337.92,dining,0,0,16,13,603.8,0
14260,31.8,travel,1,0,19,15,582.4,0
14261,155.81,dining,0,0,20,17,461.7,0
14262,49.82,online_retail,0,0,16,17,341.0,0
14263,85.81,travel,0,0,11,16,6.2,0
14264,48.58,utilities,0,0,18,17,247.4,0
14265,59.68,jewelry,0,0,15,10,373.0,0
14266,66.9,jewelry,0,0,8,12,1341.4,0
14267,30.09,travel,0,0,9,21,830.5,0
14268,171.86,electronics,0,0,19,16,1014.5,0
14269,294.96,fuel,0,0,9,14,473.8,0
14270,110.29,online_retail,0,0,9,9,258.4,0
14271,34.21,jewelry,1,0,7,19,1391.9,0
14272,65.98,electronics,0,1,10,15,75.1,0
14273,144.74,travel,0,0,14,19,68.1,0
14274,101.14,entertainment,0,0,14,13,16.9,0
14275,97.06,jewelry,0,0,9,14,2721.9,0
14276,121.86,dining,0,0,19,15,582.6,0
14277,50.27,travel,0,0,18,13,513.2,0
14278,7.95,pharmacy,0,0,20,20,1078.0,0
14279,106.35,jewelry,0,0,15,8,93.8,0
14280,13.55,fuel,0,0,6,13,682.3,0
14281,140.44,online_retail,0,0,21,11,734.3,0
14282,62.73,entertainment,0,0,22,6,518.9,0
14283,30.79,travel,0,0,12,15,959.0,0
14284,53.41,dining,0,0,17,14,114.1,0
14285,127.52,utilities,0,0,17,17,172.7,0
14286,33.7,travel,0,0,17,20,88.2,0
14287,122.62,pharmacy,0,0,16,11,0.8,0
14288,65.97,utilities,0,0,16,19,535.7,0
14289,28.68,jewelry,0,0,16,20,36.4,0
14290,112.27,dining,0,0,7,20,195.9,0
14291,129.11,pharmacy,0,1,12,14,79.6,0
14292,60.64,fuel,0,0,9,15,1316.0,0
14293,152.75,online_retail,0,0,11,17,405.0,0
14294,224.09,travel,0,0,19,11,947.3,0
14295,170.48,fuel,0,0,12,25,122.1,0
14296,31.59,electronics,0,0,13,9,202.9,0
14297,66.03,electronics,0,0,10,14,737.6,0
14298,151.03,jewelry,0,0,15,13,744.0,0
14299,61.34,online_retail,0,0,10,11,270.2,0
14300,187.97,utilities,0,0,20,17,697.2,0
14301,17.73,utilities,0,0,17,18,286.6,0
14302,4.54,pharmacy,0,0,16,21,170.9,0
14303,231.63,grocery,0,0,16,9,2161.2,0
14304,40.65,entertainment,0,0,9,21,287.7,0
14305,108.5,online_retail,0,0,18,14,379.5,0
14306,224.42,electronics,0,0,12,10,172.7,0
14307,286.81,entertainment,0,0,21,13,930.4,0
14308,57.98,jewelry,0,1,10,15,352.2,0
14309,19.92,grocery,0,0,15,14,281.3,0
14310,46.73,entertainment,0,0,15,12,533.8,0
14311,65.43,online_retail,0,0,15,13,1082.0,0
14312,32.11,electronics,0,0,9,18,293.3,0
14313,101.88,jewelry,0,0,9,18,352.1,0
14314,15.14,entertainment,0,0,10,14,320.4,0
14315,113.99,travel,0,0,13,15,520.8,0
14316,105.76,grocery,0,0,16,14,75.7,0
14317,149.04,electronics,0,0,13,14,1279.5,0
14318,94.49,dining,1,0,16,14,3635.9,0
14319,40.02,fuel,0,1,22,19,1527.3,0
14320,50.77,utilities,0,0,21,18,15.0,0
14321,39.27,dining,1,0,15,15,165.9,0
14322,60.27,travel,0,0,21,20,24.3,0
14323,100.69,grocery,0,0,15,13,386.3,0
14324,147.95,pharmacy,1,1,20,13,91.2,0
14325,922.39,utilities,1,1,0,2,0.6,1
14326,126.83,dining,0,0,11,13,503.2,0
14327,9.68,travel,0,0,7,13,446.7,0
14328,31.57,travel,0,0,17,13,236.6,0
14329,20.7,dining,0,0,16,11,621.5,0
14330,22.07,jewelry,0,0,9,14,579.2,0
14331,89.27,grocery,0,1,8,11,56.9,0
14332,193.99,pharmacy,0,0,11,12,137.7,0
14333,68.77,pharmacy,1,0,7,12,524.0,0
14334,7.87,travel,0,0,16,10,271.6,0
14335,55.12,grocery,0,0,18,20,1006.7,0
14336,7.23,grocery,0,0,6,10,4055.0,0
14337,44.37,fuel,0,0,11,11,559.8,0
14338,51.18,travel,0,0,17,13,21.1,0
14339,65.22,entertainment,0,0,15,10,1035.7,0
14340,62.66,online_retail,0,0,8,14,1085.9,0
14341,116.59,dining,0,0,14,11,46.6,0
14342,70.36,travel,0,0,9,22,191.7,0
14343,911.72,online_retail,0,1,4,2,2.7,1
14344,87.49,grocery,0,0,17,15,26.2,0
14345,257.64,grocery,0,0,21,21,30.9,0
14346,226.94,entertainment,0,0,17,15,645.0,0
14347,272.33,fuel,1,1,2,3,2.4,1
14348,22.36,travel,1,0,21,17,160.7,0
14349,94.72,pharmacy,0,0,16,14,42.3,0
14350,117.48,grocery,0,1,13,9,398.5,0
14351,41.97,electronics,0,0,10,11,173.0,0
14352,285.76,utilities,0,0,16,10,273.7,0
14353,11.71,pharmacy,0,0,6,20,1.3,0
14354,8.95,travel,0,0,11,19,762.2,0
14355,6.85,entertainment,0,0,20,13,66.0,0
14356,88.29,online_retail,0,1,13,16,2424.3,0
14357,130.44,online_retail,0,0,22,13,626.3,0
14358,54.88,dining,1,0,11,12,253.6,0
14359,117.85,grocery,0,1,18,13,268.1,0
14360,81.66,utilities,0,0,6,14,215.3,0
14361,73.77,jewelry,0,0,15,16,202.1,0
14362,148.05,jewelry,0,0,13,12,626.7,0
14363,108.44,pharmacy,1,0,14,8,908.1,0
14364,80.12,entertainment,0,0,6,18,90.5,0
14365,38.74,fuel,0,0,12,8,465.2,0
14366,25.31,dining,0,0,10,12,298.6,0
14367,91.83,online_retail,0,0,10,16,380.8,0
14368,71.29,utilities,0,0,14,11,264.5,0
14369,101.86,pharmacy,0,0,10,14,358.1,0
14370,86.24,online_retail,0,1,17,7,634.4,0
14371,48.67,travel,0,0,22,18,291.3,0
14372,694.99,electronics,1,1,1,0,4.7,1
14373,51.03,fuel,0,0,9,16,2048.6,0
14374,226.38,electronics,0,0,21,16,244.2,0
14375,183.1,dining,0,0,14,16,493.9,0
14376,186.15,electronics,0,0,21,16,188.2,0
14377,118.96,travel,0,0,18,17,412.9,0
14378,44.08,utilities,0,0,18,15,357.6,0
14379,129.57,travel,0,0,9,14,1258.8,0
14380,67.93,pharmacy,0,0,11,12,349.1,0
14381,65.86,electronics,0,0,18,18,790.8,0
14382,16.68,pharmacy,0,0,12,15,1374.9,0
14383,39.87,fuel,0,0,6,12,2072.9,0
14384,104.52,jewelry,0,0,16,17,202.5,0
14385,47.51,utilities,0,0,10,13,317.9,0
14386,51.21,jewelry,0,0,17,15,184.0,0
14387,241.27,utilities,0,0,10,23,2175.6,0
14388,34.09,pharmacy,1,0,8,14,937.8,0
14389,172.86,jewelry,0,0,13,22,528.2,0
14390,78.45,jewelry,0,0,21,20,257.2,0
14391,35.45,dining,0,0,20,18,95.6,0
14392,60.12,entertainment,0,0,14,26,115.3,0
14393,86.67,fuel,0,0,13,10,655.6,0
14394,24.5,dining,0,0,14,19,642.9,0
14395,102.75,entertainment,0,0,22,12,95.6,0
14396,44.31,pharmacy,0,0,17,14,110.5,0
14397,37.97,travel,0,0,20,16,1145.1,0
14398,35.01,dining,0,0,7,16,1614.0,0
14399,244.07,online_retail,0,0,22,16,1120.2,0
14400,128.11,online_retail,0,0,11,18,788.2,0
14401,92.25,entertainment,0,0,12,14,555.9,0
14402,101.47,online_retail,0,0,9,12,809.7,0
14403,24.88,online_retail,0,0,20,15,471.6,0
14404,15.84,pharmacy,0,0,8,11,527.3,0
14405,77.77,grocery,0,0,11,14,200.5,0
14406,110.23,online_retail,0,0,7,19,93.3,0
14407,96.22,fuel,0,0,16,13,871.6,0
14408,48.06,grocery,0,0,20,11,493.5,0
14409,47.83,grocery,0,0,18,14,367.6,0
14410,157.64,utilities,0,0,20,17,1260.1,0
14411,13.12,travel,0,0,12,13,2081.8,0
14412,69.89,travel,0,0,10,16,606.3,0
14413,96.12,online_retail,0,0,22,11,1243.9,0
14414,18.31,fuel,0,1,12,22,612.5,0
14415,91.31,jewelry,0,0,21,10,679.9,0
14416,90.2,travel,0,0,7,13,185.6,0
14417,38.94,grocery,0,0,11,14,182.2,0
14418,29.92,dining,0,0,19,21,18.9,0
14419,66.1,travel,0,1,12,22,265.7,0
14420,101.78,utilities,0,0,13,10,80.8,0
14421,199.89,jewelry,0,0,19,16,422.9,0
14422,13.92,utilities,0,0,15,13,878.3,0
14423,1413.52,pharmacy,0,1,2,5,2.4,1
14424,89.36,entertainment,0,0,10,16,1306.3,0
14425,86.26,fuel,0,0,6,15,2078.1,0
14426,34.2,pharmacy,0,0,6,13,268.4,0
14427,46.03,grocery,0,0,8,10,5.8,0
14428,67.54,jewelry,0,0,10,12,245.9,0
14429,32.56,grocery,0,0,20,16,1034.9,0
14430,94.17,online_retail,0,0,16,13,1003.8,0
14431,36.41,fuel,1,0,6,12,235.7,0
14432,65.91,online_retail,0,0,7,12,15.6,0
14433,53.16,travel,0,0,13,20,557.7,0
14434,50.48,fuel,0,1,16,18,705.5,0
14435,90.93,grocery,0,0,19,21,573.2,0
14436,39.4,pharmacy,0,0,6,12,818.3,0
14437,60.85,pharmacy,0,0,6,20,1199.9,0
14438,27.77,utilities,0,0,20,11,1491.3,0
14439,36.03,electronics,0,0,13,15,90.9,0
14440,198.42,online_retail,0,0,20,17,789.4,0
14441,7.67,fuel,0,0,11,18,504.4,0
14442,115.94,pharmacy,0,0,20,18,379.3,0
14443,80.51,fuel,0,0,11,16,1581.9,0
14444,59.23,online_retail,0,0,7,19,2497.1,0
14445,107.8,utilities,0,0,17,12,3.4,0
14446,125.48,fuel,0,0,22,18,528.7,0
14447,10.51,dining,0,0,6,14,663.4,0
14448,44.98,dining,0,0,7,21,41.9,0
14449,78.41,pharmacy,0,0,12,15,374.2,0
14450,106.51,jewelry,1,0,8,19,201.0,0
14451,73.2,grocery,0,0,11,19,313.2,0
14452,152.8,grocery,0,0,11,17,17.5,0
14453,52.13,online_retail,0,0,19,24,197.7,0
14454,108.03,electronics,0,0,16,13,1066.9,0
14455,99.35,electronics,0,1,11,19,143.5,0
14456,86.06,travel,0,0,16,16,249.5,0
14457,32.47,dining,0,0,13,10,221.7,0
14458,65.23,grocery,1,0,17,22,1266.3,0
14459,32.88,jewelry,0,0,15,19,1728.3,0
14460,129.5,entertainment,0,0,20,20,1154.0,0
14461,94.56,grocery,0,0,9,14,1118.6,0
14462,72.85,travel,0,0,15,19,108.9,0
14463,113.87,fuel,0,0,20,14,478.6,0
14464,158.01,fuel,0,0,11,17,2257.0,0
14465,64.46,pharmacy,0,0,15,13,307.9,0
14466,25.3,grocery,0,1,17,17,94.0,0
14467,60.51,travel,0,0,6,17,144.1,0
14468,58.26,utilities,0,0,7,12,459.4,0
14469,49.05,travel,0,0,14,10,552.5,0
14470,58.01,electronics,0,0,15,26,321.6,0
14471,64.16,pharmacy,0,0,18,15,62.2,0
14472,98.32,fuel,0,0,21,14,494.0,0
14473,45.78,entertainment,0,0,7,17,53.1,0
14474,97.09,utilities,0,0,17,19,1063.8,0
14475,39.29,grocery,0,0,20,12,875.0,0
14476,60.92,jewelry,0,0,12,17,478.4,0
14477,253.49,pharmacy,0,0,9,10,73.4,0
14478,40.0,online_retail,1,0,16,22,73.6,0
14479,51.37,travel,0,0,9,12,203.8,0
14480,18.04,entertainment,0,0,18,17,147.5,0
14481,46.16,jewelry,0,0,15,13,400.6,0
14482,99.51,pharmacy,0,1,19,12,81.6,0
14483,95.11,fuel,0,0,19,12,1278.4,0
14484,90.4,electronics,0,0,7,14,1888.3,0
14485,19.66,jewelry,0,0,17,19,135.5,0
14486,58.61,travel,0,0,20,18,139.2,0
14487,85.37,travel,0,1,20,8,413.2,0
14488,83.27,utilities,0,0,10,11,240.4,0
14489,110.5,dining,0,0,17,12,383.0,0
14490,35.36,fuel,1,0,11,16,33.2,0
14491,69.94,travel,0,0,6,12,183.3,0
14492,49.88,entertainment,0,0,11,13,63.8,0
14493,175.57,travel,0,0,18,18,1131.2,0
14494,171.55,fuel,0,0,16,13,952.9,0
14495,9.34,jewelry,1,0,22,14,192.3,0
14496,870.26,online_retail,0,1,2,2,7.0,1
14497,106.79,travel,0,0,19,15,2007.8,0
14498,79.74,online_retail,0,0,16,15,21.6,0
14499,17.3,fuel,0,0,16,19,1060.1,0
14500,86.49,travel,0,0,21,9,302.7,0
14501,132.64,pharmacy,0,0,14,21,430.6,0
14502,41.67,online_retail,0,0,8,17,97.3,0
14503,90.68,grocery,0,0,16,18,449.0,0
14504,132.79,fuel,0,0,6,18,252.7,0
14505,86.5,utilities,0,1,16,13,982.1,0
14506,90.93,grocery,0,0,7,16,1008.8,0
14507,151.92,online_retail,0,0,18,16,67.7,0
14508,102.06,fuel,0,0,8,12,72.8,0
14509,89.85,pharmacy,0,0,7,20,785.0,0
14510,1.47,dining,0,0,6,15,1019.8,0
14511,33.58,online_retail,0,0,9,14,239.8,0
14512,152.79,grocery,0,0,15,11,738.5,0
14513,111.93,entertainment,0,0,15,15,67.0,0
14514,75.66,dining,0,0,14,11,994.5,0
14515,115.85,utilities,0,0,9,10,442.7,0
14516,12.96,dining,0,0,16,16,1165.2,0
14517,710.3,pharmacy,1,1,3,3,4.0,1
14518,164.03,pharmacy,0,0,13,18,320.4,0
14519,30.0,utilities,0,0,9,14,1680.4,0
14520,106.47,fuel,0,0,12,12,218.4,0
14521,56.47,jewelry,0,0,9,8,564.3,0
14522,112.3,utilities,0,0,8,11,365.6,0
14523,192.19,dining,0,1,15,15,179.7,0
14524,33.72,jewelry,0,0,11,14,279.5,0
14525,25.05,pharmacy,0,0,10,11,834.1,0
14526,126.6,online_retail,0,0,14,11,287.8,0
14527,44.02,grocery,0,0,22,19,1472.5,0
14528,39.72,electronics,0,0,6,15,26.9,0
14529,90.25,utilities,0,0,20,15,299.0,0
14530,72.66,electronics,0,0,19,16,1005.5,0
14531,23.26,pharmacy,0,0,11,22,658.4,0
14532,211.1,grocery,0,0,20,22,49.5,0
14533,57.03,jewelry,0,0,6,12,3568.4,0
14534,32.31,utilities,0,0,18,21,16.0,0
14535,57.33,utilities,0,0,16,15,17.7,0
14536,46.66,entertainment,0,0,9,9,853.9,0
14537,42.52,entertainment,1,0,22,13,18.3,0
14538,96.35,jewelry,0,0,8,13,361.9,0
14539,120.92,online_retail,0,0,9,14,775.0,0
14540,199.07,electronics,0,0,6,20,1011.7,0
14541,63.25,jewelry,0,0,15,11,3301.6,0
14542,162.1,grocery,1,0,8,12,1586.6,0
14543,153.11,pharmacy,0,0,16,15,621.4,0
14544,107.76,entertainment,0,0,9,22,51.2,0
14545,111.31,grocery,0,0,9,15,95.7,0
14546,93.56,utilities,0,0,21,16,1180.2,0
14547,124.2,online_retail,0,0,8,20,1818.4,0
14548,193.86,dining,0,0,14,18,124.7,0
14549,13.46,electronics,0,0,20,13,2390.9,0
14550,32.59,fuel,0,0,22,15,468.2,0
14551,122.87,entertainment,0,0,19,13,46.6,0
14552,148.22,online_retail,0,0,9,21,527.1,0
14553,57.74,pharmacy,0,0,12,12,1487.3,0
14554,52.9,electronics,0,0,22,11,785.4,0
14555,15.2,grocery,0,0,9,14,20.7,0
14556,93.29,travel,0,0,14,13,74.6,0
14557,124.77,grocery,0,0,7,7,166.3,0
14558,67.59,fuel,0,0,7,19,645.7,0
14559,64.63,travel,0,0,15,16,890.3,0
14560,52.28,jewelry,0,0,16,16,720.1,0
14561,214.73,online_retail,0,0,8,12,132.9,0
14562,134.57,utilities,0,0,13,22,389.9,0
14563,148.73,electronics,0,0,12,19,831.9,0
14564,46.17,utilities,0,0,17,16,48.2,0
14565,58.2,grocery,0,0,10,12,21.2,0
14566,87.52,travel,0,0,18,15,402.7,0
14567,79.51,pharmacy,0,0,11,15,405.2,0
14568,60.23,utilities,0,0,14,16,743.4,0
14569,22.3,pharmacy,0,0,12,26,233.7,0
14570,37.46,jewelry,0,0,16,15,426.7,0
14571,70.07,pharmacy,0,0,20,15,333.0,0
14572,86.27,jewelry,0,0,12,9,1192.6,0
14573,55.89,grocery,0,0,11,7,225.3,0
14574,39.91,utilities,0,0,14,15,253.2,0
14575,61.87,utilities,0,0,19,15,181.9,0
14576,32.72,grocery,0,0,16,13,661.0,0
14577,47.69,online_retail,0,0,8,9,443.6,0
14578,59.83,grocery,1,0,10,11,67.7,0
14579,28.58,travel,0,0,21,19,261.5,0
14580,108.65,utilities,0,1,17,9,1038.7,0
14581,83.17,online_retail,0,0,11,20,1406.2,0
14582,50.83,jewelry,0,0,6,9,1183.1,0
14583,41.04,grocery,0,0,20,13,357.7,0
14584,140.91,fuel,0,0,7,11,668.2,0
14585,70.05,online_retail,0,0,15,17,149.8,0
14586,35.13,dining,0,0,17,16,1104.3,0
14587,48.87,utilities,0,0,16,11,299.0,0
14588,57.71,entertainment,0,0,19,17,316.9,0
14589,7.45,jewelry,0,0,10,20,250.0,0
14590,159.07,electronics,0,0,9,20,200.6,0
14591,27.25,travel,0,0,22,15,720.2,0
14592,95.87,electronics,0,0,16,14,1109.4,0
14593,171.5,dining,0,0,12,11,140.6,0
14594,60.17,dining,0,0,19,17,163.1,0
14595,58.83,travel,0,0,11,19,715.4,0
14596,101.8,travel,0,0,7,12,130.7,0
14597,167.56,grocery,0,0,21,20,301.9,0
14598,67.04,pharmacy,0,0,13,19,618.9,0
14599,26.77,entertainment,0,0,6,14,2367.1,0
14600,66.0,fuel,0,0,19,19,215.1,0
14601,42.34,grocery,0,0,6,14,61.1,0
14602,547.79,fuel,0,1,16,12,457.6,0
14603,52.88,jewelry,0,0,11,13,195.1,0
14604,41.78,travel,0,0,8,11,239.0,0
14605,17.26,entertainment,0,0,12,18,454.1,0
14606,178.55,fuel,0,1,19,22,1083.8,0
14607,55.42,jewelry,0,1,16,17,172.6,0
14608,198.17,jewelry,0,0,6,13,537.9,0
14609,128.38,jewelry,0,0,16,10,1107.4,0
14610,106.34,online_retail,0,0,11,11,522.8,0
14611,14.91,pharmacy,1,0,8,11,61.5,0
14612,61.73,jewelry,0,0,13,13,653.4,0
14613,75.18,grocery,1,0,22,13,2057.6,0
14614,77.53,pharmacy,1,1,15,27,557.9,0
14615,106.11,travel,0,1,17,18,1700.0,0
14616,38.01,fuel,0,0,15,21,49.8,0
14617,20.37,travel,0,0,6,17,1835.7,0
14618,91.16,jewelry,0,0,17,13,976.5,0
14619,50.31,entertainment,1,0,10,11,34.7,0
14620,152.5,jewelry,0,0,13,19,888.9,0
14621,61.54,online_retail,0,0,14,15,1663.3,0
14622,80.0,electronics,0,0,13,19,18.9,0
14623,140.68,fuel,0,0,20,11,171.2,0
14624,147.27,utilities,0,0,16,14,284.1,0
14625,129.15,pharmacy,0,0,17,13,150.7,0
14626,53.72,electronics,0,0,21,13,79.0,0
14627,105.52,fuel,0,0,17,13,654.3,0
14628,139.88,entertainment,0,0,6,11,1614.3,0
14629,138.33,dining,0,1,9,10,216.8,0
14630,138.72,jewelry,0,0,6,12,145.3,0
14631,57.16,dining,0,0,11,7,413.9,0
14632,122.91,electronics,0,0,19,11,1039.6,0
14633,100.6,online_retail,0,0,17,19,490.0,0
14634,7.91,dining,1,0,6,16,17.8,0
14635,96.87,jewelry,0,0,19,10,1306.2,0
14636,115.26,jewelry,0,0,22,13,1733.1,0
14637,74.73,online_retail,0,0,8,24,529.3,0
14638,138.37,utilities,0,0,12,19,177.5,0
14639,151.34,dining,0,0,6,11,137.1,0
14640,44.12,dining,0,0,19,14,561.8,0
14641,41.67,grocery,0,0,15,15,205.6,0
14642,76.4,dining,0,0,19,21,199.5,0
14643,53.75,electronics,1,0,15,17,201.5,0
14644,33.17,electronics,0,0,18,11,1124.0,0
14645,84.58,dining,0,0,20,25,233.0,0
14646,80.69,utilities,0,0,19,22,270.2,0
14647,14.12,grocery,0,1,20,15,1713.2,0
14648,111.11,entertainment,0,0,9,27,145.4,0
14649,427.39,utilities,0,0,0,0,1.7,1
14650,64.41,grocery,0,0,21,14,1922.9,0
14651,51.8,pharmacy,0,0,16,15,14.7,0
14652,81.65,jewelry,0,0,12,22,175.7,0
14653,76.8,dining,0,0,12,17,343.3,0
14654,72.17,electronics,0,0,13,11,666.7,0
14655,87.98,electronics,0,0,17,19,1457.6,0
14656,145.49,utilities,0,0,14,18,553.2,0
14657,68.3,jewelry,0,0,22,18,788.5,0
14658,44.26,travel,0,0,7,23,369.3,0
14659,116.98,pharmacy,0,0,6,11,364.7,0
14660,40.57,travel,0,0,20,12,1054.8,0
14661,37.41,entertainment,0,0,10,14,108.6,0
14662,43.91,travel,0,0,13,14,1110.2,0
14663,55.07,electronics,0,0,7,10,1507.0,0
14664,67.16,entertainment,0,0,22,15,157.3,0
14665,29.95,dining,0,0,15,11,368.6,0
14666,29.57,entertainment,0,1,15,14,443.5,0
14667,91.58,entertainment,0,1,7,24,227.9,0
14668,131.41,grocery,0,0,18,15,272.0,0
14669,160.81,dining,0,0,12,17,25.4,0
14670,15.69,entertainment,0,0,8,17,1768.9,0
14671,62.44,fuel,0,0,16,17,1100.3,0
14672,60.77,utilities,0,0,11,14,538.1,0
14673,70.83,grocery,0,0,20,13,306.1,0
14674,124.95,travel,0,0,19,17,1077.4,0
14675,60.29,grocery,0,1,6,16,292.6,0
14676,63.9,fuel,0,0,16,19,28.1,0
14677,6.83,dining,0,0,10,14,37.0,0
14678,26.73,travel,0,0,6,9,2051.9,0
14679,104.23,electronics,0,0,18,21,55.5,0
14680,57.78,jewelry,0,0,8,11,1445.3,0
14681,6.65,utilities,1,0,19,21,142.9,0
14682,611.89,travel,1,1,2,2,2.2,1
14683,31.85,grocery,0,0,10,13,367.4,0
14684,162.83,online_retail,0,0,22,8,94.3,0
14685,136.52,fuel,0,0,16,14,468.2,0
14686,57.16,utilities,0,0,6,18,108.7,0
14687,23.48,utilities,0,0,17,17,1386.9,0
14688,92.32,electronics,0,0,20,12,73.8,0
14689,36.72,dining,0,1,20,17,754.1,0
14690,9.15,grocery,0,0,12,18,551.6,0
14691,156.81,pharmacy,0,0,15,15,108.7,0
14692,55.26,online_retail,0,0,11,17,814.7,0
14693,178.07,pharmacy,0,0,13,18,567.3,0
14694,41.57,grocery,0,0,22,20,840.1,0
14695,78.34,utilities,0,0,11,15,588.2,0
14696,25.64,fuel,0,0,16,16,1.5,0
14697,28.11,grocery,0,0,14,13,2063.7,0
14698,85.78,electronics,0,0,11,16,181.4,0
14699,46.52,grocery,0,1,18,18,465.7,0
14700,129.94,electronics,0,0,12,13,598.6,0
14701,95.3,dining,0,0,17,9,1508.0,0
14702,42.0,entertainment,0,0,12,11,378.5,0
14703,114.06,fuel,0,0,22,17,1802.5,0
14704,52.52,grocery,0,0,16,16,351.5,0
14705,63.73,entertainment,0,0,21,28,406.6,0
14706,106.61,utilities,0,0,9,18,814.3,0
14707,89.06,grocery,0,0,6,13,877.4,0
14708,72.15,grocery,0,1,22,13,136.2,0
14709,71.49,online_retail,0,0,13,11,33.8,0
14710,207.65,entertainment,0,0,15,16,426.9,0
14711,30.01,pharmacy,0,0,11,16,28.9,0
14712,122.85,fuel,0,0,12,10,62.0,0
14713,130.99,dining,0,0,6,10,411.6,0
14714,51.65,jewelry,0,0,7,8,285.8,0
14715,54.16,dining,0,1,9,9,1305.5,0
14716,125.27,electronics,0,0,9,13,568.1,0
14717,60.94,jewelry,0,0,19,22,1390.0,0
14718,108.8,utilities,0,0,11,18,44.2,0
14719,174.27,grocery,0,0,15,13,1696.6,0
14720,1087.44,entertainment,1,0,3,3,5.0,1
14721,7.42,utilities,0,0,18,14,631.7,0
14722,28.4,pharmacy,0,0,13,15,116.8,0
14723,200.9,grocery,0,0,17,19,998.5,0
14724,117.98,fuel,0,0,17,11,534.1,0
14725,44.21,jewelry,0,1,21,16,254.7,0
14726,41.78,pharmacy,0,0,10,12,2258.8,0
14727,6.5,entertainment,0,1,6,9,149.8,0
14728,35.54,electronics,0,0,16,16,48.4,0
14729,219.32,jewelry,0,0,14,12,319.7,0
14730,9.7,grocery,0,0,17,18,64.7,0
14731,62.98,fuel,0,0,18,7,474.6,0
14732,76.89,jewelry,0,0,15,17,1166.6,0
14733,198.77,online_retail,0,0,19,16,235.9,0
14734,31.51,travel,0,0,9,16,188.3,0
14735,118.88,travel,0,0,19,17,402.6,0
14736,208.38,grocery,0,0,14,14,541.9,0
14737,69.93,entertainment,0,0,16,14,516.7,0
14738,67.42,utilities,1,0,11,13,165.9,0
14739,41.57,electronics,0,0,6,16,40.9,0
14740,128.98,travel,0,0,13,20,164.4,0
14741,135.68,grocery,0,0,7,19,4749.8,0
14742,48.23,travel,0,0,14,11,99.1,0
14743,243.45,entertainment,0,0,14,18,22.6,0
14744,57.89,grocery,0,0,11,19,3396.4,0
14745,14.97,grocery,0,0,10,17,497.3,0
14746,21.21,entertainment,0,1,6,13,333.7,0
14747,47.2,jewelry,0,0,21,19,293.4,0
14748,295.81,pharmacy,0,0,13,23,152.2,0
14749,14.55,pharmacy,0,0,7,20,95.1,0
14750,110.28,fuel,0,1,10,17,603.7,0
14751,31.3,utilities,0,0,17,9,1622.6,0
14752,47.46,pharmacy,0,0,21,19,606.4,0
14753,22.04,electronics,0,0,21,16,553.9,0
14754,25.28,entertainment,0,0,19,13,966.5,0
14755,170.11,utilities,0,0,12,9,1264.5,0
14756,89.11,grocery,0,0,16,16,269.1,0
14757,81.54,electronics,0,0,15,17,236.9,0
14758,44.13,dining,0,0,10,21,33.8,0
14759,57.46,online_retail,0,0,16,23,121.5,0
14760,97.14,entertainment,0,0,10,6,1531.1,0
14761,63.95,online_retail,0,0,8,10,4735.9,0
14762,84.18,travel,0,0,6,13,747.2,0
14763,24.81,travel,0,1,15,14,387.5,0
14764,13.57,electronics,0,0,8,23,1.6,0
14765,150.55,utilities,0,0,15,19,1925.6,0
14766,83.81,online_retail,0,0,10,12,506.9,0
14767,196.35,dining,0,0,7,13,304.4,0
14768,25.81,fuel,0,0,10,14,36.5,0
14769,144.27,fuel,0,0,8,13,782.7,0
14770,30.52,travel,0,1,20,10,1357.8,0
14771,46.73,grocery,0,0,19,15,209.8,0
14772,15.27,fuel,0,0,13,23,796.2,0
14773,93.37,travel,0,0,20,21,1620.4,0
14774,51.1,pharmacy,0,0,20,15,177.8,0
14775,120.07,online_retail,0,0,20,17,348.3,0
14776,23.95,utilities,0,0,20,15,203.2,0
14777,33.74,travel,0,0,11,16,514.6,0
14778,49.34,entertainment,0,0,9,18,90.6,0
14779,236.04,travel,0,0,20,17,2076.9,0
14780,42.63,fuel,0,0,9,20,670.9,0
14781,83.31,entertainment,0,0,9,10,43.7,0
14782,845.63,utilities,0,0,4,6,6.1,1
14783,114.85,fuel,0,1,17,22,2179.3,0
14784,29.31,entertainment,0,0,18,15,316.6,0
14785,69.22,online_retail,0,0,13,15,676.2,0
14786,130.6,online_retail,0,0,10,16,72.3,0
14787,52.52,fuel,0,0,21,11,241.7,0
14788,173.94,grocery,0,0,17,7,138.5,0
14789,135.8,electronics,0,0,9,17,144.3,0
14790,77.07,fuel,0,0,11,18,448.1,0
14791,47.37,entertainment,0,0,21,17,476.7,0
14792,27.03,utilities,0,0,7,14,134.5,0
14793,91.0,entertainment,0,0,16,17,525.7,0
14794,197.94,dining,0,0,15,13,338.9,0
14795,106.37,online_retail,0,0,6,17,9.8,0
14796,179.67,online_retail,0,0,6,15,48.3,0
14797,58.41,online_retail,0,0,16,14,904.6,0
14798,26.45,online_retail,0,0,20,7,631.3,0
14799,2.66,electronics,0,0,9,24,1109.3,0
14800,8.23,dining,0,0,9,16,10.0,0
14801,189.19,entertainment,0,0,9,23,340.3,0
14802,93.03,online_retail,0,0,15,6,83.6,0
14803,94.83,fuel,0,0,18,21,2.2,0
14804,130.03,dining,0,0,10,17,447.4,0
14805,52.33,online_retail,0,0,6,21,1766.0,0
14806,17.58,travel,0,0,12,11,308.9,0
14807,0.54,grocery,0,0,19,16,264.6,0
14808,46.81,electronics,1,0,6,18,709.8,0
14809,56.49,travel,0,1,17,14,217.6,0
14810,97.97,pharmacy,0,0,20,9,1497.5,0
14811,113.96,grocery,0,0,16,13,241.5,0
14812,12.49,fuel,0,0,18,17,246.1,0
14813,19.28,jewelry,0,0,13,16,658.9,0
14814,21.08,jewelry,0,0,17,13,245.7,0
14815,137.43,travel,0,0,12,13,1215.7,0
14816,91.27,grocery,0,0,12,17,689.9,0
14817,47.08,electronics,0,0,14,14,176.6,0
14818,55.45,pharmacy,0,0,17,15,539.2,0
14819,346.44,online_retail,1,0,1,2,13.5,1
14820,332.43,grocery,0,0,11,15,765.2,0
14821,208.39,utilities,0,0,21,18,160.0,0
14822,22.39,grocery,0,0,11,13,165.3,0
14823,15.81,travel,0,0,8,16,452.6,0
14824,63.51,dining,0,0,20,16,487.8,0
14825,81.53,grocery,0,0,7,18,1698.6,0
14826,77.46,dining,0,0,6,17,926.6,0
14827,51.18,fuel,0,0,22,19,632.0,0
14828,99.34,entertainment,0,0,9,16,324.8,0
14829,253.46,electronics,0,0,14,15,256.0,0
14830,131.15,electronics,0,0,10,12,445.0,0
14831,183.54,utilities,0,0,8,14,690.6,0
14832,23.66,utilities,0,0,9,16,609.2,0
14833,81.91,entertainment,0,1,12,13,18.6,0
14834,57.96,electronics,0,0,22,17,45.6,0
14835,69.13,dining,0,0,6,18,207.5,0
14836,22.25,online_retail,0,0,18,20,18.8,0
14837,145.84,electronics,0,1,9,10,111.1,0
14838,115.63,grocery,0,0,21,5,726.7,0
14839,60.28,jewelry,0,0,16,14,16.6,0
14840,107.51,dining,0,0,8,11,322.9,0
14841,107.7,entertainment,0,0,11,13,196.4,0
14842,145.02,fuel,0,0,18,13,372.2,0
14843,28.13,travel,0,0,7,23,363.4,0
14844,112.16,dining,0,0,22,11,738.1,0
14845,121.88,pharmacy,0,0,14,14,41.9,0
14846,64.56,travel,0,0,10,16,5.6,0
14847,84.71,utilities,0,0,16,20,345.7,0
14848,40.41,electronics,0,0,12,15,1201.3,0
14849,33.15,utilities,0,0,7,19,905.0,0
14850,36.45,utilities,0,0,7,13,630.5,0
14851,69.58,utilities,0,0,6,15,106.1,0
14852,109.43,jewelry,0,0,14,11,1066.9,0
14853,61.87,electronics,0,0,21,11,494.7,0
14854,155.39,electronics,0,0,9,16,1042.1,0
14855,51.86,online_retail,0,1,11,14,345.5,0
14856,85.35,pharmacy,0,0,8,17,446.3,0
14857,68.99,online_retail,0,0,16,5,191.3,0
14858,35.75,jewelry,0,0,21,11,69.8,0
14859,35.96,pharmacy,0,0,14,16,689.7,0
14860,215.53,pharmacy,0,1,22,12,133.8,0
14861,54.97,fuel,0,0,14,12,238.0,0
14862,33.06,jewelry,0,0,14,15,2480.1,0
14863,101.68,jewelry,0,0,10,17,41.8,0
14864,49.97,dining,0,0,13,19,2333.6,0
14865,136.77,online_retail,0,0,13,15,169.3,0
14866,71.91,utilities,0,0,16,10,1400.8,0
14867,88.5,jewelry,1,0,6,18,269.7,0
14868,17.96,travel,0,0,10,16,141.3,0
14869,51.22,travel,0,0,22,20,319.3,0
14870,153.61,pharmacy,0,0,19,18,237.7,0
14871,120.07,utilities,0,0,19,20,182.3,0
14872,19.04,dining,0,0,12,20,878.6,0
14873,63.46,online_retail,0,0,17,17,176.0,0
14874,76.25,fuel,0,0,22,9,62.0,0
14875,109.32,dining,0,0,16,11,0.9,0
14876,50.86,utilities,0,0,10,16,389.5,0
14877,117.6,online_retail,0,0,11,15,36.4,0
14878,35.63,online_retail,0,0,14,11,351.9,0
14879,76.66,travel,0,0,18,14,973.8,0
14880,39.84,dining,0,0,16,15,162.2,0
14881,24.85,pharmacy,0,0,12,10,232.4,0
14882,53.41,utilities,0,0,17,17,689.0,0
14883,135.71,pharmacy,1,0,7,19,1428.1,0
14884,17.0,dining,0,0,19,13,19.2,0
14885,43.26,electronics,0,0,7,10,627.3,0
14886,67.99,electronics,0,1,10,11,1689.3,0
14887,40.39,grocery,0,0,18,19,362.5,0
14888,61.74,grocery,0,0,7,9,1131.1,0
14889,112.64,electronics,0,0,19,18,926.9,0
14890,32.61,entertainment,0,0,8,12,70.0,0
14891,32.3,pharmacy,0,0,12,21,85.8,0
14892,91.69,utilities,0,0,15,15,466.4,0
14893,96.46,electronics,0,1,17,19,937.2,0
14894,298.65,dining,0,1,2,4,1.2,1
14895,89.45,electronics,0,0,22,13,20.0,0
14896,147.43,travel,1,0,6,14,1125.6,0
14897,44.47,online_retail,0,0,15,19,1433.8,0
14898,237.49,entertainment,0,0,7,21,692.5,0
14899,39.98,dining,0,0,9,18,1849.3,0
14900,120.16,grocery,0,0,20,16,257.8,0
14901,52.41,utilities,0,0,12,13,1564.1,0
14902,725.01,electronics,0,1,3,1,8.0,1
14903,1.27,entertainment,0,1,18,16,159.7,0
14904,36.92,jewelry,0,0,21,10,29.5,0
14905,25.01,jewelry,0,0,18,16,416.8,0
14906,130.76,jewelry,0,0,17,17,939.7,0
14907,26.3,fuel,0,0,17,13,765.4,0
14908,27.3,grocery,0,0,18,25,2034.9,0
14909,111.05,pharmacy,0,0,11,15,454.7,0
14910,71.17,electronics,0,0,20,14,16.8,0
14911,9.25,pharmacy,0,0,16,15,461.4,0
14912,98.22,jewelry,0,0,7,16,90.3,0
14913,84.83,travel,0,0,9,23,2855.7,0
14914,17.87,entertainment,0,0,20,13,297.3,0
14915,67.71,online_retail,0,0,22,11,221.8,0
14916,198.29,entertainment,0,0,15,15,440.6,0
14917,71.86,fuel,0,0,12,13,630.5,0
14918,58.55,fuel,0,0,6,18,672.9,0
14919,133.98,pharmacy,0,0,13,17,1256.0,0
14920,55.88,grocery,0,0,13,17,324.8,0
14921,27.44,travel,0,0,16,12,406.2,0
14922,43.65,pharmacy,0,0,19,13,15.4,0
14923,670.42,jewelry,0,1,2,5,15.5,1
14924,39.33,dining,0,0,7,10,445.2,0
14925,71.24,grocery,0,0,12,19,358.4,0
14926,15.18,dining,0,0,14,17,1622.2,0
14927,21.0,jewelry,0,0,21,15,422.4,0
14928,67.19,travel,0,0,17,17,966.7,0
14929,1008.94,jewelry,1,1,0,1,3.8,1
14930,39.36,entertainment,0,0,21,19,27.9,0
14931,170.87,electronics,0,0,18,17,198.8,0
14932,21.22,fuel,0,1,15,16,1101.2,0
14933,197.12,online_retail,0,0,17,9,895.6,0
14934,105.08,travel,0,0,9,18,1486.9,0
14935,43.32,utilities,0,0,13,15,32.6,0
14936,111.52,entertainment,0,0,20,10,260.3,0
14937,75.31,grocery,0,0,16,20,335.0,0
14938,72.38,utilities,0,0,6,13,1426.2,0
14939,42.29,jewelry,0,0,10,13,160.4,0
14940,236.7,utilities,0,0,13,12,458.5,0
14941,62.14,pharmacy,0,0,14,11,2830.5,0
14942,85.2,online_retail,0,0,9,17,4.2,0
14943,25.48,grocery,1,0,8,13,148.8,0
14944,72.82,electronics,0,1,11,16,647.4,0
14945,107.64,online_retail,0,0,22,18,199.2,0
14946,39.04,dining,0,0,15,18,567.2,0
14947,125.83,travel,0,0,12,16,385.4,0
14948,33.54,entertainment,0,0,9,18,1054.8,0
14949,18.31,pharmacy,0,0,13,12,270.6,0
14950,36.99,travel,0,0,15,18,259.7,0
14951,146.25,online_retail,0,0,22,13,1491.4,0
14952,92.78,jewelry,0,1,15,18,226.9,0
14953,129.06,utilities,0,0,6,16,666.8,0
14954,21.41,dining,0,1,22,16,601.0,0
14955,25.05,online_retail,0,0,19,18,133.5,0
14956,136.09,pharmacy,0,0,15,15,30.3,0
14957,111.25,entertainment,0,0,15,13,1655.7,0
14958,70.74,online_retail,0,0,15,17,941.2,0
14959,60.24,utilities,0,0,6,14,698.0,0
14960,77.18,utilities,0,0,6,17,67.3,0
14961,98.33,electronics,0,0,10,15,619.9,0
14962,18.25,pharmacy,0,0,7,9,15.5,0
14963,63.21,dining,0,0,22,21,1136.7,0
14964,79.86,fuel,0,0,19,19,33.3,0
14965,105.33,online_retail,0,0,11,20,606.3,0
14966,45.03,entertainment,0,0,10,14,235.9,0
14967,22.23,utilities,0,0,20,12,175.4,0
14968,87.81,dining,0,1,20,10,584.4,0
14969,82.59,dining,0,0,12,14,53.8,0
14970,15.74,dining,0,0,20,11,175.5,0
14971,22.18,pharmacy,0,0,22,20,8.7,0
14972,18.84,pharmacy,0,0,12,15,390.2,0
14973,50.59,dining,0,0,15,12,266.2,0
14974,54.01,pharmacy,0,0,8,15,325.7,0
14975,44.02,pharmacy,1,0,13,21,886.5,0
14976,13.63,electronics,0,0,22,13,558.3,0
14977,58.98,electronics,0,0,19,22,450.9,0
14978,64.73,pharmacy,0,0,18,8,660.6,0
14979,281.19,electronics,0,0,13,17,195.1,0
14980,198.79,online_retail,0,0,20,17,472.2,0
14981,27.81,electronics,0,0,21,17,297.9,0
14982,23.08,electronics,0,0,12,13,2704.3,0
14983,98.05,electronics,0,0,8,10,473.5,0
14984,101.09,grocery,0,0,13,16,252.6,0
14985,85.79,dining,0,0,11,9,102.9,0
14986,115.88,utilities,0,0,19,20,132.0,0
14987,33.2,fuel,0,0,10,20,1438.5,0
14988,23.05,fuel,0,0,22,14,183.1,0
14989,170.37,utilities,0,0,15,15,14.8,0
14990,141.63,dining,0,1,10,22,738.0,0
14991,41.75,utilities,0,0,21,18,157.7,0
14992,124.84,grocery,0,0,10,18,182.5,0
14993,103.87,entertainment,0,1,19,19,217.8,0
14994,9.06,jewelry,0,1,12,11,457.1,0
14995,78.25,entertainment,0,0,10,22,654.5,0
14996,77.63,online_retail,0,0,7,11,1020.1,0
14997,58.65,grocery,0,0,16,10,495.7,0
14998,71.71,jewelry,0,0,16,13,1154.1,0
14999,115.18,travel,0,0,11,17,1017.1,0
15000,59.05,online_retail,0,0,16,22,748.5,0
15001,110.97,entertainment,0,0,14,11,1715.9,0
15002,80.21,utilities,0,0,18,18,147.7,0
15003,49.52,dining,0,0,13,18,582.0,0
15004,75.75,grocery,0,0,10,20,926.5,0
15005,98.92,utilities,0,0,19,14,607.0,0
15006,16.38,fuel,0,0,20,18,48.1,0
15007,105.04,fuel,1,0,17,13,717.6,0
15008,148.77,electronics,0,0,21,11,162.1,0
15009,105.73,online_retail,0,0,16,10,1123.4,0
15010,39.73,grocery,0,0,14,19,273.4,0
15011,238.81,dining,0,0,8,13,1124.8,0
15012,32.98,electronics,0,0,9,11,288.8,0
15013,29.02,entertainment,0,0,19,12,1505.6,0
15014,104.03,utilities,0,0,8,20,1130.3,0
15015,27.21,electronics,0,0,16,17,46.1,0
15016,64.22,utilities,0,0,22,16,1050.3,0
15017,35.65,entertainment,0,0,12,14,971.4,0
15018,64.83,dining,0,0,16,16,382.9,0
15019,48.47,travel,0,0,11,17,901.3,0
15020,76.29,dining,0,0,6,19,107.5,0
15021,14.09,online_retail,0,0,22,14,422.8,0
15022,23.6,entertainment,0,0,8,11,135.5,0
15023,174.56,online_retail,0,0,21,13,180.2,0
15024,72.73,grocery,0,0,17,10,797.0,0
15025,132.07,online_retail,0,0,12,15,978.3,0
15026,97.76,fuel,1,0,14,21,144.0,0
15027,56.91,travel,0,0,11,17,1392.3,0
15028,35.21,electronics,0,0,7,13,174.2,0
15029,70.25,entertainment,0,0,14,15,1129.7,0
15030,91.17,electronics,0,0,21,18,47.7,0
15031,139.72,pharmacy,0,0,20,14,417.5,0
15032,48.09,entertainment,0,0,9,15,1591.2,0
15033,30.69,jewelry,0,1,18,15,331.5,0
15034,64.23,dining,0,0,21,10,1219.1,0
15035,163.42,dining,0,0,8,14,132.2,0
15036,34.82,dining,0,0,22,13,570.0,0
15037,30.28,travel,0,0,18,23,163.6,0
15038,60.57,travel,0,0,21,13,150.0,0
15039,162.11,pharmacy,0,0,18,19,343.5,0
15040,65.07,online_retail,0,0,21,13,658.3,0
15041,5.22,dining,0,0,10,14,1278.7,0
15042,54.02,fuel,0,0,10,17,1199.9,0
15043,141.7,fuel,0,0,12,20,2510.9,0
15044,18.73,electronics,0,0,21,9,491.8,0
15045,36.77,pharmacy,0,0,18,21,101.4,0
15046,113.17,electronics,0,0,8,12,69.2,0
15047,90.8,dining,0,0,12,12,332.0,0
15048,21.13,utilities,0,0,10,12,54.6,0
15049,142.24,dining,0,0,17,14,447.0,0
15050,24.35,jewelry,0,0,20,7,631.7,0
15051,32.82,pharmacy,0,0,21,18,1363.7,0
15052,87.49,utilities,0,0,15,10,151.9,0
15053,14.66,jewelry,0,0,20,14,1058.7,0
15054,226.77,electronics,0,0,11,17,749.5,0
15055,131.63,travel,0,0,16,18,464.2,0
15056,44.71,utilities,0,1,16,14,1692.6,0
15057,14.11,jewelry,1,0,15,15,654.6,0
15058,159.37,dining,0,0,18,16,288.5,0
15059,66.31,electronics,0,0,6,18,1567.7,0
15060,38.1,online_retail,0,0,10,20,1485.6,0
15061,66.11,grocery,0,0,6,25,277.7,0
15062,15.68,grocery,0,0,18,14,372.0,0
15063,94.61,entertainment,0,0,20,14,622.0,0
15064,80.1,online_retail,0,0,19,9,280.6,0
15065,118.37,grocery,0,0,14,18,483.8,0
15066,84.65,pharmacy,0,0,10,10,866.6,0
15067,85.72,dining,0,0,22,17,549.6,0
15068,28.27,online_retail,0,0,19,14,4969.1,0
15069,195.99,jewelry,0,0,14,11,474.4,0
15070,104.71,grocery,0,0,16,20,606.8,0
15071,37.49,grocery,0,0,17,21,2003.3,0
15072,51.92,jewelry,0,0,18,16,240.9,0
15073,25.84,grocery,0,0,8,10,364.8,0
15074,222.1,utilities,0,0,9,18,473.0,0
15075,38.36,online_retail,0,0,13,17,71.0,0
15076,138.57,pharmacy,0,0,21,12,702.0,0
15077,95.61,travel,0,0,6,19,928.1,0
15078,98.25,online_retail,1,0,18,18,19.3,0
15079,54.93,pharmacy,0,0,18,16,42.9,0
15080,24.57,utilities,0,0,19,16,300.5,0
15081,173.51,pharmacy,0,0,20,16,287.9,0
15082,82.95,dining,0,0,14,14,1296.6,0
15083,121.06,entertainment,0,0,8,14,280.0,0
15084,157.76,entertainment,0,0,10,10,1777.1,0
15085,101.64,electronics,0,0,21,17,268.9,0
15086,91.35,travel,0,0,7,13,99.4,0
15087,43.15,travel,0,1,8,15,71.0,0
15088,169.7,grocery,0,0,16,16,343.2,0
15089,85.14,travel,0,0,18,14,304.1,0
15090,142.71,online_retail,0,0,7,11,525.6,0
15091,118.02,fuel,0,0,10,18,120.7,0
15092,68.6,pharmacy,0,0,13,14,392.7,0
15093,17.32,fuel,0,0,9,21,297.8,0
15094,109.65,entertainment,0,0,11,16,1016.8,0
15095,43.28,utilities,0,0,13,7,698.0,0
15096,23.91,electronics,0,0,12,10,769.7,0
15097,30.38,utilities,0,1,6,13,17.6,0
15098,192.43,travel,0,0,8,16,441.6,0
15099,86.68,entertainment,0,0,15,14,820.2,0
15100,102.46,grocery,0,0,17,19,34.8,0
15101,66.34,jewelry,0,0,10,15,372.0,0
15102,1070.09,utilities,0,0,3,2,9.7,1
15103,30.58,jewelry,0,0,14,15,1074.4,0
15104,23.85,grocery,0,0,15,12,529.4,0
15105,15.07,travel,0,0,16,14,727.9,0
15106,92.9,pharmacy,0,0,16,11,138.1,0
15107,41.83,jewelry,0,0,7,17,911.4,0
15108,8.81,utilities,0,0,11,15,478.7,0
15109,116.73,fuel,0,0,8,18,133.4,0
15110,35.42,fuel,0,0,10,17,671.7,0
15111,94.06,dining,0,0,17,13,690.1,0
15112,59.26,electronics,0,0,13,16,184.1,0
15113,41.79,travel,0,0,14,14,99.8,0
15114,13.3,jewelry,0,0,16,14,614.7,0
15115,36.58,jewelry,0,0,7,12,78.6,0
15116,50.82,jewelry,0,0,9,21,91.2,0
15117,94.92,grocery,0,0,8,12,18.6,0
15118,14.58,electronics,0,1,13,11,829.8,0
15119,78.13,grocery,0,1,16,10,1043.4,0
15120,30.19,jewelry,0,0,13,14,765.4,0
15121,61.81,grocery,0,0,22,12,462.1,0
15122,24.25,grocery,0,0,20,10,1897.8,0
15123,118.72,utilities,0,0,18,11,535.3,0
15124,49.18,electronics,0,0,6,16,1015.4,0
15125,77.72,travel,0,0,21,13,1119.1,0
15126,134.41,dining,0,0,17,12,604.0,0
15127,60.84,jewelry,0,0,9,14,2069.8,0
15128,9.28,pharmacy,0,0,12,20,562.6,0
15129,79.5,dining,0,0,11,9,904.8,0
15130,124.24,grocery,0,0,14,21,705.8,0
15131,69.21,online_retail,0,0,14,13,964.0,0
15132,33.03,pharmacy,0,0,22,16,302.4,0
15133,24.38,jewelry,0,0,17,6,306.7,0
15134,55.88,online_retail,0,0,21,12,665.4,0
15135,18.94,entertainment,0,0,6,13,286.9,0
15136,35.64,pharmacy,0,0,13,13,475.6,0
15137,115.58,fuel,1,0,15,12,148.7,0
15138,82.57,entertainment,0,0,14,19,2760.5,0
15139,115.5,electronics,0,1,18,11,484.5,0
15140,39.03,online_retail,0,0,17,23,363.6,0
15141,82.89,travel,0,0,11,20,583.0,0
15142,117.63,online_retail,0,0,18,10,361.2,0
15143,57.33,fuel,0,0,11,15,166.2,0
15144,191.77,grocery,0,0,13,15,438.0,0
15145,764.56,electronics,1,1,4,3,13.4,1
15146,73.25,utilities,0,0,6,19,318.2,0
15147,85.17,electronics,0,0,21,16,540.4,0
15148,72.7,jewelry,0,0,13,13,343.9,0
15149,57.36,entertainment,0,0,12,12,504.1,0
15150,75.11,jewelry,0,0,13,13,139.9,0
15151,36.74,electronics,0,0,16,15,2714.6,0
15152,24.1,fuel,0,0,19,8,19.0,0
15153,63.22,utilities,0,0,6,18,98.7,0
15154,10.22,fuel,0,0,16,13,249.0,0
15155,19.71,electronics,1,0,10,11,518.9,0
15156,121.6,pharmacy,0,0,10,14,536.5,0
15157,43.58,entertainment,0,0,19,17,277.3,0
15158,27.82,dining,0,0,7,19,476.8,0
15159,173.27,travel,0,0,9,13,142.2,0
15160,27.78,entertainment,0,0,12,21,59.1,0
15161,139.69,dining,0,0,15,10,422.5,0
15162,96.83,electronics,0,0,17,16,353.9,0
15163,63.08,travel,0,0,14,20,3507.3,0
15164,147.19,jewelry,0,0,19,18,200.1,0
15165,14.96,online_retail,0,0,19,15,199.3,0
15166,27.46,electronics,0,0,21,14,581.8,0
15167,74.81,pharmacy,0,0,22,17,198.1,0
15168,72.67,jewelry,0,0,12,15,278.8,0
15169,85.92,pharmacy,0,0,14,11,439.7,0
15170,74.6,pharmacy,0,0,14,12,274.1,0
15171,54.0,grocery,0,0,9,14,197.6,0
15172,88.26,online_retail,0,0,7,11,132.8,0
15173,138.2,grocery,1,0,18,15,388.0,0
15174,104.34,pharmacy,0,0,14,18,414.3,0
15175,93.56,fuel,0,0,22,16,651.1,0
15176,61.56,pharmacy,0,0,10,21,325.9,0
15177,52.2,pharmacy,0,0,16,21,537.7,0
15178,57.01,jewelry,0,0,14,10,229.8,0
15179,135.85,pharmacy,1,0,6,19,315.8,0
15180,570.68,pharmacy,0,1,3,3,5.2,1
15181,172.81,fuel,0,0,15,10,1676.6,0
15182,45.97,pharmacy,0,0,13,10,32.0,0
15183,53.82,pharmacy,0,0,16,21,1737.6,0
15184,31.87,online_retail,0,0,7,20,805.5,0
15185,27.74,online_retail,0,0,16,21,24.2,0
15186,75.91,entertainment,0,0,15,18,213.7,0
15187,18.84,online_retail,0,0,12,14,145.8,0
15188,227.86,dining,0,0,19,13,528.2,0
15189,106.6,entertainment,0,1,19,16,1315.2,0
15190,121.7,electronics,0,0,15,16,718.5,0
15191,110.15,entertainment,0,0,15,11,350.1,0
15192,69.59,entertainment,0,0,14,17,258.5,0
15193,40.71,grocery,0,0,21,17,1165.2,0
15194,9.16,jewelry,0,0,20,16,617.3,0
15195,123.17,utilities,0,0,19,18,760.4,0
15196,111.63,travel,0,0,21,17,145.3,0
15197,32.64,grocery,0,0,7,12,161.8,0
15198,149.57,online_retail,0,0,8,12,263.6,0
15199,48.74,pharmacy,0,1,10,13,1505.7,0
15200,84.26,online_retail,0,0,22,17,241.8,0
15201,72.39,dining,0,0,13,19,925.1,0
15202,28.23,dining,0,0,11,17,295.9,0
15203,50.44,jewelry,0,0,14,16,142.3,0
15204,104.06,utilities,0,0,6,18,157.5,0
15205,86.66,online_retail,0,0,10,11,47.9,0
15206,193.8,entertainment,0,0,12,18,1133.8,0
15207,59.9,pharmacy,1,0,22,17,458.2,0
15208,124.23,online_retail,0,0,12,17,503.3,0
15209,62.31,travel,0,0,21,17,387.8,0
15210,114.98,grocery,0,0,9,18,362.4,0
15211,121.32,fuel,1,0,15,15,127.7,0
15212,30.91,online_retail,0,0,9,12,24.0,0
15213,65.01,electronics,0,0,10,18,1253.3,0
15214,24.08,utilities,0,0,13,20,276.9,0
15215,27.31,fuel,0,0,19,9,58.5,0
15216,123.53,fuel,0,0,21,17,230.3,0
15217,413.52,grocery,0,0,6,20,998.4,0
15218,42.3,entertainment,0,0,7,13,772.4,0
15219,46.68,entertainment,0,0,10,12,388.2,0
15220,115.24,fuel,0,0,14,15,232.3,0
15221,44.74,jewelry,0,0,22,11,343.6,0
15222,158.05,grocery,0,0,20,13,46.9,0
15223,179.63,grocery,0,0,10,23,625.5,0
15224,110.5,travel,0,0,7,14,1236.6,0
15225,155.08,jewelry,1,0,15,14,65.4,0
15226,42.24,entertainment,0,0,11,13,230.9,0
15227,47.89,jewelry,0,0,18,17,15.7,0
15228,49.19,entertainment,0,0,17,16,306.4,0
15229,96.64,online_retail,0,0,11,16,100.3,0
15230,10.45,pharmacy,0,0,16,10,673.1,0
15231,88.63,fuel,0,0,14,22,391.5,0
15232,70.79,online_retail,0,0,21,21,43.8,0
15233,14.63,jewelry,0,0,8,19,249.7,0
15234,80.78,travel,0,0,18,18,608.3,0
15235,45.28,online_retail,0,0,11,22,281.2,0
15236,143.14,jewelry,0,0,7,17,174.1,0
15237,48.07,jewelry,0,0,7,14,217.8,0
15238,145.72,fuel,0,0,6,9,16.1,0
15239,969.05,pharmacy,0,1,0,2,1.7,1
15240,76.89,online_retail,0,0,16,9,62.9,0
15241,47.76,online_retail,0,0,12,16,366.3,0
15242,8.69,travel,0,1,20,14,935.6,0
15243,138.58,grocery,0,0,22,15,946.8,0
15244,139.06,online_retail,0,0,19,18,312.6,0
15245,56.83,dining,0,0,22,16,572.7,0
15246,62.47,entertainment,0,0,8,12,2303.1,0
15247,75.43,electronics,0,1,20,13,151.4,0
15248,47.89,electronics,0,0,17,19,975.7,0
15249,109.67,pharmacy,0,0,7,19,71.1,0
15250,68.63,fuel,0,0,14,10,172.0,0
15251,31.53,fuel,0,0,9,19,932.8,0
15252,98.45,dining,0,0,12,10,24.6,0
15253,42.67,online_retail,0,0,19,12,1435.9,0
15254,35.7,jewelry,0,0,6,16,586.9,0
15255,103.19,electronics,1,0,21,19,583.5,0
15256,17.82,online_retail,0,0,15,14,3489.2,0
15257,35.96,entertainment,0,0,18,11,91.7,0
15258,118.14,pharmacy,0,0,13,16,1347.2,0
15259,84.65,electronics,0,1,22,17,122.5,0
15260,53.41,electronics,0,0,21,12,1668.1,0
15261,57.44,grocery,0,0,11,13,429.4,0
15262,128.71,grocery,0,0,13,18,48.6,0
15263,5.17,travel,0,1,9,14,40.8,0
15264,136.46,dining,0,0,16,17,1052.3,0
15265,70.01,dining,0,0,15,18,803.2,0
15266,156.28,entertainment,0,0,8,14,312.4,0
15267,50.09,dining,0,0,13,15,257.3,0
15268,94.27,electronics,0,0,18,17,126.8,0
15269,27.11,utilities,0,0,21,19,930.4,0
15270,76.06,electronics,0,0,11,17,183.2,0
15271,149.29,utilities,0,0,11,9,445.6,0
15272,22.8,utilities,0,0,11,13,563.6,0
15273,19.66,entertainment,0,0,7,16,456.2,0
15274,64.03,utilities,0,0,20,13,1625.4,0
15275,5.93,dining,0,0,21,17,1020.0,0
15276,53.37,online_retail,0,0,12,16,433.1,0
15277,112.05,grocery,0,0,14,10,525.4,0
15278,38.35,electronics,0,0,8,16,268.1,0
15279,76.48,electronics,0,0,14,16,259.4,0
15280,27.01,entertainment,0,0,21,14,1205.6,0
15281,6.75,fuel,0,0,13,19,1382.6,0
15282,85.25,online_retail,0,0,14,17,75.5,0
15283,77.97,fuel,0,0,12,15,687.4,0
15284,51.38,online_retail,1,0,19,22,434.3,0
15285,36.47,fuel,0,1,17,15,418.0,0
15286,27.02,grocery,0,0,16,17,1203.9,0
15287,41.5,pharmacy,0,0,11,12,1395.1,0
15288,78.54,pharmacy,0,0,10,14,267.9,0
15289,7.75,jewelry,0,0,21,12,34.3,0
15290,110.89,grocery,0,1,20,16,231.6,0
15291,46.98,entertainment,0,0,13,15,266.6,0
15292,113.23,pharmacy,0,0,17,12,554.3,0
15293,109.57,dining,0,0,6,14,1816.3,0
15294,27.36,electronics,1,0,7,14,1170.8,0
15295,72.0,travel,0,0,21,13,1860.5,0
15296,51.12,travel,0,0,14,15,325.6,0
15297,25.38,electronics,0,1,9,24,251.1,0
15298,19.74,fuel,0,1,21,18,825.8,0
15299,1250.07,grocery,1,1,1,2,9.6,1
15300,102.57,grocery,0,0,8,21,580.9,0
15301,40.31,travel,0,0,6,18,1078.2,0
15302,741.08,fuel,1,1,4,4,7.8,1
15303,80.4,dining,0,0,19,18,10.7,0
15304,11.44,dining,0,0,17,21,129.1,0
15305,23.23,utilities,0,0,17,20,307.6,0
15306,57.06,online_retail,0,0,17,13,289.5,0
15307,79.83,travel,0,0,22,25,243.5,0
15308,157.37,travel,0,0,12,18,0.3,0
15309,140.3,pharmacy,0,0,10,14,254.3,0
15310,8.42,dining,0,0,6,16,1172.3,0
15311,16.17,dining,0,0,13,12,391.8,0
15312,9.92,pharmacy,0,0,13,7,203.1,0
15313,81.1,pharmacy,0,0,10,12,75.2,0
15314,142.65,utilities,0,0,22,9,1032.3,0
15315,17.96,pharmacy,0,0,6,11,346.1,0
15316,72.57,fuel,1,0,6,17,721.6,0
15317,150.95,grocery,0,0,8,15,180.6,0
15318,50.03,travel,0,0,12,13,1430.6,0
15319,23.93,fuel,0,0,14,11,726.4,0
15320,38.93,jewelry,0,0,8,15,561.2,0
15321,75.23,jewelry,0,0,21,10,480.0,0
15322,80.56,electronics,0,0,17,19,725.8,0
15323,69.67,pharmacy,0,0,7,12,888.1,0
15324,74.35,entertainment,0,0,14,14,405.8,0
15325,120.87,pharmacy,0,0,22,10,1586.6,0
15326,42.31,jewelry,0,0,6,13,13.6,0
15327,49.16,fuel,0,0,19,19,96.3,0
15328,88.01,grocery,0,0,18,13,754.3,0
15329,208.4,pharmacy,0,0,13,13,314.3,0
15330,78.38,jewelry,0,0,12,18,1148.6,0
15331,32.33,grocery,0,0,22,10,41.0,0
15332,9.41,pharmacy,0,0,18,18,415.2,0
15333,163.91,entertainment,0,0,9,15,287.1,0
15334,1.84,pharmacy,0,0,7,16,943.4,0
15335,36.14,entertainment,0,1,6,17,325.1,0
15336,92.12,entertainment,0,0,18,11,990.8,0
15337,181.31,online_retail,0,0,11,7,815.3,0
15338,45.74,dining,0,1,20,13,640.4,0
15339,105.46,travel,0,0,16,14,782.3,0
15340,204.52,fuel,0,0,20,18,623.5,0
15341,27.48,pharmacy,0,0,15,15,291.7,0
15342,56.53,grocery,1,1,20,15,337.2,0
15343,51.2,grocery,0,0,13,17,128.5,0
15344,105.65,pharmacy,1,0,9,16,2601.4,0
15345,34.06,entertainment,0,0,11,18,746.5,0
15346,118.18,pharmacy,0,0,18,15,318.3,0
15347,74.11,travel,0,0,8,10,108.0,0
15348,40.54,utilities,0,0,19,17,745.8,0
15349,23.01,grocery,0,0,16,13,1192.0,0
15350,9.62,pharmacy,0,0,10,24,1460.6,0
15351,68.5,entertainment,0,0,11,19,696.2,0
15352,55.44,utilities,0,0,17,15,387.2,0
15353,83.07,online_retail,0,1,20,17,338.2,0
15354,35.59,travel,0,0,10,14,62.5,0
15355,51.95,travel,0,0,6,11,74.7,0
15356,83.48,jewelry,0,0,6,18,490.6,0
15357,120.62,dining,0,0,10,10,2362.3,0
15358,18.57,grocery,0,0,16,13,881.7,0
15359,69.03,jewelry,0,0,18,9,1261.2,0
15360,40.74,travel,0,0,21,14,257.4,0
15361,96.07,travel,0,0,8,10,30.8,0
15362,105.59,electronics,0,0,22,13,215.2,0
15363,68.65,entertainment,0,0,17,14,33.9,0
15364,135.37,grocery,0,0,11,13,230.8,0
15365,225.88,entertainment,0,0,22,9,98.9,0
15366,85.07,online_retail,0,0,9,17,952.8,0
15367,63.99,pharmacy,0,1,18,17,588.5,0
15368,149.46,online_retail,0,0,22,12,259.6,0
15369,35.37,entertainment,0,0,8,12,435.2,0
15370,1.66,travel,0,0,12,16,3694.1,0
15371,64.74,fuel,0,1,11,16,648.4,0
15372,6.83,entertainment,0,0,14,18,667.7,0
15373,181.92,grocery,0,0,11,7,676.7,0
15374,80.8,entertainment,0,0,20,20,0.0,0
15375,293.38,dining,0,0,22,8,2642.7,0
15376,35.83,online_retail,0,0,17,18,1064.6,0
15377,59.59,electronics,0,0,20,15,1457.3,0
15378,118.53,travel,0,0,10,18,323.0,0
15379,18.26,electronics,0,0,12,19,411.6,0
15380,52.89,fuel,0,0,12,12,140.5,0
15381,83.55,jewelry,0,0,16,10,321.8,0
15382,111.48,utilities,0,0,15,28,329.9,0
15383,142.52,online_retail,0,0,7,19,172.2,0
15384,39.34,jewelry,0,1,15,16,286.7,0
15385,115.78,fuel,0,0,14,14,184.5,0
15386,48.08,utilities,1,0,16,14,68.8,0
15387,26.57,utilities,0,0,11,17,200.1,0
15388,56.6,travel,0,0,14,10,0.1,0
15389,122.92,entertainment,1,0,7,14,61.5,0
15390,17.35,fuel,0,0,13,8,1673.5,0
15391,107.78,dining,0,0,17,19,749.0,0
15392,33.44,pharmacy,0,0,15,10,264.0,0
15393,58.48,online_retail,0,0,16,21,533.8,0
15394,33.09,fuel,0,0,21,28,46.1,0
15395,91.85,jewelry,1,0,14,13,737.1,0
15396,31.73,entertainment,0,0,18,18,562.8,0
15397,105.28,electronics,0,0,10,9,445.4,0
15398,42.83,dining,0,0,14,18,233.2,0
15399,49.95,entertainment,1,0,9,18,526.8,0
15400,80.04,pharmacy,0,0,21,17,1901.6,0
15401,84.48,travel,0,0,19,17,233.6,0
15402,138.64,dining,0,0,18,17,64.4,0
15403,81.28,grocery,0,0,10,13,200.1,0
15404,48.76,travel,0,0,22,15,104.5,0
15405,465.4,utilities,0,1,6,12,1453.7,0
15406,107.53,grocery,0,0,22,14,160.9,0
15407,112.83,utilities,0,0,6,16,316.3,0
15408,77.34,entertainment,0,0,16,20,347.1,0
15409,148.68,online_retail,0,0,18,15,609.1,0
15410,37.12,fuel,1,0,18,16,113.8,0
15411,46.29,entertainment,0,0,18,15,74.4,0
15412,42.0,pharmacy,0,0,9,14,279.2,0
15413,44.22,electronics,0,0,9,17,933.0,0
15414,76.49,online_retail,0,0,10,14,117.7,0
15415,30.72,electronics,1,0,21,16,575.4,0
15416,73.39,jewelry,0,0,7,11,535.4,0
15417,32.97,dining,0,0,12,9,222.8,0
15418,81.74,utilities,0,0,19,15,1760.6,0
15419,57.51,dining,0,0,10,15,178.6,0
15420,59.35,travel,0,0,19,7,1.3,0
15421,177.3,entertainment,0,0,6,13,1297.8,0
15422,27.27,pharmacy,0,0,12,12,672.1,0
15423,130.54,online_retail,0,0,14,15,1286.2,0
15424,135.49,travel,0,0,16,17,827.4,0
15425,101.07,grocery,0,0,13,17,59.4,0
15426,277.3,dining,0,0,13,14,184.6,0
15427,96.81,electronics,0,0,6,17,698.5,0
15428,106.07,online_retail,0,0,22,14,278.3,0
15429,67.71,travel,0,0,18,11,389.3,0
15430,168.51,fuel,0,0,12,13,1052.2,0
15431,30.35,fuel,0,0,14,18,1336.0,0
15432,36.99,pharmacy,0,0,17,13,501.5,0
15433,44.67,electronics,0,0,10,16,324.4,0
15434,116.06,dining,0,0,21,22,149.2,0
15435,108.83,utilities,1,0,16,14,1280.5,0
15436,89.65,pharmacy,0,0,11,11,220.7,0
15437,153.01,travel,0,0,7,21,1331.6,0
15438,109.37,grocery,0,0,14,16,204.8,0
15439,70.0,jewelry,0,1,10,15,253.1,0
15440,172.6,fuel,0,0,11,16,375.0,0
15441,38.35,travel,0,0,13,18,170.7,0
15442,36.42,fuel,0,0,19,18,804.7,0
15443,61.24,utilities,0,0,9,11,337.7,0
15444,137.94,travel,0,0,18,15,55.5,0
15445,82.26,fuel,0,0,17,13,2724.2,0
15446,90.56,jewelry,0,0,19,10,3.9,0
15447,18.48,fuel,0,0,15,10,942.7,0
15448,91.3,electronics,0,0,7,16,1987.3,0
15449,22.04,grocery,0,0,17,18,414.2,0
15450,31.67,electronics,0,0,11,12,515.6,0
15451,34.89,entertainment,0,0,10,16,1172.2,0
15452,25.77,online_retail,0,0,13,21,155.8,0
15453,57.82,entertainment,0,0,11,17,369.4,0
15454,85.97,grocery,0,0,9,20,1785.5,0
15455,15.04,travel,0,1,6,21,9.0,0
15456,63.02,entertainment,0,0,7,12,59.4,0
15457,51.77,online_retail,0,0,15,18,512.6,0
15458,53.29,entertainment,0,0,13,14,28.0,0
15459,140.67,pharmacy,0,0,13,14,661.1,0
15460,78.11,entertainment,0,0,22,15,3252.8,0
15461,63.72,pharmacy,0,0,16,16,451.9,0
15462,33.2,utilities,0,0,11,9,1284.3,0
15463,34.63,pharmacy,0,0,12,22,209.0,0
15464,18.87,dining,0,0,15,24,585.1,0
15465,65.77,pharmacy,0,0,21,12,370.0,0
15466,97.42,grocery,0,0,9,22,96.0,0
15467,102.98,electronics,0,0,22,13,1392.3,0
15468,203.31,entertainment,0,0,14,9,471.9,0
15469,24.75,entertainment,0,1,7,14,171.1,0
15470,57.48,electronics,1,0,14,18,764.4,0
15471,48.12,utilities,0,0,19,13,1360.9,0
15472,29.28,travel,0,0,14,14,241.5,0
15473,45.28,online_retail,0,1,21,22,1311.4,0
15474,40.98,online_retail,0,0,6,17,21.7,0
15475,103.93,travel,0,0,13,11,1985.1,0
15476,32.85,entertainment,0,0,6,17,107.9,0
15477,25.31,travel,0,0,14,12,559.2,0
15478,46.76,pharmacy,0,0,13,11,1113.5,0
15479,56.27,utilities,0,0,12,16,206.5,0
15480,198.0,online_retail,0,0,14,10,475.5,0
15481,53.47,online_retail,0,0,6,8,811.2,0
15482,107.67,jewelry,0,0,9,10,278.4,0
15483,114.03,utilities,0,1,16,18,342.1,0
15484,95.1,online_retail,0,0,21,16,1380.0,0
15485,58.82,dining,0,1,15,19,527.4,0
15486,20.46,dining,1,0,19,13,374.6,0
15487,67.96,jewelry,0,0,18,14,45.9,0
15488,22.43,dining,0,0,14,7,448.5,0
15489,8.94,jewelry,0,1,15,15,728.0,0
15490,72.78,electronics,0,0,16,14,20.5,0
15491,31.4,online_retail,1,0,18,8,305.9,0
15492,5.46,travel,0,0,8,15,602.5,0
15493,143.2,entertainment,0,0,6,16,201.5,0
15494,39.84,fuel,0,0,9,15,265.2,0
15495,62.58,jewelry,0,0,8,16,1023.8,0
15496,67.24,travel,0,1,14,22,129.7,0
15497,140.24,grocery,0,0,7,18,54.2,0
15498,38.54,dining,0,0,7,13,1015.0,0
15499,99.64,entertainment,0,0,16,8,273.7,0
15500,85.86,travel,0,1,16,15,33.4,0
15501,40.84,travel,0,0,22,24,332.9,0
15502,100.16,travel,0,0,18,12,181.1,0
15503,56.5,electronics,0,0,11,17,370.9,0
15504,64.55,utilities,0,0,6,22,666.3,0
15505,51.44,entertainment,0,0,22,20,218.1,0
15506,96.96,dining,0,1,16,22,516.9,0
15507,36.7,utilities,0,0,11,14,157.1,0
15508,87.36,dining,1,1,21,17,1077.9,0
15509,48.93,entertainment,0,0,14,12,2323.0,0
15510,107.07,electronics,0,1,17,12,1006.5,0
15511,35.15,utilities,1,0,8,14,162.9,0
15512,68.75,travel,0,0,8,15,19.6,0
15513,36.02,online_retail,0,0,12,14,388.8,0
15514,75.07,utilities,0,0,13,8,1401.8,0
15515,37.79,travel,0,0,14,22,2.8,0
15516,13.8,dining,0,0,20,14,679.2,0
15517,109.49,fuel,0,0,16,19,405.8,0
15518,162.07,utilities,1,0,14,14,613.7,0
15519,23.06,entertainment,0,0,9,16,659.6,0
15520,84.72,pharmacy,0,0,13,16,422.9,0
15521,20.2,jewelry,0,0,9,14,182.9,0
15522,72.07,fuel,0,0,10,16,191.7,0
15523,78.34,dining,0,0,19,18,909.1,0
15524,31.59,pharmacy,0,0,17,15,119.9,0
15525,33.24,fuel,0,0,10,18,1300.1,0
15526,18.73,entertainment,0,0,16,11,282.9,0
15527,61.63,dining,0,0,11,12,2467.0,0
15528,96.09,utilities,0,0,7,12,190.0,0
15529,38.42,dining,0,0,15,17,543.3,0
15530,52.36,grocery,0,0,17,16,629.7,0
15531,603.46,online_retail,0,0,3,3,8.7,1
15532,123.32,grocery,0,0,8,17,342.3,0
15533,50.07,electronics,0,0,11,10,868.7,0
15534,121.43,fuel,0,0,21,13,165.2,0
15535,56.99,fuel,0,0,7,18,186.6,0
15536,54.51,pharmacy,0,0,9,10,975.3,0
15537,79.8,dining,0,0,14,15,201.1,0
15538,178.16,utilities,0,0,8,15,2806.2,0
15539,221.71,jewelry,0,1,12,13,1541.2,0
15540,37.44,jewelry,0,0,14,15,1816.4,0
15541,28.81,pharmacy,0,0,16,13,109.1,0
15542,89.96,travel,0,0,16,14,415.7,0
15543,919.06,jewelry,1,1,2,3,0.6,1
15544,47.9,utilities,0,0,12,13,515.2,0
15545,29.12,jewelry,0,0,11,18,557.1,0
15546,65.13,pharmacy,0,0,20,18,1451.7,0
15547,76.88,travel,1,0,6,14,221.7,0
15548,76.13,jewelry,0,0,21,13,178.9,0
15549,61.87,utilities,0,0,20,12,633.8,0
15550,146.93,dining,0,0,20,18,2714.0,0
15551,118.12,electronics,0,0,11,11,1647.6,0
15552,120.89,entertainment,0,0,12,11,794.9,0
15553,22.05,utilities,0,1,13,16,52.4,0
15554,79.62,dining,0,1,21,15,1353.4,0
15555,161.71,electronics,0,0,18,16,820.3,0
15556,63.75,grocery,0,0,13,15,222.9,0
15557,67.28,entertainment,0,1,19,13,1503.0,0
15558,96.5,utilities,0,0,15,18,966.9,0
15559,64.57,pharmacy,0,0,18,13,1115.0,0
15560,62.21,pharmacy,0,0,10,14,1256.7,0
15561,23.94,grocery,0,0,11,15,930.6,0
15562,155.65,entertainment,0,0,9,19,621.7,0
15563,92.43,grocery,0,0,12,21,1540.5,0
15564,158.14,pharmacy,0,1,21,12,1857.7,0
15565,113.93,online_retail,0,0,19,15,54.8,0
15566,106.23,pharmacy,0,0,9,13,446.5,0
15567,64.83,grocery,0,0,16,20,62.3,0
15568,30.26,grocery,0,0,21,13,2341.0,0
15569,202.71,pharmacy,0,0,8,18,613.8,0
15570,86.81,electronics,0,0,15,14,90.2,0
15571,228.61,entertainment,0,0,6,13,131.9,0
15572,35.05,online_retail,0,0,18,16,151.6,0
15573,12.39,electronics,0,0,10,16,883.8,0
15574,53.66,fuel,0,0,12,16,804.7,0
15575,79.18,pharmacy,1,1,7,23,50.3,0
15576,237.26,grocery,0,0,7,7,471.3,0
15577,12.28,dining,0,0,19,12,463.8,0
15578,175.35,jewelry,0,0,14,16,1306.4,0
15579,133.71,online_retail,0,0,15,16,104.6,0
15580,35.4,grocery,0,0,22,21,1287.6,0
15581,30.19,fuel,0,0,17,12,72.1,0
15582,87.46,jewelry,0,0,22,12,9.7,0
15583,44.97,grocery,0,0,6,15,228.2,0
15584,50.91,pharmacy,0,0,17,16,190.9,0
15585,90.21,electronics,0,0,13,11,423.4,0
15586,85.64,online_retail,0,0,16,12,454.1,0
15587,67.35,fuel,0,0,13,16,513.4,0
15588,106.68,dining,0,0,21,11,643.3,0
15589,108.92,pharmacy,0,0,6,16,820.0,0
15590,218.3,dining,0,0,21,18,314.8,0
15591,161.4,electronics,0,0,22,12,1587.8,0
15592,176.01,online_retail,0,0,21,17,206.7,0
15593,41.38,pharmacy,0,0,13,10,432.3,0
15594,56.73,utilities,0,0,6,11,2130.4,0
15595,66.62,electronics,0,0,17,12,981.8,0
15596,111.95,entertainment,0,0,14,12,281.2,0
15597,1.34,online_retail,0,0,10,13,747.3,0
15598,35.7,online_retail,0,0,15,16,414.2,0
15599,12.05,fuel,0,1,8,14,1859.4,0
15600,54.1,entertainment,0,0,16,18,99.1,0
15601,30.11,travel,0,0,12,13,2260.2,0
15602,30.44,entertainment,0,0,9,13,164.0,0
15603,45.95,jewelry,0,0,21,8,2105.3,0
15604,140.7,fuel,0,0,19,14,340.3,0
15605,38.63,jewelry,0,0,9,20,386.0,0
15606,80.25,dining,0,0,18,16,54.0,0
15607,43.02,jewelry,0,0,19,15,366.2,0
15608,41.58,utilities,1,0,11,17,577.3,0
15609,140.54,dining,0,0,10,9,264.9,0
15610,108.1,travel,0,0,14,16,54.3,0
15611,56.18,grocery,0,0,21,18,665.7,0
15612,89.47,utilities,0,0,19,9,669.9,0
15613,43.82,pharmacy,0,0,13,19,2042.7,0
15614,110.95,electronics,0,0,14,13,237.7,0
15615,81.37,utilities,0,0,18,12,882.1,0
15616,42.44,grocery,1,0,13,17,1051.3,0
15617,15.69,dining,1,0,11,12,168.1,0
15618,87.05,entertainment,0,0,9,14,178.9,0
15619,69.61,pharmacy,0,1,16,18,290.5,0
15620,149.15,pharmacy,0,1,17,15,388.1,0
15621,54.28,jewelry,0,0,7,20,636.5,0
15622,138.86,travel,0,0,22,14,10.3,0
15623,65.34,dining,0,1,15,12,216.5,0
15624,43.58,pharmacy,0,0,9,18,162.0,0
15625,41.47,dining,0,0,11,13,68.3,0
15626,76.46,utilities,0,0,20,20,99.9,0
15627,24.61,electronics,0,0,7,18,2113.1,0
15628,58.52,entertainment,0,0,22,13,533.1,0
15629,50.28,utilities,0,1,16,15,1279.5,0
15630,29.9,utilities,0,0,12,22,645.3,0
15631,95.92,pharmacy,0,0,14,19,576.8,0
15632,58.65,travel,0,0,13,10,152.9,0
15633,3.65,travel,0,0,16,20,142.9,0
15634,8.35,utilities,0,0,11,14,1079.2,0
15635,44.55,dining,0,0,15,21,8.9,0
15636,28.28,grocery,0,0,12,19,424.8,0
15637,8.14,utilities,0,0,18,21,356.1,0
15638,80.63,fuel,0,1,7,15,140.3,0
15639,62.03,entertainment,0,0,15,22,645.5,0
15640,116.35,dining,0,0,17,18,2045.1,0
15641,22.57,fuel,0,0,13,21,146.7,0
15642,85.11,pharmacy,0,1,18,15,232.8,0
15643,74.91,travel,0,1,15,15,73.1,0
15644,154.99,electronics,1,0,21,13,157.6,0
15645,7.68,fuel,0,0,22,15,305.1,0
15646,87.46,electronics,0,0,11,14,156.8,0
15647,89.08,fuel,0,0,14,20,23.5,0
15648,133.92,entertainment,0,0,7,15,581.2,0
15649,7.34,online_retail,0,0,15,25,177.2,0
15650,42.69,dining,0,0,16,19,314.1,0
15651,62.51,electronics,0,0,13,9,1882.2,0
15652,17.96,travel,0,0,8,20,270.1,0
15653,55.56,jewelry,0,0,9,10,2205.9,0
15654,13.76,electronics,0,1,10,21,262.4,0
15655,68.99,utilities,0,0,12,24,69.1,0
15656,64.83,electronics,0,0,22,8,296.4,0
15657,64.99,travel,0,0,12,11,25.9,0
15658,27.26,grocery,0,0,17,20,748.0,0
15659,136.51,jewelry,0,0,10,21,165.5,0
15660,133.07,pharmacy,0,0,14,13,2089.4,0
15661,107.27,jewelry,0,0,9,21,523.3,0
15662,188.94,jewelry,0,1,21,12,376.7,0
15663,75.08,travel,0,0,10,16,152.1,0
15664,124.66,dining,0,0,6,11,354.1,0
15665,15.15,travel,0,0,14,12,252.0,0
15666,116.75,utilities,0,1,21,16,463.6,0
15667,11.9,entertainment,1,0,22,15,305.6,0
15668,51.66,travel,0,0,22,13,321.4,0
15669,14.55,dining,0,0,11,16,97.1,0
15670,205.46,electronics,0,0,16,16,19.8,0
15671,121.33,grocery,0,0,9,12,1581.8,0
15672,130.17,jewelry,0,0,10,11,331.7,0
15673,72.58,pharmacy,0,0,17,17,312.5,0
15674,54.9,fuel,0,0,13,12,2749.1,0
15675,104.93,online_retail,0,0,16,21,185.9,0
15676,128.35,grocery,0,0,14,11,9.0,0
15677,85.27,jewelry,0,0,12,15,969.2,0
15678,19.26,online_retail,0,0,8,15,229.8,0
15679,49.16,grocery,0,1,11,16,464.1,0
15680,118.57,grocery,0,0,11,20,372.0,0
15681,86.27,entertainment,1,0,10,16,1023.6,0
15682,22.0,jewelry,0,0,13,9,791.2,0
15683,64.81,jewelry,0,0,13,16,1205.3,0
15684,110.24,utilities,0,0,15,15,953.4,0
15685,11.69,utilities,0,0,19,23,532.2,0
15686,76.77,jewelry,1,0,13,8,895.8,0
15687,177.81,pharmacy,0,0,9,13,110.0,0
15688,32.03,fuel,0,1,18,22,77.5,0
15689,26.8,entertainment,0,0,16,14,48.2,0
15690,90.29,utilities,0,0,13,13,296.9,0
15691,101.8,jewelry,0,0,6,15,491.1,0
15692,8.65,fuel,0,0,13,18,347.5,0
15693,31.87,dining,1,0,13,16,157.6,0
15694,138.21,travel,0,0,11,19,572.4,0
15695,80.76,online_retail,0,0,17,16,141.8,0
15696,33.7,entertainment,0,0,6,16,2017.6,0
15697,63.0,dining,0,0,10,13,60.4,0
15698,21.98,grocery,0,0,17,14,1835.4,0
15699,8.9,utilities,0,0,19,13,582.3,0
15700,114.32,grocery,0,0,15,19,147.9,0
15701,27.15,jewelry,0,1,15,14,743.3,0
15702,57.94,utilities,0,0,20,8,60.8,0
15703,8.74,utilities,0,0,19,12,372.6,0
15704,36.56,entertainment,0,0,19,16,708.3,0
15705,93.92,travel,0,0,8,19,1382.0,0
15706,84.61,entertainment,0,0,10,13,744.7,0
15707,59.53,entertainment,0,0,10,17,50.6,0
15708,20.87,electronics,0,0,21,13,1272.7,0
15709,51.94,electronics,0,0,6,13,108.0,0
15710,14.91,utilities,0,0,8,21,168.2,0
15711,63.85,electronics,0,1,9,19,275.7,0
15712,20.61,jewelry,0,0,14,13,1132.7,0
15713,409.5,grocery,0,1,4,2,0.6,1
15714,51.38,dining,0,1,7,21,451.1,0
15715,147.74,entertainment,0,0,16,16,20.7,0
15716,121.41,pharmacy,0,0,21,11,16.0,0
15717,95.5,dining,0,0,16,18,659.0,0
15718,7.3,dining,0,0,12,15,515.8,0
15719,49.82,electronics,0,0,15,12,524.8,0
15720,7.52,jewelry,0,0,21,12,910.8,0
15721,55.56,pharmacy,0,0,10,16,24.8,0
15722,50.72,fuel,0,0,10,12,998.3,0
15723,157.39,fuel,0,0,21,16,208.3,0
15724,97.94,electronics,0,1,15,19,593.7,0
15725,76.85,utilities,0,0,14,18,158.6,0
15726,111.37,grocery,0,0,20,17,220.7,0
15727,21.3,travel,0,0,16,20,2022.8,0
15728,20.41,grocery,0,0,20,20,39.3,0
15729,95.44,electronics,0,0,13,14,142.7,0
15730,114.34,jewelry,0,0,6,14,772.9,0
15731,35.41,entertainment,0,0,20,12,173.3,0
15732,144.46,entertainment,0,0,17,9,466.7,0
15733,64.4,dining,0,0,22,19,900.4,0
15734,74.64,dining,0,0,11,15,197.4,0
15735,33.96,fuel,0,0,20,15,901.4,0
15736,83.31,grocery,0,0,7,13,663.8,0
15737,62.53,fuel,0,0,13,18,361.8,0
15738,128.65,jewelry,0,0,16,13,1553.5,0
15739,67.87,entertainment,0,0,18,15,250.9,0
15740,29.64,dining,0,0,8,13,1969.5,0
15741,104.97,jewelry,1,0,18,12,104.6,0
15742,60.82,jewelry,0,0,7,14,140.1,0
15743,95.26,fuel,0,0,19,15,152.5,0
15744,43.61,grocery,0,0,12,18,519.9,0
15745,114.37,grocery,0,0,22,16,81.0,0
15746,17.12,utilities,0,0,15,16,82.6,0
15747,114.36,pharmacy,0,0,22,18,358.1,0
15748,60.8,entertainment,0,0,7,19,170.0,0
15749,62.34,utilities,0,0,20,11,647.6,0
15750,70.25,travel,0,0,19,15,418.3,0
15751,19.6,travel,0,0,16,12,309.8,0
15752,96.32,pharmacy,0,0,15,12,4.2,0
15753,13.69,online_retail,0,0,20,13,519.1,0
15754,6.71,jewelry,0,0,10,16,846.1,0
15755,123.3,fuel,0,0,7,24,813.4,0
15756,14.72,utilities,1,0,7,11,1098.8,0
15757,168.47,travel,0,0,8,11,109.2,0
15758,143.99,utilities,1,0,11,17,2341.7,0
15759,309.4,pharmacy,0,0,9,14,150.3,0
15760,65.48,grocery,0,0,12,23,342.3,0
15761,69.18,entertainment,0,0,6,4,362.3,0
15762,16.56,entertainment,0,0,8,20,104.0,0
15763,19.7,utilities,0,0,9,13,677.8,0
15764,125.83,online_retail,0,0,11,10,647.7,0
15765,90.38,online_retail,0,1,9,10,607.3,0
15766,177.52,pharmacy,0,0,16,15,1.8,0
15767,94.75,online_retail,0,0,6,16,1008.8,0
15768,50.37,electronics,0,0,12,10,1945.0,0
15769,95.24,utilities,0,0,8,16,695.4,0
15770,663.77,utilities,0,1,3,4,3.1,1
15771,121.42,grocery,0,0,10,23,71.6,0
15772,101.67,electronics,0,0,15,15,997.1,0
15773,102.32,grocery,0,0,6,18,270.9,0
15774,86.85,jewelry,0,0,9,8,76.8,0
15775,89.42,utilities,0,0,17,10,638.5,0
15776,42.27,electronics,0,0,11,15,673.9,0
15777,37.51,entertainment,0,0,7,10,227.2,0
15778,165.33,jewelry,0,0,7,11,188.3,0
15779,195.61,entertainment,0,0,11,20,78.5,0
15780,67.43,online_retail,0,0,6,14,256.8,0
15781,132.83,entertainment,0,0,8,16,292.7,0
15782,57.38,fuel,1,0,10,15,456.7,0
15783,66.63,entertainment,0,0,12,21,125.1,0
15784,107.9,grocery,0,0,21,20,389.3,0
15785,86.76,jewelry,1,0,6,13,5.7,0
15786,32.16,dining,0,0,21,16,1315.7,0
15787,30.49,fuel,0,0,18,16,1385.3,0
15788,95.9,dining,0,0,13,20,286.9,0
15789,71.22,dining,0,0,8,20,840.1,0
15790,154.58,fuel,0,0,14,20,1017.4,0
15791,219.38,jewelry,0,1,22,15,1852.3,0
15792,159.46,electronics,0,0,19,17,210.8,0
15793,68.87,pharmacy,0,0,17,24,1414.5,0
15794,30.46,pharmacy,0,0,14,16,2594.6,0
15795,125.99,utilities,0,1,14,13,496.3,0
15796,81.18,pharmacy,0,1,15,19,772.7,0
15797,68.5,travel,0,1,13,10,911.2,0
15798,39.99,pharmacy,0,0,21,11,56.1,0
15799,140.06,entertainment,0,0,15,9,648.3,0
15800,81.47,utilities,0,0,12,13,1038.7,0
15801,140.43,grocery,0,0,11,23,275.7,0
15802,48.25,online_retail,0,0,20,9,980.9,0
15803,172.8,dining,0,0,22,12,334.1,0
15804,190.49,entertainment,1,0,18,10,22.9,0
15805,53.5,jewelry,0,0,16,20,470.8,0
15806,69.68,jewelry,0,0,6,14,336.6,0
15807,166.14,jewelry,0,0,21,13,1475.7,0
15808,36.4,fuel,0,0,6,19,78.9,0
15809,132.51,dining,1,0,14,17,1499.1,0
15810,36.67,travel,0,0,11,17,886.8,0
15811,266.21,travel,0,0,19,18,820.2,0
15812,114.55,electronics,0,0,19,13,1.5,0
15813,109.56,entertainment,0,0,18,11,964.7,0
15814,68.23,jewelry,0,0,12,17,814.4,0
15815,98.15,travel,0,0,21,23,68.5,0
15816,15.91,fuel,0,0,20,14,45.0,0
15817,226.12,jewelry,0,0,7,11,2915.5,0
15818,14.98,jewelry,0,0,13,11,1394.0,0
15819,47.7,pharmacy,0,0,13,12,883.1,0
15820,260.49,online_retail,0,0,18,16,215.2,0
15821,48.76,fuel,0,0,19,11,167.4,0
15822,149.21,utilities,0,0,12,12,1682.7,0
15823,60.7,electronics,0,0,7,16,795.5,0
15824,33.72,electronics,0,0,16,10,230.7,0
15825,112.65,grocery,0,0,13,16,230.8,0
15826,84.85,entertainment,0,0,15,18,93.5,0
15827,121.28,fuel,0,0,20,16,596.1,0
15828,34.35,electronics,0,0,19,17,486.6,0
15829,42.25,entertainment,0,0,11,12,197.2,0
15830,646.48,fuel,1,1,3,3,0.3,1
15831,60.09,jewelry,0,0,13,14,1132.5,0
15832,54.69,utilities,0,0,22,12,467.3,0
15833,36.37,fuel,0,0,15,11,701.3,0
15834,136.35,jewelry,0,0,15,16,1115.1,0
15835,41.75,dining,0,0,16,12,911.6,0
15836,111.36,grocery,0,0,19,9,614.2,0
15837,81.36,dining,0,0,14,16,1794.2,0
15838,10.53,grocery,1,0,10,10,491.3,0
15839,1326.14,pharmacy,1,0,3,1,2.6,1
15840,122.08,dining,0,0,19,18,238.3,0
15841,88.29,dining,0,0,14,16,464.5,0
15842,267.12,dining,0,1,21,16,1099.6,0
15843,190.21,pharmacy,0,0,6,12,1065.9,0
15844,182.22,electronics,0,0,12,14,148.8,0
15845,119.13,pharmacy,1,0,9,16,156.6,0
15846,10.04,fuel,0,0,11,20,121.9,0
15847,62.43,online_retail,0,0,6,17,12.6,0
15848,179.6,travel,0,0,17,21,177.1,0
15849,57.31,travel,0,1,9,18,19.7,0
15850,22.21,dining,0,0,18,14,705.5,0
15851,31.88,online_retail,0,0,18,20,111.7,0
15852,205.82,jewelry,0,0,17,15,427.6,0
15853,68.32,online_retail,0,0,17,16,901.2,0
15854,152.01,utilities,0,0,18,18,198.6,0
15855,116.99,travel,0,0,8,17,111.6,0
15856,63.81,travel,0,0,16,19,1361.0,0
15857,30.48,online_retail,0,0,17,18,85.2,0
15858,39.74,electronics,0,0,6,16,762.4,0
15859,118.92,pharmacy,0,0,10,20,1261.3,0
15860,132.92,utilities,0,0,7,21,598.8,0
15861,36.63,pharmacy,0,0,19,18,282.2,0
15862,144.28,grocery,0,0,8,12,277.3,0
15863,78.23,fuel,0,0,8,14,458.3,0
15864,23.92,jewelry,0,0,21,16,43.1,0
15865,77.94,electronics,0,0,6,13,1114.0,0
15866,37.7,electronics,0,0,13,20,1295.3,0
15867,52.57,travel,0,0,6,19,1339.9,0
15868,112.66,jewelry,0,0,21,20,241.9,0
15869,33.62,entertainment,0,0,12,13,1555.8,0
15870,136.08,entertainment,0,0,13,20,158.6,0
15871,130.05,travel,0,0,10,12,79.0,0
15872,39.0,dining,0,0,13,11,348.0,0
15873,16.29,electronics,0,0,10,11,137.0,0
15874,62.5,travel,0,0,18,14,710.9,0
15875,74.63,entertainment,0,0,18,8,482.9,0
15876,64.18,utilities,0,0,17,13,1856.6,0
15877,33.66,grocery,0,0,16,16,274.0,0
15878,68.56,online_retail,0,1,7,16,865.9,0
15879,282.5,fuel,0,0,12,8,449.7,0
15880,77.51,entertainment,0,0,11,13,1353.3,0
15881,11.29,jewelry,0,0,6,22,106.2,0
15882,82.87,electronics,0,0,7,13,35.9,0
15883,32.27,fuel,0,0,21,12,1925.1,0
15884,74.22,travel,0,0,14,19,10.8,0
15885,147.57,jewelry,0,0,9,7,118.9,0
15886,43.31,dining,0,0,8,13,827.7,0
15887,109.51,fuel,0,0,6,11,485.5,0
15888,37.84,dining,0,0,16,13,977.5,0
15889,1.47,electronics,0,0,17,17,162.4,0
15890,17.11,travel,0,0,14,18,145.4,0
15891,61.29,dining,0,0,14,16,865.2,0
15892,55.46,dining,0,0,22,13,98.1,0
15893,208.98,pharmacy,0,0,8,18,592.2,0
15894,92.1,entertainment,0,0,15,14,294.8,0
15895,50.93,grocery,0,0,7,18,1598.6,0
15896,58.3,pharmacy,0,0,8,17,935.7,0
15897,970.64,grocery,0,1,0,4,21.6,1
15898,33.36,grocery,1,0,20,19,294.2,0
15899,331.85,pharmacy,0,0,4,3,5.4,1
15900,147.03,dining,0,0,8,14,59.5,0
15901,231.67,online_retail,0,0,15,15,299.2,0
15902,196.8,dining,1,0,10,18,138.5,0
15903,58.28,fuel,0,0,6,15,906.8,0
15904,130.82,pharmacy,0,0,6,20,111.4,0
15905,607.1,pharmacy,1,1,2,0,2.9,1
15906,61.05,utilities,0,1,18,12,2091.1,0
15907,4.03,entertainment,0,0,15,21,77.3,0
15908,7.42,electronics,0,0,13,16,470.8,0
15909,96.33,utilities,0,0,19,14,689.6,0
15910,10.79,dining,0,0,18,10,763.4,0
15911,162.8,pharmacy,0,0,7,13,489.5,0
15912,92.38,online_retail,0,0,8,16,2288.1,0
15913,69.13,dining,0,0,7,10,1.4,0
15914,103.75,online_retail,0,1,10,20,511.4,0
15915,51.38,electronics,0,0,10,9,326.5,0
15916,113.71,electronics,0,0,11,21,209.8,0
15917,44.89,entertainment,0,0,17,22,1810.1,0
15918,30.45,travel,0,0,20,13,443.1,0
15919,25.56,dining,0,0,21,18,421.4,0
15920,91.25,pharmacy,0,0,7,21,180.8,0
15921,39.8,fuel,0,0,20,15,1.7,0
15922,473.58,electronics,1,0,4,0,11.3,1
15923,71.36,online_retail,0,0,20,9,963.0,0
15924,112.88,online_retail,0,0,15,20,450.5,0
15925,201.39,entertainment,0,0,10,14,640.7,0
15926,21.24,travel,0,0,7,24,268.4,0
15927,42.5,entertainment,0,0,9,15,152.0,0
15928,107.59,entertainment,0,0,19,9,341.7,0
15929,182.33,entertainment,0,0,21,17,360.8,0
15930,35.4,online_retail,0,0,10,23,1079.1,0
15931,158.09,travel,0,0,18,13,508.9,0
15932,116.47,pharmacy,0,0,22,19,1896.7,0
15933,61.52,jewelry,0,0,6,19,8.8,0
15934,71.51,utilities,0,0,22,14,15.4,0
15935,34.97,travel,0,0,20,23,1222.4,0
15936,33.45,dining,0,0,9,18,195.3,0
15937,143.47,utilities,0,0,20,13,1518.5,0
15938,180.68,pharmacy,0,0,7,7,67.1,0
15939,9.82,dining,0,0,7,20,412.8,0
15940,74.26,pharmacy,0,0,12,9,313.9,0
15941,150.99,travel,0,0,13,15,498.2,0
15942,130.76,utilities,0,0,10,9,607.9,0
15943,74.19,utilities,0,0,10,16,623.9,0
15944,92.72,fuel,0,0,15,18,246.4,0
15945,44.93,entertainment,0,0,19,20,521.6,0
15946,11.29,pharmacy,0,0,22,10,436.2,0
15947,16.72,pharmacy,0,0,11,14,349.1,0
15948,44.5,dining,0,0,18,17,871.7,0
15949,152.76,utilities,0,0,8,11,839.6,0
15950,29.57,online_retail,0,0,10,13,248.6,0
15951,266.94,electronics,0,0,10,16,1003.8,0
15952,54.23,jewelry,0,0,13,12,1027.4,0
15953,13.73,dining,0,0,8,15,55.8,0
15954,42.54,jewelry,0,0,11,17,1047.1,0
15955,114.03,pharmacy,0,0,8,14,644.3,0
15956,95.69,entertainment,0,0,13,16,352.9,0
15957,68.44,fuel,0,0,16,12,90.7,0
15958,132.33,online_retail,0,0,6,15,351.4,0
15959,97.36,fuel,0,0,21,14,2617.0,0
15960,58.01,pharmacy,0,0,6,14,713.0,0
15961,164.46,grocery,0,0,14,17,157.6,0
15962,63.53,fuel,0,0,15,17,58.4,0
15963,56.16,jewelry,0,0,12,16,2074.0,0
15964,63.21,jewelry,0,0,20,18,298.9,0
15965,16.45,jewelry,0,0,13,16,1470.0,0
15966,41.13,fuel,0,0,14,10,2936.0,0
15967,149.25,pharmacy,0,0,9,16,704.1,0
15968,110.94,online_retail,0,0,9,14,649.8,0
15969,184.06,dining,0,0,11,15,154.9,0
15970,100.58,fuel,0,0,11,18,211.6,0
15971,61.22,travel,0,0,9,15,1005.8,0
15972,42.34,jewelry,0,0,19,24,66.1,0
15973,7.55,entertainment,0,1,8,13,135.1,0
15974,27.71,pharmacy,0,1,16,17,178.1,0
15975,68.0,electronics,0,0,8,14,1711.3,0
15976,79.0,utilities,0,0,16,20,336.0,0
15977,133.68,jewelry,0,0,20,17,589.3,0
15978,74.31,travel,0,0,9,11,2229.4,0
15979,44.21,grocery,0,0,17,9,303.1,0
15980,39.62,electronics,0,1,22,16,201.0,0
15981,36.53,online_retail,0,0,21,19,600.6,0
15982,35.58,entertainment,0,0,7,18,62.3,0
15983,49.58,travel,0,0,7,13,198.4,0
15984,87.47,travel,0,0,11,17,450.7,0
15985,154.5,utilities,0,0,9,15,404.3,0
15986,81.43,dining,0,0,16,17,178.2,0
15987,123.75,travel,0,0,20,15,725.0,0
15988,35.37,dining,0,0,21,19,623.8,0
15989,24.51,grocery,0,0,17,20,1356.7,0
15990,106.99,travel,0,0,17,15,162.2,0
15991,164.12,travel,0,0,20,13,472.8,0
15992,109.47,dining,1,0,12,15,2141.5,0
15993,52.21,travel,0,1,8,14,566.0,0
15994,40.71,jewelry,0,0,9,18,16.8,0
15995,37.0,travel,0,0,7,14,8.1,0
15996,81.05,travel,0,0,10,18,153.8,0
15997,26.74,fuel,0,0,12,16,31.2,0
15998,69.61,dining,0,0,18,12,555.5,0
15999,25.22,jewelry,0,0,18,14,2263.9,0
16000,24.5,entertainment,1,0,6,19,213.8,0
16001,10.54,electronics,0,0,19,15,167.9,0
16002,184.19,pharmacy,0,0,21,18,172.6,0
16003,36.13,travel,1,0,22,24,88.2,0
16004,128.77,travel,0,0,12,15,525.4,0
16005,64.9,utilities,0,0,19,11,586.1,0
16006,142.94,grocery,0,0,6,16,269.0,0
16007,38.72,utilities,0,0,7,14,766.0,0
16008,14.99,fuel,0,0,19,13,627.9,0
16009,38.21,jewelry,0,0,6,12,2223.9,0
16010,73.23,utilities,0,0,21,16,930.3,0
16011,69.72,electronics,0,0,17,15,836.8,0
16012,40.4,fuel,0,0,17,18,292.3,0
16013,713.74,entertainment,1,1,1,2,5.1,1
16014,62.46,electronics,0,1,21,14,675.3,0
16015,49.88,utilities,0,0,13,17,57.4,0
16016,112.63,fuel,0,0,6,14,555.4,0
16017,184.23,fuel,0,0,15,10,1322.6,0
16018,174.42,dining,0,0,19,17,1211.5,0
16019,66.88,online_retail,0,0,22,16,247.2,0
16020,75.99,dining,0,1,14,18,170.0,0
16021,23.75,jewelry,0,0,11,14,148.2,0
16022,75.53,entertainment,0,0,15,14,969.6,0
16023,74.8,fuel,0,0,16,16,825.6,0
16024,51.31,entertainment,0,0,14,9,20.2,0
16025,32.78,jewelry,0,0,19,14,370.4,0
16026,17.42,utilities,0,0,7,20,1819.2,0
16027,54.91,utilities,0,0,19,19,193.4,0
16028,51.95,online_retail,0,0,18,19,1411.7,0
16029,126.6,electronics,0,0,8,13,573.5,0
16030,6.68,utilities,0,0,20,15,68.9,0
16031,15.9,online_retail,0,0,7,12,2015.3,0
16032,41.61,entertainment,0,0,14,20,628.5,0
16033,93.24,pharmacy,0,0,7,6,223.3,0
16034,63.78,entertainment,0,0,20,10,144.9,0
16035,94.35,travel,0,0,10,19,561.9,0
16036,88.36,travel,0,0,21,12,251.1,0
16037,39.22,fuel,0,0,16,16,1444.0,0
16038,14.0,dining,0,0,6,18,2032.0,0
16039,58.05,travel,0,0,21,11,615.8,0
16040,43.18,online_retail,0,0,6,10,98.5,0
16041,7.53,travel,0,0,21,17,292.0,0
16042,27.32,pharmacy,0,0,9,13,1793.5,0
16043,163.73,utilities,0,0,7,14,816.7,0
16044,58.26,grocery,0,0,15,16,164.2,0
16045,181.37,travel,0,0,19,18,1868.8,0
16046,110.17,grocery,0,0,15,20,14.7,0
16047,555.14,jewelry,1,1,2,4,1.6,1
16048,64.12,fuel,0,0,19,12,175.1,0
16049,62.57,electronics,0,0,18,14,733.4,0
16050,320.24,entertainment,0,0,17,23,535.3,0
16051,306.23,online_retail,0,0,20,16,4.0,0
16052,43.69,pharmacy,0,0,19,18,394.7,0
16053,98.93,travel,0,0,21,18,1066.6,0
16054,47.22,pharmacy,0,0,21,14,627.3,0
16055,60.97,pharmacy,0,0,9,11,61.3,0
16056,134.59,dining,0,1,9,17,1420.2,0
16057,11.01,electronics,0,0,11,14,111.7,0
16058,64.17,dining,1,0,6,9,153.9,0
16059,88.46,grocery,0,0,7,12,118.9,0
16060,21.2,jewelry,0,0,19,11,1329.1,0
16061,43.75,travel,0,0,22,10,8.9,0
16062,37.75,travel,0,0,9,9,161.3,0
16063,44.6,dining,0,0,15,21,997.1,0
16064,63.43,entertainment,0,0,15,20,1054.1,0
16065,829.35,travel,1,1,0,4,24.1,1
16066,90.38,fuel,0,0,17,9,674.8,0
16067,75.81,electronics,1,0,6,14,50.6,0
16068,203.39,pharmacy,0,0,8,9,3879.5,0
16069,154.55,pharmacy,0,1,9,22,59.1,0
16070,31.41,fuel,0,0,7,10,99.9,0
16071,102.57,entertainment,0,0,22,15,791.2,0
16072,121.11,pharmacy,0,0,13,8,469.4,0
16073,38.86,fuel,0,0,15,9,347.2,0
16074,49.89,dining,0,0,16,13,451.1,0
16075,13.68,entertainment,0,0,18,6,477.9,0
16076,13.0,utilities,0,0,8,18,489.5,0
16077,14.65,utilities,1,0,10,13,98.6,0
16078,53.18,utilities,0,0,19,10,706.4,0
16079,104.06,entertainment,0,0,10,17,19.8,0
16080,63.56,grocery,0,0,10,16,362.9,0
16081,25.79,utilities,0,0,6,7,431.7,0
16082,196.51,travel,0,1,21,12,467.4,0
16083,23.79,travel,0,0,15,16,515.5,0
16084,51.25,utilities,0,0,10,16,193.8,0
16085,146.65,grocery,0,0,22,20,583.2,0
16086,204.79,travel,0,0,6,13,201.1,0
16087,68.72,utilities,0,0,11,14,270.8,0
16088,31.81,travel,0,0,10,16,1930.9,0
16089,51.66,fuel,0,0,13,15,74.4,0
16090,172.53,dining,0,0,14,17,1047.1,0
16091,802.36,travel,1,0,2,1,1.9,1
16092,46.61,travel,0,0,19,11,1511.7,0
16093,63.89,utilities,0,1,13,15,1038.5,0
16094,71.49,dining,0,0,9,16,254.0,0
16095,222.19,online_retail,0,0,16,21,624.9,0
16096,118.73,dining,0,0,13,19,331.8,0
16097,23.97,pharmacy,0,1,20,20,19.1,0
16098,100.75,utilities,0,0,18,15,786.5,0
16099,96.24,entertainment,0,0,16,14,1192.8,0
16100,77.46,fuel,0,0,8,17,129.5,0
16101,107.63,electronics,0,0,8,16,1886.5,0
16102,925.59,travel,1,1,3,0,10.5,1
16103,29.38,travel,0,0,12,22,768.8,0
16104,96.86,utilities,0,0,21,10,70.0,0
16105,17.27,dining,0,0,13,14,49.7,0
16106,119.26,utilities,0,0,7,13,1.3,0
16107,116.39,utilities,0,0,17,15,60.1,0
16108,238.99,fuel,0,0,22,16,373.2,0
16109,42.23,utilities,0,0,16,17,380.6,0
16110,96.34,electronics,0,0,10,8,597.8,0
16111,40.96,online_retail,0,0,6,19,80.9,0
16112,28.66,entertainment,0,0,7,15,101.3,0
16113,171.45,online_retail,0,0,15,17,37.6,0
16114,97.43,online_retail,0,0,17,11,769.1,0
16115,40.62,utilities,0,0,14,12,1632.6,0
16116,52.45,pharmacy,0,0,18,16,263.7,0
16117,23.83,online_retail,0,0,15,16,129.1,0
16118,147.76,online_retail,0,0,10,19,1257.6,0
16119,70.87,pharmacy,0,0,18,11,370.4,0
16120,64.62,online_retail,0,0,10,8,718.9,0
16121,89.48,travel,0,0,20,20,914.7,0
16122,15.55,travel,0,0,10,13,510.1,0
16123,22.59,jewelry,0,1,16,20,1308.1,0
16124,3.69,grocery,0,0,14,13,447.0,0
16125,32.91,entertainment,0,0,18,17,137.2,0
16126,57.43,dining,0,0,7,13,532.3,0
16127,5.32,fuel,0,0,17,18,111.7,0
16128,46.81,utilities,0,0,20,15,153.5,0
16129,65.95,fuel,0,0,8,15,108.5,0
16130,91.22,dining,0,0,7,18,759.2,0
16131,18.73,dining,1,0,10,15,1448.9,0
16132,65.31,entertainment,0,0,17,13,733.3,0
16133,13.52,entertainment,0,0,7,11,1547.2,0
16134,24.27,fuel,0,0,22,23,4.3,0
16135,362.81,pharmacy,0,0,10,16,103.8,0
16136,60.99,grocery,0,0,20,18,285.7,0
16137,238.76,travel,0,0,10,19,576.4,0
16138,108.81,travel,0,0,16,13,117.2,0
16139,44.74,jewelry,0,0,6,10,1188.9,0
16140,15.9,electronics,0,1,22,20,189.1,0
16141,229.21,utilities,0,1,19,17,237.0,0
16142,47.21,pharmacy,0,0,9,11,725.6,0
16143,16.02,dining,0,0,7,15,626.2,0
16144,50.77,dining,1,0,19,12,95.4,0
16145,113.01,entertainment,0,0,21,15,396.8,0
16146,53.86,fuel,0,1,20,21,1163.0,0
16147,140.99,dining,0,0,16,24,540.8,0
16148,70.64,utilities,0,0,7,21,368.5,0
16149,29.37,entertainment,0,0,6,14,1574.5,0
16150,124.24,travel,0,0,20,18,1033.5,0
16151,135.25,jewelry,1,1,7,14,182.8,0
16152,214.63,electronics,0,0,18,17,387.7,0
16153,80.2,travel,0,0,16,19,725.7,0
16154,48.68,pharmacy,0,0,7,21,2503.8,0
16155,32.53,electronics,0,0,17,14,1946.4,0
16156,29.47,jewelry,0,1,21,16,230.1,0
16157,78.42,pharmacy,0,0,21,10,450.1,0
16158,72.69,fuel,0,0,14,13,105.2,0
16159,142.14,pharmacy,0,0,9,20,1466.2,0
16160,104.8,jewelry,0,0,10,21,408.4,0
16161,323.7,jewelry,0,0,13,10,341.1,0
16162,57.37,utilities,0,0,14,12,506.1,0
16163,58.21,fuel,0,0,16,25,269.7,0
16164,65.93,utilities,0,0,22,18,2357.1,0
16165,52.1,grocery,0,0,15,19,271.4,0
16166,92.53,travel,0,0,20,14,775.8,0
16167,40.22,grocery,0,0,21,10,264.0,0
16168,31.1,jewelry,0,0,16,8,117.7,0
16169,76.58,entertainment,0,0,22,12,573.4,0
16170,67.73,online_retail,0,0,17,17,1.0,0
16171,651.19,entertainment,1,1,4,0,1.4,1
16172,73.28,dining,0,0,22,14,1431.2,0
16173,28.45,dining,0,1,15,13,21.5,0
16174,134.73,grocery,0,0,14,16,959.5,0
16175,1147.64,pharmacy,1,0,2,3,1.6,1
16176,84.78,dining,1,0,10,13,549.8,0
16177,120.6,fuel,0,0,14,19,21.3,0
16178,179.92,fuel,0,0,14,17,495.2,0
16179,121.3,online_retail,0,0,18,16,66.0,0
16180,44.36,grocery,0,0,11,11,275.2,0
16181,36.7,travel,0,0,20,13,168.2,0
16182,45.35,pharmacy,0,0,20,13,43.2,0
16183,64.58,entertainment,0,0,10,13,963.2,0
16184,499.17,fuel,0,1,1,4,0.5,1
16185,141.39,electronics,0,1,18,15,326.3,0
16186,109.4,dining,0,0,20,15,224.9,0
16187,38.32,electronics,0,0,19,19,180.8,0
16188,51.55,electronics,0,0,6,7,1149.8,0
16189,35.3,dining,0,0,10,13,701.3,0
16190,71.56,grocery,0,0,22,13,186.4,0
16191,107.02,electronics,0,0,12,22,271.8,0
16192,61.53,fuel,0,0,21,19,86.5,0
16193,20.53,travel,0,0,7,6,1015.5,0
16194,112.06,dining,0,0,21,22,242.5,0
16195,66.11,online_retail,0,1,14,15,521.1,0
16196,29.01,travel,0,0,13,18,248.3,0
16197,110.6,travel,0,0,12,17,356.0,0
16198,93.33,grocery,0,0,15,20,286.5,0
16199,49.82,online_retail,0,0,6,13,205.5,0
16200,128.76,utilities,0,0,17,15,1026.8,0
16201,14.7,dining,0,0,9,16,545.7,0
16202,123.76,utilities,0,0,6,13,1297.0,0
16203,73.18,entertainment,0,0,13,14,881.7,0
16204,110.0,travel,0,0,11,17,190.0,0
16205,45.46,travel,0,0,15,21,179.3,0
16206,37.36,fuel,0,0,21,19,2199.8,0
16207,46.96,grocery,1,0,7,18,18.0,0
16208,78.23,entertainment,0,1,11,14,366.6,0
16209,39.59,jewelry,0,0,11,13,1047.3,0
16210,44.1,utilities,0,0,22,26,229.3,0
16211,185.29,pharmacy,0,0,13,19,1225.0,0
16212,32.16,grocery,0,0,12,19,128.7,0
16213,77.32,travel,1,0,21,14,830.2,0
16214,248.57,grocery,0,0,19,21,1330.3,0
16215,46.25,entertainment,0,0,21,13,974.1,0
16216,108.82,travel,0,0,18,10,30.5,0
16217,20.86,dining,0,0,10,16,718.8,0
16218,142.24,jewelry,0,1,14,21,400.3,0
16219,197.03,pharmacy,0,0,21,20,637.9,0
16220,371.4,dining,0,0,10,23,52.7,0
16221,96.85,jewelry,0,1,12,16,377.6,0
16222,78.87,pharmacy,0,0,9,16,688.3,0
16223,114.18,fuel,0,0,11,18,648.3,0
16224,121.08,grocery,0,1,17,23,429.7,0
16225,579.98,utilities,0,1,0,2,0.6,1
16226,36.95,dining,0,0,18,14,383.3,0
16227,4.82,fuel,0,0,19,14,111.8,0
16228,18.53,utilities,0,0,7,24,789.3,0
16229,172.23,pharmacy,0,0,7,12,14.6,0
16230,17.2,jewelry,0,0,6,15,394.5,0
16231,145.04,jewelry,0,0,6,13,11.3,0
16232,97.03,pharmacy,0,0,11,18,188.6,0
16233,71.14,online_retail,1,0,19,14,229.0,0
16234,45.27,dining,0,0,18,21,1936.2,0
16235,52.35,pharmacy,0,0,11,14,1946.5,0
16236,78.29,jewelry,0,0,20,14,209.0,0
16237,43.74,pharmacy,0,0,19,17,1157.1,0
16238,86.3,jewelry,0,0,7,14,44.7,0
16239,1832.22,dining,1,0,2,2,0.7,1
16240,66.63,fuel,0,0,15,21,271.1,0
16241,31.34,fuel,0,0,7,16,686.5,0
16242,137.13,jewelry,0,0,22,16,338.1,0
16243,120.27,travel,0,0,7,15,419.8,0
16244,21.02,dining,0,0,6,23,659.3,0
16245,148.67,fuel,1,1,15,21,185.2,0
16246,133.62,travel,0,0,14,16,292.1,0
16247,20.41,fuel,0,0,19,11,415.1,0
16248,77.75,utilities,0,0,17,20,76.2,0
16249,75.96,grocery,0,0,7,8,656.9,0
16250,97.83,pharmacy,0,0,22,12,780.8,0
16251,21.35,dining,0,0,22,16,1055.5,0
16252,17.21,fuel,0,0,8,12,164.9,0
16253,18.8,entertainment,0,0,9,15,114.6,0
16254,111.47,fuel,0,0,12,16,40.6,0
16255,34.43,grocery,0,0,16,18,64.9,0
16256,16.71,dining,0,0,21,10,216.5,0
16257,62.23,dining,0,0,18,15,139.4,0
16258,56.14,utilities,0,0,21,10,162.4,0
16259,90.11,grocery,0,0,9,17,1003.8,0
16260,153.63,dining,0,0,16,16,127.0,0
16261,140.84,utilities,0,1,15,21,1129.8,0
16262,29.4,travel,0,0,16,7,1211.1,0
16263,50.0,online_retail,0,0,20,15,34.4,0
16264,86.0,jewelry,0,0,14,19,810.1,0
16265,114.14,jewelry,0,0,12,16,659.2,0
16266,1253.39,electronics,1,0,2,4,0.6,1
16267,178.4,jewelry,0,0,21,16,831.2,0
16268,137.44,online_retail,0,0,7,10,1307.8,0
16269,220.57,online_retail,0,0,12,14,432.6,0
16270,239.03,grocery,0,0,13,12,656.1,0
16271,25.75,online_retail,0,0,18,19,458.1,0
16272,52.31,grocery,0,0,9,8,381.8,0
16273,215.56,utilities,0,0,18,20,1251.0,0
16274,54.14,utilities,0,0,13,12,823.7,0
16275,80.48,jewelry,0,0,12,9,776.1,0
16276,114.95,electronics,0,0,6,17,258.5,0
16277,37.38,utilities,0,0,8,14,855.5,0
16278,35.66,jewelry,1,0,16,6,91.1,0
16279,49.3,electronics,0,0,21,13,277.5,0
16280,124.69,dining,0,0,9,17,274.5,0
16281,56.46,grocery,0,0,6,15,351.6,0
16282,256.79,dining,0,0,17,19,897.5,0
16283,28.09,fuel,0,0,14,18,902.8,0
16284,52.17,pharmacy,0,0,22,14,1330.6,0
16285,68.84,utilities,0,0,14,18,943.5,0
16286,128.95,dining,0,0,8,13,27.0,0
16287,39.43,dining,0,0,17,17,42.5,0
16288,79.37,dining,0,0,22,15,151.0,0
16289,76.38,utilities,0,0,14,18,318.8,0
16290,123.5,pharmacy,0,0,14,14,167.4,0
16291,263.94,online_retail,0,1,20,16,1811.3,0
16292,74.58,jewelry,0,0,18,17,357.2,0
16293,8.0,grocery,0,0,15,11,429.4,0
16294,19.94,grocery,0,0,10,19,417.5,0
16295,58.68,online_retail,0,0,11,12,1016.5,0
16296,38.72,fuel,1,0,9,20,42.5,0
16297,85.13,jewelry,0,1,16,12,508.5,0
16298,173.1,utilities,0,0,8,18,549.6,0
16299,85.88,jewelry,0,0,18,18,250.3,0
16300,43.55,electronics,0,0,19,19,228.9,0
16301,47.6,dining,0,0,21,16,275.4,0
16302,65.64,entertainment,0,0,21,22,253.7,0
16303,110.74,electronics,0,0,9,13,1037.4,0
16304,49.95,fuel,0,0,7,15,415.5,0
16305,31.76,electronics,0,0,22,13,669.0,0
16306,85.12,travel,0,0,6,23,247.1,0
16307,182.15,fuel,0,0,12,14,66.1,0
16308,42.02,entertainment,1,0,11,16,726.5,0
16309,142.72,travel,0,0,21,11,306.3,0
16310,54.02,electronics,0,0,9,7,251.1,0
16311,129.8,entertainment,0,0,17,15,865.4,0
16312,29.66,entertainment,0,0,7,15,611.4,0
16313,49.91,fuel,0,0,22,20,227.9,0
16314,160.23,jewelry,0,0,13,17,435.6,0
16315,225.0,pharmacy,0,1,2,6,3.8,1
16316,113.78,pharmacy,0,0,11,16,687.7,0
16317,124.35,utilities,0,0,12,16,1210.3,0
16318,198.16,dining,0,0,22,10,1590.5,0
16319,91.53,utilities,0,0,21,14,589.4,0
16320,84.01,electronics,0,0,10,17,601.4,0
16321,47.75,electronics,0,0,8,11,86.1,0
16322,43.34,dining,0,0,10,9,164.3,0
16323,83.55,grocery,0,0,8,21,2818.6,0
16324,54.04,grocery,0,0,12,20,2484.6,0
16325,150.62,fuel,0,0,9,12,560.4,0
16326,97.21,online_retail,0,1,6,15,382.1,0
16327,118.63,jewelry,0,0,7,19,96.9,0
16328,151.79,grocery,0,0,6,11,175.7,0
16329,50.65,fuel,0,0,13,15,862.4,0
16330,99.94,fuel,0,0,12,15,974.3,0
16331,816.01,fuel,0,1,2,4,12.6,1
16332,148.81,utilities,0,0,12,12,170.9,0
16333,224.64,pharmacy,0,0,11,13,362.9,0
16334,104.14,pharmacy,0,0,11,18,551.9,0
16335,73.14,online_retail,0,0,19,11,334.9,0
16336,136.74,jewelry,0,0,22,16,772.8,0
16337,62.03,fuel,0,0,12,14,560.6,0
16338,97.34,pharmacy,0,0,18,16,536.4,0
16339,89.11,grocery,0,0,8,18,604.3,0
16340,51.13,online_retail,0,0,18,17,310.0,0
16341,42.79,fuel,0,0,19,9,57.3,0
16342,60.63,fuel,0,0,7,14,197.0,0
16343,137.62,pharmacy,0,0,17,13,389.7,0
16344,55.72,travel,0,0,11,19,340.1,0
16345,52.27,utilities,0,0,20,20,846.2,0
16346,140.06,fuel,0,0,17,14,319.3,0
16347,18.77,online_retail,0,0,10,11,654.9,0
16348,66.55,electronics,0,0,7,19,1191.4,0
16349,89.83,jewelry,0,1,9,13,1579.4,0
16350,150.16,travel,0,0,22,15,99.6,0
16351,47.58,dining,0,0,13,11,813.5,0
16352,50.12,pharmacy,0,0,11,21,261.8,0
16353,114.53,jewelry,0,0,13,16,280.5,0
16354,27.54,electronics,0,0,15,17,223.5,0
16355,38.38,pharmacy,0,0,9,13,1915.5,0
16356,146.64,jewelry,0,0,12,15,343.7,0
16357,104.01,grocery,1,0,12,12,566.7,0
16358,106.31,electronics,0,0,16,20,381.0,0
16359,9.38,electronics,0,0,15,18,903.3,0
16360,125.09,utilities,0,1,17,12,545.6,0
16361,98.47,utilities,0,0,22,14,40.6,0
16362,45.7,fuel,1,0,12,19,116.3,0
16363,29.41,electronics,0,0,11,14,350.0,0
16364,231.71,online_retail,0,0,12,16,719.4,0
16365,85.66,grocery,0,0,21,8,1063.7,0
16366,75.03,electronics,0,0,9,10,166.9,0
16367,36.89,grocery,0,0,8,16,1550.4,0
16368,25.65,fuel,0,0,21,15,201.1,0
16369,22.36,online_retail,0,0,15,12,14.6,0
16370,249.91,jewelry,0,0,22,8,603.6,0
16371,111.78,fuel,0,0,15,16,182.6,0
16372,69.01,electronics,0,0,10,13,250.2,0
16373,71.61,electronics,0,1,7,11,203.1,0
16374,15.19,grocery,0,0,13,16,1386.1,0
16375,113.99,travel,1,0,9,19,132.6,0
16376,119.97,jewelry,0,0,7,14,159.4,0
16377,34.01,fuel,0,0,18,12,1009.0,0
16378,15.3,electronics,0,0,22,11,816.2,0
16379,93.26,dining,0,0,19,15,744.8,0
16380,55.29,pharmacy,0,0,7,21,80.2,0
16381,40.8,online_retail,0,0,16,21,10.5,0
16382,166.56,grocery,0,0,7,12,31.6,0
16383,24.26,jewelry,0,0,14,16,547.6,0
16384,145.44,entertainment,0,0,10,15,223.3,0
16385,39.36,fuel,0,0,21,19,506.0,0
16386,48.04,utilities,0,0,15,23,480.4,0
16387,20.98,pharmacy,0,0,20,19,975.2,0
16388,195.53,grocery,0,0,12,18,639.8,0
16389,72.34,fuel,0,0,13,14,1194.7,0
16390,17.37,dining,0,0,13,21,296.1,0
16391,136.25,electronics,0,0,6,17,131.2,0
16392,889.54,travel,0,1,2,6,4.5,1
16393,36.24,entertainment,0,0,21,13,2877.5,0
16394,37.64,jewelry,0,0,16,13,751.1,0
16395,21.69,utilities,0,0,16,21,513.8,0
16396,86.61,travel,0,0,9,9,614.8,0
16397,141.63,dining,0,0,22,15,45.6,0
16398,30.92,utilities,0,0,15,17,85.7,0
16399,135.28,dining,0,0,6,18,1109.3,0
16400,116.71,electronics,0,0,10,20,1358.8,0
16401,229.35,grocery,0,0,11,7,277.4,0
16402,106.39,electronics,0,0,13,13,590.9,0
16403,17.6,grocery,0,0,10,16,716.6,0
16404,33.7,electronics,0,1,7,14,113.0,0
16405,34.79,travel,0,0,9,11,755.8,0
16406,49.09,entertainment,0,0,15,11,93.6,0
16407,44.04,utilities,0,0,14,13,398.5,0
16408,126.59,fuel,0,0,17,15,595.7,0
16409,11.63,grocery,0,0,14,12,201.8,0
16410,116.28,grocery,0,0,21,13,1293.9,0
16411,53.96,dining,0,0,9,21,764.5,0
16412,51.63,fuel,0,0,17,11,427.3,0
16413,30.44,utilities,0,0,14,17,81.0,0
16414,71.56,pharmacy,0,0,20,17,351.1,0
16415,71.71,online_retail,0,0,15,11,117.9,0
16416,34.43,pharmacy,0,0,16,23,1668.4,0
16417,205.49,fuel,0,0,21,21,1317.5,0
16418,77.93,utilities,0,0,20,8,317.7,0
16419,1037.62,online_retail,0,1,1,1,0.9,1
16420,24.47,fuel,0,1,13,18,84.7,0
16421,115.06,electronics,0,0,10,18,271.4,0
16422,67.3,dining,0,0,21,13,406.8,0
16423,52.32,grocery,0,0,7,16,336.3,0
16424,121.99,utilities,0,0,9,15,1230.7,0
16425,111.74,dining,0,0,15,17,766.9,0
16426,74.34,travel,0,0,8,13,1297.7,0
16427,118.77,pharmacy,0,0,12,20,121.3,0
16428,56.31,electronics,0,0,19,18,269.1,0
16429,35.01,jewelry,0,0,8,16,25.4,0
16430,43.87,grocery,0,1,17,21,17.8,0
16431,66.04,pharmacy,0,0,9,20,525.6,0
16432,77.62,fuel,0,0,9,12,696.9,0
16433,89.51,dining,0,0,21,11,98.3,0
16434,96.72,utilities,0,0,19,11,346.7,0
16435,42.85,utilities,0,0,14,11,411.1,0
16436,157.36,online_retail,0,0,10,15,6.0,0
16437,45.91,grocery,0,0,18,13,331.5,0
16438,105.81,dining,0,0,10,15,207.4,0
16439,30.57,utilities,0,0,8,13,815.1,0
16440,76.67,entertainment,0,0,14,16,39.6,0
16441,70.77,dining,0,0,15,14,797.5,0
16442,31.79,pharmacy,0,0,12,15,1686.6,0
16443,2.58,jewelry,0,0,19,12,79.4,0
16444,104.28,online_retail,0,0,10,18,556.4,0
16445,32.58,jewelry,0,0,17,16,324.3,0
16446,16.63,fuel,0,0,10,14,623.6,0
16447,105.96,travel,0,0,18,21,928.7,0
16448,19.51,dining,0,0,13,11,598.5,0
16449,90.14,utilities,0,0,7,12,1528.3,0
16450,74.24,utilities,0,0,22,20,378.6,0
16451,156.48,travel,0,0,9,11,386.6,0
16452,199.94,online_retail,0,0,13,17,488.4,0
16453,45.01,electronics,0,0,8,12,700.7,0
16454,87.03,electronics,0,0,8,7,901.1,0
16455,113.37,entertainment,0,0,17,12,337.1,0
16456,314.8,travel,0,0,14,15,120.4,0
16457,163.77,dining,0,0,18,15,86.9,0
16458,125.84,dining,0,0,14,13,792.0,0
16459,152.74,jewelry,0,0,15,20,79.5,0
16460,86.32,fuel,0,0,6,8,94.7,0
16461,79.76,electronics,0,0,13,11,130.7,0
16462,113.9,pharmacy,0,0,21,12,114.2,0
16463,241.53,travel,0,0,19,16,289.1,0
16464,44.64,entertainment,0,0,21,17,183.9,0
16465,48.79,travel,0,0,7,8,275.7,0
16466,29.9,grocery,0,1,12,15,486.6,0
16467,60.68,fuel,0,0,17,11,2748.9,0
16468,97.72,entertainment,0,0,7,16,505.4,0
16469,33.08,entertainment,0,0,9,13,98.1,0
16470,846.72,entertainment,1,1,4,2,6.8,1
16471,109.35,online_retail,0,0,18,17,736.5,0
16472,65.98,dining,0,0,18,10,490.8,0
16473,126.04,entertainment,0,0,20,15,1230.0,0
16474,77.91,jewelry,0,0,7,12,28.2,0
16475,286.99,utilities,0,0,21,17,441.5,0
16476,73.93,dining,0,0,17,24,835.0,0
16477,27.29,dining,0,0,14,11,321.8,0
16478,10.67,online_retail,0,0,13,14,194.3,0
16479,81.79,electronics,0,0,8,19,720.0,0
16480,63.15,entertainment,0,1,16,14,59.5,0
16481,55.89,fuel,0,1,16,14,867.2,0
16482,29.31,entertainment,0,0,18,13,659.8,0
16483,44.56,electronics,0,0,17,15,428.2,0
16484,30.56,electronics,0,0,21,18,673.1,0
16485,71.09,travel,0,0,10,10,251.6,0
16486,56.65,travel,0,0,9,19,976.3,0
16487,10.8,fuel,0,0,11,17,542.2,0
16488,94.35,grocery,0,0,14,15,11.1,0
16489,78.99,dining,0,0,10,15,168.1,0
16490,45.33,fuel,0,0,11,9,860.7,0
16491,24.26,fuel,0,0,22,14,129.0,0
16492,51.33,electronics,0,0,6,13,333.8,0
16493,104.7,travel,0,0,16,15,289.1,0
16494,65.6,fuel,0,0,16,11,59.4,0
16495,41.01,electronics,0,0,6,14,612.2,0
16496,13.34,online_retail,0,1,9,18,493.4,0
16497,104.86,electronics,0,0,19,14,430.1,0
16498,27.62,fuel,1,0,10,15,645.3,0
16499,64.91,jewelry,0,0,7,7,441.2,0
16500,140.19,online_retail,0,0,6,22,125.6,0
16501,188.61,electronics,0,0,8,20,213.3,0
16502,87.02,utilities,0,0,7,14,277.4,0
16503,101.04,grocery,0,0,10,13,341.6,0
16504,157.17,fuel,0,0,11,19,673.5,0
16505,33.6,fuel,0,0,20,27,320.2,0
16506,202.28,pharmacy,0,0,9,11,2462.9,0
16507,40.18,utilities,0,0,19,13,364.3,0
16508,125.08,online_retail,0,0,18,8,904.4,0
16509,81.62,travel,0,0,17,17,551.5,0
16510,161.2,dining,0,0,6,12,688.1,0
16511,45.89,entertainment,1,0,12,15,251.2,0
16512,160.15,grocery,1,0,18,15,1036.2,0
16513,60.45,grocery,0,0,9,13,106.8,0
16514,14.36,online_retail,0,0,14,13,220.4,0
16515,117.63,jewelry,0,0,14,15,216.0,0
16516,215.85,travel,0,0,10,12,433.2,0
16517,61.18,fuel,0,0,18,15,1157.8,0
16518,76.76,jewelry,0,0,9,18,2906.8,0
16519,59.36,jewelry,0,0,21,13,46.5,0
16520,24.42,fuel,0,0,15,17,103.0,0
16521,39.5,pharmacy,0,0,14,9,216.0,0
16522,20.09,grocery,0,0,16,6,3305.9,0
16523,122.35,jewelry,0,0,18,17,589.3,0
16524,206.43,jewelry,0,0,8,13,1240.8,0
16525,110.56,pharmacy,0,1,13,17,272.6,0
16526,63.38,pharmacy,0,0,18,19,148.5,0
16527,107.84,entertainment,0,0,15,15,507.2,0
16528,83.59,utilities,0,0,12,22,102.4,0
16529,150.35,dining,0,0,9,15,576.9,0
16530,23.58,jewelry,0,0,19,15,1601.4,0
16531,37.97,grocery,0,0,6,16,443.3,0
16532,77.25,pharmacy,0,0,15,13,315.3,0
16533,65.17,electronics,0,0,14,17,277.8,0
16534,82.78,jewelry,0,0,6,16,185.8,0
16535,19.08,jewelry,0,0,19,19,572.6,0
16536,73.35,fuel,0,0,11,17,39.0,0
16537,58.45,online_retail,0,0,13,16,998.5,0
16538,42.69,entertainment,0,0,16,17,836.0,0
16539,32.46,grocery,0,0,16,18,663.4,0
16540,26.99,pharmacy,0,0,13,12,612.7,0
16541,92.82,pharmacy,0,0,21,14,435.4,0
16542,131.31,dining,0,0,20,17,40.2,0
16543,57.14,utilities,0,0,20,24,161.5,0
16544,18.63,pharmacy,0,0,18,9,147.6,0
16545,34.1,grocery,0,0,8,19,1062.2,0
16546,118.6,electronics,0,1,18,17,1275.7,0
16547,42.7,jewelry,0,0,19,12,909.6,0
16548,56.67,pharmacy,1,0,15,11,2437.7,0
16549,106.82,pharmacy,0,0,16,21,303.3,0
16550,330.14,utilities,0,0,16,13,75.3,0
16551,36.93,jewelry,0,0,15,11,405.2,0
16552,44.26,electronics,0,0,7,12,2554.4,0
16553,244.28,travel,1,0,13,16,775.7,0
16554,127.57,fuel,0,0,13,15,903.0,0
16555,19.53,grocery,0,0,9,11,634.0,0
16556,142.2,grocery,0,0,17,15,287.1,0
16557,17.18,pharmacy,0,0,14,17,7.0,0
16558,29.07,fuel,0,0,18,20,466.1,0
16559,250.12,fuel,0,0,22,12,142.2,0
16560,121.56,online_retail,0,0,13,13,329.7,0
16561,75.19,online_retail,0,0,11,12,47.3,0
16562,96.54,pharmacy,1,0,22,9,112.4,0
16563,40.15,fuel,1,0,18,21,139.5,0
16564,55.6,pharmacy,0,0,18,13,937.3,0
16565,51.23,utilities,0,1,11,15,346.7,0
16566,59.81,grocery,0,0,22,14,26.8,0
16567,19.8,entertainment,0,0,9,15,727.6,0
16568,47.79,fuel,0,0,19,16,352.8,0
16569,41.56,grocery,0,0,10,12,1326.7,0
16570,121.25,grocery,0,0,17,15,120.1,0
16571,122.95,dining,0,0,14,14,296.3,0
16572,164.46,pharmacy,0,1,7,14,201.6,0
16573,81.22,utilities,0,0,9,5,292.1,0
16574,55.5,pharmacy,0,0,14,14,316.9,0
16575,90.43,utilities,0,0,18,13,1608.2,0
16576,19.64,grocery,0,0,15,15,817.1,0
16577,107.21,electronics,0,0,6,15,299.9,0
16578,15.6,jewelry,0,0,14,18,1368.2,0
16579,68.77,grocery,0,0,16,13,1157.4,0
16580,52.56,travel,0,0,9,15,130.6,0
16581,43.23,jewelry,0,0,16,13,620.5,0
16582,230.28,travel,0,0,11,16,181.1,0
16583,27.36,jewelry,0,0,7,16,397.2,0
16584,89.05,online_retail,0,1,9,11,482.3,0
16585,151.34,jewelry,0,0,19,12,356.3,0
16586,230.98,travel,0,0,7,13,158.4,0
16587,86.09,pharmacy,0,0,7,16,31.2,0
16588,165.21,grocery,0,0,10,14,525.5,0
16589,35.31,grocery,0,0,17,10,1505.0,0
16590,28.24,pharmacy,0,0,13,13,61.9,0
16591,33.29,electronics,0,0,13,14,547.2,0
16592,57.54,fuel,1,0,22,16,891.5,0
16593,28.38,grocery,0,0,21,12,24.3,0
16594,12.91,jewelry,0,0,19,22,249.7,0
16595,128.17,grocery,0,0,21,13,230.1,0
16596,55.7,utilities,0,0,16,15,190.4,0
16597,294.33,online_retail,0,0,13,19,97.8,0
16598,198.68,fuel,0,0,18,15,303.9,0
16599,14.48,pharmacy,0,0,22,17,50.1,0
16600,37.96,jewelry,0,1,16,18,578.9,0
16601,154.5,entertainment,0,0,22,6,451.2,0
16602,57.33,electronics,0,0,20,12,346.3,0
16603,33.0,dining,1,0,10,15,544.2,0
16604,51.18,jewelry,0,0,12,13,265.3,0
16605,58.98,dining,0,0,9,10,516.2,0
16606,246.33,fuel,0,0,10,17,345.3,0
16607,108.15,electronics,0,0,19,18,166.4,0
16608,85.44,utilities,0,1,21,11,115.8,0
16609,130.98,dining,0,1,19,17,60.2,0
16610,33.85,electronics,0,0,21,14,129.7,0
16611,67.47,travel,0,0,9,18,143.6,0
16612,25.31,utilities,0,0,7,16,827.3,0
16613,43.88,online_retail,1,0,6,7,661.5,0
16614,30.78,grocery,0,0,22,12,679.2,0
16615,164.02,electronics,0,0,21,21,132.0,0
16616,23.2,online_retail,0,0,14,16,119.8,0
16617,89.83,electronics,0,0,19,7,1111.9,0
16618,43.12,utilities,0,0,10,24,632.5,0
16619,73.03,travel,0,0,12,16,74.2,0
16620,54.77,grocery,1,0,8,20,4234.5,0
16621,6.27,dining,0,0,8,12,228.9,0
16622,102.87,travel,0,0,18,18,135.7,0
16623,74.05,jewelry,0,0,22,11,422.4,0
16624,334.16,utilities,0,0,22,13,520.2,0
16625,139.94,dining,0,0,9,13,830.4,0
16626,43.02,grocery,0,0,13,15,420.4,0
16627,64.18,dining,0,0,14,11,312.5,0
16628,46.47,dining,0,0,8,11,253.5,0
16629,62.33,travel,0,0,17,17,340.2,0
16630,36.43,fuel,0,0,6,21,827.3,0
16631,119.1,fuel,0,0,9,14,97.2,0
16632,846.52,utilities,0,0,0,2,5.1,1
16633,69.05,electronics,0,0,6,14,396.8,0
16634,77.02,travel,0,0,7,15,1324.6,0
16635,47.82,electronics,0,1,7,21,608.9,0
16636,4.64,travel,0,0,8,18,76.2,0
16637,39.19,entertainment,0,0,9,17,226.4,0
16638,64.93,entertainment,0,0,8,12,86.4,0
16639,39.93,travel,0,0,6,18,393.3,0
16640,169.85,online_retail,0,0,17,16,94.4,0
16641,100.16,electronics,0,0,18,13,7.3,0
16642,128.59,dining,0,0,10,17,23.4,0
16643,60.91,travel,1,0,8,11,81.0,0
16644,103.74,online_retail,0,0,13,15,317.4,0
16645,15.38,electronics,0,0,13,18,427.0,0
16646,33.06,online_retail,0,0,14,18,491.7,0
16647,22.77,online_retail,0,0,12,14,432.4,0
16648,162.25,online_retail,0,0,16,18,284.0,0
16649,124.32,grocery,0,0,17,21,30.0,0
16650,74.76,jewelry,0,0,7,12,1510.8,0
16651,74.69,fuel,0,0,8,22,343.2,0
16652,175.95,dining,0,0,19,15,335.1,0
16653,270.41,travel,0,0,14,18,1349.5,0
16654,1.95,entertainment,0,0,22,13,376.3,0
16655,74.89,dining,0,0,15,15,548.8,0
16656,79.38,entertainment,0,0,18,18,1507.3,0
16657,151.14,entertainment,0,0,11,12,603.3,0
16658,24.49,travel,0,0,10,16,195.4,0
16659,84.16,fuel,0,0,11,4,37.1,0
16660,66.37,fuel,0,0,18,14,224.7,0
16661,60.53,electronics,0,0,17,14,66.8,0
16662,27.67,travel,0,0,16,12,360.5,0
16663,54.76,dining,0,0,17,16,138.7,0
16664,19.44,fuel,0,0,10,14,475.7,0
16665,24.81,entertainment,0,0,18,20,533.6,0
16666,74.48,dining,0,1,15,15,962.8,0
16667,19.12,fuel,0,0,22,10,35.3,0
16668,167.08,jewelry,0,0,17,18,100.4,0
16669,58.31,jewelry,0,0,20,9,1035.9,0
16670,49.86,online_retail,0,0,15,20,365.4,0
16671,289.45,grocery,0,0,21,17,2011.9,0
16672,93.77,jewelry,0,0,22,13,486.8,0
16673,133.64,dining,0,1,7,21,1997.1,0
16674,65.02,online_retail,0,0,20,18,718.9,0
16675,78.11,grocery,0,0,16,17,230.8,0
16676,60.12,pharmacy,0,0,7,19,550.2,0
16677,71.19,utilities,0,0,16,13,172.6,0
16678,170.79,online_retail,0,1,17,13,51.9,0
16679,128.48,grocery,0,0,14,17,17.7,0
16680,55.78,pharmacy,0,0,6,10,121.5,0
16681,54.83,pharmacy,0,0,7,12,117.3,0
16682,6.97,dining,0,0,17,24,262.7,0
16683,108.33,grocery,0,0,20,13,1020.5,0
16684,291.45,dining,0,0,20,16,721.3,0
16685,144.17,utilities,0,0,22,12,1088.8,0
16686,169.53,electronics,0,0,11,14,944.1,0
16687,12.44,jewelry,0,0,8,19,261.6,0
16688,147.73,electronics,0,0,19,11,646.4,0
16689,30.08,online_retail,0,1,7,19,1405.8,0
16690,70.66,jewelry,0,0,19,11,281.0,0
16691,119.53,entertainment,0,0,22,23,166.1,0
16692,27.18,jewelry,0,0,14,19,264.5,0
16693,216.86,utilities,0,0,18,12,1519.6,0
16694,57.63,dining,0,0,13,10,129.6,0
16695,45.89,fuel,0,0,9,8,602.7,0
16696,62.78,travel,0,0,14,11,2133.8,0
16697,41.64,pharmacy,0,0,15,20,149.5,0
16698,40.46,pharmacy,0,0,21,13,621.0,0
16699,24.06,jewelry,0,0,8,15,709.6,0
16700,19.26,fuel,0,0,6,15,755.6,0
16701,36.92,dining,0,0,20,10,2092.5,0
16702,156.25,entertainment,0,0,16,13,1764.2,0
16703,18.23,online_retail,0,1,15,14,256.8,0
16704,115.55,jewelry,0,0,6,12,3.1,0
16705,51.48,entertainment,0,0,6,17,462.9,0
16706,121.66,utilities,0,0,13,14,57.5,0
16707,34.46,utilities,0,0,10,16,2066.1,0
16708,182.29,utilities,0,0,19,13,8.8,0
16709,36.09,fuel,0,1,10,10,504.1,0
16710,16.79,dining,0,0,22,14,378.2,0
16711,169.67,travel,0,0,11,7,188.6,0
16712,270.71,pharmacy,0,0,11,11,25.3,0
16713,69.73,fuel,0,0,20,9,255.6,0
16714,21.31,pharmacy,0,0,15,12,56.4,0
16715,122.34,utilities,0,0,11,17,925.8,0
16716,44.92,online_retail,0,0,18,22,992.6,0
16717,55.69,grocery,0,0,18,16,186.4,0
16718,67.56,dining,0,0,15,18,120.1,0
16719,46.64,electronics,0,0,7,18,719.9,0
16720,33.31,jewelry,0,0,7,16,374.3,0
16721,59.97,fuel,0,0,18,13,1117.9,0
16722,36.01,online_retail,0,0,9,13,552.0,0
16723,12.56,pharmacy,0,0,10,12,2232.1,0
16724,136.78,electronics,1,0,10,16,1236.1,0
16725,87.71,online_retail,0,1,17,21,56.6,0
16726,69.8,travel,0,0,11,10,581.7,0
16727,97.08,online_retail,1,0,18,15,559.3,0
16728,124.75,utilities,0,0,14,16,24.7,0
16729,116.24,entertainment,1,0,9,11,2279.8,0
16730,48.84,fuel,0,1,15,16,41.7,0
16731,43.4,dining,0,0,17,17,254.9,0
16732,71.21,grocery,0,0,17,18,432.0,0
16733,89.73,online_retail,0,1,22,17,244.6,0
16734,36.99,travel,0,0,20,12,674.7,0
16735,53.47,grocery,0,0,7,20,1030.2,0
16736,164.84,utilities,0,0,18,13,1031.4,0
16737,99.42,grocery,0,1,22,17,49.4,0
16738,173.61,entertainment,1,0,7,14,486.8,0
16739,141.87,fuel,0,0,8,11,387.3,0
16740,186.69,online_retail,0,0,11,13,1143.5,0
16741,107.16,fuel,1,0,13,18,164.5,0
16742,97.75,entertainment,0,0,17,14,1292.2,0
16743,76.13,fuel,0,0,19,10,54.4,0
16744,29.91,electronics,0,0,20,18,414.7,0
16745,120.81,jewelry,0,1,12,12,767.0,0
16746,121.85,grocery,0,1,6,14,62.3,0
16747,146.88,jewelry,0,0,21,13,395.4,0
16748,78.14,online_retail,0,0,15,14,377.6,0
16749,29.96,fuel,0,0,6,17,90.2,0
16750,39.83,electronics,0,0,13,16,24.0,0
16751,61.74,online_retail,0,0,8,16,1319.5,0
16752,10.1,dining,0,0,20,27,795.0,0
16753,19.44,jewelry,0,0,11,15,252.2,0
16754,135.46,jewelry,0,0,22,22,1050.8,0
16755,143.42,pharmacy,0,0,17,21,660.3,0
16756,54.23,grocery,0,0,11,17,500.0,0
16757,708.34,utilities,1,1,0,2,3.6,1
16758,27.52,entertainment,0,0,7,11,1380.3,0
16759,96.6,grocery,0,0,10,14,34.4,0
16760,64.78,electronics,0,0,6,19,652.8,0
16761,41.27,jewelry,0,0,19,17,2697.5,0
16762,99.4,grocery,0,0,14,17,877.3,0
16763,27.58,grocery,0,0,15,15,2319.9,0
16764,54.73,fuel,0,0,17,20,196.4,0
16765,109.61,jewelry,0,0,11,19,524.7,0
16766,125.6,online_retail,0,1,18,11,159.6,0
16767,63.3,jewelry,0,0,6,18,628.0,0
16768,142.3,jewelry,1,0,15,16,640.8,0
16769,81.14,entertainment,0,0,20,21,779.8,0
16770,187.78,utilities,0,0,19,13,339.0,0
16771,122.57,online_retail,0,0,21,17,373.5,0
16772,172.39,fuel,0,0,14,9,394.9,0
16773,45.19,utilities,0,0,22,15,107.4,0
16774,40.05,travel,0,0,7,13,918.3,0
16775,59.73,electronics,0,0,17,14,420.5,0
16776,142.35,utilities,0,0,15,17,1117.3,0
16777,26.97,pharmacy,0,0,22,15,144.9,0
16778,41.81,dining,0,0,12,16,767.5,0
16779,45.95,jewelry,0,0,13,11,583.9,0
16780,103.13,entertainment,0,0,8,11,553.0,0
16781,69.98,online_retail,0,0,17,19,39.4,0
16782,23.47,utilities,0,0,12,18,460.1,0
16783,67.71,dining,0,0,20,12,195.0,0
16784,26.78,fuel,0,0,15,13,554.6,0
16785,2.75,pharmacy,0,0,18,8,261.3,0
16786,29.61,online_retail,0,0,17,12,1322.0,0
16787,231.57,travel,0,0,12,15,1018.3,0
16788,13.87,dining,0,0,8,12,2031.0,0
16789,113.89,pharmacy,1,1,20,10,141.4,0
16790,19.52,pharmacy,0,0,20,12,1898.0,0
16791,149.25,entertainment,0,0,12,9,765.6,0
16792,174.82,dining,0,0,17,19,404.0,0
16793,58.96,travel,0,0,18,14,292.9,0
16794,15.55,electronics,0,0,9,13,588.5,0
16795,113.32,jewelry,0,0,19,12,16.4,0
16796,207.46,fuel,0,1,15,17,1217.9,0
16797,50.14,jewelry,0,0,15,12,694.2,0
16798,144.21,dining,0,0,8,13,468.9,0
16799,14.26,utilities,0,1,19,12,271.1,0
16800,548.5,utilities,1,1,2,2,5.3,1
16801,60.25,pharmacy,0,0,7,17,484.1,0
16802,249.9,utilities,0,0,18,16,131.6,0
16803,116.1,entertainment,0,0,11,8,406.9,0
16804,109.46,fuel,0,0,6,14,2533.2,0
16805,173.99,fuel,0,0,12,14,109.5,0
16806,108.6,fuel,0,0,11,19,768.1,0
16807,167.92,jewelry,0,0,9,15,16.3,0
16808,51.63,travel,0,0,14,17,260.8,0
16809,140.41,entertainment,0,0,20,20,54.6,0
16810,96.89,electronics,0,0,21,17,27.4,0
16811,34.14,electronics,0,0,9,18,11.0,0
16812,37.51,travel,0,0,13,10,369.0,0
16813,160.01,pharmacy,0,1,22,12,70.4,0
16814,27.14,utilities,0,0,21,13,362.6,0
16815,35.89,entertainment,0,1,15,19,363.7,0
16816,155.72,jewelry,0,0,20,20,956.6,0
16817,21.11,pharmacy,0,0,21,15,1885.4,0
16818,115.4,fuel,0,0,18,14,630.7,0
16819,216.45,fuel,0,0,20,15,762.9,0
16820,22.52,online_retail,0,0,13,16,130.2,0
16821,42.25,pharmacy,0,0,9,16,1062.3,0
16822,106.71,utilities,0,0,21,16,241.1,0
16823,42.79,entertainment,0,0,16,18,1321.0,0
16824,51.36,travel,0,0,13,5,421.6,0
16825,112.04,jewelry,0,0,9,11,603.2,0
16826,106.5,travel,0,0,8,20,598.7,0
16827,719.0,pharmacy,0,1,1,3,38.8,1
16828,59.53,pharmacy,0,0,22,7,184.7,0
16829,894.6,pharmacy,0,1,0,5,1.4,1
16830,94.42,pharmacy,0,1,20,12,677.8,0
16831,51.77,jewelry,0,0,7,21,273.0,0
16832,5.11,utilities,0,0,7,14,935.2,0
16833,926.97,dining,1,1,4,7,7.8,1
16834,9.55,travel,0,0,6,17,2056.5,0
16835,107.51,grocery,0,0,9,21,515.8,0
16836,28.59,entertainment,0,0,9,22,512.7,0
16837,75.73,dining,0,0,16,15,732.7,0
16838,220.48,grocery,0,0,8,15,50.9,0
16839,41.28,jewelry,0,0,6,23,676.8,0
16840,34.44,dining,0,0,16,21,1252.9,0
16841,103.08,grocery,0,0,15,20,1086.7,0
16842,93.65,electronics,0,0,6,13,601.3,0
16843,167.25,utilities,0,0,18,10,108.8,0
16844,128.99,online_retail,0,0,21,12,741.5,0
16845,76.54,grocery,0,0,9,14,16.0,0
16846,114.52,grocery,0,0,13,16,1063.9,0
16847,43.6,dining,0,0,6,23,1888.6,0
16848,20.36,pharmacy,0,0,7,11,215.9,0
16849,42.12,online_retail,0,0,17,17,1024.0,0
16850,142.68,online_retail,0,0,11,11,148.0,0
16851,73.59,jewelry,0,0,12,12,368.5,0
16852,126.06,online_retail,1,0,17,13,883.5,0
16853,94.7,dining,0,0,17,15,98.5,0
16854,74.94,grocery,0,0,18,20,4266.5,0
16855,424.27,dining,1,0,0,2,1.5,1
16856,50.2,grocery,0,0,15,10,332.4,0
16857,7.5,fuel,0,0,15,16,1341.2,0
16858,119.22,pharmacy,0,0,7,7,98.3,0
16859,122.39,jewelry,0,0,21,18,225.1,0
16860,67.75,jewelry,0,0,19,9,789.2,0
16861,64.28,dining,0,0,13,18,462.7,0
16862,132.44,electronics,0,0,7,19,370.5,0
16863,51.19,dining,0,0,18,5,287.3,0
16864,54.45,entertainment,0,1,13,8,98.6,0
16865,30.14,fuel,0,0,18,21,106.7,0
16866,107.41,jewelry,1,0,21,12,1008.6,0
16867,67.81,dining,0,0,17,12,1533.2,0
16868,188.96,grocery,0,0,19,11,623.6,0
16869,61.79,jewelry,0,0,14,15,505.9,0
16870,70.8,electronics,0,0,12,19,67.5,0
16871,129.14,grocery,0,0,8,24,469.6,0
16872,109.97,electronics,1,0,14,14,459.2,0
16873,314.86,entertainment,1,1,2,5,5.7,1
16874,26.74,entertainment,0,0,9,10,821.0,0
16875,51.06,utilities,0,0,20,14,70.6,0
16876,48.35,grocery,0,0,18,11,84.6,0
16877,42.57,pharmacy,0,0,17,15,412.2,0
16878,220.69,electronics,0,0,12,13,45.8,0
16879,35.13,dining,0,0,9,17,225.2,0
16880,49.83,entertainment,0,0,12,18,722.9,0
16881,69.47,entertainment,0,0,15,18,440.5,0
16882,87.37,entertainment,0,0,22,19,58.6,0
16883,34.97,dining,0,1,10,10,758.6,0
16884,22.99,fuel,0,0,9,15,687.9,0
16885,31.94,fuel,0,1,12,26,1457.0,0
16886,91.45,pharmacy,1,0,7,14,247.0,0
16887,66.38,pharmacy,0,0,7,15,333.0,0
16888,81.56,travel,0,0,21,19,906.0,0
16889,19.29,pharmacy,0,1,19,17,998.9,0
16890,215.01,pharmacy,0,0,15,13,828.3,0
16891,352.13,online_retail,1,1,0,4,0.1,1
16892,1204.27,dining,0,1,3,1,2.9,1
16893,36.05,travel,0,0,8,14,471.3,0
16894,84.03,pharmacy,0,0,7,15,210.7,0
16895,82.91,pharmacy,0,0,11,16,399.4,0
16896,32.7,dining,0,0,21,16,141.7,0
16897,94.48,travel,0,0,10,19,229.2,0
16898,62.77,jewelry,0,0,6,18,144.4,0
16899,72.47,pharmacy,0,0,13,16,63.4,0
16900,57.83,fuel,0,0,8,15,463.7,0
16901,60.97,jewelry,0,0,12,12,610.8,0
16902,233.41,utilities,0,0,13,16,1142.3,0
16903,4.82,fuel,0,0,8,12,64.0,0
16904,30.99,fuel,0,0,14,12,546.2,0
16905,15.96,online_retail,0,1,20,13,238.2,0
16906,157.13,electronics,0,0,18,15,516.0,0
16907,209.05,fuel,0,0,21,20,640.2,0
16908,36.95,travel,0,1,8,15,645.3,0
16909,137.76,electronics,0,0,13,17,85.3,0
16910,51.99,online_retail,0,0,19,8,279.4,0
16911,74.8,travel,0,0,21,13,235.4,0
16912,147.79,entertainment,0,0,21,14,729.4,0
16913,34.87,dining,0,0,11,17,429.8,0
16914,51.07,pharmacy,0,0,12,12,436.4,0
16915,99.39,fuel,0,0,9,5,1001.6,0
16916,130.73,utilities,0,0,20,12,479.3,0
16917,140.84,pharmacy,0,0,14,14,75.4,0
16918,753.48,travel,0,0,4,4,0.9,1
16919,363.76,grocery,0,1,2,2,10.9,1
16920,39.42,fuel,0,0,16,15,65.0,0
16921,74.25,dining,0,0,9,8,1618.8,0
16922,275.8,electronics,0,0,13,15,781.5,0
16923,99.06,entertainment,0,0,16,21,2.6,0
16924,61.96,pharmacy,0,0,8,20,498.3,0
16925,44.93,travel,0,0,19,17,132.6,0
16926,240.93,grocery,0,0,20,12,264.1,0
16927,17.83,travel,0,0,20,11,174.5,0
16928,24.97,dining,0,0,12,14,177.4,0
16929,107.48,entertainment,0,0,18,15,257.9,0
16930,66.45,travel,0,0,14,17,1189.9,0
16931,45.77,grocery,0,0,13,8,1582.6,0
16932,39.1,fuel,0,1,22,12,534.4,0
16933,53.46,grocery,0,0,6,15,1091.3,0
16934,44.85,entertainment,0,0,7,18,448.1,0
16935,49.3,online_retail,0,0,18,13,159.9,0
16936,67.32,travel,0,0,7,11,246.9,0
16937,7.79,travel,0,0,12,14,72.2,0
16938,24.21,fuel,0,0,17,12,758.9,0
16939,23.9,dining,0,0,8,14,957.7,0
16940,91.17,fuel,0,0,10,9,83.7,0
16941,34.86,grocery,0,0,15,18,1112.6,0
16942,67.47,electronics,0,0,21,12,273.8,0
16943,163.25,travel,0,0,11,19,39.9,0
16944,75.91,electronics,0,0,8,16,119.2,0
16945,42.42,grocery,0,0,17,14,537.9,0
16946,89.06,utilities,0,1,11,15,1092.4,0
16947,51.0,jewelry,0,0,19,18,55.3,0
16948,74.82,jewelry,0,0,15,8,271.6,0
16949,19.3,grocery,0,0,21,18,275.1,0
16950,97.72,electronics,0,0,18,21,375.8,0
16951,152.94,jewelry,0,0,16,15,492.9,0
16952,46.07,travel,0,0,14,15,724.5,0
16953,60.32,travel,0,0,22,15,1074.7,0
16954,66.59,online_retail,0,0,20,12,996.4,0
16955,146.77,online_retail,0,0,9,15,283.2,0
16956,28.6,entertainment,0,0,12,15,3448.3,0
16957,243.11,jewelry,0,0,13,11,3.0,0
16958,134.14,jewelry,0,1,9,20,462.2,0
16959,19.84,online_retail,0,0,16,10,258.6,0
16960,45.17,utilities,1,0,22,21,410.8,0
16961,60.61,jewelry,0,0,19,14,199.6,0
16962,148.98,dining,1,0,16,13,241.9,0
16963,89.97,entertainment,0,0,6,13,873.4,0
16964,113.46,grocery,1,0,12,18,1695.4,0
16965,993.4,jewelry,0,1,4,2,3.0,1
16966,39.22,electronics,0,0,11,21,777.1,0
16967,105.37,entertainment,1,0,9,16,29.1,0
16968,53.48,electronics,0,0,16,21,1794.8,0
16969,42.82,utilities,0,0,18,13,344.0,0
16970,30.81,online_retail,1,0,16,20,1141.5,0
16971,25.61,online_retail,0,0,22,9,295.3,0
16972,768.56,electronics,0,1,4,2,0.1,1
16973,16.95,electronics,0,0,17,18,1167.1,0
16974,74.26,travel,0,0,21,13,284.1,0
16975,100.25,fuel,0,1,15,15,4.6,0
16976,129.34,fuel,0,1,6,25,464.8,0
16977,47.29,pharmacy,0,0,13,13,544.0,0
16978,27.5,grocery,0,0,12,16,733.1,0
16979,36.11,jewelry,0,0,9,18,98.8,0
16980,110.23,grocery,0,0,19,17,1185.6,0
16981,33.08,utilities,1,0,12,15,320.9,0
16982,108.63,travel,0,0,7,18,660.7,0
16983,66.4,online_retail,1,0,14,18,260.4,0
16984,38.22,grocery,0,0,11,15,946.5,0
16985,42.41,utilities,0,0,9,16,1085.0,0
16986,44.1,fuel,0,0,8,17,785.6,0
16987,35.25,pharmacy,0,0,11,17,40.5,0
16988,33.75,dining,0,0,9,11,380.5,0
16989,75.75,utilities,0,0,8,16,74.3,0
16990,42.01,grocery,0,0,19,11,478.4,0
16991,117.88,fuel,0,0,7,19,571.5,0
16992,61.21,utilities,0,0,20,11,76.2,0
16993,31.66,fuel,0,0,14,11,553.9,0
16994,65.91,travel,0,0,21,13,92.4,0
16995,17.37,utilities,0,0,9,18,547.6,0
16996,96.19,fuel,0,0,16,16,1358.2,0
16997,189.65,pharmacy,0,0,13,14,2913.8,0
16998,113.11,pharmacy,0,0,20,11,770.8,0
16999,25.12,fuel,0,0,20,15,129.8,0
17000,87.63,electronics,0,0,11,13,147.9,0
17001,123.64,pharmacy,1,0,14,16,495.4,0
17002,23.3,entertainment,0,0,19,14,625.8,0
17003,71.67,travel,1,0,7,12,0.3,0
17004,179.11,jewelry,0,0,20,17,30.0,0
17005,67.07,dining,0,0,19,13,812.4,0
17006,14.96,jewelry,0,0,22,15,766.8,0
17007,37.26,fuel,0,0,9,9,1196.2,0
17008,128.37,jewelry,0,0,19,10,541.3,0
17009,45.07,online_retail,0,0,19,14,140.7,0
17010,119.74,utilities,0,0,14,23,1260.5,0
17011,195.08,travel,0,0,16,19,109.3,0
17012,34.84,dining,0,0,14,16,1721.2,0
17013,121.93,jewelry,1,0,11,7,90.0,0
17014,25.04,electronics,0,0,7,11,29.3,0
17015,35.21,utilities,0,0,14,8,0.1,0
17016,34.9,dining,0,0,6,20,375.3,0
17017,76.74,pharmacy,0,0,19,10,198.6,0
17018,44.08,travel,0,0,15,19,1293.4,0
17019,28.52,electronics,0,0,13,12,521.6,0
17020,71.29,utilities,0,0,16,14,106.8,0
17021,86.51,entertainment,0,0,9,18,996.8,0
17022,40.24,travel,0,0,8,16,128.4,0
17023,91.8,pharmacy,0,0,8,13,138.6,0
17024,57.71,fuel,0,0,21,21,397.0,0
17025,121.64,online_retail,0,0,19,15,2635.7,0
17026,14.97,entertainment,0,0,14,16,259.7,0
17027,55.12,pharmacy,0,0,9,15,864.5,0
17028,116.07,jewelry,0,0,9,12,316.8,0
17029,45.52,utilities,0,0,18,24,2589.2,0
17030,136.47,dining,0,0,10,16,255.5,0
17031,86.55,utilities,0,0,18,16,167.7,0
17032,30.77,jewelry,0,0,15,21,1648.7,0
17033,18.68,utilities,0,0,17,10,394.7,0
17034,132.06,grocery,0,0,7,5,422.9,0
17035,37.24,utilities,0,0,21,14,523.6,0
17036,82.18,fuel,0,0,7,14,574.1,0
17037,56.99,pharmacy,0,1,21,22,157.7,0
17038,46.0,pharmacy,0,0,9,11,75.6,0
17039,104.06,online_retail,0,0,22,12,343.6,0
17040,114.05,travel,0,0,11,10,81.2,0
17041,123.66,jewelry,0,0,16,11,2015.6,0
17042,85.72,travel,0,0,21,15,300.4,0
17043,132.37,online_retail,0,0,15,14,412.1,0
17044,185.81,grocery,0,0,22,20,2903.1,0
17045,57.52,online_retail,0,0,21,15,37.4,0
17046,153.19,pharmacy,0,0,20,17,6.7,0
17047,28.13,pharmacy,0,0,6,11,1045.2,0
17048,181.76,dining,0,0,15,20,202.1,0
17049,79.72,online_retail,0,0,11,13,158.0,0
17050,34.97,online_retail,0,0,19,14,786.0,0
17051,40.91,entertainment,0,0,17,11,95.1,0
17052,386.95,travel,0,0,18,21,27.4,0
17053,27.06,utilities,0,0,19,18,301.8,0
17054,134.28,pharmacy,0,0,7,13,286.0,0
17055,187.72,online_retail,0,1,9,14,371.4,0
17056,24.82,online_retail,0,0,12,11,321.7,0
17057,156.82,dining,1,0,13,21,485.4,0
17058,33.92,entertainment,0,0,11,12,1431.4,0
17059,90.25,dining,0,0,10,21,309.1,0
17060,120.4,fuel,0,0,21,12,105.6,0
17061,121.27,jewelry,0,0,13,19,529.2,0
17062,105.93,electronics,0,1,6,16,158.4,0
17063,104.29,entertainment,0,0,13,13,238.7,0
17064,18.5,fuel,0,0,20,9,1497.1,0
17065,8.76,dining,0,0,13,16,90.5,0
17066,104.76,grocery,0,0,16,7,649.5,0
17067,48.91,jewelry,0,0,18,13,20.3,0
17068,38.05,fuel,0,1,16,14,442.5,0
17069,302.2,electronics,1,1,1,1,1.1,1
17070,15.23,entertainment,0,0,6,13,635.7,0
17071,154.78,online_retail,0,0,15,14,362.8,0
17072,36.19,utilities,0,0,14,14,1104.4,0
17073,58.83,travel,0,0,21,11,4510.4,0
17074,21.55,fuel,0,0,15,12,1169.6,0
17075,52.46,electronics,0,0,19,13,412.6,0
17076,101.19,pharmacy,0,0,10,15,11.5,0
17077,43.58,jewelry,0,0,16,8,826.3,0
17078,84.03,jewelry,0,0,15,15,967.7,0
17079,152.02,jewelry,0,0,8,12,471.3,0
17080,27.13,electronics,0,0,16,19,359.6,0
17081,62.59,travel,0,0,19,21,2207.7,0
17082,179.96,grocery,0,0,7,19,440.4,0
17083,165.3,fuel,0,0,13,18,623.5,0
17084,44.15,dining,0,0,19,11,966.2,0
17085,14.23,grocery,0,0,9,10,153.5,0
17086,44.48,dining,0,0,6,12,165.2,0
17087,134.19,entertainment,0,0,14,15,113.1,0
17088,6.84,online_retail,0,0,14,10,2444.4,0
17089,100.98,pharmacy,0,0,21,17,563.5,0
17090,94.16,online_retail,0,0,10,14,264.7,0
17091,46.17,entertainment,0,0,19,15,141.6,0
17092,32.43,utilities,0,0,18,11,117.7,0
17093,44.22,fuel,0,0,15,13,233.5,0
17094,28.37,entertainment,0,0,20,15,1136.2,0
17095,40.19,utilities,0,0,11,15,564.6,0
17096,95.66,electronics,0,0,8,18,1532.8,0
17097,15.66,entertainment,0,0,21,12,84.1,0
17098,54.64,utilities,0,0,20,12,702.1,0
17099,38.48,fuel,0,0,9,13,163.5,0
17100,16.73,online_retail,0,0,22,8,1602.4,0
17101,90.07,electronics,1,0,22,16,570.2,0
17102,84.78,online_retail,0,0,20,13,395.3,0
17103,13.68,utilities,0,0,18,14,476.6,0
17104,36.87,entertainment,0,0,8,14,223.7,0
17105,73.4,entertainment,0,0,18,13,147.2,0
17106,52.37,grocery,0,1,20,20,919.4,0
17107,53.03,travel,0,0,20,10,211.3,0
17108,9.52,entertainment,0,0,19,10,3372.6,0
17109,49.77,entertainment,0,0,11,18,268.6,0
17110,195.79,electronics,0,0,10,10,2070.6,0
17111,145.37,pharmacy,0,1,10,15,343.4,0
17112,72.0,grocery,0,0,11,13,715.7,0
17113,901.28,dining,1,1,4,1,1.3,1
17114,98.52,electronics,0,0,6,22,497.6,0
17115,10.9,dining,0,0,13,15,1245.7,0
17116,58.97,pharmacy,0,0,21,13,839.0,0
17117,13.14,pharmacy,0,0,15,13,227.4,0
17118,114.92,electronics,0,0,20,18,703.4,0
17119,30.54,electronics,0,0,17,13,126.9,0
17120,173.95,grocery,0,0,9,16,691.9,0
17121,64.39,electronics,0,0,6,21,295.5,0
17122,25.7,jewelry,0,1,16,18,226.5,0
17123,6.08,electronics,0,0,17,15,52.6,0
17124,60.31,jewelry,0,0,17,13,88.7,0
17125,108.04,dining,0,0,7,17,169.4,0
17126,96.72,electronics,0,0,16,11,394.3,0
17127,19.89,electronics,0,0,6,10,1064.8,0
17128,24.37,utilities,0,0,6,15,258.4,0
17129,95.88,utilities,0,0,14,13,693.8,0
17130,64.88,grocery,0,0,12,13,22.5,0
17131,66.44,electronics,0,0,18,16,1248.0,0
17132,214.86,dining,0,0,17,10,432.4,0
17133,59.2,entertainment,0,0,16,11,98.4,0
17134,107.79,travel,0,0,17,14,33.3,0
17135,42.21,pharmacy,0,0,21,7,95.8,0
17136,60.17,online_retail,0,0,11,13,500.4,0
17137,95.61,entertainment,0,0,22,18,1656.2,0
17138,7.77,dining,0,0,13,14,27.6,0
17139,34.4,electronics,0,0,20,13,172.8,0
17140,77.78,utilities,0,0,17,15,39.0,0
17141,18.26,entertainment,0,0,10,14,168.1,0
17142,168.81,utilities,0,0,9,18,1162.1,0
17143,138.67,grocery,0,0,9,18,244.3,0
17144,56.78,pharmacy,0,0,7,19,2136.7,0
17145,26.31,electronics,0,0,12,11,1218.7,0
17146,50.01,entertainment,1,0,19,14,1375.6,0
17147,100.79,travel,0,0,11,19,557.4,0
17148,1164.6,utilities,1,0,2,0,3.0,1
17149,108.49,dining,0,0,21,15,1832.1,0
17150,98.79,fuel,0,0,10,9,54.5,0
17151,19.9,dining,0,0,21,12,209.9,0
17152,48.61,electronics,0,0,13,19,421.3,0
17153,50.99,utilities,0,0,19,14,965.4,0
17154,112.53,jewelry,0,0,12,16,689.6,0
17155,31.04,dining,0,0,7,14,988.6,0
17156,10.63,grocery,0,0,14,19,125.9,0
17157,49.11,online_retail,0,0,19,16,180.4,0
17158,21.89,dining,0,0,21,14,16.4,0
17159,62.54,electronics,0,0,10,15,694.4,0
17160,97.09,grocery,0,0,16,14,426.8,0
17161,14.7,fuel,0,0,13,14,11.8,0
17162,167.11,pharmacy,0,0,13,16,1412.4,0
17163,49.93,online_retail,0,0,18,18,89.3,0
17164,129.34,jewelry,0,1,13,10,577.4,0
17165,77.28,fuel,0,0,21,7,1770.9,0
17166,5.67,dining,0,0,19,17,44.5,0
17167,165.09,utilities,0,0,9,11,133.7,0
17168,21.2,pharmacy,1,0,12,10,1359.9,0
17169,29.05,online_retail,0,0,12,12,550.6,0
17170,37.18,grocery,0,0,11,12,89.4,0
17171,657.84,online_retail,1,1,0,3,8.6,1
17172,47.69,jewelry,0,0,15,15,487.1,0
17173,28.26,grocery,0,0,14,15,57.3,0
17174,40.64,jewelry,0,0,14,27,18.5,0
17175,8.13,pharmacy,0,0,17,23,164.9,0
17176,7.79,dining,0,0,7,19,2.2,0
17177,98.5,utilities,0,0,22,15,474.2,0
17178,32.81,grocery,0,0,9,26,888.7,0
17179,67.87,entertainment,0,0,21,10,815.3,0
17180,394.51,entertainment,0,0,11,17,579.4,0
17181,50.75,dining,0,0,8,15,871.3,0
17182,37.88,entertainment,0,0,9,12,444.0,0
17183,127.73,fuel,0,0,15,16,162.8,0
17184,40.27,dining,0,0,11,10,247.6,0
17185,43.03,grocery,0,0,17,20,401.2,0
17186,89.28,pharmacy,0,0,20,12,299.9,0
17187,58.84,electronics,0,0,22,20,344.2,0
17188,17.29,pharmacy,0,0,14,10,731.8,0
17189,65.02,online_retail,0,0,19,11,989.2,0
17190,57.37,pharmacy,0,0,18,8,1100.7,0
17191,107.65,entertainment,0,0,15,21,826.0,0
17192,85.21,jewelry,1,0,10,13,778.0,0
17193,67.76,electronics,0,0,10,19,1093.7,0
17194,130.46,jewelry,0,0,18,16,309.2,0
17195,104.62,dining,0,0,20,20,1092.5,0
17196,46.14,jewelry,0,0,14,16,823.6,0
17197,41.46,dining,0,0,16,20,1278.4,0
17198,43.42,travel,0,0,9,14,783.6,0
17199,146.02,dining,0,0,15,12,113.2,0
17200,20.62,jewelry,0,0,16,11,15.7,0
17201,49.54,utilities,0,0,11,21,1314.7,0
17202,179.68,dining,0,0,20,13,1059.3,0
17203,82.68,pharmacy,0,0,17,18,562.2,0
17204,132.7,jewelry,0,0,8,16,154.4,0
17205,88.55,electronics,0,0,7,9,802.1,0
17206,80.56,pharmacy,0,0,8,24,282.3,0
17207,97.02,pharmacy,0,0,22,10,191.1,0
17208,92.51,pharmacy,0,0,20,14,864.8,0
17209,35.78,travel,0,1,21,8,228.0,0
17210,45.93,pharmacy,0,0,10,18,19.8,0
17211,24.16,jewelry,0,0,16,17,1396.7,0
17212,99.45,electronics,0,0,18,15,1701.0,0
17213,62.82,electronics,0,1,8,16,37.2,0
17214,9.81,fuel,0,0,15,16,596.5,0
17215,87.54,pharmacy,0,0,16,18,1003.5,0
17216,41.14,utilities,0,0,21,11,419.1,0
17217,187.39,fuel,0,0,11,7,417.7,0
17218,157.83,electronics,0,0,10,15,1008.0,0
17219,57.52,travel,0,0,15,9,680.2,0
17220,51.13,entertainment,0,0,21,11,1450.7,0
17221,25.6,pharmacy,0,0,6,19,11.7,0
17222,80.11,dining,0,0,14,16,965.3,0
17223,197.68,utilities,0,0,13,14,90.3,0
17224,104.61,utilities,0,0,15,13,655.1,0
17225,44.58,pharmacy,0,0,19,17,451.1,0
17226,140.89,online_retail,0,0,12,20,770.6,0
17227,93.62,electronics,0,0,9,11,356.7,0
17228,75.82,jewelry,0,1,9,23,199.5,0
17229,54.62,online_retail,0,0,9,11,419.2,0
17230,17.08,dining,0,0,14,11,470.9,0
17231,243.28,electronics,0,0,17,12,1217.0,0
17232,52.06,fuel,0,0,6,15,378.5,0
17233,101.5,jewelry,0,0,19,11,323.6,0
17234,44.36,dining,0,0,9,14,295.7,0
17235,62.04,pharmacy,0,0,19,19,752.0,0
17236,109.54,electronics,1,0,14,12,683.4,0
17237,31.05,travel,0,0,11,10,219.5,0
17238,175.3,travel,0,0,10,22,87.7,0
17239,143.08,grocery,0,0,20,20,314.2,0
17240,187.42,electronics,0,0,22,20,214.9,0
17241,108.28,online_retail,0,1,10,14,206.0,0
17242,58.94,grocery,0,0,15,13,322.1,0
17243,47.7,pharmacy,0,0,22,10,445.5,0
17244,22.84,entertainment,0,0,19,11,20.4,0
17245,70.43,dining,1,0,20,11,867.3,0
17246,94.95,grocery,0,0,22,17,479.2,0
17247,28.09,entertainment,0,0,6,20,103.9,0
17248,90.84,electronics,0,0,6,15,268.6,0
17249,122.25,utilities,0,0,20,16,885.7,0
17250,192.52,online_retail,0,0,12,8,798.8,0
17251,52.05,utilities,0,0,22,9,652.4,0
17252,38.13,utilities,0,0,19,15,725.9,0
17253,57.65,online_retail,0,0,12,20,928.2,0
17254,30.53,online_retail,0,0,7,16,71.6,0
17255,63.91,jewelry,0,0,11,15,189.0,0
17256,43.33,grocery,0,0,21,18,90.1,0
17257,99.06,entertainment,0,0,21,17,1336.9,0
17258,41.34,electronics,0,0,13,11,802.9,0
17259,40.39,electronics,0,0,10,11,35.3,0
17260,20.84,utilities,0,0,15,7,1377.3,0
17261,84.77,grocery,0,0,8,12,154.2,0
17262,161.82,electronics,0,0,17,11,704.0,0
17263,89.04,fuel,0,0,17,18,390.7,0
17264,14.14,entertainment,0,0,10,9,91.4,0
17265,150.9,jewelry,0,0,15,7,846.1,0
17266,49.53,fuel,0,0,7,18,67.0,0
17267,33.34,utilities,0,0,18,18,509.9,0
17268,73.38,pharmacy,0,0,11,17,541.9,0
17269,72.83,jewelry,0,0,11,14,161.6,0
17270,50.76,electronics,0,1,12,16,771.6,0
17271,46.41,dining,1,0,8,12,168.2,0
17272,109.62,online_retail,0,0,11,18,365.7,0
17273,155.51,travel,0,0,21,15,347.3,0
17274,309.19,electronics,0,0,9,16,929.9,0
17275,43.22,utilities,0,0,19,17,101.3,0
17276,184.76,entertainment,0,0,15,13,175.4,0
17277,69.11,electronics,0,0,18,18,350.2,0
17278,110.7,electronics,0,0,18,17,887.5,0
17279,85.35,grocery,0,0,16,10,100.9,0
17280,104.21,pharmacy,0,0,17,15,145.1,0
17281,113.83,fuel,0,1,15,17,194.4,0
17282,21.16,utilities,0,0,11,12,386.5,0
17283,31.87,jewelry,0,0,10,16,393.3,0
17284,57.53,grocery,0,0,22,18,269.9,0
17285,54.27,pharmacy,1,0,19,15,3130.5,0
17286,28.58,entertainment,0,0,14,14,194.8,0
17287,42.66,jewelry,0,0,19,15,302.7,0
17288,67.98,pharmacy,0,0,14,16,312.4,0
17289,77.22,travel,0,0,7,16,1137.3,0
17290,68.15,online_retail,0,0,21,15,2341.9,0
17291,68.72,travel,0,0,19,13,150.6,0
17292,54.29,travel,0,0,12,14,721.5,0
17293,31.51,online_retail,0,0,22,10,798.5,0
17294,103.92,fuel,0,0,17,20,276.5,0
17295,70.01,utilities,0,0,19,14,439.4,0
17296,65.5,fuel,0,0,11,11,1147.9,0
17297,112.95,pharmacy,0,0,6,12,210.1,0
17298,19.2,online_retail,0,0,16,18,161.9,0
17299,37.95,online_retail,0,0,15,13,487.0,0
17300,12.77,utilities,0,0,15,10,635.2,0
17301,36.41,utilities,0,0,12,13,964.4,0
17302,623.56,grocery,1,0,1,1,14.0,1
17303,149.86,utilities,0,0,10,16,403.5,0
17304,59.33,online_retail,1,0,11,11,133.3,0
17305,43.9,dining,0,0,17,9,155.0,0
17306,28.57,grocery,0,0,18,15,268.5,0
17307,74.34,travel,0,0,6,11,1028.4,0
17308,64.61,entertainment,0,0,16,14,129.8,0
17309,100.43,pharmacy,0,0,17,11,345.1,0
17310,149.49,fuel,0,0,21,20,639.9,0
17311,75.01,entertainment,0,1,14,15,798.0,0
17312,50.25,electronics,0,0,17,14,152.4,0
17313,51.42,jewelry,0,0,17,15,965.5,0
17314,74.43,utilities,0,0,20,12,61.2,0
17315,60.1,grocery,0,0,8,16,206.0,0
17316,30.69,dining,0,0,21,17,218.5,0
17317,109.3,dining,0,0,18,14,128.4,0
17318,81.01,dining,0,0,7,12,35.2,0
17319,82.63,dining,0,0,6,15,883.1,0
17320,156.74,utilities,0,0,21,17,1364.2,0
17321,23.21,pharmacy,0,0,13,14,489.0,0
17322,59.12,online_retail,0,0,21,17,333.7,0
17323,68.42,fuel,0,0,18,19,1401.0,0
17324,139.03,entertainment,0,0,7,13,706.6,0
17325,8.11,jewelry,0,0,11,9,249.2,0
17326,46.3,jewelry,0,1,15,13,785.8,0
17327,83.83,fuel,0,0,19,14,223.7,0
17328,95.05,fuel,0,0,8,19,414.9,0
17329,179.51,electronics,0,0,10,18,431.8,0
17330,178.34,electronics,0,0,9,13,74.7,0
17331,294.98,travel,0,0,21,16,2707.1,0
17332,32.74,utilities,0,0,10,13,253.9,0
17333,104.46,travel,0,0,14,15,739.7,0
17334,119.7,pharmacy,0,0,6,18,765.9,0
17335,60.05,utilities,0,0,15,19,159.4,0
17336,74.35,travel,0,0,14,17,2035.3,0
17337,51.39,online_retail,0,0,19,15,1012.1,0
17338,150.71,utilities,0,0,15,10,355.8,0
17339,94.1,travel,0,0,18,20,59.0,0
17340,463.15,fuel,0,0,3,2,0.4,1
17341,91.89,dining,0,0,16,15,903.1,0
17342,58.47,fuel,0,0,10,17,818.1,0
17343,193.98,utilities,0,0,21,18,248.3,0
17344,135.89,grocery,0,0,21,13,318.6,0
17345,79.52,dining,0,0,10,16,316.5,0
17346,154.08,travel,0,1,20,17,9.4,0
17347,17.2,electronics,0,0,16,10,530.8,0
17348,40.09,fuel,0,0,9,11,236.9,0
17349,65.43,grocery,0,0,21,12,955.6,0
17350,109.59,utilities,0,0,14,14,101.0,0
17351,16.05,electronics,0,0,8,18,29.8,0
17352,165.65,fuel,0,0,15,17,618.6,0
17353,220.88,travel,0,0,10,13,554.5,0
17354,57.66,fuel,0,0,8,19,235.0,0
17355,187.05,utilities,0,0,21,10,82.1,0
17356,186.86,dining,0,0,10,7,609.9,0
17357,56.09,utilities,0,0,14,11,107.9,0
17358,67.58,pharmacy,0,0,14,17,395.2,0
17359,119.73,online_retail,1,0,7,17,128.0,0
17360,3.21,electronics,0,0,15,16,480.4,0
17361,115.99,pharmacy,1,0,17,13,2083.3,0
17362,48.55,pharmacy,0,0,18,14,259.4,0
17363,299.65,utilities,0,0,6,8,2046.0,0
17364,188.34,electronics,0,0,21,13,941.0,0
17365,65.55,travel,0,0,8,14,894.6,0
17366,59.73,electronics,0,0,10,15,81.3,0
17367,92.7,pharmacy,0,1,7,15,2517.3,0
17368,1.66,travel,0,0,8,15,63.5,0
17369,158.58,online_retail,0,0,19,10,1107.2,0
17370,106.67,travel,0,0,15,7,144.0,0
17371,124.81,online_retail,0,0,16,10,370.7,0
17372,71.54,entertainment,0,0,12,15,684.9,0
17373,193.39,fuel,0,0,10,13,325.0,0
17374,61.44,dining,0,0,9,12,162.9,0
17375,188.45,dining,0,0,20,13,576.4,0
17376,112.73,utilities,0,0,9,17,112.4,0
17377,121.79,pharmacy,0,0,13,11,348.7,0
17378,28.69,entertainment,0,0,6,24,351.4,0
17379,91.47,travel,0,0,19,17,240.9,0
17380,104.54,utilities,0,0,11,13,583.5,0
17381,48.13,utilities,0,0,14,14,180.9,0
17382,106.22,dining,1,0,20,22,100.9,0
17383,20.91,jewelry,0,0,6,19,108.9,0
17384,71.57,online_retail,0,0,7,16,131.5,0
17385,66.61,travel,0,0,12,13,414.7,0
17386,77.21,online_retail,0,0,15,12,48.0,0
17387,66.71,entertainment,0,0,9,10,604.0,0
17388,21.49,fuel,0,0,11,18,527.9,0
17389,136.66,electronics,0,0,21,23,165.8,0
17390,42.23,online_retail,0,0,14,14,294.3,0
17391,135.01,jewelry,0,0,13,22,19.1,0
17392,127.53,dining,0,0,15,18,439.0,0
17393,23.1,utilities,0,0,14,13,176.5,0
17394,79.13,grocery,0,0,13,17,155.5,0
17395,153.13,jewelry,0,0,16,14,32.7,0
17396,81.68,utilities,0,0,7,15,383.9,0
17397,31.04,electronics,0,0,19,15,148.3,0
17398,44.61,utilities,0,0,14,20,381.0,0
17399,7.55,travel,0,0,22,10,30.9,0
17400,41.77,utilities,0,0,8,11,1225.8,0
17401,32.95,utilities,0,0,17,13,363.8,0
17402,138.42,online_retail,0,0,7,17,91.9,0
17403,54.4,travel,0,0,22,9,12.8,0
17404,130.08,electronics,0,0,13,23,321.4,0
17405,136.12,grocery,0,0,10,11,318.9,0
17406,60.58,entertainment,0,0,6,14,1756.8,0
17407,154.59,grocery,0,0,22,24,1001.1,0
17408,89.08,online_retail,0,0,6,15,378.9,0
17409,43.4,fuel,0,0,14,14,416.8,0
17410,37.54,dining,0,0,18,9,101.2,0
17411,74.57,travel,0,0,8,15,684.5,0
17412,127.86,pharmacy,0,0,20,17,337.2,0
17413,53.64,grocery,0,0,13,8,501.6,0
17414,121.14,travel,0,0,9,15,398.7,0
17415,58.53,entertainment,0,1,6,17,305.9,0
17416,30.71,fuel,0,0,22,17,992.7,0
17417,46.82,online_retail,0,1,13,14,886.3,0
17418,60.91,utilities,0,0,13,16,259.2,0
17419,31.66,electronics,0,0,22,18,776.5,0
17420,80.34,online_retail,0,1,7,16,339.4,0
17421,157.95,grocery,0,0,13,13,250.3,0
17422,123.83,jewelry,0,0,16,15,32.9,0
17423,75.03,jewelry,0,1,6,13,109.9,0
17424,326.01,grocery,0,1,18,12,22.8,0
17425,188.91,online_retail,0,0,8,20,305.0,0
17426,11.11,entertainment,1,0,19,16,211.1,0
17427,184.3,entertainment,0,0,9,21,1996.0,0
17428,56.61,grocery,0,0,14,14,175.8,0
17429,64.99,grocery,0,0,13,10,1788.7,0
17430,93.26,pharmacy,0,0,18,6,186.4,0
17431,117.52,grocery,0,0,8,17,667.7,0
17432,37.27,online_retail,0,0,18,13,636.3,0
17433,204.88,entertainment,0,1,22,21,1202.4,0
17434,152.92,travel,0,0,8,12,656.8,0
17435,114.21,pharmacy,0,0,18,13,653.8,0
17436,100.92,entertainment,0,0,22,11,195.0,0
17437,67.41,utilities,0,0,11,20,508.5,0
17438,106.63,travel,0,0,12,12,609.9,0
17439,28.72,pharmacy,0,0,8,13,21.3,0
17440,30.24,fuel,0,1,6,14,134.5,0
17441,104.76,jewelry,0,0,22,10,1215.1,0
17442,47.76,electronics,0,0,21,15,1266.9,0
17443,44.67,jewelry,0,0,8,18,803.8,0
17444,23.08,jewelry,0,1,6,14,724.7,0
17445,46.3,utilities,0,0,7,20,152.3,0
17446,137.19,travel,0,0,8,13,3213.3,0
17447,91.48,utilities,0,1,17,15,463.1,0
17448,82.24,dining,0,0,9,11,98.9,0
17449,49.73,online_retail,0,1,19,6,1010.3,0
17450,67.52,entertainment,0,0,21,8,95.8,0
17451,9.88,electronics,0,0,8,18,555.7,0
17452,856.72,electronics,1,1,4,7,2.1,1
17453,39.04,jewelry,0,1,16,21,396.8,0
17454,61.01,dining,0,0,9,14,1550.1,0
17455,33.16,travel,0,0,19,13,6.3,0
17456,21.39,grocery,0,0,12,14,257.2,0
17457,143.34,utilities,0,0,10,14,371.0,0
17458,9.13,entertainment,0,1,17,11,305.7,0
17459,135.88,pharmacy,0,0,15,17,96.9,0
17460,31.56,travel,0,0,16,13,45.0,0
17461,153.65,fuel,0,0,22,18,24.3,0
17462,11.02,electronics,1,1,16,16,525.8,0
17463,32.15,pharmacy,0,0,13,18,477.2,0
17464,32.67,jewelry,0,0,12,22,513.7,0
17465,127.49,dining,1,0,11,18,582.1,0
17466,41.29,grocery,0,0,21,18,675.9,0
17467,49.64,online_retail,0,0,21,13,346.4,0
17468,49.06,online_retail,0,0,10,14,513.0,0
17469,55.66,grocery,0,0,6,22,5015.2,0
17470,13.96,grocery,0,0,17,15,868.2,0
17471,81.94,grocery,0,0,11,18,54.3,0
17472,141.83,electronics,0,0,6,17,531.0,0
17473,32.99,dining,0,0,7,15,500.9,0
17474,84.36,jewelry,0,0,20,12,396.8,0
17475,44.51,online_retail,0,0,13,14,1060.1,0
17476,115.99,entertainment,1,0,13,21,619.4,0
17477,142.35,electronics,0,0,20,22,688.3,0
17478,67.4,travel,0,0,15,11,199.7,0
17479,84.91,entertainment,0,0,22,11,223.1,0
17480,99.7,grocery,0,0,19,21,252.0,0
17481,88.02,pharmacy,0,0,11,13,123.4,0
17482,62.89,dining,0,0,15,17,307.0,0
17483,72.68,grocery,0,1,10,26,145.6,0
17484,136.22,travel,0,0,22,12,454.6,0
17485,84.82,pharmacy,0,0,16,20,30.4,0
17486,118.04,jewelry,0,0,8,14,867.0,0
17487,132.72,electronics,0,0,13,13,272.0,0
17488,95.93,entertainment,0,0,18,16,199.2,0
17489,102.84,dining,0,0,20,19,118.0,0
17490,110.02,grocery,0,0,18,13,2655.5,0
17491,10.39,travel,0,0,17,15,479.6,0
17492,67.72,pharmacy,0,0,13,15,215.8,0
17493,29.85,fuel,1,0,15,19,122.3,0
17494,125.1,fuel,0,0,10,18,1608.8,0
17495,41.1,travel,0,0,9,15,1083.4,0
17496,169.25,pharmacy,0,0,11,15,45.2,0
17497,60.99,electronics,0,0,18,20,542.2,0
17498,43.86,electronics,0,0,7,16,729.6,0
17499,42.09,utilities,0,0,13,9,116.1,0
17500,16.46,grocery,0,0,16,16,205.6,0
17501,58.44,utilities,0,0,14,10,412.7,0
17502,49.68,utilities,0,0,13,12,1359.9,0
17503,56.44,fuel,0,0,17,13,204.4,0
17504,40.8,pharmacy,0,0,18,16,2149.0,0
17505,72.03,grocery,0,0,8,16,1101.5,0
17506,81.1,travel,1,0,11,14,161.6,0
17507,150.4,travel,0,0,16,10,5.6,0
17508,89.08,jewelry,0,0,19,14,366.7,0
17509,154.27,pharmacy,0,0,11,15,1502.3,0
17510,89.53,electronics,0,0,20,11,1648.3,0
17511,35.14,fuel,0,0,21,16,152.9,0
17512,167.55,dining,0,0,10,12,505.9,0
17513,30.84,online_retail,0,0,10,12,327.3,0
17514,169.7,online_retail,0,0,13,11,173.5,0
17515,156.17,entertainment,0,0,6,18,104.7,0
17516,161.19,electronics,0,0,21,17,529.8,0
17517,659.62,dining,0,1,2,2,3.0,1
17518,50.43,grocery,0,0,22,11,1273.6,0
17519,114.58,jewelry,0,1,18,13,2694.1,0
17520,231.02,online_retail,0,0,8,16,338.1,0
17521,38.75,entertainment,1,0,15,12,350.2,0
17522,47.79,electronics,0,0,17,15,384.4,0
17523,15.76,grocery,0,0,11,18,1265.0,0
17524,54.67,online_retail,0,0,16,10,101.3,0
17525,7.24,electronics,0,0,10,12,0.7,0
17526,60.24,fuel,0,1,19,14,195.0,0
17527,40.67,entertainment,0,0,22,14,1844.8,0
17528,122.05,jewelry,0,0,14,10,403.7,0
17529,703.58,electronics,1,1,4,1,11.1,1
17530,150.7,online_retail,0,0,18,6,178.1,0
17531,53.0,utilities,0,0,21,18,93.6,0
17532,71.43,travel,0,0,8,6,177.9,0
17533,29.19,dining,0,0,18,13,1850.4,0
17534,55.86,pharmacy,0,0,11,15,233.7,0
17535,25.7,grocery,0,0,15,20,599.0,0
17536,28.21,fuel,0,0,20,9,156.6,0
17537,66.56,electronics,0,0,15,22,57.9,0
17538,4.35,dining,0,0,12,17,527.6,0
17539,32.75,fuel,0,0,20,13,593.5,0
17540,93.52,dining,0,0,9,11,612.3,0
17541,114.76,travel,0,0,13,17,1390.9,0
17542,3.94,online_retail,0,0,12,16,1.5,0
17543,113.53,entertainment,1,0,21,15,317.8,0
17544,41.64,online_retail,0,0,6,16,293.8,0
17545,87.47,entertainment,0,0,12,14,310.8,0
17546,28.93,travel,0,0,20,14,208.1,0
17547,94.69,online_retail,0,0,7,10,1169.3,0
17548,16.59,jewelry,0,0,7,24,952.1,0
17549,73.38,utilities,0,1,13,17,723.5,0
17550,92.53,jewelry,0,0,16,15,1022.8,0
17551,166.0,travel,0,0,9,12,182.8,0
17552,92.31,utilities,0,0,8,14,604.9,0
17553,96.22,entertainment,0,0,13,15,662.3,0
17554,56.85,utilities,0,0,15,10,253.4,0
17555,222.12,fuel,0,0,7,16,2050.6,0
17556,155.37,travel,0,0,6,10,541.7,0
17557,53.2,online_retail,0,0,17,15,700.3,0
17558,230.48,fuel,0,0,22,11,1051.9,0
17559,33.61,fuel,0,0,21,19,58.0,0
17560,44.25,dining,0,0,16,15,24.0,0
17561,79.02,travel,0,0,8,12,271.9,0
17562,37.5,utilities,0,0,17,14,1723.6,0
17563,40.75,entertainment,0,0,11,11,487.3,0
17564,77.54,grocery,0,0,12,17,397.7,0
17565,18.62,utilities,0,0,7,22,124.6,0
17566,62.2,fuel,0,0,8,12,278.3,0
17567,102.26,travel,0,0,11,11,111.0,0
17568,132.29,pharmacy,0,0,22,10,462.9,0
17569,54.56,grocery,0,0,19,10,31.0,0
17570,83.73,dining,0,1,22,11,381.9,0
17571,38.34,entertainment,0,0,22,12,269.8,0
17572,86.4,electronics,0,0,10,7,935.3,0
17573,122.22,travel,0,0,9,11,377.3,0
17574,88.36,dining,0,0,20,27,85.9,0
17575,32.07,fuel,0,0,12,17,426.5,0
17576,56.78,jewelry,0,0,16,15,1921.5,0
17577,201.59,electronics,0,0,15,18,352.4,0
17578,68.3,jewelry,0,0,14,20,214.7,0
17579,74.59,online_retail,0,0,8,15,507.9,0
17580,95.54,utilities,0,0,10,19,266.4,0
17581,95.95,jewelry,0,0,7,16,45.3,0
17582,106.82,grocery,0,0,11,15,145.5,0
17583,91.68,online_retail,0,0,14,12,21.6,0
17584,110.63,dining,0,0,13,13,609.3,0
17585,85.13,entertainment,0,0,9,13,275.5,0
17586,80.41,fuel,0,0,6,14,2343.4,0
17587,16.22,grocery,0,0,14,19,248.6,0
17588,312.46,dining,0,0,7,11,701.2,0
17589,74.51,grocery,0,0,8,10,42.4,0
17590,98.46,online_retail,0,0,6,14,982.2,0
17591,30.2,utilities,0,0,13,15,321.2,0
17592,39.11,pharmacy,0,0,12,10,93.4,0
17593,61.2,travel,0,0,6,19,1568.9,0
17594,222.1,pharmacy,0,0,16,15,399.4,0
17595,892.62,jewelry,1,0,1,4,10.1,1
17596,39.98,entertainment,0,0,14,17,281.8,0
17597,36.11,dining,0,0,20,11,91.9,0
17598,185.36,utilities,0,1,9,8,553.9,0
17599,49.21,fuel,0,0,18,7,61.7,0
17600,91.02,fuel,0,0,10,18,454.8,0
17601,126.81,utilities,0,0,12,8,590.0,0
17602,16.59,utilities,0,1,14,18,234.4,0
17603,60.18,pharmacy,0,0,22,14,273.2,0
17604,40.84,fuel,0,0,9,14,50.1,0
17605,8.88,online_retail,0,0,10,21,487.7,0
17606,81.57,utilities,0,0,14,21,291.7,0
17607,97.75,utilities,0,0,16,18,138.6,0
17608,24.11,dining,0,0,19,22,309.0,0
17609,94.59,dining,0,0,7,19,939.9,0
17610,50.5,travel,0,0,13,17,97.0,0
17611,82.1,travel,0,0,12,13,395.1,0
17612,93.43,grocery,0,0,20,12,370.2,0
17613,73.95,travel,0,0,6,12,2769.3,0
17614,64.27,travel,1,0,19,19,637.9,0
17615,10.91,jewelry,0,0,22,15,338.6,0
17616,15.26,entertainment,0,0,16,13,15.7,0
17617,73.16,jewelry,0,0,17,18,1311.2,0
17618,163.15,dining,0,1,8,21,809.5,0
17619,118.14,jewelry,0,0,15,18,2022.1,0
17620,16.89,grocery,0,0,17,10,90.1,0
17621,62.17,online_retail,0,0,16,11,157.7,0
17622,168.35,electronics,0,0,17,10,80.2,0
17623,105.01,grocery,0,0,20,12,474.1,0
17624,64.06,entertainment,0,0,18,17,1897.1,0
17625,127.81,travel,0,0,7,16,512.0,0
17626,53.96,fuel,0,0,20,19,166.4,0
17627,70.46,online_retail,0,0,14,20,1174.3,0
17628,112.61,travel,1,0,21,16,628.2,0
17629,60.3,dining,0,0,6,19,1010.5,0
17630,187.18,travel,0,0,22,16,1091.7,0
17631,63.82,travel,0,0,18,19,577.0,0
17632,34.16,online_retail,0,0,15,16,42.8,0
17633,213.85,entertainment,0,0,17,13,1259.9,0
17634,113.57,grocery,0,0,18,18,139.4,0
17635,46.7,online_retail,1,0,9,14,1192.8,0
17636,34.36,entertainment,0,0,8,16,2122.3,0
17637,115.6,travel,0,0,6,13,142.2,0
17638,165.92,online_retail,0,0,13,22,1801.3,0
17639,69.59,utilities,0,0,18,16,1034.1,0
17640,105.51,utilities,0,0,8,18,767.1,0
17641,114.88,electronics,0,0,8,14,784.0,0
17642,102.42,fuel,0,0,21,16,3852.5,0
17643,35.24,travel,0,0,19,16,1247.6,0
17644,74.49,utilities,0,0,20,11,366.1,0
17645,89.5,travel,0,0,13,14,904.5,0
17646,14.96,entertainment,0,0,19,10,433.0,0
17647,231.74,entertainment,0,0,11,13,758.5,0
17648,254.06,jewelry,0,0,13,9,670.5,0
17649,32.54,dining,0,0,13,19,919.7,0
17650,23.89,grocery,0,0,8,14,707.8,0
17651,137.08,dining,0,1,7,17,33.9,0
17652,159.01,pharmacy,0,0,9,15,27.7,0
17653,25.89,utilities,0,0,11,18,1593.0,0
17654,25.92,utilities,0,0,14,17,1853.6,0
17655,18.86,grocery,0,0,6,13,263.2,0
17656,8.31,fuel,0,0,15,13,141.4,0
17657,74.86,jewelry,0,0,12,11,501.8,0
17658,43.12,online_retail,0,0,8,10,28.5,0
17659,55.17,fuel,0,0,6,17,735.9,0
17660,234.23,grocery,0,0,20,17,122.2,0
17661,13.57,travel,1,0,17,6,1134.6,0
17662,58.21,utilities,0,0,10,12,5.7,0
17663,72.14,fuel,0,0,9,16,603.9,0
17664,6.34,online_retail,0,1,16,12,68.0,0
17665,193.9,fuel,0,0,20,16,35.1,0
17666,66.9,fuel,0,0,7,17,28.0,0
17667,73.82,online_retail,0,0,10,16,1699.7,0
17668,41.08,jewelry,0,0,21,16,255.4,0
17669,15.77,jewelry,0,0,19,10,1221.5,0
17670,149.99,travel,0,0,15,11,818.9,0
17671,35.84,travel,0,0,6,21,30.5,0
17672,67.54,fuel,0,0,11,19,892.7,0
17673,109.43,electronics,0,0,9,12,2521.2,0
17674,94.25,pharmacy,0,1,16,12,344.5,0
17675,162.0,entertainment,0,0,15,17,471.8,0
17676,77.83,grocery,0,0,13,14,613.0,0
17677,25.66,pharmacy,0,0,7,15,981.6,0
17678,30.35,travel,0,0,21,18,71.8,0
17679,48.68,utilities,0,0,14,15,2020.3,0
17680,69.73,grocery,0,0,21,17,614.8,0
17681,133.3,dining,1,0,7,13,50.7,0
17682,19.51,pharmacy,0,0,13,17,53.6,0
17683,57.31,dining,0,1,20,18,485.4,0
17684,107.88,online_retail,0,0,15,10,102.3,0
17685,215.55,utilities,0,0,9,14,3006.1,0
17686,1113.68,grocery,1,0,2,2,1.5,1
17687,146.55,travel,0,1,22,20,1335.3,0
17688,150.65,grocery,0,0,11,13,43.1,0
17689,100.82,online_retail,1,0,12,20,2570.7,0
17690,143.95,entertainment,0,0,14,15,1586.9,0
17691,53.92,entertainment,0,0,13,12,578.3,0
17692,139.32,travel,0,0,13,16,549.3,0
17693,73.16,pharmacy,0,0,7,13,89.5,0
17694,40.79,online_retail,0,0,15,8,783.1,0
17695,69.34,jewelry,0,0,8,16,292.2,0
17696,93.05,pharmacy,0,1,17,15,27.4,0
17697,56.66,pharmacy,0,0,9,16,1921.6,0
17698,113.85,pharmacy,0,0,7,21,1450.5,0
17699,47.41,grocery,0,0,14,15,857.2,0
17700,91.45,jewelry,0,0,22,13,923.6,0
17701,75.16,jewelry,0,0,20,15,545.5,0
17702,217.77,online_retail,0,0,10,12,412.7,0
17703,125.96,online_retail,0,0,21,21,82.3,0
17704,94.88,jewelry,0,0,19,16,25.8,0
17705,111.34,pharmacy,0,0,9,18,850.4,0
17706,89.94,grocery,0,0,21,14,105.2,0
17707,62.79,jewelry,0,0,16,21,762.6,0
17708,192.56,grocery,0,0,22,18,92.3,0
17709,237.88,fuel,0,0,20,14,316.6,0
17710,68.32,pharmacy,0,0,11,15,336.1,0
17711,59.93,entertainment,1,0,12,18,11.4,0
17712,6.99,jewelry,0,0,10,13,2133.6,0
17713,730.31,utilities,0,1,2,0,17.9,1
17714,109.19,grocery,0,0,15,16,165.9,0
17715,71.9,pharmacy,0,0,16,21,25.3,0
17716,71.58,pharmacy,0,0,15,14,576.9,0
17717,24.51,electronics,0,0,8,19,577.4,0
17718,33.61,electronics,0,0,10,23,1490.9,0
17719,50.3,grocery,0,0,22,11,181.2,0
17720,52.1,utilities,0,0,17,9,378.1,0
17721,93.01,utilities,0,0,6,14,1692.4,0
17722,84.02,travel,0,0,8,13,1402.0,0
17723,9.17,travel,0,0,9,9,143.4,0
17724,36.02,utilities,0,0,19,10,1136.1,0
17725,11.11,jewelry,0,0,16,12,787.0,0
17726,30.48,jewelry,0,1,16,24,1693.7,0
17727,44.16,utilities,0,0,11,20,1180.6,0
17728,105.85,entertainment,0,0,15,16,1180.5,0
17729,89.72,electronics,0,0,8,15,1638.8,0
17730,52.67,travel,0,0,16,15,541.9,0
17731,52.45,fuel,0,0,15,10,115.4,0
17732,27.74,entertainment,0,0,10,19,1598.5,0
17733,25.39,electronics,0,0,17,17,38.5,0
17734,158.84,jewelry,0,0,8,18,608.3,0
17735,9.83,pharmacy,0,0,21,15,337.3,0
17736,61.93,dining,0,0,6,12,174.4,0
17737,16.46,grocery,1,0,14,23,1152.8,0
17738,314.24,pharmacy,0,0,19,15,142.6,0
17739,69.55,electronics,0,1,18,13,122.0,0
17740,27.59,pharmacy,0,0,13,16,182.0,0
17741,51.21,travel,0,0,15,20,591.8,0
17742,45.01,electronics,0,0,19,17,324.9,0
17743,61.08,grocery,0,0,20,14,1315.4,0
17744,188.32,fuel,0,0,14,18,186.5,0
17745,26.68,fuel,0,0,20,9,207.8,0
17746,142.58,jewelry,0,0,8,21,737.6,0
17747,40.76,fuel,0,0,19,11,784.1,0
17748,67.69,entertainment,0,1,14,15,61.1,0
17749,175.54,travel,0,0,8,10,354.9,0
17750,19.11,fuel,0,0,15,17,614.2,0
17751,64.41,entertainment,1,0,14,21,189.5,0
17752,217.2,dining,0,0,15,18,174.4,0
17753,92.94,travel,0,0,15,15,52.6,0
17754,166.67,grocery,0,0,22,10,591.6,0
17755,69.78,travel,0,0,16,15,827.4,0
17756,152.59,pharmacy,0,0,18,19,349.2,0
17757,49.91,electronics,0,0,8,13,382.6,0
17758,13.98,utilities,0,1,14,20,85.5,0
17759,76.46,electronics,0,0,7,23,422.6,0
17760,73.88,electronics,0,0,10,20,495.2,0
17761,96.41,online_retail,0,0,21,16,168.3,0
17762,27.31,pharmacy,0,0,12,15,1194.8,0
17763,137.93,grocery,0,0,17,16,41.9,0
17764,77.12,online_retail,0,0,14,10,212.2,0
17765,16.64,electronics,1,0,7,19,537.1,0
17766,19.39,dining,0,0,12,12,931.2,0
17767,46.7,pharmacy,0,0,10,15,1543.9,0
17768,214.35,online_retail,0,0,16,14,73.4,0
17769,159.16,pharmacy,0,0,10,13,244.0,0
17770,19.77,dining,0,0,6,12,1114.7,0
17771,146.69,utilities,1,0,9,15,291.4,0
17772,57.63,pharmacy,0,0,12,10,89.1,0
17773,201.19,fuel,0,0,8,11,201.5,0
17774,117.98,jewelry,0,0,22,15,53.2,0
17775,179.8,online_retail,0,0,22,17,685.0,0
17776,64.75,dining,0,0,14,16,44.0,0
17777,1362.19,pharmacy,0,1,4,4,0.5,1
17778,15.27,fuel,0,0,14,11,419.8,0
17779,20.56,online_retail,0,0,7,13,1022.6,0
17780,93.14,entertainment,0,0,8,12,1176.9,0
17781,126.72,fuel,0,0,16,16,93.3,0
17782,5.85,online_retail,0,0,20,24,581.2,0
17783,159.97,electronics,0,0,13,23,839.8,0
17784,44.6,utilities,0,0,17,14,587.9,0
17785,52.05,travel,0,0,7,18,10.8,0
17786,39.92,entertainment,0,0,16,14,240.3,0
17787,98.85,fuel,0,1,17,10,257.0,0
17788,149.52,jewelry,0,1,6,14,44.4,0
17789,30.09,dining,0,0,21,13,392.2,0
17790,156.01,fuel,0,0,13,9,507.8,0
17791,19.96,online_retail,0,0,14,12,325.7,0
17792,6.84,pharmacy,0,0,16,19,1355.3,0
17793,143.67,jewelry,0,0,22,13,260.0,0
17794,35.85,online_retail,0,0,9,18,336.6,0
17795,52.86,electronics,0,0,9,17,384.0,0
17796,37.82,grocery,0,0,8,11,480.6,0
17797,93.09,jewelry,0,0,20,18,1040.9,0
17798,10.8,travel,0,0,9,13,137.0,0
17799,12.18,utilities,0,0,10,9,68.1,0
17800,54.97,utilities,0,0,14,12,204.8,0
17801,83.09,fuel,0,1,8,9,234.8,0
17802,143.62,online_retail,0,0,13,19,1333.7,0
17803,33.59,online_retail,0,0,13,20,758.9,0
17804,98.19,utilities,0,0,8,13,122.6,0
17805,65.81,travel,0,0,16,16,266.7,0
17806,184.5,dining,0,1,17,16,199.4,0
17807,142.71,online_retail,0,0,19,21,61.3,0
17808,214.83,electronics,0,0,10,13,1723.6,0
17809,89.57,jewelry,0,0,12,13,186.6,0
17810,32.95,utilities,0,0,22,13,403.0,0
17811,656.71,electronics,1,0,3,5,0.3,1
17812,87.41,travel,0,0,19,14,578.4,0
17813,116.26,online_retail,1,0,16,20,131.5,0
17814,58.34,travel,0,0,11,12,171.0,0
17815,92.29,utilities,0,0,13,13,1880.6,0
17816,116.02,travel,0,0,16,16,338.5,0
17817,48.0,jewelry,0,0,10,22,780.9,0
17818,160.79,online_retail,0,0,7,16,498.2,0
17819,27.94,fuel,0,0,10,16,162.4,0
17820,55.68,grocery,0,0,22,12,450.6,0
17821,36.47,fuel,0,0,17,19,748.8,0
17822,88.62,electronics,0,0,21,14,90.8,0
17823,44.83,electronics,0,0,14,10,2243.3,0
17824,80.65,jewelry,0,0,11,12,1661.9,0
17825,96.33,pharmacy,0,0,20,18,1522.1,0
17826,128.67,entertainment,0,0,13,15,158.4,0
17827,6.54,travel,0,0,22,13,214.1,0
17828,18.7,dining,0,0,20,21,604.7,0
17829,9.78,dining,0,0,18,15,1124.8,0
17830,80.08,travel,0,0,9,19,233.7,0
17831,101.14,electronics,0,0,10,15,886.3,0
17832,41.47,dining,0,0,10,15,1160.9,0
17833,81.43,jewelry,1,0,7,18,1435.1,0
17834,133.44,jewelry,0,0,14,23,171.4,0
17835,72.36,online_retail,0,0,22,18,1255.6,0
17836,152.7,pharmacy,0,0,21,17,547.4,0
17837,31.18,grocery,0,0,20,19,580.8,0
17838,3.74,travel,0,0,21,11,1652.6,0
17839,13.23,grocery,0,0,12,16,1547.4,0
17840,40.41,grocery,0,0,8,18,612.6,0
17841,17.86,fuel,0,0,12,13,724.5,0
17842,45.51,fuel,0,0,15,13,2106.4,0
17843,12.49,pharmacy,0,0,7,17,955.4,0
17844,244.27,pharmacy,0,0,8,7,461.8,0
17845,32.35,entertainment,0,0,13,15,301.6,0
17846,73.58,fuel,0,0,7,18,128.9,0
17847,40.45,jewelry,0,1,11,10,328.3,0
17848,28.67,pharmacy,0,0,21,20,245.9,0
17849,244.45,online_retail,0,0,9,20,465.4,0
17850,1437.42,grocery,0,0,4,0,10.7,1
17851,115.11,pharmacy,0,0,20,17,262.3,0
17852,10.56,grocery,0,0,13,10,924.7,0
17853,53.02,electronics,0,0,17,11,1027.7,0
17854,51.38,dining,0,0,22,18,256.8,0
17855,83.3,pharmacy,0,0,9,11,179.3,0
17856,116.61,fuel,0,0,14,15,53.4,0
17857,126.28,jewelry,0,0,15,21,1022.9,0
17858,106.97,fuel,0,0,9,21,445.7,0
17859,53.09,dining,0,0,9,15,2256.6,0
17860,55.27,fuel,0,0,8,19,127.0,0
17861,27.26,electronics,0,0,20,19,780.2,0
17862,41.33,entertainment,0,0,21,13,246.2,0
17863,127.17,grocery,0,0,22,9,405.2,0
17864,63.16,jewelry,0,0,6,20,798.6,0
17865,34.48,jewelry,0,0,10,19,146.1,0
17866,22.63,utilities,0,0,16,8,271.0,0
17867,47.35,entertainment,0,0,11,7,701.6,0
17868,109.73,pharmacy,0,0,8,9,110.3,0
17869,117.98,dining,0,0,18,14,772.0,0
17870,49.8,entertainment,0,0,14,21,184.3,0
17871,26.89,dining,0,0,13,12,712.6,0
17872,142.17,utilities,0,0,19,23,8.7,0
17873,20.07,entertainment,0,0,22,15,404.1,0
17874,16.8,grocery,0,0,10,19,1074.2,0
17875,38.26,online_retail,0,0,13,12,58.2,0
17876,15.53,pharmacy,0,0,21,16,530.1,0
17877,105.63,fuel,0,0,7,10,654.9,0
17878,83.62,grocery,0,0,20,11,1214.4,0
17879,88.84,grocery,0,0,12,17,1986.6,0
17880,24.5,jewelry,0,0,6,20,960.5,0
17881,11.13,jewelry,0,0,19,9,574.8,0
17882,31.68,travel,0,0,21,10,1189.2,0
17883,57.61,electronics,0,0,17,19,301.7,0
17884,139.55,online_retail,0,0,18,13,212.8,0
17885,36.11,pharmacy,0,0,20,13,343.8,0
17886,223.35,pharmacy,0,0,16,14,324.0,0
17887,126.81,jewelry,0,0,22,9,576.5,0
17888,145.95,utilities,0,0,15,13,227.7,0
17889,121.55,pharmacy,0,0,19,14,217.6,0
17890,56.6,pharmacy,0,0,8,16,992.9,0
17891,224.0,pharmacy,0,0,9,16,1117.2,0
17892,146.34,online_retail,0,1,6,12,174.3,0
17893,1000.85,jewelry,1,1,2,1,0.2,1
17894,67.78,dining,0,0,21,24,726.3,0
17895,81.47,jewelry,0,0,14,6,2583.6,0
17896,45.43,dining,0,0,20,18,11.6,0
17897,26.5,online_retail,0,0,21,18,69.4,0
17898,6.75,travel,0,0,6,18,873.0,0
17899,58.25,electronics,0,0,16,20,96.2,0
17900,12.35,online_retail,0,0,6,18,621.3,0
17901,14.63,entertainment,0,0,21,16,114.3,0
17902,30.42,entertainment,1,0,11,26,523.7,0
17903,14.91,jewelry,0,0,16,14,909.7,0
17904,225.44,entertainment,0,0,15,12,482.8,0
17905,20.85,fuel,0,0,7,13,467.2,0
17906,152.04,fuel,0,0,19,14,254.4,0
17907,129.11,travel,0,0,20,11,405.0,0
17908,73.21,grocery,0,0,16,14,433.1,0
17909,40.98,grocery,0,0,12,13,514.9,0
17910,84.8,dining,0,0,9,16,581.3,0
17911,67.87,entertainment,0,0,7,14,299.5,0
17912,67.02,jewelry,0,0,15,12,232.3,0
17913,26.59,travel,0,0,9,12,303.8,0
17914,48.47,pharmacy,0,0,14,20,977.7,0
17915,32.49,entertainment,0,0,12,9,108.6,0
17916,279.01,pharmacy,0,0,19,21,1089.7,0
17917,59.58,online_retail,0,1,13,25,1774.0,0
17918,67.9,grocery,0,0,21,15,1719.7,0
17919,39.79,electronics,0,0,12,11,64.1,0
17920,4.69,jewelry,0,0,17,13,507.8,0
17921,149.03,utilities,0,0,16,17,396.8,0
17922,87.99,pharmacy,0,0,11,19,68.7,0
17923,21.14,online_retail,0,0,13,10,87.7,0
17924,40.02,utilities,1,0,16,15,22.5,0
17925,18.55,dining,0,0,22,15,0.1,0
17926,28.02,electronics,0,0,17,17,502.5,0
17927,96.37,electronics,0,0,7,13,67.6,0
17928,88.39,dining,0,0,11,15,417.9,0
17929,851.51,online_retail,0,1,0,2,2.1,1
17930,38.33,utilities,0,0,21,17,234.6,0
17931,26.32,entertainment,0,0,17,18,427.5,0
17932,27.14,entertainment,0,0,16,12,351.8,0
17933,75.85,online_retail,0,0,19,16,1714.5,0
17934,109.99,pharmacy,0,0,21,12,802.8,0
17935,40.61,electronics,1,0,9,17,160.8,0
17936,74.26,online_retail,0,0,17,19,428.0,0
17937,90.75,online_retail,0,0,21,20,627.1,0
17938,62.58,jewelry,0,0,19,20,1001.3,0
17939,9.83,fuel,1,0,7,11,7.5,0
17940,52.63,fuel,0,0,16,15,953.9,0
17941,45.98,dining,0,0,18,24,36.3,0
17942,99.09,online_retail,0,0,11,18,8.2,0
17943,61.92,fuel,0,0,12,8,819.4,0
17944,127.52,jewelry,0,0,15,17,409.0,0
17945,97.55,jewelry,0,0,15,9,177.2,0
17946,82.43,jewelry,0,0,17,20,442.2,0
17947,111.88,travel,0,0,19,12,237.8,0
17948,46.73,utilities,0,0,22,13,829.7,0
17949,21.48,electronics,0,0,11,20,1358.2,0
17950,153.21,travel,0,0,14,19,1609.4,0
17951,182.24,entertainment,0,0,8,14,154.3,0
17952,128.84,travel,0,0,6,20,599.9,0
17953,18.66,grocery,0,0,19,17,203.5,0
17954,174.45,utilities,0,0,19,16,349.8,0
17955,84.18,electronics,0,0,14,13,1005.1,0
17956,20.79,electronics,0,0,6,13,268.7,0
17957,59.07,online_retail,0,0,6,18,550.9,0
17958,167.27,utilities,0,0,22,10,1263.6,0
17959,38.1,travel,0,0,8,11,867.0,0
17960,106.6,travel,0,0,15,13,1386.4,0
17961,7.71,utilities,0,0,13,15,172.4,0
17962,25.24,travel,0,0,9,16,1842.8,0
17963,76.5,grocery,0,0,17,14,258.0,0
17964,36.85,dining,0,0,22,15,500.6,0
17965,54.02,pharmacy,0,0,19,12,1875.6,0
17966,999.76,dining,1,1,4,5,13.8,1
17967,36.1,pharmacy,0,0,17,19,159.5,0
17968,95.43,fuel,0,0,9,17,625.0,0
17969,54.84,electronics,0,0,11,16,137.4,0
17970,249.86,utilities,0,0,17,14,452.7,0
17971,46.01,online_retail,0,0,10,16,31.6,0
17972,43.43,entertainment,0,0,19,8,169.8,0
17973,43.08,fuel,0,0,14,23,191.4,0
17974,109.57,electronics,0,0,21,17,101.4,0
17975,40.21,online_retail,0,0,17,11,112.2,0
17976,402.94,jewelry,1,0,2,4,4.8,1
17977,164.96,travel,0,0,17,20,171.4,0
17978,100.36,utilities,0,0,10,12,79.5,0
17979,44.7,pharmacy,0,0,17,21,88.7,0
17980,92.44,entertainment,0,1,6,14,55.4,0
17981,96.13,electronics,0,1,14,16,956.3,0
17982,32.99,jewelry,0,0,10,16,501.6,0
17983,22.72,online_retail,0,1,18,10,984.1,0
17984,117.23,dining,0,0,15,22,283.9,0
17985,107.14,fuel,0,0,18,16,645.3,0
17986,68.21,dining,0,0,9,11,175.4,0
17987,105.63,pharmacy,0,0,15,14,248.4,0
17988,93.49,jewelry,0,0,17,11,1436.0,0
17989,24.37,electronics,0,0,11,15,167.9,0
17990,106.22,entertainment,1,0,13,18,218.3,0
17991,288.95,electronics,1,1,0,1,6.9,1
17992,138.07,jewelry,0,0,9,13,3608.3,0
17993,184.86,entertainment,1,0,8,23,638.3,0
17994,52.63,entertainment,0,0,8,13,664.5,0
17995,18.75,dining,0,0,12,15,1653.6,0
17996,38.55,fuel,0,0,19,13,753.6,0
17997,112.81,utilities,0,0,17,15,2379.3,0
17998,129.22,jewelry,0,0,21,15,378.0,0
17999,28.86,jewelry,0,0,18,19,126.4,0
18000,53.54,online_retail,0,0,13,7,327.7,0
18001,82.48,dining,0,0,16,10,792.5,0
18002,123.01,travel,0,0,20,7,422.7,0
18003,38.34,pharmacy,0,0,20,13,1329.0,0
18004,117.18,entertainment,0,0,20,21,550.0,0
18005,26.04,entertainment,0,0,19,10,1624.2,0
18006,60.16,online_retail,0,0,18,16,29.7,0
18007,65.88,utilities,0,0,8,15,276.7,0
18008,40.2,utilities,0,0,12,13,1332.1,0
18009,49.04,fuel,0,0,9,21,368.2,0
18010,387.55,online_retail,0,0,0,5,4.3,1
18011,257.85,utilities,0,0,16,11,719.7,0
18012,28.94,pharmacy,0,0,14,14,2689.5,0
18013,34.36,dining,0,0,14,22,362.3,0
18014,48.32,pharmacy,0,0,17,18,444.7,0
18015,165.21,travel,0,0,11,11,306.3,0
18016,68.34,entertainment,0,0,13,19,516.2,0
18017,51.75,dining,0,0,10,11,893.5,0
18018,42.12,travel,1,0,20,13,3.1,0
18019,31.96,entertainment,0,0,17,11,222.2,0
18020,115.41,grocery,0,0,10,22,578.3,0
18021,110.24,entertainment,0,0,13,14,1010.5,0
18022,126.67,utilities,0,0,21,19,265.9,0
18023,82.14,dining,0,0,9,11,2258.4,0
18024,156.48,pharmacy,1,0,6,13,714.7,0
18025,13.27,dining,0,0,16,15,292.8,0
18026,141.15,online_retail,0,0,7,18,1844.0,0
18027,18.04,electronics,0,0,20,13,1211.8,0
18028,47.51,utilities,0,0,20,18,300.8,0
18029,58.68,online_retail,0,0,9,9,1314.8,0
18030,142.78,online_retail,0,0,14,21,972.9,0
18031,25.38,fuel,0,0,12,12,192.7,0
18032,66.55,online_retail,0,0,11,17,278.9,0
18033,53.27,jewelry,0,0,8,12,350.4,0
18034,13.56,dining,0,0,19,14,133.8,0
18035,67.11,fuel,0,1,6,14,703.3,0
18036,46.52,online_retail,0,0,11,20,2047.5,0
18037,122.4,pharmacy,0,1,19,14,1843.6,0
18038,110.84,grocery,0,0,10,18,1304.8,0
18039,81.52,utilities,0,0,10,12,202.0,0
18040,85.86,jewelry,0,0,15,13,715.8,0
18041,86.32,fuel,1,0,14,12,661.2,0
18042,233.18,pharmacy,0,0,10,19,973.0,0
18043,49.23,utilities,0,0,17,18,1548.7,0
18044,274.7,fuel,1,0,19,14,826.8,0
18045,27.48,grocery,0,0,19,14,421.4,0
18046,52.17,online_retail,0,0,9,11,1012.4,0
18047,164.54,fuel,0,0,16,21,1347.9,0
18048,196.25,fuel,0,0,11,15,1900.0,0
18049,176.07,online_retail,0,0,17,15,78.9,0
18050,32.43,electronics,0,1,6,9,136.9,0
18051,184.81,grocery,0,0,12,16,674.3,0
18052,22.51,entertainment,0,0,16,10,846.2,0
18053,64.31,travel,0,0,19,19,961.5,0
18054,62.64,online_retail,0,0,17,14,439.9,0
18055,143.52,online_retail,0,0,14,15,228.4,0
18056,15.93,electronics,0,0,15,11,85.2,0
18057,52.46,online_retail,0,0,11,15,331.0,0
18058,41.49,jewelry,0,0,10,15,131.8,0
18059,113.79,utilities,0,0,18,22,204.2,0
18060,970.13,dining,0,1,2,3,2.9,1
18061,17.24,utilities,0,0,15,8,152.6,0
18062,10.3,electronics,1,0,6,19,7.6,0
18063,49.48,electronics,0,0,10,17,227.9,0
18064,49.97,utilities,0,0,18,17,549.2,0
18065,92.81,pharmacy,0,0,20,10,81.0,0
18066,5.83,utilities,0,0,12,18,1015.5,0
18067,42.25,entertainment,0,0,12,21,557.4,0
18068,18.18,jewelry,0,0,17,20,806.0,0
18069,52.03,dining,0,0,18,17,34.4,0
18070,29.77,jewelry,0,0,8,10,379.8,0
18071,57.7,travel,0,0,12,12,1250.1,0
18072,119.12,online_retail,0,0,10,20,304.4,0
18073,67.0,pharmacy,0,0,13,18,62.0,0
18074,41.91,pharmacy,0,0,22,14,1894.3,0
18075,48.76,jewelry,0,0,10,14,47.8,0
18076,61.23,grocery,0,0,22,14,1571.5,0
18077,372.85,entertainment,1,0,4,4,0.6,1
18078,94.26,utilities,0,0,22,21,328.5,0
18079,31.12,jewelry,0,0,10,9,1912.8,0
18080,28.79,fuel,0,0,6,14,156.7,0
18081,235.19,grocery,0,0,16,18,660.3,0
18082,91.14,pharmacy,0,0,13,11,239.9,0
18083,45.7,electronics,0,0,19,14,330.9,0
18084,68.42,pharmacy,0,0,6,8,682.1,0
18085,47.09,travel,0,0,18,16,273.7,0
18086,99.49,electronics,0,0,10,20,244.1,0
18087,54.71,pharmacy,1,0,6,11,1817.5,0
18088,258.28,electronics,0,0,9,10,1702.1,0
18089,412.26,travel,0,1,4,7,1.6,1
18090,118.16,dining,0,0,8,16,775.2,0
18091,91.08,utilities,0,0,8,11,492.9,0
18092,23.1,pharmacy,0,0,8,11,359.3,0
18093,31.04,pharmacy,0,0,9,13,23.0,0
18094,23.9,travel,0,1,7,15,903.9,0
18095,143.88,travel,1,0,22,17,10.9,0
18096,66.17,fuel,0,0,16,19,230.0,0
18097,76.78,grocery,0,0,20,16,428.3,0
18098,106.97,grocery,0,1,16,17,91.8,0
18099,40.43,utilities,1,0,12,15,969.6,0
18100,26.32,grocery,0,0,13,18,307.7,0
18101,73.97,grocery,0,0,21,14,218.9,0
18102,52.24,dining,0,0,19,16,116.3,0
18103,54.42,utilities,0,0,20,14,214.5,0
18104,38.3,jewelry,0,0,6,21,956.5,0
18105,44.13,utilities,0,0,7,14,13.1,0
18106,68.2,dining,0,0,7,13,712.4,0
18107,223.1,travel,0,0,11,13,258.1,0
18108,15.28,pharmacy,0,0,18,19,481.4,0
18109,91.28,travel,0,0,11,16,643.4,0
18110,69.12,online_retail,0,1,21,12,490.3,0
18111,215.77,electronics,0,0,17,12,590.1,0
18112,448.99,utilities,1,0,0,4,5.0,1
18113,184.55,utilities,0,0,20,12,251.5,0
18114,33.35,jewelry,0,0,15,19,452.5,0
18115,38.33,grocery,0,0,10,8,166.7,0
18116,35.48,entertainment,0,0,15,13,578.3,0
18117,49.14,fuel,0,0,20,12,1090.8,0
18118,141.83,fuel,0,0,18,16,430.6,0
18119,79.92,online_retail,0,0,13,17,421.3,0
18120,241.96,online_retail,0,0,12,6,369.1,0
18121,139.75,fuel,0,0,22,20,731.8,0
18122,114.11,grocery,0,0,8,25,408.2,0
18123,77.01,jewelry,0,0,20,12,70.8,0
18124,34.88,pharmacy,0,0,22,17,653.4,0
18125,44.79,electronics,0,1,6,12,154.5,0
18126,127.87,travel,0,0,15,9,411.7,0
18127,59.13,travel,0,0,6,24,41.9,0
18128,29.96,entertainment,0,0,22,11,115.9,0
18129,98.88,entertainment,1,1,16,12,465.4,0
18130,92.18,electronics,0,0,6,7,521.6,0
18131,39.92,dining,0,0,17,8,25.8,0
18132,116.38,jewelry,0,0,22,24,1570.0,0
18133,59.47,travel,0,0,19,15,627.6,0
18134,119.43,grocery,0,0,13,17,185.6,0
18135,23.21,travel,0,1,20,10,367.6,0
18136,144.07,entertainment,0,0,18,14,685.1,0
18137,92.26,fuel,0,0,15,14,480.1,0
18138,207.8,grocery,0,0,15,25,36.4,0
18139,147.91,travel,1,0,10,19,347.7,0
18140,147.73,electronics,0,0,20,21,667.3,0
18141,90.84,travel,0,0,19,14,261.6,0
18142,83.82,electronics,0,0,19,20,2926.5,0
18143,431.79,pharmacy,0,0,0,1,5.0,1
18144,174.27,grocery,0,0,17,11,75.8,0
18145,204.62,grocery,0,0,16,15,1616.0,0
18146,141.86,fuel,0,0,15,22,484.3,0
18147,222.57,utilities,1,0,2,2,5.3,1
18148,21.32,utilities,0,0,22,16,985.8,0
18149,134.41,utilities,0,0,12,15,129.1,0
18150,43.98,entertainment,0,0,17,15,24.5,0
18151,71.64,pharmacy,0,0,10,7,62.3,0
18152,117.84,electronics,0,0,12,13,108.7,0
18153,99.14,entertainment,0,1,14,19,133.9,0
18154,103.2,grocery,0,0,9,16,296.1,0
18155,80.04,grocery,0,0,13,11,347.2,0
18156,1033.69,online_retail,1,0,2,1,3.4,1
18157,96.44,travel,1,0,17,18,84.5,0
18158,28.26,utilities,0,0,13,11,996.9,0
18159,105.16,utilities,0,0,13,14,663.6,0
18160,132.1,electronics,1,0,21,20,325.8,0
18161,1501.52,travel,1,1,0,2,7.9,1
18162,22.91,online_retail,0,0,7,15,411.8,0
18163,45.73,pharmacy,0,0,15,8,478.5,0
18164,25.8,travel,0,0,15,18,2245.5,0
18165,52.65,fuel,0,0,22,15,80.8,0
18166,653.44,travel,1,1,2,5,2.1,1
18167,89.62,online_retail,0,0,14,23,993.0,0
18168,132.79,entertainment,0,0,20,13,253.5,0
18169,122.59,online_retail,0,0,7,17,1044.6,0
18170,137.01,online_retail,0,0,18,14,798.9,0
18171,31.41,jewelry,0,0,8,15,99.9,0
18172,96.7,grocery,0,0,17,14,1100.3,0
18173,137.39,dining,0,0,20,13,308.1,0
18174,57.6,entertainment,1,0,6,15,747.6,0
18175,75.75,electronics,0,0,19,22,468.0,0
18176,37.14,utilities,0,0,12,12,27.0,0
18177,30.63,online_retail,0,1,6,17,2383.4,0
18178,21.54,jewelry,0,0,16,5,480.0,0
18179,25.78,travel,0,1,21,14,554.4,0
18180,78.69,jewelry,0,0,14,21,302.7,0
18181,83.65,jewelry,0,0,10,21,228.6,0
18182,91.32,utilities,0,0,14,19,2800.4,0
18183,20.11,utilities,0,0,12,14,668.6,0
18184,85.0,entertainment,0,0,18,17,269.4,0
18185,50.56,jewelry,0,0,6,13,784.9,0
18186,49.27,grocery,0,0,13,15,277.5,0
18187,89.74,pharmacy,0,0,15,14,86.1,0
18188,59.36,electronics,0,0,12,17,391.1,0
18189,119.61,utilities,0,1,12,15,538.8,0
18190,103.9,fuel,0,0,14,12,920.0,0
18191,9.34,pharmacy,0,0,10,17,657.8,0
18192,26.39,pharmacy,0,1,21,7,799.8,0
18193,8.75,dining,0,0,20,11,133.8,0
18194,134.2,dining,0,0,16,18,1817.8,0
18195,48.86,dining,0,0,12,19,1376.5,0
18196,136.73,utilities,0,0,11,22,286.0,0
18197,54.24,travel,0,0,11,14,256.5,0
18198,44.89,online_retail,0,0,16,17,943.6,0
18199,64.83,utilities,0,1,12,13,424.6,0
18200,153.65,pharmacy,0,0,14,27,1013.2,0
18201,22.58,travel,1,0,6,13,802.6,0
18202,14.99,online_retail,0,0,6,23,210.1,0
18203,19.14,jewelry,0,0,11,20,1833.9,0
18204,659.87,electronics,1,1,4,2,9.7,1
18205,80.36,online_retail,0,0,9,18,1032.1,0
18206,43.67,entertainment,0,0,17,23,722.5,0
18207,48.63,utilities,0,0,22,9,373.1,0
18208,70.28,grocery,0,0,11,23,1340.9,0
18209,102.92,utilities,0,0,16,15,121.0,0
18210,21.93,travel,0,1,21,17,1078.0,0
18211,69.98,fuel,1,0,15,14,373.6,0
18212,70.11,utilities,0,0,22,13,1184.0,0
18213,62.21,grocery,0,0,18,18,812.8,0
18214,114.11,dining,0,0,8,9,22.1,0
18215,129.75,entertainment,0,0,14,12,159.9,0
18216,27.02,fuel,0,0,15,14,86.6,0
18217,42.39,entertainment,0,0,6,6,646.7,0
18218,35.42,grocery,0,0,7,16,117.0,0
18219,51.93,pharmacy,0,0,10,15,269.3,0
18220,103.16,grocery,0,0,7,13,688.5,0
18221,56.14,grocery,0,0,17,10,447.6,0
18222,81.61,grocery,0,0,14,18,172.5,0
18223,207.07,jewelry,0,0,7,16,196.3,0
18224,108.86,entertainment,0,0,12,18,285.7,0
18225,73.62,utilities,0,0,21,16,905.0,0
18226,74.77,travel,0,0,21,21,201.1,0
18227,79.62,entertainment,0,0,14,12,1442.2,0
18228,46.87,online_retail,0,0,7,22,1606.2,0
18229,33.85,electronics,0,0,15,17,1251.3,0
18230,93.36,entertainment,0,1,14,21,37.4,0
18231,185.41,online_retail,0,0,9,17,1151.9,0
18232,123.82,online_retail,0,0,9,15,1614.0,0
18233,138.18,electronics,0,0,11,14,371.9,0
18234,24.95,online_retail,0,1,15,14,503.9,0
18235,64.66,entertainment,0,0,22,18,1253.9,0
18236,156.28,electronics,1,1,22,11,523.5,0
18237,75.84,jewelry,0,0,7,15,293.3,0
18238,41.43,fuel,0,0,11,14,56.6,0
18239,86.02,jewelry,0,0,9,19,1068.7,0
18240,115.52,utilities,0,0,22,21,500.6,0
18241,62.96,travel,0,0,14,8,766.8,0
18242,23.03,jewelry,0,0,15,11,678.0,0
18243,167.27,jewelry,0,0,12,17,161.2,0
18244,56.75,fuel,0,0,16,6,460.8,0
18245,246.1,online_retail,0,0,11,15,698.4,0
18246,6.59,jewelry,0,0,18,16,436.2,0
18247,62.91,grocery,0,0,18,20,322.8,0
18248,141.52,dining,0,0,18,15,2214.8,0
18249,108.53,jewelry,0,1,6,11,31.9,0
18250,27.33,dining,0,0,15,17,196.6,0
18251,69.53,entertainment,0,0,15,13,44.1,0
18252,148.27,jewelry,0,0,11,18,203.6,0
18253,64.91,electronics,0,0,17,17,98.0,0
18254,186.26,pharmacy,0,0,10,19,867.3,0
18255,208.5,travel,0,0,18,14,499.0,0
18256,84.25,entertainment,0,0,20,9,838.0,0
18257,34.27,grocery,0,0,21,20,927.7,0
18258,27.37,utilities,0,0,11,16,745.2,0
18259,64.6,electronics,0,0,8,20,462.6,0
18260,9.46,dining,0,0,9,14,629.0,0
18261,54.82,online_retail,0,0,22,14,213.9,0
18262,77.85,dining,0,0,19,15,36.1,0
18263,106.22,travel,0,0,9,13,283.1,0
18264,98.24,jewelry,0,0,19,14,376.6,0
18265,275.06,dining,0,0,20,15,211.6,0
18266,86.62,entertainment,0,0,19,11,496.3,0
18267,116.99,online_retail,1,0,9,14,1211.3,0
18268,207.95,travel,0,0,22,16,238.6,0
18269,58.17,electronics,0,0,22,16,758.7,0
18270,101.02,grocery,0,0,8,17,598.7,0
18271,19.51,fuel,0,0,16,16,61.1,0
18272,394.1,jewelry,0,1,1,4,0.9,1
18273,74.69,electronics,0,0,21,18,155.0,0
18274,42.54,entertainment,0,0,22,10,1034.1,0
18275,201.86,electronics,0,0,20,13,746.2,0
18276,39.93,online_retail,0,0,11,10,1008.2,0
18277,31.39,fuel,0,0,9,15,815.7,0
18278,37.34,dining,0,0,6,22,711.4,0
18279,272.25,fuel,0,0,14,17,143.9,0
18280,74.93,travel,0,0,10,18,606.6,0
18281,43.97,travel,0,0,7,10,717.8,0
18282,79.81,fuel,0,0,17,14,922.3,0
18283,22.84,entertainment,0,0,22,12,502.3,0
18284,121.83,electronics,0,0,18,14,142.9,0
18285,6.8,electronics,0,0,7,26,937.1,0
18286,137.05,fuel,0,0,9,22,283.8,0
18287,17.22,jewelry,0,0,21,16,583.2,0
18288,26.02,electronics,0,0,17,15,185.5,0
18289,45.36,entertainment,0,0,22,12,195.0,0
18290,23.13,grocery,0,0,20,16,319.0,0
18291,95.05,pharmacy,0,0,12,19,741.9,0
18292,169.4,dining,0,0,13,14,179.6,0
18293,49.41,travel,0,0,21,15,549.1,0
18294,40.53,entertainment,0,0,18,15,999.1,0
18295,41.32,entertainment,0,0,17,11,1962.1,0
18296,36.47,dining,0,0,7,17,1576.4,0
18297,13.95,fuel,0,0,16,23,539.1,0
18298,54.24,entertainment,0,0,6,14,280.2,0
18299,33.42,grocery,0,0,7,18,40.1,0
18300,423.51,dining,1,0,2,4,4.0,1
18301,31.22,travel,0,1,17,19,50.3,0
18302,60.24,grocery,0,0,19,15,2575.4,0
18303,46.67,electronics,0,0,16,13,1023.3,0
18304,41.76,utilities,0,0,6,15,45.0,0
18305,245.19,dining,0,0,10,25,648.6,0
18306,77.58,utilities,0,0,10,18,494.2,0
18307,36.57,travel,0,0,11,20,264.8,0
18308,29.53,pharmacy,0,0,9,17,880.9,0
18309,52.04,travel,0,0,21,15,367.1,0
18310,28.1,dining,0,0,14,13,1576.9,0
18311,112.12,travel,0,0,6,20,220.6,0
18312,67.22,electronics,0,0,15,23,2678.7,0
18313,104.33,dining,0,0,7,17,525.0,0
18314,52.87,jewelry,0,0,8,14,1094.7,0
18315,36.03,entertainment,0,0,18,13,1018.5,0
18316,96.49,pharmacy,0,0,15,10,375.9,0
18317,320.28,pharmacy,1,1,4,4,4.6,1
18318,90.92,fuel,0,0,19,20,1185.7,0
18319,52.88,utilities,0,0,20,15,72.2,0
18320,72.16,electronics,0,0,11,13,202.2,0
18321,241.07,grocery,0,0,15,22,367.7,0
18322,47.92,jewelry,0,1,22,15,1577.9,0
18323,162.61,grocery,0,0,21,18,810.3,0
18324,39.32,travel,0,0,9,9,18.7,0
18325,117.1,dining,0,0,19,11,189.0,0
18326,29.85,travel,0,0,7,16,264.8,0
18327,18.18,pharmacy,0,0,8,15,582.9,0
18328,74.02,dining,0,0,9,16,1779.9,0
18329,128.47,entertainment,0,0,20,14,663.0,0
18330,44.38,entertainment,0,0,8,19,1295.8,0
18331,35.71,pharmacy,0,0,16,13,304.8,0
18332,67.53,dining,0,0,7,11,68.3,0
18333,133.64,entertainment,0,0,20,23,937.8,0
18334,118.52,jewelry,0,0,19,4,432.8,0
18335,52.1,electronics,0,0,11,16,192.6,0
18336,15.01,fuel,0,0,10,14,62.0,0
18337,34.73,entertainment,0,0,12,14,607.3,0
18338,142.1,pharmacy,0,0,15,18,32.6,0
18339,57.92,fuel,1,0,22,20,329.2,0
18340,19.27,grocery,0,0,8,16,18.6,0
18341,52.52,fuel,0,0,19,9,937.1,0
18342,20.05,travel,0,0,7,16,279.6,0
18343,80.82,utilities,0,0,10,9,1422.0,0
18344,81.96,travel,0,0,14,16,688.4,0
18345,107.76,entertainment,0,0,20,13,477.7,0
18346,68.82,entertainment,0,0,21,12,823.5,0
18347,60.95,electronics,0,1,20,13,105.2,0
18348,91.46,grocery,0,0,15,13,43.3,0
18349,32.89,travel,0,0,22,10,21.3,0
18350,137.23,electronics,1,0,14,16,693.6,0
18351,109.87,electronics,0,0,9,13,868.4,0
18352,136.64,online_retail,0,0,15,12,126.7,0
18353,38.44,grocery,1,1,16,10,769.4,0
18354,14.97,grocery,0,0,14,9,485.1,0
18355,119.75,utilities,0,0,17,19,752.7,0
18356,51.77,pharmacy,0,0,7,12,89.1,0
18357,69.61,grocery,0,0,17,17,746.4,0
18358,164.44,dining,0,0,10,14,333.0,0
18359,45.02,grocery,0,1,21,14,2449.6,0
18360,25.68,dining,0,0,14,13,263.7,0
18361,62.21,travel,0,0,15,10,221.8,0
18362,53.33,dining,0,0,13,16,294.1,0
18363,20.36,online_retail,0,0,8,16,494.1,0
18364,34.74,entertainment,0,0,19,11,972.5,0
18365,64.59,fuel,0,0,18,10,271.7,0
18366,139.94,fuel,0,0,21,15,228.2,0
18367,180.2,jewelry,0,0,9,14,4.0,0
18368,30.87,utilities,0,0,15,20,112.1,0
18369,969.17,grocery,0,1,0,3,0.7,1
18370,98.73,utilities,0,0,21,17,1639.0,0
18371,50.21,jewelry,0,0,8,13,284.0,0
18372,36.15,travel,0,0,7,16,1090.0,0
18373,61.11,jewelry,0,0,19,16,59.5,0
18374,52.74,entertainment,0,0,17,18,6.3,0
18375,173.91,jewelry,0,0,12,17,16.4,0
18376,44.88,fuel,0,0,18,19,184.2,0
18377,132.46,electronics,0,0,22,13,924.3,0
18378,30.01,online_retail,0,0,8,10,419.2,0
18379,69.81,jewelry,0,0,9,26,1204.0,0
18380,77.67,pharmacy,0,0,22,18,100.0,0
18381,60.99,dining,0,0,11,15,235.7,0
18382,19.23,fuel,0,0,21,17,2080.2,0
18383,85.52,entertainment,0,0,15,22,115.3,0
18384,110.67,electronics,0,0,20,12,1820.8,0
18385,28.48,fuel,0,0,15,14,714.4,0
18386,55.84,jewelry,0,0,15,14,653.4,0
18387,37.4,pharmacy,0,0,7,13,787.2,0
18388,48.15,entertainment,0,0,16,16,32.9,0
18389,93.54,utilities,0,0,19,16,32.3,0
18390,141.33,travel,0,0,14,21,618.3,0
18391,58.1,entertainment,0,0,10,15,691.3,0
18392,67.62,entertainment,0,0,18,12,587.9,0
18393,95.75,utilities,0,0,18,22,247.1,0
18394,40.39,entertainment,0,0,18,13,964.3,0
18395,86.21,dining,0,0,12,15,375.8,0
18396,11.39,grocery,0,0,15,17,1077.7,0
18397,55.67,pharmacy,0,0,11,17,1038.7,0
18398,94.69,pharmacy,0,0,16,17,221.5,0
18399,110.86,jewelry,0,0,20,14,612.9,0
18400,82.48,online_retail,0,0,10,14,69.6,0
18401,225.1,grocery,0,0,17,12,318.0,0
18402,60.48,jewelry,0,1,19,11,209.7,0
18403,53.89,utilities,0,0,7,10,2671.3,0
18404,54.36,entertainment,0,0,13,15,23.0,0
18405,82.65,travel,0,0,18,14,280.1,0
18406,149.59,pharmacy,0,0,9,14,268.0,0
18407,40.09,travel,0,0,15,8,218.1,0
18408,97.25,electronics,0,0,9,11,1197.1,0
18409,59.82,dining,0,0,12,12,1404.1,0
18410,15.19,fuel,0,0,22,18,1418.6,0
18411,55.67,utilities,1,0,16,20,501.4,0
18412,41.34,travel,0,0,14,15,883.6,0
18413,83.02,online_retail,0,0,20,16,181.3,0
18414,45.72,utilities,0,0,12,15,443.5,0
18415,168.19,grocery,0,0,22,17,21.3,0
18416,80.17,pharmacy,0,0,14,15,218.2,0
18417,143.4,grocery,0,0,17,14,84.9,0
18418,209.87,pharmacy,0,0,12,15,222.9,0
18419,46.17,dining,0,0,16,17,453.0,0
18420,77.39,travel,1,0,17,11,116.4,0
18421,55.7,entertainment,0,0,14,25,71.5,0
18422,57.4,dining,0,0,12,21,637.7,0
18423,196.07,travel,0,0,20,11,17.2,0
18424,41.77,grocery,0,0,6,17,652.5,0
18425,55.51,entertainment,0,1,19,11,318.5,0
18426,42.21,grocery,0,0,20,13,789.1,0
18427,73.52,online_retail,0,0,8,12,651.5,0
18428,23.53,online_retail,0,0,17,21,221.7,0
18429,51.33,pharmacy,1,0,6,14,420.7,0
18430,27.05,entertainment,0,0,12,21,991.7,0
18431,24.95,utilities,0,0,17,17,139.7,0
18432,850.53,dining,1,1,3,3,3.2,1
18433,70.97,jewelry,0,0,20,17,1140.3,0
18434,28.06,dining,0,0,21,7,1121.7,0
18435,51.44,entertainment,0,0,20,15,92.3,0
18436,119.9,online_retail,0,0,22,17,1621.8,0
18437,122.8,online_retail,0,0,13,23,808.6,0
18438,95.27,utilities,0,0,16,21,44.8,0
18439,608.78,jewelry,1,1,0,3,0.9,1
18440,105.11,entertainment,0,0,12,9,524.0,0
18441,17.31,electronics,0,0,7,17,151.9,0
18442,133.33,grocery,0,0,9,18,688.6,0
18443,47.04,travel,0,0,13,10,2173.0,0
18444,132.32,utilities,0,0,20,8,86.8,0
18445,56.55,electronics,0,0,11,18,622.0,0
18446,76.31,entertainment,0,0,21,10,644.1,0
18447,141.96,entertainment,0,0,15,19,294.4,0
18448,144.46,pharmacy,0,0,20,11,1750.8,0
18449,87.4,dining,0,1,15,11,24.0,0
18450,133.47,grocery,0,0,18,10,219.2,0
18451,82.19,online_retail,0,0,6,16,516.4,0
18452,60.99,dining,0,0,11,12,425.6,0
18453,151.01,electronics,0,0,17,17,247.0,0
18454,154.8,fuel,0,0,8,11,210.9,0
18455,81.31,fuel,0,0,6,14,493.9,0
18456,177.9,utilities,0,0,12,13,1193.3,0
18457,44.97,utilities,0,0,19,14,609.9,0
18458,107.37,dining,0,0,14,20,1595.1,0
18459,40.05,entertainment,0,0,22,15,965.1,0
18460,3.81,travel,1,0,6,12,385.9,0
18461,112.72,grocery,0,0,20,14,186.8,0
18462,51.26,jewelry,0,1,16,16,0.6,0
18463,15.74,fuel,0,0,14,11,61.5,0
18464,80.02,dining,0,0,9,21,261.8,0
18465,56.64,dining,0,0,6,21,64.4,0
18466,79.13,jewelry,0,0,6,17,55.7,0
18467,187.3,pharmacy,0,0,16,12,926.2,0
18468,7.59,fuel,0,0,8,9,453.5,0
18469,57.49,online_retail,0,0,10,14,393.5,0
18470,76.98,online_retail,0,0,13,14,1484.1,0
18471,440.47,fuel,0,1,4,3,5.7,1
18472,23.24,online_retail,0,0,6,16,2383.8,0
18473,132.35,utilities,0,1,14,9,1094.8,0
18474,62.59,fuel,1,0,15,17,2437.2,0
18475,174.14,online_retail,0,1,16,14,725.8,0
18476,44.24,entertainment,0,0,18,16,270.4,0
18477,141.19,online_retail,0,0,12,21,151.4,0
18478,39.72,utilities,0,0,14,22,137.3,0
18479,128.56,utilities,0,0,21,16,98.6,0
18480,378.83,pharmacy,0,0,13,19,284.8,0
18481,25.65,travel,0,0,20,16,88.8,0
18482,74.53,online_retail,0,0,13,10,887.1,0
18483,49.45,entertainment,0,1,11,8,619.1,0
18484,167.39,entertainment,0,0,19,13,112.6,0
18485,107.78,entertainment,0,0,13,13,413.2,0
18486,479.78,online_retail,1,1,3,4,6.6,1
18487,239.35,utilities,0,0,14,16,878.9,0
18488,58.74,travel,0,0,7,15,430.2,0
18489,6.52,online_retail,0,1,7,12,316.7,0
18490,46.65,travel,0,0,6,18,516.9,0
18491,120.66,pharmacy,0,1,17,18,292.8,0
18492,81.82,utilities,0,0,16,18,1148.7,0
18493,64.32,pharmacy,0,0,14,10,820.2,0
18494,33.98,fuel,0,0,22,14,668.0,0
18495,209.61,jewelry,0,0,17,15,311.3,0
18496,59.25,fuel,0,0,7,19,433.3,0
18497,43.27,pharmacy,0,0,11,18,3530.3,0
18498,63.41,travel,0,1,16,9,276.1,0
18499,14.89,jewelry,0,0,11,17,282.3,0
18500,2.97,fuel,0,0,10,15,395.8,0
18501,90.71,grocery,0,0,7,10,252.3,0
18502,53.73,utilities,0,1,6,21,1038.0,0
18503,38.47,grocery,0,0,19,15,408.6,0
18504,85.88,online_retail,0,0,6,18,1728.4,0
18505,5.43,pharmacy,0,1,17,14,370.8,0
18506,36.73,fuel,0,0,21,18,682.3,0
18507,107.13,utilities,0,0,10,15,1691.0,0
18508,223.23,pharmacy,0,0,12,16,113.1,0
18509,115.74,online_retail,1,0,8,18,3445.9,0
18510,56.41,online_retail,0,1,7,16,617.1,0
18511,64.24,entertainment,0,0,20,22,1564.9,0
18512,75.42,entertainment,0,0,13,11,1571.1,0
18513,63.33,online_retail,0,0,18,14,1159.1,0
18514,61.38,fuel,0,0,21,18,863.0,0
18515,83.23,online_retail,0,0,18,19,776.0,0
18516,28.95,online_retail,0,0,22,18,1013.1,0
18517,83.74,pharmacy,0,0,18,20,491.6,0
18518,52.25,dining,0,0,10,18,707.7,0
18519,24.72,utilities,0,0,8,21,1655.7,0
18520,114.22,fuel,0,0,14,21,27.3,0
18521,83.7,utilities,0,0,15,19,281.6,0
18522,154.09,electronics,0,0,6,17,2850.1,0
18523,57.41,travel,0,0,13,16,593.7,0
18524,37.63,fuel,0,0,6,17,1079.0,0
18525,179.11,pharmacy,0,0,6,19,107.9,0
18526,766.75,utilities,0,1,0,6,1.5,1
18527,44.11,utilities,0,0,18,16,507.3,0
18528,196.97,entertainment,0,1,19,12,7.7,0
18529,82.51,travel,0,0,11,28,927.6,0
18530,96.4,utilities,0,0,11,10,177.1,0
18531,31.26,travel,0,0,8,23,1108.5,0
18532,89.64,electronics,0,0,19,20,24.3,0
18533,62.92,travel,0,0,10,14,9.9,0
18534,183.94,electronics,0,0,13,12,399.8,0
18535,102.83,fuel,0,0,20,21,78.8,0
18536,53.0,fuel,0,1,6,12,149.0,0
18537,94.73,grocery,0,0,19,12,506.9,0
18538,141.35,entertainment,0,0,14,12,1756.8,0
18539,56.23,grocery,0,0,12,18,144.5,0
18540,50.99,online_retail,0,0,11,11,136.5,0
18541,666.3,entertainment,1,1,2,7,1.9,1
18542,117.75,pharmacy,0,0,22,23,241.0,0
18543,89.38,entertainment,0,0,6,13,51.8,0
18544,950.54,electronics,1,0,3,3,6.7,1
18545,79.45,fuel,0,0,12,11,113.1,0
18546,17.77,dining,0,0,17,13,1366.3,0
18547,124.29,electronics,0,0,18,20,724.4,0
18548,103.81,jewelry,0,0,7,13,333.2,0
18549,23.82,pharmacy,0,0,19,15,375.6,0
18550,167.27,jewelry,0,1,13,15,1101.9,0
18551,55.45,travel,0,0,15,10,1774.4,0
18552,118.65,grocery,0,0,20,19,437.6,0
18553,77.2,entertainment,0,0,6,13,1294.3,0
18554,136.16,entertainment,0,0,17,13,477.6,0
18555,89.61,pharmacy,0,0,8,14,494.6,0
18556,224.98,online_retail,0,0,10,19,106.7,0
18557,156.63,dining,0,0,18,13,161.0,0
18558,38.99,grocery,0,0,16,20,21.0,0
18559,105.87,utilities,0,0,17,16,1091.6,0
18560,140.33,entertainment,0,0,16,19,242.5,0
18561,15.62,electronics,0,0,16,11,118.1,0
18562,56.29,jewelry,0,0,19,16,450.1,0
18563,174.67,grocery,0,0,6,10,104.3,0
18564,74.31,travel,0,1,6,21,6.1,0
18565,181.03,online_retail,0,0,22,19,1542.5,0
18566,29.05,pharmacy,1,0,10,16,587.0,0
18567,66.75,dining,0,0,10,18,516.2,0
18568,9.14,travel,0,1,10,11,432.9,0
18569,248.51,fuel,0,0,12,13,981.0,0
18570,47.07,dining,0,0,6,12,153.8,0
18571,687.82,jewelry,0,1,2,2,4.0,1
18572,189.8,online_retail,0,0,18,9,3104.5,0
18573,153.63,online_retail,0,0,19,13,506.9,0
18574,131.85,online_retail,0,0,20,12,61.1,0
18575,21.17,online_retail,0,0,22,20,157.1,0
18576,223.13,online_retail,0,0,14,15,77.2,0
18577,106.54,travel,0,0,16,9,953.1,0
18578,22.07,fuel,0,0,21,21,1071.1,0
18579,18.11,utilities,0,0,16,16,280.7,0
18580,38.76,travel,0,0,13,15,53.0,0
18581,24.91,grocery,0,0,20,13,328.5,0
18582,85.87,utilities,0,0,17,10,367.7,0
18583,69.76,grocery,0,0,18,16,1086.2,0
18584,84.41,travel,0,0,8,12,9.9,0
18585,98.56,entertainment,0,0,8,16,208.3,0
18586,30.0,utilities,0,0,8,10,617.5,0
18587,165.74,pharmacy,0,0,10,9,1170.0,0
18588,174.61,pharmacy,1,0,7,16,567.6,0
18589,70.43,fuel,0,1,17,16,1988.9,0
18590,255.86,pharmacy,0,0,18,10,620.3,0
18591,88.44,jewelry,0,0,21,23,103.7,0
18592,82.49,travel,0,0,20,9,805.6,0
18593,84.14,jewelry,0,0,15,6,35.2,0
18594,60.36,fuel,0,0,22,16,2028.2,0
18595,117.54,utilities,0,0,13,14,1165.1,0
18596,44.49,grocery,0,0,18,13,122.8,0
18597,135.58,electronics,0,0,19,13,270.3,0
18598,121.64,fuel,0,0,6,20,10.0,0
18599,317.33,online_retail,0,0,10,16,660.3,0
18600,87.01,electronics,0,0,21,9,111.4,0
18601,96.6,dining,0,0,10,9,460.9,0
18602,114.62,travel,0,0,22,19,634.3,0
18603,182.88,travel,0,0,17,13,647.8,0
18604,120.8,electronics,0,0,18,17,2246.7,0
18605,191.61,jewelry,0,0,22,13,154.6,0
18606,25.32,entertainment,0,0,15,16,114.6,0
18607,91.97,fuel,0,0,17,8,1175.7,0
18608,134.19,grocery,0,1,8,13,226.4,0
18609,1684.51,grocery,1,1,0,3,4.2,1
18610,138.75,entertainment,0,0,10,19,443.4,0
18611,161.42,fuel,0,0,10,19,419.1,0
18612,98.7,online_retail,0,0,10,13,513.5,0
18613,51.11,electronics,0,0,7,11,333.3,0
18614,114.08,entertainment,0,0,16,16,441.8,0
18615,272.97,jewelry,0,0,12,17,321.6,0
18616,55.31,electronics,0,0,12,14,691.4,0
18617,87.32,fuel,0,0,21,15,323.6,0
18618,3.53,utilities,0,0,6,12,49.5,0
18619,73.99,pharmacy,0,0,7,15,122.7,0
18620,161.05,entertainment,0,1,18,16,324.8,0
18621,634.69,online_retail,1,1,4,5,1.0,1
18622,204.71,pharmacy,0,0,15,14,315.6,0
18623,134.3,utilities,0,0,6,16,310.3,0
18624,83.21,entertainment,0,0,11,16,309.9,0
18625,91.35,travel,0,0,20,10,67.4,0
18626,161.0,fuel,0,0,17,18,682.6,0
18627,80.54,online_retail,0,0,10,19,211.4,0
18628,104.8,fuel,0,0,8,10,591.0,0
18629,106.43,electronics,0,0,13,15,530.2,0
18630,133.27,entertainment,0,0,22,8,2211.2,0
18631,41.31,fuel,0,0,8,8,159.6,0
18632,63.96,utilities,0,0,8,20,1999.5,0
18633,67.31,jewelry,0,0,13,18,1087.6,0
18634,188.96,online_retail,0,0,12,16,94.2,0
18635,59.95,entertainment,0,0,6,13,254.3,0
18636,109.2,pharmacy,0,0,15,8,2723.6,0
18637,85.36,jewelry,0,0,15,11,33.7,0
18638,31.82,dining,0,0,10,20,1168.3,0
18639,78.29,grocery,0,0,22,13,17.5,0
18640,67.7,electronics,0,0,15,11,483.0,0
18641,111.98,jewelry,0,0,13,15,383.1,0
18642,30.29,electronics,0,0,13,13,611.5,0
18643,49.3,electronics,0,0,22,14,34.8,0
18644,36.84,online_retail,0,0,11,17,16.3,0
18645,46.85,online_retail,1,0,15,12,29.9,0
18646,47.6,utilities,0,0,7,15,194.5,0
18647,38.4,grocery,0,0,18,19,616.9,0
18648,78.95,entertainment,0,0,8,23,354.3,0
18649,85.58,electronics,0,0,11,15,1057.5,0
18650,17.61,fuel,0,0,10,12,1083.8,0
18651,57.07,jewelry,0,0,12,21,172.9,0
18652,209.97,online_retail,0,1,18,17,275.1,0
18653,194.77,online_retail,0,0,13,16,539.4,0
18654,15.75,grocery,0,0,7,19,167.6,0
18655,130.71,travel,0,0,11,14,10.3,0
18656,134.09,dining,0,0,16,10,86.1,0
18657,38.94,entertainment,0,0,9,22,442.8,0
18658,73.94,online_retail,0,0,9,19,2268.3,0
18659,134.09,grocery,0,0,22,14,270.3,0
18660,110.23,grocery,0,0,15,18,926.5,0
18661,20.71,jewelry,0,0,6,14,601.6,0
18662,45.58,electronics,0,0,10,12,58.6,0
18663,240.17,electronics,0,0,6,13,59.1,0
18664,72.75,entertainment,0,0,8,17,877.8,0
18665,69.59,travel,0,0,19,14,619.6,0
18666,96.67,electronics,0,0,15,10,833.2,0
18667,33.66,fuel,0,0,21,20,416.1,0
18668,31.7,fuel,0,0,20,11,441.7,0
18669,193.71,fuel,0,0,9,20,68.2,0
18670,87.19,online_retail,0,0,18,13,920.3,0
18671,150.88,entertainment,0,0,19,14,1308.8,0
18672,63.97,utilities,0,0,14,14,192.7,0
18673,145.28,jewelry,0,0,11,8,1281.9,0
18674,98.27,fuel,0,0,18,19,160.0,0
18675,42.55,utilities,0,0,19,21,193.5,0
18676,134.85,travel,0,0,7,15,6.6,0
18677,26.86,travel,0,0,17,10,158.7,0
18678,84.62,jewelry,0,0,10,14,117.6,0
18679,41.71,pharmacy,0,0,15,14,746.4,0
18680,111.71,fuel,0,0,9,21,108.4,0
18681,45.62,electronics,0,0,22,9,821.4,0
18682,75.03,fuel,0,0,16,20,1219.0,0
18683,53.34,grocery,0,0,22,21,559.0,0
18684,82.21,jewelry,0,0,10,16,277.3,0
18685,95.98,electronics,0,0,18,16,214.0,0
18686,17.04,electronics,0,0,11,20,316.7,0
18687,47.81,dining,0,0,15,12,145.3,0
18688,44.07,dining,0,1,9,10,919.0,0
18689,74.14,jewelry,0,0,14,12,252.3,0
18690,117.4,jewelry,0,0,7,19,81.2,0
18691,57.81,online_retail,0,0,17,16,440.2,0
18692,25.33,travel,0,0,8,15,89.0,0
18693,44.63,pharmacy,0,0,18,12,184.8,0
18694,17.71,electronics,1,0,19,6,641.2,0
18695,15.64,dining,0,0,10,20,251.3,0
18696,66.61,dining,0,0,11,10,284.3,0
18697,137.25,pharmacy,0,0,13,21,378.1,0
18698,98.62,online_retail,0,0,12,16,842.5,0
18699,85.33,jewelry,0,0,16,10,885.9,0
18700,64.14,online_retail,0,0,22,14,350.6,0
18701,99.37,fuel,0,0,14,20,315.4,0
18702,92.68,online_retail,0,0,17,15,1063.2,0
18703,150.1,jewelry,0,0,13,19,556.0,0
18704,34.28,fuel,0,0,19,25,4.9,0
18705,11.84,fuel,0,0,15,22,440.4,0
18706,49.89,electronics,0,0,18,23,906.2,0
18707,60.99,electronics,0,0,11,14,2320.2,0
18708,19.08,fuel,0,0,17,14,1124.4,0
18709,69.9,travel,0,1,16,16,837.9,0
18710,75.11,electronics,0,1,13,16,94.6,0
18711,12.57,fuel,0,0,13,19,2532.9,0
18712,73.13,entertainment,0,0,17,15,1250.6,0
18713,112.41,utilities,0,0,14,17,751.6,0
18714,62.82,online_retail,0,0,12,19,1130.7,0
18715,127.73,jewelry,0,0,22,20,830.2,0
18716,11.27,entertainment,0,0,15,10,4.4,0
18717,72.91,dining,0,0,19,16,60.7,0
18718,9.7,jewelry,0,0,17,15,545.3,0
18719,32.99,fuel,0,0,15,12,2009.2,0
18720,55.71,entertainment,0,0,12,16,40.9,0
18721,87.99,travel,0,0,9,7,788.7,0
18722,22.11,pharmacy,0,0,22,13,248.7,0
18723,18.34,jewelry,0,0,21,16,499.9,0
18724,93.75,utilities,0,0,8,12,112.3,0
18725,30.77,grocery,1,0,16,12,577.5,0
18726,56.97,pharmacy,1,0,22,19,1.9,0
18727,65.28,pharmacy,0,0,10,10,784.3,0
18728,71.55,utilities,0,0,14,9,345.2,0
18729,87.7,utilities,0,0,13,10,138.1,0
18730,53.24,pharmacy,0,0,15,15,299.3,0
18731,85.56,online_retail,0,0,16,9,1741.4,0
18732,85.51,utilities,0,0,19,18,412.9,0
18733,70.96,pharmacy,0,0,15,18,721.0,0
18734,448.83,online_retail,1,0,3,3,5.1,1
18735,200.01,entertainment,1,0,14,21,937.2,0
18736,113.14,entertainment,0,0,6,11,1369.5,0
18737,29.1,pharmacy,0,0,14,19,1039.2,0
18738,71.83,jewelry,0,0,13,9,257.4,0
18739,210.31,entertainment,0,0,16,15,275.9,0
18740,16.7,entertainment,0,0,21,15,470.8,0
18741,55.88,pharmacy,0,0,22,14,2695.1,0
18742,77.08,travel,0,0,16,15,640.9,0
18743,5.75,utilities,0,0,22,13,698.7,0
18744,69.81,electronics,0,0,15,16,739.1,0
18745,28.5,grocery,0,0,9,22,780.9,0
18746,364.2,online_retail,0,0,2,4,4.2,1
18747,27.4,grocery,0,0,10,9,115.4,0
18748,65.87,electronics,0,0,11,8,499.1,0
18749,76.71,pharmacy,0,0,17,19,78.1,0
18750,14.95,utilities,0,0,20,13,814.6,0
18751,27.37,pharmacy,0,0,19,14,145.6,0
18752,50.15,fuel,0,0,21,20,2.4,0
18753,53.28,pharmacy,0,0,14,26,567.0,0
18754,179.2,utilities,0,0,7,20,228.5,0
18755,96.29,pharmacy,0,0,22,15,391.2,0
18756,70.5,jewelry,0,0,16,16,292.8,0
18757,23.46,entertainment,0,0,9,13,393.4,0
18758,127.26,utilities,0,0,11,17,110.6,0
18759,91.05,entertainment,0,0,9,11,171.6,0
18760,68.5,online_retail,0,0,19,18,321.3,0
18761,29.2,pharmacy,0,0,17,11,670.7,0
18762,131.47,online_retail,0,0,10,20,107.9,0
18763,137.7,fuel,0,0,20,11,1323.8,0
18764,10.14,utilities,0,0,14,15,1159.1,0
18765,159.83,dining,0,0,7,14,1179.8,0
18766,142.8,jewelry,0,0,7,18,604.6,0
18767,34.83,electronics,0,0,18,12,437.9,0
18768,61.03,entertainment,0,0,22,11,340.0,0
18769,15.56,travel,0,0,14,21,875.2,0
18770,38.47,grocery,0,0,20,18,759.2,0
18771,103.81,fuel,0,0,19,10,249.7,0
18772,70.09,electronics,0,0,18,18,182.9,0
18773,643.84,entertainment,1,1,3,5,1.2,1
18774,56.68,fuel,0,0,9,13,174.1,0
18775,817.51,fuel,0,1,2,1,1.1,1
18776,23.8,grocery,0,0,15,18,2211.8,0
18777,107.7,online_retail,0,0,6,15,391.6,0
18778,48.41,electronics,0,0,6,13,267.1,0
18779,55.83,pharmacy,0,0,6,21,780.7,0
18780,42.14,electronics,0,0,8,13,746.0,0
18781,85.98,fuel,0,0,17,8,1175.3,0
18782,29.45,pharmacy,0,0,12,10,161.3,0
18783,84.07,utilities,0,0,22,7,334.9,0
18784,29.81,fuel,0,0,20,10,780.0,0
18785,113.47,jewelry,0,0,15,17,213.0,0
18786,65.06,entertainment,0,0,10,20,244.4,0
18787,13.36,grocery,0,0,17,9,1952.6,0
18788,47.99,utilities,0,0,15,13,289.9,0
18789,78.48,pharmacy,0,0,12,13,629.3,0
18790,106.24,online_retail,1,0,8,8,918.9,0
18791,27.51,pharmacy,0,0,16,21,563.9,0
18792,177.62,pharmacy,0,0,6,15,783.6,0
18793,71.65,dining,0,0,6,17,978.1,0
18794,72.01,dining,0,0,8,16,233.5,0
18795,72.12,travel,0,0,18,15,143.4,0
18796,28.78,travel,1,0,7,17,148.5,0
18797,25.46,entertainment,0,0,11,15,1074.3,0
18798,25.8,electronics,0,0,10,25,1497.3,0
18799,162.82,dining,0,0,16,17,60.2,0
18800,70.71,dining,0,0,15,18,1145.9,0
18801,282.93,online_retail,0,0,20,10,322.2,0
18802,59.61,dining,0,0,15,9,319.2,0
18803,85.69,jewelry,0,0,13,11,1041.5,0
18804,70.42,travel,0,0,16,12,27.4,0
18805,161.53,utilities,0,0,16,17,259.6,0
18806,15.98,jewelry,1,0,13,12,269.6,0
18807,164.98,jewelry,0,0,7,16,1296.1,0
18808,8.06,grocery,0,0,13,15,923.3,0
18809,68.27,electronics,0,0,21,29,1691.5,0
18810,53.89,fuel,0,0,13,14,80.0,0
18811,132.33,dining,0,0,7,16,1167.5,0
18812,142.75,fuel,0,0,11,13,306.0,0
18813,263.95,travel,0,0,6,13,387.4,0
18814,63.9,travel,0,0,15,20,462.4,0
18815,47.16,utilities,0,0,13,17,1567.4,0
18816,94.91,entertainment,0,0,10,16,1171.7,0
18817,115.88,entertainment,0,0,14,19,443.5,0
18818,59.78,jewelry,0,1,22,15,206.9,0
18819,81.43,online_retail,0,0,9,15,1016.7,0
18820,4.75,online_retail,0,0,7,15,269.0,0
18821,42.49,travel,0,0,10,15,1103.3,0
18822,56.11,online_retail,0,0,19,26,887.0,0
18823,159.31,online_retail,0,0,12,10,529.8,0
18824,35.93,dining,0,0,16,17,16.8,0
18825,84.86,entertainment,0,1,20,17,880.8,0
18826,23.06,pharmacy,0,0,16,14,61.1,0
18827,126.41,electronics,0,0,18,13,148.1,0
18828,30.96,fuel,0,0,6,19,59.4,0
18829,1033.58,grocery,0,1,3,4,1.3,1
18830,45.65,fuel,0,0,21,12,795.8,0
18831,75.04,jewelry,0,0,8,13,853.8,0
18832,119.35,electronics,0,1,19,16,1096.8,0
18833,72.16,travel,0,0,22,15,125.6,0
18834,134.28,online_retail,0,0,12,18,249.4,0
18835,10.61,pharmacy,0,0,19,15,297.4,0
18836,69.56,dining,0,0,15,22,202.3,0
18837,29.8,electronics,0,0,20,10,188.7,0
18838,98.1,utilities,0,0,18,11,873.2,0
18839,74.19,entertainment,0,1,16,20,1516.3,0
18840,24.13,fuel,0,0,20,13,34.6,0
18841,151.14,jewelry,0,0,6,17,49.3,0
18842,27.2,jewelry,0,0,18,17,500.0,0
18843,16.86,entertainment,0,0,15,18,182.9,0
18844,46.38,jewelry,1,0,6,17,796.3,0
18845,42.16,dining,0,0,17,15,491.4,0
18846,89.3,pharmacy,0,0,10,13,1106.8,0
18847,90.57,grocery,0,0,16,16,59.7,0
18848,17.03,travel,0,0,17,10,359.4,0
18849,160.82,electronics,0,0,12,13,302.9,0
18850,16.41,entertainment,0,0,7,8,403.3,0
18851,62.71,travel,0,0,13,13,542.2,0
18852,80.68,online_retail,0,0,15,18,486.3,0
18853,135.76,electronics,0,0,6,17,2386.9,0
18854,68.94,dining,0,0,6,23,130.1,0
18855,25.33,fuel,0,0,10,12,775.2,0
18856,155.82,entertainment,0,0,7,15,208.1,0
18857,78.26,electronics,0,0,15,14,7.0,0
18858,75.64,entertainment,0,0,22,10,205.7,0
18859,14.89,electronics,0,0,16,14,186.2,0
18860,3.25,travel,0,0,15,15,129.5,0
18861,93.89,fuel,0,1,20,14,529.4,0
18862,119.73,utilities,0,0,8,17,60.2,0
18863,22.0,dining,0,0,8,21,1404.7,0
18864,91.28,grocery,0,0,13,19,324.2,0
18865,31.41,electronics,0,0,14,15,172.4,0
18866,74.39,electronics,0,0,21,16,823.0,0
18867,107.52,electronics,0,0,19,17,653.5,0
18868,74.4,utilities,0,0,21,17,354.7,0
18869,44.17,travel,0,0,15,11,395.9,0
18870,59.94,fuel,0,0,15,9,643.9,0
18871,57.67,travel,0,0,8,3,1976.8,0
18872,36.76,jewelry,0,0,6,18,521.3,0
18873,84.54,electronics,0,0,21,9,515.8,0
18874,286.33,online_retail,0,0,7,21,1361.1,0
18875,49.45,jewelry,0,0,22,17,372.2,0
18876,35.24,fuel,1,0,9,7,452.0,0
18877,12.25,dining,0,1,11,13,271.0,0
18878,78.59,entertainment,0,0,20,19,4.8,0
18879,44.03,pharmacy,0,0,20,9,164.0,0
18880,186.99,jewelry,0,0,9,11,242.7,0
18881,119.61,grocery,0,0,10,16,402.7,0
18882,16.6,jewelry,1,0,17,21,223.6,0
18883,62.95,jewelry,0,0,19,13,977.0,0
18884,42.96,travel,0,0,14,13,470.4,0
18885,97.28,entertainment,0,0,7,13,155.4,0
18886,35.99,dining,0,0,22,12,123.2,0
18887,107.7,dining,0,0,13,24,91.3,0
18888,44.98,travel,0,0,14,17,681.8,0
18889,149.87,electronics,0,0,13,13,334.9,0
18890,114.72,entertainment,0,1,14,8,1488.9,0
18891,150.1,electronics,1,0,18,11,275.8,0
18892,65.01,electronics,0,0,20,18,110.9,0
18893,122.38,grocery,0,0,17,24,236.9,0
18894,63.15,entertainment,0,0,22,14,606.9,0
18895,50.73,pharmacy,0,0,6,14,1361.2,0
18896,98.66,fuel,0,0,8,13,502.4,0
18897,25.68,entertainment,0,0,10,18,372.2,0
18898,71.86,entertainment,0,0,17,13,736.4,0
18899,132.06,electronics,0,0,16,13,556.4,0
18900,49.94,entertainment,0,0,12,13,577.4,0
18901,34.44,online_retail,0,0,15,15,941.3,0
18902,28.31,grocery,0,0,14,12,334.1,0
18903,109.66,fuel,0,0,17,14,1393.8,0
18904,23.7,utilities,0,0,17,13,138.3,0
18905,28.01,jewelry,0,0,10,9,172.3,0
18906,64.69,online_retail,0,0,21,13,35.7,0
18907,206.47,jewelry,0,0,16,11,2281.6,0
18908,41.52,entertainment,0,0,21,9,370.0,0
18909,97.06,utilities,0,0,18,14,706.1,0
18910,115.59,electronics,0,0,21,12,1863.8,0
18911,33.46,entertainment,0,0,10,17,305.3,0
18912,30.37,pharmacy,1,0,9,17,470.2,0
18913,134.5,online_retail,0,0,7,15,1330.0,0
18914,101.54,entertainment,0,0,18,13,908.5,0
18915,64.37,entertainment,0,0,22,11,264.0,0
18916,584.82,travel,0,1,0,8,1.8,1
18917,159.29,online_retail,0,1,11,13,160.6,0
18918,96.31,electronics,0,0,16,13,49.6,0
18919,33.03,online_retail,1,0,7,14,150.1,0
18920,47.52,pharmacy,0,0,8,21,1067.8,0
18921,25.96,jewelry,0,0,13,14,387.9,0
18922,144.5,grocery,0,1,15,19,1039.4,0
18923,17.44,fuel,0,0,13,11,69.4,0
18924,20.32,grocery,0,1,18,10,240.0,0
18925,26.54,travel,0,0,7,18,767.3,0
18926,734.77,electronics,1,1,4,3,0.4,1
18927,31.9,online_retail,0,1,6,19,51.0,0
18928,36.31,entertainment,0,0,19,13,26.8,0
18929,14.06,electronics,0,0,19,18,1112.5,0
18930,65.8,pharmacy,0,0,15,16,566.4,0
18931,86.97,fuel,0,1,8,12,228.1,0
18932,73.8,grocery,0,0,11,13,1305.3,0
18933,261.05,entertainment,0,0,14,12,1200.7,0
18934,11.87,pharmacy,0,0,18,17,603.9,0
18935,164.69,online_retail,0,0,20,14,1475.7,0
18936,20.07,grocery,0,0,18,19,167.7,0
18937,47.45,jewelry,0,0,17,18,201.0,0
18938,126.67,online_retail,0,0,17,15,508.6,0
18939,299.74,entertainment,1,0,13,14,51.7,0
18940,9.7,online_retail,0,0,17,15,431.9,0
18941,113.63,online_retail,0,0,15,9,181.5,0
18942,335.55,jewelry,0,0,15,16,253.1,0
18943,35.78,pharmacy,0,0,12,16,736.7,0
18944,9.35,entertainment,0,0,6,20,1850.7,0
18945,39.26,travel,0,0,14,25,129.1,0
18946,197.98,online_retail,0,0,14,15,970.9,0
18947,70.89,electronics,0,1,18,18,303.7,0
18948,700.4,grocery,1,1,4,1,12.2,1
18949,19.75,travel,0,1,10,10,148.4,0
18950,113.52,jewelry,0,0,10,15,195.5,0
18951,38.01,travel,0,0,7,15,1172.4,0
18952,96.5,online_retail,0,0,17,18,621.3,0
18953,43.0,utilities,0,0,20,11,167.0,0
18954,27.26,utilities,0,1,6,16,1173.5,0
18955,126.29,fuel,0,0,11,16,476.6,0
18956,186.04,entertainment,0,0,22,10,127.6,0
18957,32.29,utilities,0,0,9,17,853.9,0
18958,105.14,grocery,0,1,18,15,449.3,0
18959,24.84,online_retail,0,1,9,11,306.7,0
18960,31.23,travel,0,0,13,22,554.5,0
18961,144.37,utilities,0,0,18,16,830.3,0
18962,86.59,entertainment,0,0,10,11,166.4,0
18963,1374.77,electronics,1,0,3,3,0.8,1
18964,86.36,jewelry,0,0,12,12,757.4,0
18965,14.33,fuel,0,0,20,17,649.8,0
18966,63.55,utilities,1,1,18,12,168.5,0
18967,11.27,fuel,0,0,15,13,3.7,0
18968,120.76,online_retail,0,0,11,13,1212.1,0
18969,44.06,electronics,0,0,15,20,473.1,0
18970,51.76,jewelry,0,0,20,18,580.3,0
18971,89.62,online_retail,0,0,16,15,1519.1,0
18972,101.09,travel,0,1,16,13,605.6,0
18973,67.39,online_retail,0,0,15,19,811.4,0
18974,31.13,utilities,0,0,17,14,333.3,0
18975,175.47,utilities,0,0,19,20,813.1,0
18976,153.64,jewelry,0,1,21,13,847.8,0
18977,58.46,dining,0,0,15,11,697.3,0
18978,37.37,jewelry,0,0,14,17,800.6,0
18979,22.59,electronics,0,0,8,20,343.7,0
18980,101.28,electronics,0,0,11,16,498.3,0
18981,61.73,electronics,0,0,18,22,336.0,0
18982,41.71,dining,0,0,6,27,441.1,0
18983,792.58,fuel,1,1,3,1,14.1,1
18984,163.61,travel,0,0,6,13,16.7,0
18985,65.52,electronics,0,0,13,16,80.3,0
18986,27.2,electronics,0,0,6,21,1191.6,0
18987,28.4,online_retail,0,0,10,24,277.9,0
18988,32.08,electronics,0,0,20,23,179.2,0
18989,97.0,fuel,0,0,10,22,1699.0,0
18990,163.9,utilities,0,0,7,15,151.9,0
18991,164.42,entertainment,0,0,17,13,1.3,0
18992,120.95,fuel,0,0,12,14,824.4,0
18993,156.24,travel,0,0,10,8,113.1,0
18994,67.19,jewelry,0,0,21,14,1593.5,0
18995,52.03,jewelry,0,1,22,18,2233.5,0
18996,109.03,jewelry,0,0,17,18,419.0,0
18997,264.44,dining,0,0,10,18,613.0,0
18998,72.67,fuel,0,0,15,15,3957.7,0
18999,17.28,pharmacy,0,0,17,19,214.4,0
19000,96.58,dining,0,0,13,17,196.7,0
19001,53.66,dining,0,0,20,16,90.9,0
19002,148.93,jewelry,0,0,13,17,145.8,0
19003,36.67,electronics,0,0,13,8,108.2,0
19004,87.19,dining,0,0,11,17,1031.7,0
19005,27.98,online_retail,0,0,11,23,139.5,0
19006,134.57,entertainment,0,1,10,8,430.9,0
19007,97.55,utilities,0,0,13,20,427.4,0
19008,209.84,entertainment,0,0,6,12,54.9,0
19009,61.76,online_retail,0,0,6,15,218.9,0
19010,37.38,electronics,0,0,19,20,96.0,0
19011,996.14,pharmacy,1,1,2,3,0.2,1
19012,55.09,grocery,0,1,17,17,1393.0,0
19013,52.28,jewelry,0,1,12,15,436.2,0
19014,52.08,online_retail,0,0,6,11,613.2,0
19015,1408.03,grocery,1,0,2,3,1.2,1
19016,94.2,online_retail,0,0,6,15,1766.5,0
19017,72.87,pharmacy,0,0,7,13,2.4,0
19018,43.74,dining,0,0,11,14,140.9,0
19019,133.53,online_retail,0,0,17,13,896.8,0
19020,129.17,jewelry,0,0,15,11,257.7,0
19021,148.92,jewelry,0,0,21,12,448.4,0
19022,44.69,grocery,0,0,6,9,358.3,0
19023,65.75,fuel,0,0,16,18,654.1,0
19024,71.39,electronics,0,0,14,22,1385.0,0
19025,25.35,pharmacy,0,0,17,12,747.7,0
19026,217.05,jewelry,0,0,9,14,1057.3,0
19027,80.37,fuel,0,0,11,28,638.5,0
19028,102.96,utilities,1,0,22,22,593.5,0
19029,49.66,pharmacy,0,0,12,25,157.3,0
19030,168.39,electronics,0,0,21,10,625.2,0
19031,50.57,grocery,0,0,22,19,308.6,0
19032,63.44,entertainment,0,0,13,16,433.4,0
19033,114.85,entertainment,0,0,14,15,411.4,0
19034,86.58,electronics,0,0,10,19,2180.8,0
19035,156.89,electronics,0,0,11,12,957.7,0
19036,26.09,jewelry,0,0,10,14,469.0,0
19037,23.05,grocery,0,0,13,11,1363.2,0
19038,76.67,online_retail,0,0,12,11,57.7,0
19039,59.96,entertainment,0,0,16,20,1727.1,0
19040,35.96,entertainment,0,0,17,8,1057.6,0
19041,107.36,utilities,0,0,9,19,330.7,0
19042,40.68,pharmacy,0,0,19,9,412.6,0
19043,28.77,grocery,1,0,11,18,29.0,0
19044,116.21,dining,0,1,15,19,1166.6,0
19045,26.0,fuel,0,0,17,28,104.5,0
19046,88.22,grocery,0,0,19,17,232.1,0
19047,96.96,utilities,0,0,19,14,3.4,0
19048,86.36,online_retail,0,0,8,11,625.5,0
19049,55.36,grocery,0,0,10,18,1006.4,0
19050,34.31,dining,1,0,12,19,5.2,0
19051,62.49,jewelry,0,0,6,17,285.6,0
19052,16.29,dining,0,0,19,20,1486.8,0
19053,31.69,entertainment,0,0,6,16,300.4,0
19054,830.94,electronics,0,1,3,6,2.3,1
19055,108.81,entertainment,0,0,16,11,1383.7,0
19056,50.2,utilities,0,0,20,14,553.6,0
19057,165.78,pharmacy,0,0,20,17,74.9,0
19058,69.17,pharmacy,0,0,11,18,272.4,0
19059,731.44,jewelry,1,1,0,5,0.3,1
19060,41.99,travel,0,0,16,18,361.9,0
19061,94.79,dining,0,0,8,18,168.8,0
19062,63.07,pharmacy,0,0,12,23,1310.2,0
19063,76.46,electronics,0,0,10,10,748.8,0
19064,79.69,online_retail,0,1,21,15,47.2,0
19065,16.94,jewelry,0,0,12,16,923.4,0
19066,33.7,online_retail,0,0,7,13,1096.0,0
19067,975.74,entertainment,1,0,2,3,1.6,1
19068,98.97,jewelry,0,0,7,14,798.3,0
19069,11.08,jewelry,0,0,16,14,405.6,0
19070,63.98,online_retail,0,0,16,14,419.7,0
19071,37.7,fuel,0,0,15,18,737.7,0
19072,132.46,dining,0,0,17,19,48.7,0
19073,75.02,electronics,0,0,16,14,1975.4,0
19074,34.08,dining,0,0,15,14,654.3,0
19075,33.09,pharmacy,1,0,11,19,373.1,0
19076,73.16,utilities,0,0,20,11,228.9,0
19077,17.05,jewelry,0,0,20,12,570.9,0
19078,124.0,fuel,0,0,18,26,207.1,0
19079,54.26,pharmacy,0,0,11,17,340.6,0
19080,86.84,utilities,0,0,14,17,207.8,0
19081,123.1,electronics,0,0,17,10,186.6,0
19082,22.0,pharmacy,0,0,21,19,177.5,0
19083,103.59,entertainment,0,0,12,16,76.6,0
19084,67.92,fuel,0,0,21,13,373.0,0
19085,151.16,fuel,0,0,11,13,223.3,0
19086,75.31,travel,0,0,14,19,684.5,0
19087,97.98,pharmacy,0,0,6,16,95.5,0
19088,98.14,pharmacy,0,1,16,15,748.0,0
19089,77.77,entertainment,0,0,19,10,283.6,0
19090,56.59,electronics,0,1,16,10,538.5,0
19091,146.86,jewelry,0,0,10,18,787.8,0
19092,82.15,pharmacy,0,0,14,13,227.0,0
19093,77.44,travel,0,0,13,13,971.4,0
19094,217.23,travel,0,1,10,12,391.7,0
19095,170.63,online_retail,0,0,21,13,917.3,0
19096,13.68,fuel,0,0,13,12,302.5,0
19097,127.75,jewelry,0,0,17,17,429.3,0
19098,88.89,fuel,0,0,6,12,479.1,0
19099,17.76,dining,0,0,15,19,552.4,0
19100,27.83,electronics,0,0,12,19,1950.6,0
19101,28.51,grocery,0,0,6,19,343.6,0
19102,136.18,pharmacy,0,0,7,12,716.4,0
19103,35.9,travel,0,0,14,6,121.4,0
19104,136.23,electronics,0,0,17,12,268.4,0
19105,85.64,pharmacy,0,0,11,14,925.2,0
19106,26.28,jewelry,0,0,7,9,305.4,0
19107,23.84,online_retail,0,0,7,15,486.6,0
19108,129.41,online_retail,0,1,8,20,1453.2,0
19109,104.44,electronics,0,0,9,15,358.1,0
19110,228.55,pharmacy,0,0,20,21,82.6,0
19111,35.97,travel,0,0,18,18,59.7,0
19112,205.37,dining,0,0,14,16,11.3,0
19113,22.98,grocery,0,1,15,18,547.1,0
19114,59.1,entertainment,0,0,22,12,537.0,0
19115,108.76,utilities,0,0,20,18,45.3,0
19116,234.28,dining,0,0,10,16,52.6,0
19117,87.88,utilities,0,0,9,17,1367.4,0
19118,149.0,electronics,0,0,12,18,545.9,0
19119,43.23,travel,0,0,6,18,476.5,0
19120,65.0,jewelry,0,0,15,17,1433.5,0
19121,119.94,fuel,0,0,16,9,794.6,0
19122,97.4,entertainment,0,0,16,14,99.0,0
19123,57.69,dining,0,0,18,15,3258.2,0
19124,133.35,online_retail,0,0,20,5,35.3,0
19125,57.19,pharmacy,0,0,8,16,580.2,0
19126,73.35,entertainment,0,0,20,15,185.3,0
19127,116.06,pharmacy,0,0,18,17,697.9,0
19128,56.16,electronics,0,0,21,10,135.9,0
19129,75.28,fuel,0,0,15,18,1325.3,0
19130,37.87,online_retail,0,0,18,14,217.8,0
19131,39.67,jewelry,0,0,20,16,4.2,0
19132,195.98,electronics,0,0,8,9,2.7,0
19133,41.49,electronics,0,0,17,10,258.2,0
19134,195.74,utilities,0,0,6,16,965.1,0
19135,157.2,pharmacy,0,0,14,12,476.6,0
19136,103.67,online_retail,1,0,21,14,2341.4,0
19137,135.7,dining,0,0,22,11,1050.7,0
19138,99.99,dining,0,1,18,15,332.6,0
19139,108.55,online_retail,0,0,15,10,948.5,0
19140,39.85,dining,0,0,12,15,1530.0,0
19141,108.18,travel,0,0,19,19,280.8,0
19142,143.96,online_retail,0,0,12,11,369.9,0
19143,45.67,dining,0,0,20,11,710.3,0
19144,115.84,pharmacy,0,0,22,14,2040.0,0
19145,16.89,grocery,0,0,18,15,749.2,0
19146,44.75,fuel,1,0,18,8,89.6,0
19147,20.59,dining,0,0,8,12,828.2,0
19148,23.01,online_retail,0,0,15,9,99.8,0
19149,66.94,electronics,0,0,20,13,189.7,0
19150,25.72,pharmacy,0,0,19,14,729.5,0
19151,18.64,electronics,0,0,10,8,950.8,0
19152,18.29,utilities,0,0,16,13,620.4,0
19153,57.35,pharmacy,1,0,19,11,382.2,0
19154,20.96,fuel,0,0,14,16,738.3,0
19155,15.53,utilities,0,0,17,16,92.0,0
19156,48.32,jewelry,0,0,17,14,3639.6,0
19157,28.0,pharmacy,0,0,15,24,1371.1,0
19158,117.96,travel,0,1,10,9,524.6,0
19159,87.23,dining,0,0,13,19,119.1,0
19160,63.41,dining,0,0,17,18,679.7,0
19161,27.99,pharmacy,0,0,7,14,213.0,0
19162,23.34,grocery,0,0,8,9,74.2,0
19163,48.52,travel,0,0,15,17,549.0,0
19164,41.01,entertainment,0,0,11,21,678.4,0
19165,14.59,travel,0,0,17,20,44.4,0
19166,159.18,grocery,0,1,15,18,1844.1,0
19167,100.93,jewelry,0,0,18,18,70.6,0
19168,18.84,online_retail,0,0,7,14,425.4,0
19169,17.25,travel,0,0,10,9,1066.9,0
19170,48.39,travel,0,0,22,11,1369.9,0
19171,9.34,fuel,0,0,15,18,1217.8,0
19172,56.0,utilities,0,0,10,12,678.8,0
19173,29.01,fuel,0,0,16,10,251.3,0
19174,56.3,utilities,0,0,9,18,515.1,0
19175,20.5,fuel,0,0,6,16,1194.2,0
19176,78.03,dining,0,0,6,17,147.3,0
19177,152.19,fuel,0,0,7,18,711.7,0
19178,82.53,grocery,0,1,9,19,824.8,0
19179,15.93,jewelry,0,1,19,18,8.8,0
19180,110.05,dining,0,0,21,14,1046.6,0
19181,82.7,travel,0,0,8,10,78.3,0
19182,19.5,utilities,0,0,10,17,617.1,0
19183,65.81,travel,0,0,22,14,289.2,0
19184,85.3,entertainment,0,0,15,8,1778.0,0
19185,51.28,fuel,0,0,8,14,482.0,0
19186,67.92,online_retail,0,1,22,10,189.9,0
19187,40.03,travel,0,0,10,13,318.0,0
19188,40.94,grocery,0,0,21,15,329.7,0
19189,134.76,dining,0,0,6,11,666.6,0
19190,55.86,online_retail,0,0,8,7,226.9,0
19191,71.13,fuel,0,0,6,14,1115.9,0
19192,54.05,utilities,0,0,15,22,2211.1,0
19193,26.52,online_retail,0,0,11,12,87.5,0
19194,129.11,grocery,0,0,10,15,1505.8,0
19195,15.05,online_retail,0,0,20,15,326.2,0
19196,22.95,travel,1,0,16,13,902.9,0
19197,24.32,fuel,0,0,20,15,310.3,0
19198,39.99,jewelry,0,0,20,19,443.6,0
19199,87.75,pharmacy,0,0,21,15,447.5,0
19200,67.01,jewelry,0,0,21,21,657.9,0
19201,242.98,pharmacy,0,0,15,16,708.2,0
19202,16.47,dining,0,0,22,12,190.5,0
19203,27.19,dining,0,0,6,22,351.7,0
19204,52.62,online_retail,0,0,22,9,110.3,0
19205,128.85,online_retail,0,0,18,18,871.6,0
19206,59.0,travel,1,0,11,15,552.6,0
19207,31.77,pharmacy,0,0,21,14,397.9,0
19208,86.17,jewelry,0,0,14,18,1021.5,0
19209,94.55,fuel,0,0,14,14,283.4,0
19210,39.8,utilities,0,0,9,13,901.0,0
19211,27.25,utilities,0,0,20,16,615.1,0
19212,201.28,dining,0,0,17,13,1135.4,0
19213,144.91,entertainment,0,0,17,15,1045.6,0
19214,81.64,online_retail,0,0,10,15,63.5,0
19215,69.55,grocery,0,0,11,14,145.2,0
19216,126.04,pharmacy,0,0,18,16,181.9,0
19217,156.55,utilities,0,0,19,10,526.6,0
19218,122.3,fuel,0,0,19,14,612.9,0
19219,17.51,utilities,0,1,10,19,35.7,0
19220,51.0,entertainment,0,0,18,14,164.5,0
19221,33.83,travel,0,0,10,11,833.3,0
19222,44.08,online_retail,0,0,7,17,68.5,0
19223,82.54,fuel,0,0,20,11,1903.9,0
19224,19.88,entertainment,1,0,16,18,256.1,0
19225,56.25,fuel,0,0,12,9,96.8,0
19226,31.58,jewelry,0,0,11,14,271.9,0
19227,41.0,dining,0,0,17,16,23.9,0
19228,108.03,online_retail,0,0,15,14,836.1,0
19229,18.04,electronics,0,0,13,16,934.4,0
19230,76.22,online_retail,0,0,15,18,28.3,0
19231,68.56,travel,0,0,20,16,342.2,0
19232,64.96,grocery,0,0,9,17,1199.9,0
19233,11.82,entertainment,0,0,20,16,167.8,0
19234,52.6,dining,0,0,7,9,153.2,0
19235,82.19,travel,0,0,12,16,816.8,0
19236,45.95,electronics,0,0,12,15,602.2,0
19237,114.92,jewelry,0,0,11,14,117.6,0
19238,95.4,fuel,0,0,7,8,2288.5,0
19239,97.77,pharmacy,0,0,17,15,54.0,0
19240,81.06,fuel,0,0,16,17,387.9,0
19241,42.24,utilities,0,0,21,19,364.1,0
19242,58.4,grocery,0,1,12,10,2559.9,0
19243,90.7,travel,0,0,15,18,1339.4,0
19244,30.79,pharmacy,0,0,8,15,78.7,0
19245,9.46,jewelry,0,0,16,20,966.8,0
19246,1066.33,jewelry,0,0,2,5,0.1,1
19247,115.29,entertainment,0,0,21,15,1830.5,0
19248,139.47,utilities,0,0,7,18,157.4,0
19249,36.44,grocery,0,0,17,13,468.8,0
19250,10.28,utilities,0,0,9,19,48.7,0
19251,91.39,travel,0,0,8,13,22.2,0
19252,220.82,entertainment,0,0,22,24,671.1,0
19253,33.14,online_retail,0,0,15,12,171.9,0
19254,85.47,entertainment,0,0,8,15,88.5,0
19255,56.36,pharmacy,1,0,16,14,584.1,0
19256,118.68,utilities,0,0,10,20,362.0,0
19257,15.99,utilities,0,0,12,14,60.4,0
19258,15.39,grocery,0,0,11,15,854.2,0
19259,96.61,pharmacy,0,0,17,22,672.8,0
19260,56.22,pharmacy,0,0,15,9,70.1,0
19261,88.39,entertainment,0,0,12,18,352.3,0
19262,73.61,fuel,0,0,9,14,557.3,0
19263,119.38,jewelry,0,0,9,16,1511.6,0
19264,66.32,pharmacy,0,1,11,22,430.9,0
19265,91.39,jewelry,0,0,6,10,600.1,0
19266,32.1,utilities,0,0,22,16,267.8,0
19267,64.08,travel,0,0,12,13,436.8,0
19268,19.76,entertainment,0,1,7,16,1263.8,0
19269,173.28,jewelry,0,0,7,14,867.6,0
19270,121.23,electronics,0,1,18,18,382.6,0
19271,36.32,grocery,0,0,22,15,180.6,0
19272,24.06,jewelry,0,0,22,21,1306.4,0
19273,52.2,entertainment,0,0,22,13,346.5,0
19274,37.47,fuel,0,0,22,18,98.4,0
19275,130.24,dining,0,0,14,12,102.2,0
19276,76.46,jewelry,1,0,20,14,714.6,0
19277,71.93,online_retail,0,0,12,11,391.9,0
19278,258.1,travel,0,0,19,20,117.1,0
19279,43.64,dining,0,0,13,19,1811.7,0
19280,48.29,pharmacy,0,0,18,17,749.7,0
19281,57.64,fuel,0,1,10,22,700.2,0
19282,63.8,jewelry,0,0,12,13,489.7,0
19283,185.09,entertainment,0,0,19,17,641.2,0
19284,19.94,dining,0,0,22,15,408.0,0
19285,137.84,fuel,0,0,21,13,200.0,0
19286,131.1,travel,0,0,8,10,379.8,0
19287,71.16,fuel,0,1,9,11,839.4,0
19288,72.39,pharmacy,0,0,7,14,1926.1,0
19289,57.86,electronics,0,0,16,16,142.4,0
19290,15.86,grocery,0,1,10,17,59.0,0
19291,76.85,dining,0,0,13,19,283.1,0
19292,69.3,fuel,1,0,20,17,840.3,0
19293,127.01,dining,0,0,19,12,49.0,0
19294,28.28,utilities,0,0,13,17,842.5,0
19295,230.28,jewelry,0,0,21,15,1546.5,0
19296,64.02,dining,0,1,14,11,535.0,0
19297,108.81,grocery,0,0,15,22,578.5,0
19298,240.94,entertainment,0,0,2,2,1.6,1
19299,191.35,travel,0,0,11,11,181.2,0
19300,73.55,entertainment,1,1,20,18,275.0,0
19301,95.09,dining,0,0,11,17,445.7,0
19302,113.21,fuel,0,0,11,13,1016.9,0
19303,13.96,dining,0,0,20,14,1293.2,0
19304,114.04,travel,0,0,17,7,181.5,0
19305,105.89,dining,0,0,10,11,197.7,0
19306,80.03,online_retail,0,0,11,15,93.0,0
19307,74.06,online_retail,0,0,12,20,2127.8,0
19308,4.59,pharmacy,0,0,20,14,1655.1,0
19309,25.68,online_retail,1,0,7,13,664.0,0
19310,82.71,online_retail,0,0,20,13,927.0,0
19311,150.44,online_retail,0,0,8,10,929.5,0
19312,114.22,pharmacy,0,0,20,20,159.0,0
19313,155.27,dining,0,0,15,18,193.9,0
19314,34.22,online_retail,0,0,8,11,166.1,0
19315,123.61,grocery,0,0,15,19,852.7,0
19316,35.49,electronics,0,0,13,24,158.8,0
19317,17.95,travel,0,0,22,14,1027.9,0
19318,53.41,online_retail,0,0,10,19,253.8,0
19319,37.8,travel,0,0,14,12,695.8,0
19320,146.6,dining,0,0,18,15,1025.9,0
19321,49.47,pharmacy,0,0,7,18,253.9,0
19322,101.13,pharmacy,0,1,19,19,319.0,0
19323,22.47,utilities,0,0,16,20,75.4,0
19324,102.99,entertainment,0,0,20,22,409.0,0
19325,5.29,utilities,0,0,11,13,162.4,0
19326,121.3,online_retail,1,1,22,13,656.5,0
19327,26.67,electronics,0,0,7,21,184.2,0
19328,62.99,entertainment,0,0,15,13,418.7,0
19329,97.85,online_retail,0,0,7,15,1313.6,0
19330,91.36,travel,0,0,9,9,609.7,0
19331,146.07,fuel,0,0,21,8,207.8,0
19332,130.15,utilities,0,0,6,14,535.8,0
19333,85.25,electronics,0,0,14,14,972.0,0
19334,82.63,travel,1,0,20,17,121.5,0
19335,104.69,pharmacy,1,0,22,8,697.7,0
19336,87.17,entertainment,0,0,16,13,182.7,0
19337,24.02,grocery,0,0,19,15,181.4,0
19338,154.24,electronics,1,0,19,11,293.4,0
19339,40.84,utilities,0,0,17,15,416.3,0
19340,109.64,pharmacy,1,0,22,18,455.1,0
19341,34.5,travel,0,0,12,19,90.0,0
19342,40.47,fuel,0,0,14,16,1070.1,0
19343,101.26,entertainment,0,0,10,15,286.1,0
19344,71.58,entertainment,0,0,10,9,1680.8,0
19345,100.72,entertainment,0,0,12,25,952.2,0
19346,84.46,electronics,0,0,16,10,397.8,0
19347,59.2,utilities,0,0,20,21,316.8,0
19348,18.86,online_retail,0,0,14,16,48.4,0
19349,94.51,travel,0,0,11,11,554.4,0
19350,51.62,entertainment,0,0,19,20,4.0,0
19351,76.8,grocery,0,0,8,11,555.6,0
19352,86.87,dining,0,0,8,9,396.9,0
19353,81.45,pharmacy,0,0,7,15,1524.0,0
19354,149.3,pharmacy,1,0,8,11,1553.9,0
19355,107.48,online_retail,0,0,10,26,185.4,0
19356,85.38,entertainment,0,0,22,12,619.9,0
19357,25.11,utilities,0,0,7,17,1300.6,0
19358,20.55,electronics,0,0,20,10,410.4,0
19359,52.31,dining,0,0,22,15,556.6,0
19360,238.16,pharmacy,0,0,19,20,193.2,0
19361,67.3,utilities,0,0,7,14,824.9,0
19362,44.3,utilities,0,0,11,12,370.2,0
19363,70.39,travel,0,0,19,11,362.2,0
19364,39.86,travel,0,1,21,5,677.9,0
19365,25.1,pharmacy,0,0,11,8,44.0,0
19366,54.08,electronics,0,0,22,18,294.7,0
19367,1164.87,pharmacy,1,1,3,3,5.9,1
19368,78.49,travel,1,0,10,16,1830.2,0
19369,48.08,electronics,0,0,10,16,1073.9,0
19370,62.35,electronics,0,1,12,16,423.8,0
19371,29.36,entertainment,0,0,19,21,118.3,0
19372,59.68,electronics,0,0,10,16,323.3,0
19373,35.48,fuel,0,0,18,13,291.0,0
19374,126.05,utilities,0,0,11,14,852.9,0
19375,8.27,utilities,0,0,10,20,505.2,0
19376,55.33,electronics,0,1,6,11,765.6,0
19377,109.15,fuel,0,0,19,14,1323.9,0
19378,10.33,pharmacy,0,0,8,18,423.5,0
19379,108.5,utilities,0,0,8,9,208.9,0
19380,19.52,online_retail,0,0,19,21,360.4,0
19381,26.52,jewelry,0,0,15,17,130.7,0
19382,144.65,utilities,0,0,21,7,217.7,0
19383,30.88,dining,0,0,13,11,687.6,0
19384,19.97,entertainment,0,0,21,13,770.6,0
19385,146.47,dining,0,0,12,18,456.1,0
19386,18.76,travel,0,0,14,18,294.0,0
19387,14.26,fuel,0,0,18,12,232.6,0
19388,153.94,jewelry,0,0,13,16,531.6,0
19389,142.16,online_retail,0,0,12,11,1308.2,0
19390,88.17,grocery,0,0,7,20,868.2,0
19391,64.91,entertainment,0,0,14,10,1843.2,0
19392,26.95,utilities,1,0,17,11,875.3,0
19393,30.99,grocery,0,0,11,15,313.7,0
19394,268.77,fuel,0,1,7,16,46.4,0
19395,132.43,jewelry,0,0,13,18,120.6,0
19396,116.72,entertainment,0,0,21,7,556.4,0
19397,1057.23,utilities,0,1,2,2,0.5,1
19398,39.32,jewelry,0,0,6,20,213.2,0
19399,70.32,electronics,1,1,19,12,511.6,0
19400,157.99,utilities,0,0,9,17,307.6,0
19401,44.7,online_retail,0,0,6,17,208.0,0
19402,98.24,fuel,0,0,12,13,190.1,0
19403,27.35,grocery,0,0,15,12,101.8,0
19404,8.64,pharmacy,0,0,9,18,1533.3,0
19405,116.59,online_retail,0,0,11,18,600.4,0
19406,93.39,entertainment,0,0,21,14,12.2,0
19407,51.93,travel,0,0,19,19,303.2,0
19408,7.71,fuel,0,0,10,14,70.1,0
19409,23.63,electronics,0,0,8,18,416.6,0
19410,82.33,grocery,1,1,14,12,1581.8,0
19411,39.95,grocery,0,0,6,23,416.0,0
19412,42.74,electronics,0,0,11,19,340.0,0
19413,111.99,travel,0,0,22,18,2154.3,0
19414,10.85,dining,0,1,17,15,189.3,0
19415,159.3,pharmacy,0,0,14,14,469.6,0
19416,58.02,online_retail,0,0,17,17,1509.0,0
19417,49.56,dining,0,0,10,18,507.6,0
19418,69.33,utilities,0,0,8,11,500.0,0
19419,144.76,online_retail,0,0,21,16,12.6,0
19420,11.76,jewelry,1,0,21,18,334.8,0
19421,61.68,travel,0,0,15,17,548.4,0
19422,162.84,pharmacy,0,0,11,11,1583.6,0
19423,108.81,jewelry,1,1,6,17,1862.2,0
19424,100.53,jewelry,0,0,18,24,514.7,0
19425,36.23,pharmacy,0,0,20,10,2530.7,0
19426,75.96,travel,0,0,15,10,45.0,0
19427,82.27,jewelry,0,0,7,15,1853.5,0
19428,33.54,utilities,0,0,6,15,1103.9,0
19429,200.08,entertainment,0,0,15,11,239.6,0
19430,50.86,travel,0,0,10,26,659.8,0
19431,96.38,grocery,0,0,14,15,936.1,0
19432,118.07,dining,0,1,10,14,800.6,0
19433,47.96,fuel,0,0,6,13,499.7,0
19434,311.72,utilities,0,0,6,10,1619.3,0
19435,121.86,utilities,0,0,11,17,1910.0,0
19436,187.05,online_retail,0,0,8,16,761.4,0
19437,13.32,grocery,0,1,11,11,515.3,0
19438,122.45,fuel,0,0,12,14,584.5,0
19439,68.48,fuel,0,0,6,13,433.5,0
19440,37.84,travel,0,0,17,14,32.8,0
19441,110.63,dining,0,0,18,11,1.4,0
19442,69.31,online_retail,1,0,19,16,529.8,0
19443,93.37,jewelry,1,0,8,8,633.6,0
19444,29.93,electronics,0,0,21,17,20.0,0
19445,100.88,online_retail,0,0,12,13,636.5,0
19446,43.74,grocery,0,0,11,13,174.9,0
19447,187.15,dining,0,0,7,14,1140.2,0
19448,146.64,grocery,0,0,12,12,309.5,0
19449,458.8,jewelry,1,1,4,2,4.5,1
19450,13.47,online_retail,0,0,8,22,378.2,0
19451,89.12,dining,0,0,8,16,553.4,0
19452,79.32,fuel,0,0,17,17,69.9,0
19453,14.89,dining,0,0,21,12,679.1,0
19454,52.43,dining,0,1,22,7,889.4,0
19455,88.35,online_retail,0,0,20,16,1267.0,0
19456,45.96,entertainment,0,1,17,11,364.6,0
19457,181.34,fuel,0,0,20,13,636.8,0
19458,42.84,grocery,0,0,17,11,872.5,0
19459,75.86,entertainment,0,0,22,8,481.1,0
19460,48.61,jewelry,0,0,21,18,771.5,0
19461,8.42,electronics,0,0,19,11,687.0,0
19462,76.92,dining,0,0,18,13,128.9,0
19463,108.71,dining,0,0,21,10,13.7,0
19464,151.81,utilities,0,0,10,13,1065.0,0
19465,17.5,dining,1,0,10,11,2049.1,0
19466,149.03,jewelry,0,0,13,19,531.2,0
19467,517.73,pharmacy,0,1,3,3,7.5,1
19468,109.23,utilities,0,0,20,19,116.7,0
19469,96.79,utilities,0,0,19,13,868.9,0
19470,37.47,jewelry,0,0,15,15,37.1,0
19471,76.52,entertainment,0,0,22,27,198.7,0
19472,137.88,online_retail,0,0,9,11,1738.6,0
19473,77.94,dining,0,0,7,23,36.5,0
19474,123.33,fuel,0,0,22,13,581.7,0
19475,163.05,online_retail,0,0,7,15,582.5,0
19476,142.62,entertainment,0,0,18,12,1409.4,0
19477,105.61,dining,0,0,13,18,121.2,0
19478,70.58,travel,0,0,20,14,1884.5,0
19479,71.38,grocery,0,0,13,14,1151.1,0
19480,452.13,electronics,0,0,1,6,0.7,1
19481,32.85,pharmacy,0,0,9,14,215.2,0
19482,29.3,fuel,0,0,20,18,781.4,0
19483,68.6,utilities,0,0,13,9,7.0,0
19484,108.59,travel,0,0,6,11,601.5,0
19485,50.03,utilities,0,0,18,16,9.2,0
19486,62.01,entertainment,0,0,22,15,1018.3,0
19487,95.42,dining,0,0,13,17,539.0,0
19488,57.95,fuel,0,1,8,14,677.4,0
19489,117.89,online_retail,0,0,18,17,1596.4,0
19490,46.4,entertainment,0,0,8,15,480.1,0
19491,117.89,online_retail,0,0,7,13,577.8,0
19492,5.65,pharmacy,0,0,19,15,179.0,0
19493,42.89,pharmacy,0,0,11,8,487.6,0
19494,33.61,utilities,0,0,13,13,623.8,0
19495,22.76,dining,0,0,8,11,690.5,0
19496,124.6,grocery,0,0,14,14,90.0,0
19497,73.01,fuel,0,0,6,14,1145.3,0
19498,117.87,grocery,0,0,16,8,151.0,0
19499,26.48,entertainment,0,0,13,18,72.5,0
19500,14.88,electronics,0,0,13,16,1406.1,0
19501,22.03,electronics,0,0,10,13,692.7,0
19502,216.69,jewelry,0,0,12,11,1967.8,0
19503,58.82,fuel,0,0,6,16,134.1,0
19504,16.09,fuel,0,0,20,16,531.9,0
19505,109.52,fuel,0,0,21,16,649.5,0
19506,25.22,pharmacy,0,1,22,18,12.5,0
19507,68.74,pharmacy,0,0,16,19,148.0,0
19508,8.27,fuel,0,0,10,15,225.6,0
19509,81.24,online_retail,0,0,15,15,21.8,0
19510,116.4,grocery,0,0,11,15,2423.9,0
19511,49.72,online_retail,0,0,9,21,170.4,0
19512,32.04,utilities,0,0,11,13,208.7,0
19513,62.87,jewelry,0,0,13,16,376.2,0
19514,96.02,travel,0,1,22,16,42.9,0
19515,93.85,utilities,0,0,12,17,192.9,0
19516,11.44,pharmacy,0,0,18,20,220.1,0
19517,615.54,travel,1,0,3,2,2.9,1
19518,87.11,entertainment,0,0,15,17,661.3,0
19519,254.78,electronics,0,0,8,18,13.5,0
19520,39.81,online_retail,0,0,20,15,203.1,0
19521,51.79,entertainment,0,0,6,12,246.6,0
19522,192.19,grocery,0,0,8,11,111.2,0
19523,109.24,utilities,0,0,14,17,128.4,0
19524,874.23,grocery,0,1,4,5,0.1,1
19525,52.79,utilities,0,0,10,13,81.2,0
19526,36.56,electronics,0,0,6,20,478.2,0
19527,49.68,jewelry,0,0,7,9,372.8,0
19528,105.38,entertainment,1,0,22,19,1193.2,0
19529,47.55,jewelry,1,0,8,11,1272.5,0
19530,15.91,travel,0,0,12,19,1842.5,0
19531,41.62,utilities,0,0,21,10,1424.4,0
19532,43.18,utilities,0,0,8,9,39.5,0
19533,33.21,grocery,0,0,21,15,491.3,0
19534,119.32,electronics,0,0,9,11,276.4,0
19535,48.06,pharmacy,0,0,16,10,1002.0,0
19536,25.64,fuel,0,0,15,13,770.5,0
19537,15.79,jewelry,0,0,8,16,88.3,0
19538,208.1,grocery,0,1,18,13,1522.7,0
19539,150.99,electronics,0,0,19,9,1727.0,0
19540,20.52,jewelry,0,0,16,11,2877.4,0
19541,182.84,utilities,1,0,8,13,266.6,0
19542,28.26,pharmacy,0,0,16,16,747.2,0
19543,29.61,pharmacy,0,0,10,11,1015.9,0
19544,137.41,pharmacy,0,0,22,19,703.6,0
19545,15.38,entertainment,0,0,11,10,276.9,0
19546,54.27,fuel,0,0,13,10,445.1,0
19547,29.13,jewelry,0,0,16,19,191.8,0
19548,92.64,fuel,0,0,6,13,364.5,0
19549,88.81,fuel,0,0,11,16,259.6,0
19550,94.69,utilities,0,0,14,18,325.9,0
19551,15.58,pharmacy,0,0,16,16,271.6,0
19552,83.86,utilities,0,0,10,14,374.6,0
19553,29.63,fuel,0,0,17,18,724.4,0
19554,137.33,travel,0,0,18,16,201.2,0
19555,37.4,jewelry,0,1,16,11,269.2,0
19556,24.49,online_retail,0,0,8,29,716.1,0
19557,56.38,jewelry,0,0,22,21,54.6,0
19558,34.01,utilities,0,1,7,11,372.3,0
19559,118.61,online_retail,0,0,9,20,250.6,0
19560,12.6,utilities,0,0,7,13,996.5,0
19561,41.32,entertainment,0,0,20,17,296.2,0
19562,75.15,dining,0,0,17,25,1042.6,0
19563,27.92,travel,0,0,11,16,320.0,0
19564,154.06,utilities,0,0,18,16,714.1,0
19565,35.74,pharmacy,0,1,14,12,1148.6,0
19566,39.2,entertainment,0,0,16,17,1383.0,0
19567,152.17,grocery,0,1,6,19,489.7,0
19568,102.07,travel,0,0,11,15,430.9,0
19569,74.05,travel,0,0,21,15,565.0,0
19570,94.91,fuel,0,0,12,12,911.3,0
19571,50.37,entertainment,0,0,10,15,606.7,0
19572,258.05,fuel,0,0,11,21,67.1,0
19573,53.75,online_retail,0,0,13,18,569.1,0
19574,154.57,travel,0,0,11,15,817.6,0
19575,42.74,jewelry,0,0,10,26,357.2,0
19576,111.13,entertainment,0,0,9,11,261.6,0
19577,95.13,travel,0,1,16,14,402.5,0
19578,157.95,travel,0,0,6,9,1032.8,0
19579,5.72,pharmacy,0,0,11,14,2024.1,0
19580,179.31,jewelry,0,0,9,15,991.5,0
19581,129.17,pharmacy,0,0,20,13,259.0,0
19582,5.4,dining,0,0,7,14,258.5,0
19583,75.54,jewelry,0,0,7,14,212.6,0
19584,46.12,utilities,0,0,17,16,602.1,0
19585,57.6,pharmacy,0,0,11,25,230.5,0
19586,108.13,online_retail,0,0,16,11,1931.7,0
19587,165.31,grocery,0,0,10,13,4064.5,0
19588,151.38,entertainment,0,0,9,14,72.4,0
19589,69.59,online_retail,0,0,12,18,71.0,0
19590,63.14,entertainment,0,0,17,16,219.8,0
19591,48.88,fuel,0,0,8,16,175.1,0
19592,245.81,dining,0,0,6,14,260.6,0
19593,31.63,fuel,0,0,17,10,95.3,0
19594,75.76,travel,0,0,21,14,882.6,0
19595,20.93,dining,0,0,11,17,2285.0,0
19596,144.23,utilities,0,0,13,15,314.0,0
19597,121.41,pharmacy,0,0,14,16,496.4,0
19598,71.88,fuel,0,0,22,9,274.6,0
19599,49.2,dining,0,0,18,10,425.4,0
19600,122.26,grocery,1,1,11,18,422.1,0
19601,27.16,electronics,1,0,17,21,40.3,0
19602,21.56,pharmacy,0,0,8,10,1983.1,0
19603,7.94,fuel,0,0,7,17,339.5,0
19604,123.65,electronics,0,0,12,15,353.5,0
19605,66.95,utilities,0,0,21,19,1266.1,0
19606,82.86,grocery,0,0,16,22,232.1,0
19607,96.9,travel,0,0,16,16,1321.0,0
19608,59.52,dining,0,0,13,15,1685.1,0
19609,92.66,dining,0,0,17,9,1298.9,0
19610,1092.03,entertainment,1,0,1,6,3.7,1
19611,41.34,fuel,0,0,7,17,869.2,0
19612,89.35,jewelry,0,0,7,20,1124.9,0
19613,151.55,fuel,0,0,21,17,555.1,0
19614,40.05,jewelry,0,0,10,8,87.5,0
19615,84.36,online_retail,0,0,20,19,885.1,0
19616,102.57,online_retail,0,0,17,16,166.5,0
19617,67.05,fuel,0,0,10,24,76.2,0
19618,70.36,online_retail,0,0,7,13,596.6,0
19619,68.83,grocery,0,0,21,18,463.6,0
19620,117.91,pharmacy,0,0,21,7,992.0,0
19621,132.03,jewelry,0,0,6,17,104.8,0
19622,108.91,online_retail,0,0,19,13,1492.4,0
19623,125.5,jewelry,0,0,20,18,255.1,0
19624,113.66,online_retail,0,0,21,19,820.0,0
19625,93.85,travel,0,0,14,11,406.4,0
19626,33.4,dining,0,0,16,15,442.5,0
19627,168.16,travel,0,1,22,20,91.2,0
19628,224.84,pharmacy,0,0,21,18,604.0,0
19629,3.39,utilities,0,0,10,15,1185.8,0
19630,137.62,grocery,0,0,12,9,184.1,0
19631,55.58,pharmacy,0,1,19,18,519.0,0
19632,99.33,entertainment,0,0,22,11,421.7,0
19633,97.21,grocery,0,0,22,16,802.0,0
19634,105.26,utilities,0,0,15,16,125.0,0
19635,218.28,grocery,0,0,18,15,992.6,0
19636,39.83,grocery,0,0,6,18,29.4,0
19637,8.92,grocery,0,0,16,13,136.3,0
19638,862.83,utilities,1,1,2,3,1.6,1
19639,516.22,jewelry,1,1,1,2,0.6,1
19640,212.11,utilities,0,0,19,11,19.2,0
19641,3.7,utilities,0,0,11,15,579.4,0
19642,109.44,travel,0,0,14,9,205.8,0
19643,108.33,utilities,0,1,13,20,628.6,0
19644,11.22,grocery,0,0,18,20,474.6,0
19645,19.98,travel,0,1,7,13,383.6,0
19646,35.99,grocery,0,0,20,19,22.1,0
19647,207.62,dining,0,0,7,20,1840.7,0
19648,87.49,online_retail,0,0,6,9,3000.1,0
19649,10.59,entertainment,0,0,11,22,1012.5,0
19650,23.03,jewelry,0,0,18,20,187.8,0
19651,96.27,jewelry,0,0,22,11,567.3,0
19652,958.65,entertainment,0,0,0,5,7.4,1
19653,101.77,fuel,0,0,22,15,431.0,0
19654,52.9,dining,0,0,22,15,28.8,0
19655,29.08,grocery,0,0,6,16,1906.6,0
19656,110.69,online_retail,0,0,22,13,749.6,0
19657,77.97,entertainment,0,1,17,10,387.8,0
19658,17.28,grocery,0,0,10,12,322.0,0
19659,178.02,online_retail,0,0,11,16,743.0,0
19660,45.45,online_retail,0,0,21,17,41.4,0
19661,57.16,fuel,0,0,11,9,153.9,0
19662,85.08,fuel,0,0,15,12,165.7,0
19663,25.0,online_retail,0,0,10,16,1206.0,0
19664,20.89,dining,0,0,8,17,309.7,0
19665,177.4,fuel,0,0,7,11,692.6,0
19666,76.52,electronics,0,0,19,13,285.4,0
19667,97.79,electronics,0,0,13,12,712.4,0
19668,30.17,entertainment,0,0,10,10,996.2,0
19669,110.24,dining,0,0,10,14,232.2,0
19670,46.82,pharmacy,0,0,13,10,1153.4,0
19671,72.1,electronics,0,0,6,8,5.1,0
19672,59.86,dining,0,1,12,17,1820.0,0
19673,244.22,pharmacy,0,0,9,10,346.9,0
19674,28.14,electronics,0,0,20,11,104.0,0
19675,262.94,grocery,0,0,16,15,792.7,0
19676,98.5,pharmacy,0,0,21,12,307.3,0
19677,170.83,utilities,0,0,15,16,1894.8,0
19678,36.59,entertainment,0,0,13,17,112.8,0
19679,40.68,pharmacy,0,0,18,18,29.1,0
19680,89.09,grocery,0,0,20,12,238.1,0
19681,82.72,fuel,0,0,22,13,1009.0,0
19682,87.04,grocery,0,0,13,13,1574.9,0
19683,62.24,dining,0,0,9,13,329.6,0
19684,118.48,fuel,0,0,11,15,1144.2,0
19685,59.35,jewelry,0,0,15,19,458.7,0
19686,37.44,dining,0,0,18,14,40.3,0
19687,46.14,jewelry,0,0,15,13,498.4,0
19688,52.56,fuel,0,0,8,19,185.3,0
19689,89.3,dining,0,0,18,13,146.9,0
19690,213.78,fuel,0,0,10,13,319.9,0
19691,85.92,entertainment,0,0,12,7,219.0,0
19692,95.0,fuel,0,0,22,18,737.8,0
19693,63.57,utilities,0,0,14,16,1297.6,0
19694,25.69,grocery,0,0,21,16,1111.6,0
19695,211.38,online_retail,0,0,8,10,168.2,0
19696,96.91,jewelry,0,1,19,11,482.2,0
19697,129.73,dining,0,0,17,29,657.8,0
19698,50.62,pharmacy,0,1,11,18,29.5,0
19699,80.58,jewelry,0,1,9,12,1382.8,0
19700,104.6,electronics,0,0,22,11,282.0,0
19701,27.17,jewelry,0,0,11,12,269.2,0
19702,31.33,entertainment,0,0,15,10,53.9,0
19703,803.81,grocery,1,0,0,5,0.7,1
19704,42.16,fuel,0,0,18,23,104.0,0
19705,41.84,dining,0,0,11,10,62.3,0
19706,62.62,entertainment,0,0,20,15,496.5,0
19707,109.92,fuel,0,0,16,14,23.7,0
19708,146.14,utilities,0,0,7,11,1351.5,0
19709,100.58,fuel,0,0,11,10,724.4,0
19710,620.85,entertainment,0,1,0,6,13.8,1
19711,38.19,online_retail,0,0,7,17,681.0,0
19712,115.2,travel,0,0,15,10,751.0,0
19713,113.78,travel,0,0,22,12,718.9,0
19714,1.79,online_retail,0,0,17,16,1885.2,0
19715,29.81,online_retail,0,0,11,16,113.8,0
19716,54.18,utilities,0,0,16,22,4.6,0
19717,86.1,travel,0,0,16,18,138.6,0
19718,68.98,dining,0,0,17,20,48.3,0
19719,55.86,dining,0,0,22,13,429.9,0
19720,130.8,travel,0,0,18,9,251.0,0
19721,22.04,pharmacy,0,0,10,19,365.5,0
19722,42.74,fuel,0,0,6,22,237.9,0
19723,78.24,utilities,0,0,9,15,54.9,0
19724,25.72,grocery,0,0,19,13,97.1,0
19725,44.85,grocery,0,0,20,17,307.0,0
19726,42.76,travel,0,0,11,17,153.4,0
19727,32.01,utilities,0,0,19,13,74.2,0
19728,86.65,travel,0,0,11,16,421.1,0
19729,13.16,pharmacy,0,0,12,13,37.4,0
19730,65.12,entertainment,0,1,22,14,421.3,0
19731,97.34,grocery,0,0,6,8,1349.9,0
19732,120.15,travel,0,0,21,9,485.8,0
19733,122.85,online_retail,0,0,12,15,628.2,0
19734,73.21,fuel,0,0,15,16,31.6,0
19735,34.36,jewelry,1,0,8,20,421.3,0
19736,107.77,jewelry,0,0,8,17,903.4,0
19737,11.66,travel,0,0,18,9,55.4,0
19738,149.76,pharmacy,0,1,21,10,911.6,0
19739,96.41,pharmacy,0,0,9,15,101.2,0
19740,102.56,grocery,0,1,11,21,5.2,0
19741,38.66,online_retail,0,0,9,12,56.7,0
19742,134.28,pharmacy,0,0,10,16,453.7,0
19743,44.19,utilities,1,0,8,9,110.3,0
19744,93.57,entertainment,0,0,13,10,214.3,0
19745,193.53,travel,0,0,9,17,25.7,0
19746,89.11,grocery,0,0,7,14,605.3,0
19747,15.79,pharmacy,0,0,8,18,386.0,0
19748,25.97,pharmacy,0,0,8,14,130.9,0
19749,136.76,jewelry,1,1,6,19,1261.2,0
19750,101.91,jewelry,0,0,22,7,133.6,0
19751,165.45,dining,0,0,20,11,414.0,0
19752,107.05,travel,0,0,21,13,8.9,0
19753,73.27,entertainment,0,0,10,9,364.1,0
19754,59.81,pharmacy,0,0,9,9,270.7,0
19755,61.71,entertainment,0,0,16,14,836.7,0
19756,38.94,grocery,0,0,22,13,681.0,0
19757,23.43,jewelry,0,0,11,14,1341.9,0
19758,16.37,pharmacy,0,0,19,14,1128.8,0
19759,146.5,pharmacy,0,1,15,16,183.9,0
19760,8.37,jewelry,0,0,7,10,2093.5,0
19761,80.01,grocery,1,0,21,14,194.0,0
19762,22.54,pharmacy,0,0,6,12,219.6,0
19763,145.68,travel,0,1,12,15,33.2,0
19764,37.81,travel,0,0,15,8,1252.7,0
19765,73.81,entertainment,0,0,20,15,1497.2,0
19766,68.73,electronics,0,0,22,21,6.8,0
19767,62.68,online_retail,0,0,15,15,690.9,0
19768,5.9,online_retail,0,0,14,14,126.2,0
19769,113.85,dining,0,0,13,19,155.9,0
19770,73.29,pharmacy,0,0,9,14,98.8,0
19771,137.12,fuel,0,0,8,15,461.7,0
19772,10.7,travel,0,0,7,14,109.6,0
19773,71.35,grocery,0,0,16,10,703.8,0
19774,34.58,jewelry,0,0,19,10,315.6,0
19775,36.25,pharmacy,0,0,17,20,28.3,0
19776,149.04,travel,0,0,7,17,610.8,0
19777,1046.26,utilities,1,1,3,3,5.0,1
19778,73.12,jewelry,0,0,15,12,1844.3,0
19779,95.41,online_retail,0,0,16,17,181.7,0
19780,17.43,grocery,0,0,11,19,236.5,0
19781,13.58,online_retail,0,0,13,12,455.3,0
19782,94.47,online_retail,0,0,7,18,442.7,0
19783,80.24,electronics,0,0,15,12,463.1,0
19784,83.85,electronics,0,0,12,16,660.5,0
19785,84.3,online_retail,0,0,11,23,778.6,0
19786,178.63,pharmacy,0,0,16,10,635.8,0
19787,189.48,online_retail,0,0,22,17,453.0,0
19788,84.58,electronics,0,0,14,17,105.7,0
19789,76.22,jewelry,0,0,14,11,274.4,0
19790,74.63,travel,1,0,15,23,205.0,0
19791,54.77,online_retail,0,0,11,15,1658.0,0
19792,51.83,pharmacy,0,0,16,17,60.3,0
19793,36.08,fuel,0,0,22,17,128.8,0
19794,94.43,fuel,0,0,9,15,735.8,0
19795,59.98,online_retail,0,0,21,15,201.1,0
19796,30.73,online_retail,0,0,8,18,639.2,0
19797,48.73,grocery,0,0,6,8,353.6,0
19798,66.88,pharmacy,0,0,13,18,99.3,0
19799,151.62,entertainment,0,0,18,18,294.9,0
19800,184.81,utilities,0,0,10,14,716.6,0
19801,67.39,entertainment,0,0,20,20,63.3,0
19802,37.87,fuel,0,0,11,20,782.0,0
19803,213.2,utilities,0,0,18,13,376.6,0
19804,131.13,electronics,0,0,15,20,796.7,0
19805,68.82,fuel,0,0,6,20,481.7,0
19806,111.49,online_retail,0,0,11,23,57.9,0
19807,185.8,electronics,0,1,7,18,44.3,0
19808,195.36,entertainment,0,0,11,15,81.9,0
19809,138.46,pharmacy,1,0,18,17,462.4,0
19810,144.97,utilities,0,0,8,8,387.2,0
19811,85.25,dining,0,0,16,12,2650.6,0
19812,71.13,electronics,0,0,13,13,559.7,0
19813,5.07,jewelry,0,0,6,19,36.6,0
19814,14.39,online_retail,0,0,16,10,29.7,0
19815,45.86,travel,0,0,22,24,633.5,0
19816,95.32,utilities,0,0,6,14,480.6,0
19817,94.67,grocery,0,0,18,19,16.3,0
19818,85.55,pharmacy,0,0,16,14,2117.8,0
19819,28.13,utilities,0,0,8,17,1259.7,0
19820,96.72,online_retail,0,0,13,10,479.8,0
19821,41.59,utilities,0,0,8,13,604.4,0
19822,51.36,utilities,0,0,22,9,1153.1,0
19823,94.53,travel,0,0,20,12,29.9,0
19824,26.15,dining,0,0,19,14,37.5,0
19825,9.37,travel,1,0,21,8,135.8,0
19826,187.86,grocery,0,0,16,15,121.3,0
19827,13.0,pharmacy,0,0,20,10,506.6,0
19828,35.05,electronics,0,0,12,20,163.9,0
19829,16.36,online_retail,0,0,6,15,130.0,0
19830,136.98,jewelry,0,1,15,10,473.7,0
19831,214.35,fuel,0,1,14,19,55.3,0
19832,62.16,utilities,0,0,15,13,427.1,0
19833,122.3,fuel,0,1,19,14,1588.2,0
19834,172.11,online_retail,0,0,9,18,1068.0,0
19835,28.07,entertainment,0,0,16,19,50.1,0
19836,62.49,pharmacy,0,0,12,18,14.8,0
19837,17.25,pharmacy,0,0,22,24,1159.8,0
19838,86.64,fuel,0,0,11,14,308.2,0
19839,34.55,grocery,0,0,9,17,203.4,0
19840,78.28,utilities,0,0,6,14,1201.9,0
19841,71.16,travel,0,0,20,17,1044.6,0
19842,37.26,utilities,0,0,15,14,408.4,0
19843,64.25,electronics,0,0,12,17,874.0,0
19844,135.21,utilities,0,1,20,16,771.4,0
19845,102.37,travel,0,0,13,12,22.1,0
19846,36.51,utilities,0,0,8,22,407.9,0
19847,33.39,electronics,0,0,6,18,24.7,0
19848,174.5,jewelry,0,0,11,17,628.8,0
19849,38.05,entertainment,0,0,11,21,355.9,0
19850,68.44,entertainment,0,0,19,14,663.0,0
19851,12.68,electronics,0,0,12,13,448.4,0
19852,48.46,entertainment,0,1,8,10,483.0,0
19853,122.61,electronics,0,0,21,19,263.6,0
19854,140.74,utilities,0,0,15,15,1532.9,0
19855,88.05,fuel,0,0,16,14,407.1,0
19856,149.6,electronics,0,1,12,23,1371.3,0
19857,103.58,online_retail,0,0,18,11,635.1,0
19858,5.84,utilities,0,0,6,15,6.6,0
19859,54.39,dining,0,0,21,13,39.5,0
19860,85.19,grocery,0,0,9,14,1046.0,0
19861,88.79,pharmacy,0,0,8,14,2255.1,0
19862,96.57,travel,0,0,22,25,665.7,0
19863,127.69,electronics,0,0,7,9,141.4,0
19864,54.07,electronics,0,0,9,16,711.6,0
19865,65.54,online_retail,0,1,15,17,1424.7,0
19866,23.52,online_retail,0,0,15,16,543.5,0
19867,39.94,utilities,0,0,7,12,666.6,0
19868,68.95,electronics,0,0,6,14,445.4,0
19869,106.85,fuel,0,0,9,10,749.0,0
19870,30.86,jewelry,0,0,17,16,476.0,0
19871,111.73,entertainment,0,0,20,19,420.5,0
19872,126.07,fuel,0,0,16,16,1454.0,0
19873,738.72,travel,0,0,1,4,0.5,1
19874,58.46,jewelry,0,0,19,10,146.9,0
19875,66.75,dining,0,0,8,16,130.9,0
19876,49.33,online_retail,0,0,6,18,634.2,0
19877,530.2,fuel,0,1,1,3,11.5,1
19878,76.99,dining,0,0,17,16,125.8,0
19879,117.42,dining,0,0,15,15,171.0,0
19880,71.1,jewelry,0,0,19,17,182.6,0
19881,127.9,entertainment,0,0,16,17,1195.1,0
19882,108.71,electronics,0,0,18,23,7.7,0
19883,51.15,online_retail,0,1,7,16,662.9,0
19884,143.9,online_retail,0,0,8,9,79.9,0
19885,81.69,entertainment,0,0,12,16,2841.9,0
19886,96.68,entertainment,0,0,15,10,1331.8,0
19887,34.3,pharmacy,0,0,10,18,8.7,0
19888,108.18,utilities,0,0,11,15,599.3,0
19889,121.49,pharmacy,0,0,20,14,1959.4,0
19890,70.34,online_retail,0,0,11,21,206.8,0
19891,88.74,utilities,0,1,22,16,1549.2,0
19892,78.9,pharmacy,1,0,21,17,2.7,0
19893,67.12,fuel,0,0,14,13,292.1,0
19894,37.31,jewelry,0,0,12,11,2335.4,0
19895,30.07,dining,0,0,22,15,394.5,0
19896,2.94,dining,0,1,21,18,1.4,0
19897,63.31,grocery,0,0,20,16,2249.1,0
19898,21.58,utilities,0,0,10,19,248.4,0
19899,110.73,pharmacy,0,0,16,10,215.2,0
19900,153.23,dining,0,0,15,17,315.1,0
19901,124.9,dining,0,0,11,24,378.4,0
19902,57.22,utilities,0,0,13,12,813.8,0
19903,83.18,electronics,0,0,19,20,470.6,0
19904,120.98,online_retail,0,0,7,17,1132.3,0
19905,17.66,pharmacy,0,0,18,19,3226.1,0
19906,82.67,electronics,0,0,10,18,85.4,0
19907,46.49,entertainment,0,0,11,18,129.7,0
19908,69.02,grocery,0,0,20,20,99.2,0
19909,169.76,jewelry,0,0,18,19,602.9,0
19910,124.91,entertainment,0,0,7,12,107.6,0
19911,65.66,dining,0,0,8,12,1599.4,0
19912,85.59,electronics,0,0,22,22,36.1,0
19913,10.02,jewelry,0,0,20,14,712.0,0
19914,23.71,fuel,0,0,7,13,1349.1,0
19915,37.7,travel,0,0,14,16,1164.3,0
19916,169.07,entertainment,0,0,19,19,281.1,0
19917,28.29,dining,0,1,11,14,513.2,0
19918,37.31,entertainment,0,1,9,12,1810.1,0
19919,20.52,grocery,0,0,18,8,298.5,0
19920,104.54,pharmacy,0,0,13,18,86.7,0
19921,158.72,entertainment,0,0,22,18,180.0,0
19922,39.9,utilities,0,0,9,20,39.2,0
19923,48.84,dining,0,0,14,20,1845.1,0
19924,32.76,dining,0,0,20,20,843.9,0
19925,31.84,utilities,0,0,12,14,514.4,0
19926,106.05,dining,0,0,21,11,820.2,0
19927,69.21,dining,0,0,18,16,203.2,0
19928,96.44,entertainment,0,0,9,12,215.0,0
19929,47.08,pharmacy,0,0,22,21,190.9,0
19930,191.43,utilities,0,0,22,17,315.9,0
19931,113.38,jewelry,0,0,22,8,1576.5,0
19932,106.84,fuel,0,0,17,18,133.7,0
19933,74.54,fuel,0,0,12,9,359.0,0
19934,250.51,dining,0,0,21,17,115.7,0
19935,30.8,utilities,0,0,7,12,967.8,0
19936,198.1,utilities,0,0,7,15,716.9,0
19937,77.07,online_retail,0,0,15,13,1196.1,0
19938,16.61,grocery,0,1,21,15,50.9,0
19939,73.13,dining,0,0,15,25,68.7,0
19940,43.46,utilities,0,0,13,9,16.8,0
19941,144.49,online_retail,0,0,9,13,637.6,0
19942,77.19,jewelry,0,0,16,13,302.4,0
19943,80.27,entertainment,0,0,19,16,483.9,0
19944,170.01,pharmacy,0,0,14,17,377.4,0
19945,43.86,entertainment,0,0,16,11,2004.4,0
19946,83.57,pharmacy,0,0,18,22,518.6,0
19947,60.12,fuel,0,0,8,8,14.8,0
19948,37.4,dining,0,0,19,23,1395.3,0
19949,68.45,online_retail,0,0,11,16,159.8,0
19950,36.04,jewelry,0,0,6,11,776.6,0
19951,61.39,electronics,0,0,14,18,126.3,0
19952,20.58,entertainment,1,0,11,15,2572.5,0
19953,108.6,dining,0,0,13,9,1023.8,0
19954,13.41,jewelry,0,0,21,19,1196.7,0
19955,35.74,fuel,0,0,22,19,1146.0,0
19956,103.19,dining,0,0,16,23,611.8,0
19957,22.19,pharmacy,0,0,21,16,1891.5,0
19958,51.19,online_retail,0,1,8,15,13.2,0
19959,64.84,jewelry,0,0,9,18,173.5,0
19960,38.98,electronics,0,0,15,16,29.3,0
19961,157.21,dining,0,0,16,18,2601.6,0
19962,57.64,electronics,0,0,8,18,6.9,0
19963,19.17,electronics,0,0,21,16,558.5,0
19964,89.27,utilities,0,0,18,18,251.3,0
19965,15.21,entertainment,0,0,6,14,486.1,0
19966,24.9,grocery,0,1,7,12,43.2,0
19967,47.5,dining,0,0,16,14,136.1,0
19968,73.89,electronics,0,0,6,21,454.8,0
19969,41.42,fuel,0,0,21,12,251.9,0
19970,54.3,jewelry,0,0,10,18,524.3,0
19971,68.45,fuel,0,0,20,21,493.7,0
19972,266.33,grocery,1,0,15,9,100.7,0
19973,72.35,entertainment,0,1,6,14,59.2,0
19974,166.14,pharmacy,0,0,16,12,32.9,0
19975,243.6,travel,0,0,8,20,738.4,0
19976,52.59,grocery,0,0,22,11,1983.9,0
19977,1.0,grocery,0,0,17,18,54.4,0
19978,33.81,entertainment,0,0,13,15,252.7,0
19979,116.15,travel,0,0,7,16,1673.4,0
19980,164.42,fuel,0,1,9,12,122.9,0
19981,890.7,entertainment,1,0,1,5,0.5,1
19982,20.53,entertainment,0,0,11,17,148.4,0
19983,73.81,utilities,0,1,6,17,271.9,0
19984,154.98,fuel,0,0,17,13,22.1,0
19985,54.99,online_retail,0,0,17,13,1238.0,0
19986,25.59,entertainment,0,0,17,16,280.9,0
19987,149.51,grocery,0,0,7,17,529.0,0
19988,56.56,online_retail,0,0,20,13,1406.9,0
19989,109.4,utilities,0,0,8,12,620.3,0
19990,16.65,dining,0,0,16,10,306.7,0
19991,33.07,jewelry,0,0,15,21,46.3,0
19992,111.47,dining,0,0,11,17,1076.1,0
19993,178.19,utilities,0,0,9,14,679.7,0
19994,32.91,fuel,0,0,18,8,210.8,0
19995,61.59,jewelry,0,0,20,15,322.1,0
19996,68.4,electronics,0,0,16,11,761.7,0
19997,45.67,jewelry,0,0,12,9,46.6,0
19998,87.74,utilities,0,0,15,25,249.1,0
19999,219.02,fuel,0,0,9,15,1220.1,0
20000,88.22,jewelry,0,0,6,12,1014.9,0
